provider_state,drg_definition,discharges,avg_payment
MA,064 - INTRACRANIAL HEMORRHAGE OR CEREBRAL INFARCTION W MCC,1796,15766.0
MA,065 - INTRACRANIAL HEMORRHAGE OR CEREBRAL INFARCTION W CC OR TPA IN 24 HRS,2342,9451.0
MA,069 - TRANSIENT ISCHEMIA,1177,6282.0
MA,101 - SEIZURES W/O MCC,1336,7344.0
MA,176 - PULMONARY EMBOLISM W/O MCC,770,8634.0
MA,189 - PULMONARY EDEMA & RESPIRATORY FAILURE,3173,10430.0
MA,190 - CHRONIC OBSTRUCTIVE PULMONARY DISEASE W MCC,4303,9742.0
MA,191 - CHRONIC OBSTRUCTIVE PULMONARY DISEASE W CC,3356,8061.0
MA,192 - CHRONIC OBSTRUCTIVE PULMONARY DISEASE W/O CC/MCC,1876,6259.0
MA,193 - SIMPLE PNEUMONIA & PLEURISY W MCC,4087,11785.0
MA,194 - SIMPLE PNEUMONIA & PLEURISY W CC,4561,8427.0
MA,195 - SIMPLE PNEUMONIA & PLEURISY W/O CC/MCC,1480,6069.0
MA,202 - BRONCHITIS & ASTHMA W CC/MCC,1020,7991.0
MA,208 - RESPIRATORY SYSTEM DIAGNOSIS W VENTILATOR SUPPORT <96 HOURS,1295,20456.0
MA,"280 - ACUTE MYOCARDIAL INFARCTION, DISCHARGED ALIVE W MCC",1925,14320.0
MA,"281 - ACUTE MYOCARDIAL INFARCTION, DISCHARGED ALIVE W CC",1074,9082.0
MA,291 - HEART FAILURE & SHOCK W MCC,6552,12851.0
MA,292 - HEART FAILURE & SHOCK W CC,6104,8784.0
MA,293 - HEART FAILURE & SHOCK W/O CC/MCC,1890,5987.0
MA,308 - CARDIAC ARRHYTHMIA & CONDUCTION DISORDERS W MCC,2225,10756.0
MA,309 - CARDIAC ARRHYTHMIA & CONDUCTION DISORDERS W CC,2761,7150.0
MA,310 - CARDIAC ARRHYTHMIA & CONDUCTION DISORDERS W/O CC/MCC,1833,5121.0
MA,312 - SYNCOPE & COLLAPSE,2599,6736.0
MA,330 - MAJOR SMALL & LARGE BOWEL PROCEDURES W CC,1212,22233.0
MA,377 - G.I. HEMORRHAGE W MCC,1514,15691.0
MA,378 - G.I. HEMORRHAGE W CC,3816,8857.0
MA,389 - G.I. OBSTRUCTION W CC,1274,7911.0
MA,390 - G.I. OBSTRUCTION W/O CC/MCC,894,5587.0
MA,"392 - ESOPHAGITIS, GASTROENT & MISC DIGEST DISORDERS W/O MCC",6371,6787.0
MA,394 - OTHER DIGESTIVE SYSTEM DIAGNOSES W CC,1428,8733.0
MA,440 - DISORDERS OF PANCREAS EXCEPT MALIGNANCY W/O CC/MCC,368,6271.0
MA,470 - MAJOR JOINT REPLACEMENT OR REATTACHMENT OF LOWER EXTREMITY W/O MCC,11960,17604.0
MA,481 - HIP & FEMUR PROCEDURES EXCEPT MAJOR JOINT W CC,2053,16767.0
MA,536 - FRACTURES OF HIP & PELVIS W/O MCC,650,6107.0
MA,603 - CELLULITIS W/O MCC,4142,7331.0
MA,638 - DIABETES W CC,1207,7618.0
MA,"640 - MISC DISORDERS OF NUTRITION,METABOLISM,FLUIDS/ELECTROLYTES W MCC",1245,10133.0
MA,"641 - MISC DISORDERS OF NUTRITION,METABOLISM,FLUIDS/ELECTROLYTES W/O MCC",3066,6365.0
MA,682 - RENAL FAILURE W MCC,2669,12883.0
MA,683 - RENAL FAILURE W CC,4068,8274.0
MA,689 - KIDNEY & URINARY TRACT INFECTIONS W MCC,2451,9203.0
MA,690 - KIDNEY & URINARY TRACT INFECTIONS W/O MCC,4453,6873.0
MA,812 - RED BLOOD CELL DISORDERS W/O MCC,1699,7515.0
MA,871 - SEPTICEMIA OR SEVERE SEPSIS W/O MV 96+ HOURS W MCC,14034,15396.0
MA,872 - SEPTICEMIA OR SEVERE SEPSIS W/O MV >96 HOURS W/O MCC,3870,9240.0
MA,897 - ALCOHOL/DRUG ABUSE OR DEPENDENCE W/O REHABILITATION THERAPY W/O MCC,2969,6360.0
MA,917 - POISONING & TOXIC EFFECTS OF DRUGS W MCC,830,12691.0
MA,918 - POISONING & TOXIC EFFECTS OF DRUGS W/O MCC,744,6217.0
MA,948 - SIGNS & SYMPTOMS W/O MCC,1209,6734.0
MA,066 - INTRACRANIAL HEMORRHAGE OR CEREBRAL INFARCTION W/O CC/MCC,1218,6904.0
MA,153 - OTITIS MEDIA & URI W/O MCC,959,6405.0
MA,177 - RESPIRATORY INFECTIONS & INFLAMMATIONS W MCC,2250,15677.0
MA,178 - RESPIRATORY INFECTIONS & INFLAMMATIONS W CC,1374,11588.0
MA,243 - PERMANENT CARDIAC PACEMAKER IMPLANT W CC,654,23625.0
MA,313 - CHEST PAIN,1273,5869.0
MA,314 - OTHER CIRCULATORY SYSTEM DIAGNOSES W MCC,854,18236.0
MA,372 - MAJOR GASTROINTESTINAL DISORDERS & PERITONEAL INFECTIONS W CC,1047,10049.0
MA,"391 - ESOPHAGITIS, GASTROENT & MISC DIGEST DISORDERS W MCC",1262,11101.0
MA,460 - SPINAL FUSION EXCEPT CERVICAL W/O MCC,1592,34918.0
MA,480 - HIP & FEMUR PROCEDURES EXCEPT MAJOR JOINT W MCC,624,25543.0
MA,482 - HIP & FEMUR PROCEDURES EXCEPT MAJOR JOINT W/O CC/MCC,430,14673.0
MA,520 - BACK & NECK PROC EXC SPINAL FUSION W/O CC/MCC,688,10635.0
MA,552 - MEDICAL BACK PROBLEMS W/O MCC,1814,7829.0
MA,"563 - FX, SPRN, STRN & DISL EXCEPT FEMUR, HIP, PELVIS & THIGH W/O MCC",929,6839.0
MA,602 - CELLULITIS W MCC,680,12158.0
MA,811 - RED BLOOD CELL DISORDERS W MCC,591,11483.0
MA,149 - DYSEQUILIBRIUM,450,5975.0
MA,379 - G.I. HEMORRHAGE W/O CC/MCC,542,6328.0
MA,071 - NONSPECIFIC CEREBROVASCULAR DISORDERS W CC,200,8787.0
MA,152 - OTITIS MEDIA & URI W MCC,231,9673.0
MA,164 - MAJOR CHEST PROCEDURES W CC,556,23926.0
MA,166 - OTHER RESP SYSTEM O.R. PROCEDURES W MCC,243,34564.0
MA,329 - MAJOR SMALL & LARGE BOWEL PROCEDURES W MCC,835,43439.0
MA,331 - MAJOR SMALL & LARGE BOWEL PROCEDURES W/O CC/MCC,498,15126.0
MA,371 - MAJOR GASTROINTESTINAL DISORDERS & PERITONEAL INFECTIONS W MCC,467,16106.0
MA,418 - LAPAROSCOPIC CHOLECYSTECTOMY W/O C.D.E. W CC,223,14985.0
MA,419 - LAPAROSCOPIC CHOLECYSTECTOMY W/O C.D.E. W/O CC/MCC,230,10979.0
MA,439 - DISORDERS OF PANCREAS EXCEPT MALIGNANCY W CC,822,8764.0
MA,"442 - DISORDERS OF LIVER EXCEPT MALIG,CIRR,ALC HEPA W CC",526,9308.0
MA,473 - CERVICAL SPINAL FUSION W/O CC/MCC,496,20485.0
MA,684 - RENAL FAILURE W/O CC/MCC,490,5620.0
MA,699 - OTHER KIDNEY & URINARY TRACT DIAGNOSES W CC,814,9874.0
MA,708 - MAJOR MALE PELVIC PROCEDURES W/O CC/MCC,335,12927.0
MA,853 - INFECTIOUS & PARASITIC DISEASES W O.R. PROCEDURE W MCC,1266,47044.0
MA,"003 - ECMO OR TRACH W MV >96 HRS OR PDX EXC FACE, MOUTH & NECK W MAJ O.R.",310,185991.0
MA,"004 - TRACH W MV 96+ HRS OR PDX EXC FACE, MOUTH & NECK W/O MAJ O.R.",223,104884.0
MA,023 - CRANIO W MAJOR DEV IMPL/ACUTE COMPLEX CNS PDX W MCC OR CHEMO IMPLANT,136,54968.0
MA,025 - CRANIOTOMY & ENDOVASCULAR INTRACRANIAL PROCEDURES W MCC,527,40105.0
MA,026 - CRANIOTOMY & ENDOVASCULAR INTRACRANIAL PROCEDURES W CC,200,29595.0
MA,027 - CRANIOTOMY & ENDOVASCULAR INTRACRANIAL PROCEDURES W/O CC/MCC,270,24693.0
MA,038 - EXTRACRANIAL PROCEDURES W CC,176,15318.0
MA,039 - EXTRACRANIAL PROCEDURES W/O CC/MCC,608,10195.0
MA,054 - NERVOUS SYSTEM NEOPLASMS W MCC,356,13764.0
MA,055 - NERVOUS SYSTEM NEOPLASMS W/O MCC,81,10927.0
MA,057 - DEGENERATIVE NERVOUS SYSTEM DISORDERS W/O MCC,683,9703.0
MA,070 - NONSPECIFIC CEREBROVASCULAR DISORDERS W MCC,149,15221.0
MA,074 - CRANIAL & PERIPHERAL NERVE DISORDERS W/O MCC,544,8732.0
MA,"082 - TRAUMATIC STUPOR & COMA, COMA >1 HR W MCC",47,21424.0
MA,"085 - TRAUMATIC STUPOR & COMA, COMA <1 HR W MCC",308,20041.0
MA,"086 - TRAUMATIC STUPOR & COMA, COMA <1 HR W CC",401,11380.0
MA,"087 - TRAUMATIC STUPOR & COMA, COMA <1 HR W/O CC/MCC",241,7486.0
MA,091 - OTHER DISORDERS OF NERVOUS SYSTEM W MCC,278,15098.0
MA,092 - OTHER DISORDERS OF NERVOUS SYSTEM W CC,599,8339.0
MA,093 - OTHER DISORDERS OF NERVOUS SYSTEM W/O CC/MCC,174,6525.0
MA,100 - SEIZURES W MCC,412,15775.0
MA,103 - HEADACHES W/O MCC,119,7087.0
MA,165 - MAJOR CHEST PROCEDURES W/O CC/MCC,369,16868.0
MA,167 - OTHER RESP SYSTEM O.R. PROCEDURES W CC,163,18931.0
MA,175 - PULMONARY EMBOLISM W MCC,327,13161.0
MA,180 - RESPIRATORY NEOPLASMS W MCC,364,16354.0
MA,181 - RESPIRATORY NEOPLASMS W CC,269,11341.0
MA,183 - MAJOR CHEST TRAUMA W MCC,70,14905.0
MA,184 - MAJOR CHEST TRAUMA W CC,197,9777.0
MA,186 - PLEURAL EFFUSION W MCC,68,14209.0
MA,187 - PLEURAL EFFUSION W CC,71,11441.0
MA,200 - PNEUMOTHORAX W CC,101,10267.0
MA,203 - BRONCHITIS & ASTHMA W/O CC/MCC,334,6042.0
MA,204 - RESPIRATORY SIGNS & SYMPTOMS,239,7131.0
MA,206 - OTHER RESPIRATORY SYSTEM DIAGNOSES W/O MCC,339,7522.0
MA,207 - RESPIRATORY SYSTEM DIAGNOSIS W VENTILATOR SUPPORT 96+ HOURS,473,46472.0
MA,216 - CARDIAC VALVE & OTH MAJ CARDIOTHORACIC PROC W CARD CATH W MCC,214,90413.0
MA,219 - CARDIAC VALVE & OTH MAJ CARDIOTHORACIC PROC W/O CARD CATH W MCC,523,74695.0
MA,220 - CARDIAC VALVE & OTH MAJ CARDIOTHORACIC PROC W/O CARD CATH W CC,570,48828.0
MA,221 - CARDIAC VALVE & OTH MAJ CARDIOTHORACIC PROC W/O CARD CATH W/O CC/MCC,53,43194.0
MA,227 - CARDIAC DEFIBRILLATOR IMPLANT W/O CARDIAC CATH W/O MCC,147,52757.0
MA,233 - CORONARY BYPASS W CARDIAC CATH W MCC,177,67152.0
MA,234 - CORONARY BYPASS W CARDIAC CATH W/O MCC,323,44142.0
MA,235 - CORONARY BYPASS W/O CARDIAC CATH W MCC,236,55145.0
MA,236 - CORONARY BYPASS W/O CARDIAC CATH W/O MCC,464,36741.0
MA,237 - MAJOR CARDIOVASC PROCEDURES W MCC,438,51837.0
MA,238 - MAJOR CARDIOVASC PROCEDURES W/O MCC,643,32448.0
MA,239 - AMPUTATION FOR CIRC SYS DISORDERS EXC UPPER LIMB & TOE W MCC,67,43535.0
MA,240 - AMPUTATION FOR CIRC SYS DISORDERS EXC UPPER LIMB & TOE W CC,117,25419.0
MA,242 - PERMANENT CARDIAC PACEMAKER IMPLANT W MCC,350,33118.0
MA,244 - PERMANENT CARDIAC PACEMAKER IMPLANT W/O CC/MCC,307,19284.0
MA,246 - PERC CARDIOVASC PROC W DRUG-ELUTING STENT W MCC OR 4+ VESSELS/STENTS,630,31916.0
MA,247 - PERC CARDIOVASC PROC W DRUG-ELUTING STENT W/O MCC,1641,19681.0
MA,248 - PERC CARDIOVASC PROC W NON-DRUG-ELUTING STENT W MCC OR 4+ VES/STENTS,130,26819.0
MA,249 - PERC CARDIOVASC PROC W NON-DRUG-ELUTING STENT W/O MCC,320,17177.0
MA,250 - PERC CARDIOVASC PROC W/O CORONARY ARTERY STENT W MCC,227,31677.0
MA,251 - PERC CARDIOVASC PROC W/O CORONARY ARTERY STENT W/O MCC,393,20562.0
MA,252 - OTHER VASCULAR PROCEDURES W MCC,559,32511.0
MA,253 - OTHER VASCULAR PROCEDURES W CC,873,24470.0
MA,254 - OTHER VASCULAR PROCEDURES W/O CC/MCC,270,17511.0
MA,264 - OTHER CIRCULATORY SYSTEM O.R. PROCEDURES,208,28514.0
MA,267 - ENDOVASCULAR CARDIAC VALVE REPLACEMENT W/O MCC,233,62114.0
MA,"282 - ACUTE MYOCARDIAL INFARCTION, DISCHARGED ALIVE W/O CC/MCC",573,6858.0
MA,"283 - ACUTE MYOCARDIAL INFARCTION, EXPIRED W MCC",103,18648.0
MA,"286 - CIRCULATORY DISORDERS EXCEPT AMI, W CARD CATH W MCC",653,23238.0
MA,"287 - CIRCULATORY DISORDERS EXCEPT AMI, W CARD CATH W/O MCC",1592,11291.0
MA,299 - PERIPHERAL VASCULAR DISORDERS W MCC,304,13123.0
MA,300 - PERIPHERAL VASCULAR DISORDERS W CC,842,9126.0
MA,301 - PERIPHERAL VASCULAR DISORDERS W/O CC/MCC,114,6636.0
MA,305 - HYPERTENSION W/O MCC,329,5899.0
MA,315 - OTHER CIRCULATORY SYSTEM DIAGNOSES W CC,492,9986.0
MA,"327 - STOMACH, ESOPHAGEAL & DUODENAL PROC W CC",207,27481.0
MA,"328 - STOMACH, ESOPHAGEAL & DUODENAL PROC W/O CC/MCC",147,16318.0
MA,336 - PERITONEAL ADHESIOLYSIS W CC,165,21266.0
MA,357 - OTHER DIGESTIVE SYSTEM O.R. PROCEDURES W CC,86,20323.0
MA,373 - MAJOR GASTROINTESTINAL DISORDERS & PERITONEAL INFECTIONS W/O CC/MCC,138,7203.0
MA,374 - DIGESTIVE MALIGNANCY W MCC,135,19984.0
MA,375 - DIGESTIVE MALIGNANCY W CC,311,12059.0
MA,386 - INFLAMMATORY BOWEL DISEASE W CC,239,9823.0
MA,388 - G.I. OBSTRUCTION W MCC,296,13850.0
MA,393 - OTHER DIGESTIVE SYSTEM DIAGNOSES W MCC,511,15899.0
MA,395 - OTHER DIGESTIVE SYSTEM DIAGNOSES W/O CC/MCC,326,6213.0
MA,432 - CIRRHOSIS & ALCOHOLIC HEPATITIS W MCC,253,16846.0
MA,433 - CIRRHOSIS & ALCOHOLIC HEPATITIS W CC,90,9125.0
MA,435 - MALIGNANCY OF HEPATOBILIARY SYSTEM OR PANCREAS W MCC,239,17971.0
MA,438 - DISORDERS OF PANCREAS EXCEPT MALIGNANCY W MCC,217,18550.0
MA,"441 - DISORDERS OF LIVER EXCEPT MALIG,CIRR,ALC HEPA W MCC",450,19397.0
MA,444 - DISORDERS OF THE BILIARY TRACT W MCC,287,16234.0
MA,445 - DISORDERS OF THE BILIARY TRACT W CC,576,10008.0
MA,446 - DISORDERS OF THE BILIARY TRACT W/O CC/MCC,122,7006.0
MA,"464 - WND DEBRID & SKN GRFT EXC HAND, FOR MUSCULO-CONN TISS DIS W CC",121,28240.0
MA,468 - REVISION OF HIP OR KNEE REPLACEMENT W/O CC/MCC,366,23710.0
MA,472 - CERVICAL SPINAL FUSION W CC,194,28615.0
MA,483 - MAJOR JOINT/LIMB REATTACHMENT PROCEDURE OF UPPER EXTREMITIES,906,20752.0
MA,"493 - LOWER EXTREM & HUMER PROC EXCEPT HIP,FOOT,FEMUR W CC",265,19179.0
MA,"494 - LOWER EXTREM & HUMER PROC EXCEPT HIP,FOOT,FEMUR W/O CC/MCC",341,14268.0
MA,516 - OTHER MUSCULOSKELET SYS & CONN TISS O.R. PROC W CC,84,19496.0
MA,519 - BACK & NECK PROC EXC SPINAL FUSION W CC,320,15810.0
MA,543 - PATHOLOGICAL FRACTURES & MUSCULOSKELET & CONN TISS MALIG W CC,320,10305.0
MA,551 - MEDICAL BACK PROBLEMS W MCC,233,13751.0
MA,554 - BONE DISEASES & ARTHROPATHIES W/O MCC,299,6882.0
MA,556 - SIGNS & SYMPTOMS OF MUSCULOSKELETAL SYSTEM & CONN TISSUE W/O MCC,370,6900.0
MA,"558 - TENDONITIS, MYOSITIS & BURSITIS W/O MCC",314,7299.0
MA,"605 - TRAUMA TO THE SKIN, SUBCUT TISS & BREAST W/O MCC",354,7129.0
MA,607 - MINOR SKIN DISORDERS W/O MCC,77,8723.0
MA,"617 - AMPUTAT OF LOWER LIMB FOR ENDOCRINE,NUTRIT,& METABOL DIS W CC",121,16927.0
MA,621 - O.R. PROCEDURES FOR OBESITY W/O CC/MCC,322,14827.0
MA,637 - DIABETES W MCC,396,12572.0
MA,639 - DIABETES W/O CC/MCC,120,5764.0
MA,644 - ENDOCRINE DISORDERS W CC,264,9732.0
MA,657 - KIDNEY & URETER PROCEDURES FOR NEOPLASM W CC,130,19860.0
MA,669 - TRANSURETHRAL PROCEDURES W CC,198,11816.0
MA,673 - OTHER KIDNEY & URINARY TRACT PROCEDURES W MCC,58,37452.0
MA,694 - URINARY STONES W/O ESW LITHOTRIPSY W/O MCC,310,6437.0
MA,696 - KIDNEY & URINARY TRACT SIGNS & SYMPTOMS W/O MCC,154,6323.0
MA,698 - OTHER KIDNEY & URINARY TRACT DIAGNOSES W MCC,1075,13722.0
MA,743 - UTERINE & ADNEXA PROC FOR NON-MALIGNANCY W/O CC/MCC,125,8939.0
MA,775 - VAGINAL DELIVERY W/O COMPLICATING DIAGNOSES,119,5881.0
MA,781 - OTHER ANTEPARTUM DIAGNOSES W MEDICAL COMPLICATIONS,48,9340.0
MA,808 - MAJOR HEMATOL/IMMUN DIAG EXC SICKLE CELL CRISIS & COAGUL W MCC,80,25776.0
MA,809 - MAJOR HEMATOL/IMMUN DIAG EXC SICKLE CELL CRISIS & COAGUL W CC,332,11948.0
MA,841 - LYMPHOMA & NON-ACUTE LEUKEMIA W CC,143,17335.0
MA,847 - CHEMOTHERAPY W/O ACUTE LEUKEMIA AS SECONDARY DIAGNOSIS W CC,454,12477.0
MA,854 - INFECTIOUS & PARASITIC DISEASES W O.R. PROCEDURE W CC,137,20942.0
MA,862 - POSTOPERATIVE & POST-TRAUMATIC INFECTIONS W MCC,202,19396.0
MA,863 - POSTOPERATIVE & POST-TRAUMATIC INFECTIONS W/O MCC,285,10140.0
MA,864 - FEVER,285,8099.0
MA,870 - SEPTICEMIA OR SEVERE SEPSIS W MV >96 HOURS,765,53998.0
MA,880 - ACUTE ADJUSTMENT REACTION & PSYCHOSOCIAL DYSFUNCTION,49,7766.0
MA,884 - ORGANIC DISTURBANCES & MENTAL RETARDATION,427,10253.0
MA,885 - PSYCHOSES,1311,9208.0
MA,907 - OTHER O.R. PROCEDURES FOR INJURIES W MCC,107,42899.0
MA,908 - OTHER O.R. PROCEDURES FOR INJURIES W CC,109,21133.0
MA,920 - COMPLICATIONS OF TREATMENT W CC,325,10563.0
MA,947 - SIGNS & SYMPTOMS W MCC,150,11051.0
MA,974 - HIV W MAJOR RELATED CONDITION W MCC,33,28690.0
MA,981 - EXTENSIVE O.R. PROCEDURE UNRELATED TO PRINCIPAL DIAGNOSIS W MCC,287,48174.0
MA,982 - EXTENSIVE O.R. PROCEDURE UNRELATED TO PRINCIPAL DIAGNOSIS W CC,243,26346.0
MA,163 - MAJOR CHEST PROCEDURES W MCC,265,47615.0
MA,303 - ATHEROSCLEROSIS W/O MCC,352,5792.0
MA,417 - LAPAROSCOPIC CHOLECYSTECTOMY W/O C.D.E. W MCC,98,21701.0
MA,659 - KIDNEY & URETER PROCEDURES FOR NON-NEOPLASM W MCC,48,36639.0
MA,660 - KIDNEY & URETER PROCEDURES FOR NON-NEOPLASM W CC,131,18469.0
MA,"894 - ALCOHOL/DRUG ABUSE OR DEPENDENCE, LEFT AMA",595,4526.0
MA,895 - ALCOHOL/DRUG ABUSE OR DEPENDENCE W REHABILITATION THERAPY,1159,10565.0
MA,896 - ALCOHOL/DRUG ABUSE OR DEPENDENCE W/O REHABILITATION THERAPY W MCC,306,14183.0
MA,881 - DEPRESSIVE NEUROSES,82,5484.0
MA,882 - NEUROSES EXCEPT DEPRESSIVE,88,5816.0
MA,005 - LIVER TRANSPLANT W MCC OR INTESTINAL TRANSPLANT,44,107841.0
MA,056 - DEGENERATIVE NERVOUS SYSTEM DISORDERS W MCC,103,19356.0
MA,266 - ENDOVASCULAR CARDIAC VALVE REPLACEMENT W MCC,247,83666.0
MA,"326 - STOMACH, ESOPHAGEAL & DUODENAL PROC W MCC",180,57038.0
MA,337 - PERITONEAL ADHESIOLYSIS W/O CC/MCC,65,15021.0
MA,"405 - PANCREAS, LIVER & SHUNT PROCEDURES W MCC",106,56389.0
MA,467 - REVISION OF HIP OR KNEE REPLACEMENT W CC,318,30313.0
MA,469 - MAJOR JOINT REPLACEMENT OR REATTACHMENT OF LOWER EXTREMITY W MCC,515,26997.0
MA,478 - BIOPSIES OF MUSCULOSKELETAL SYSTEM & CONNECTIVE TISSUE W CC,87,18938.0
MA,496 - LOCAL EXCISION & REMOVAL INT FIX DEVICES EXC HIP & FEMUR W CC,68,18230.0
MA,545 - CONNECTIVE TISSUE DISORDERS W MCC,73,31277.0
MA,620 - O.R. PROCEDURES FOR OBESITY W CC,68,18022.0
MA,643 - ENDOCRINE DISORDERS W MCC,91,15942.0
MA,652 - KIDNEY TRANSPLANT,170,38823.0
MA,658 - KIDNEY & URETER PROCEDURES FOR NEOPLASM W/O CC/MCC,116,15387.0
MA,813 - COAGULATION DISORDERS,47,19075.0
MA,857 - POSTOPERATIVE OR POST-TRAUMATIC INFECTIONS W O.R. PROC W CC,104,22643.0
MA,865 - VIRAL ILLNESS W MCC,44,14357.0
MA,867 - OTHER INFECTIOUS & PARASITIC DISEASES DIAGNOSES W MCC,74,27592.0
MA,919 - COMPLICATIONS OF TREATMENT W MCC,170,19216.0
MA,988 - NON-EXTENSIVE O.R. PROC UNRELATED TO PRINCIPAL DIAGNOSIS W CC,53,19944.0
MA,354 - HERNIA PROCEDURES EXCEPT INGUINAL & FEMORAL W CC,73,16148.0
MA,"406 - PANCREAS, LIVER & SHUNT PROCEDURES W CC",140,28445.0
MA,502 - SOFT TISSUE PROCEDURES W/O CC/MCC,46,11467.0
MA,535 - FRACTURES OF HIP & PELVIS W MCC,67,10226.0
MA,654 - MAJOR BLADDER PROCEDURES W CC,80,28548.0
MA,840 - LYMPHOMA & NON-ACUTE LEUKEMIA W MCC,90,33134.0
MA,856 - POSTOPERATIVE OR POST-TRAUMATIC INFECTIONS W O.R. PROC W MCC,80,48196.0
MA,179 - RESPIRATORY INFECTIONS & INFLAMMATIONS W/O CC/MCC,116,8223.0
MA,"562 - FX, SPRN, STRN & DISL EXCEPT FEMUR, HIP, PELVIS & THIGH W MCC",68,11707.0
MA,700 - OTHER KIDNEY & URINARY TRACT DIAGNOSES W/O CC/MCC,54,7539.0
MA,001 - HEART TRANSPLANT OR IMPLANT OF HEART ASSIST SYSTEM W MCC,55,272816.0
MA,"463 - WND DEBRID & SKN GRFT EXC HAND, FOR MUSCULO-CONN TISS DIS W MCC",48,52847.0
MA,866 - VIRAL ILLNESS W/O MCC,69,7738.0
MA,014 - ALLOGENEIC BONE MARROW TRANSPLANT,78,117989.0
MA,016 - AUTOLOGOUS BONE MARROW TRANSPLANT W CC/MCC,57,61949.0
MA,029 - SPINAL PROCEDURES W CC OR SPINAL NEUROSTIMULATORS,49,31981.0
MA,205 - OTHER RESPIRATORY SYSTEM DIAGNOSES W MCC,70,15100.0
MA,217 - CARDIAC VALVE & OTH MAJ CARDIOTHORACIC PROC W CARD CATH W CC,91,59389.0
MA,436 - MALIGNANCY OF HEPATOBILIARY SYSTEM OR PANCREAS W CC,77,12294.0
MA,457 - SPINAL FUS EXC CERV W SPINAL CURV/MALIG/INFEC OR EXT FUS W CC,56,63194.0
MA,542 - PATHOLOGICAL FRACTURES & MUSCULOSKELET & CONN TISS MALIG W MCC,66,17742.0
MA,546 - CONNECTIVE TISSUE DISORDERS W CC,58,12656.0
MA,"580 - OTHER SKIN, SUBCUT TISS & BREAST PROC W CC",56,15195.0
MA,737 - UTERINE & ADNEXA PROC FOR OVARIAN OR ADNEXAL MALIGNANCY W CC,54,21180.0
MA,834 - ACUTE LEUKEMIA W/O MAJOR O.R. PROCEDURE W MCC,68,71431.0
MA,846 - CHEMOTHERAPY W/O ACUTE LEUKEMIA AS SECONDARY DIAGNOSIS W MCC,63,26022.0
MA,462 - BILATERAL OR MULTIPLE MAJOR JOINT PROCS OF LOWER EXTREMITY W/O MCC,78,29414.0
MA,"581 - OTHER SKIN, SUBCUT TISS & BREAST PROC W/O CC/MCC",67,11138.0
MA,455 - COMBINED ANTERIOR/POSTERIOR SPINAL FUSION W/O CC/MCC,59,61042.0
MA,645 - ENDOCRINE DISORDERS W/O CC/MCC,43,6562.0
RI,064 - INTRACRANIAL HEMORRHAGE OR CEREBRAL INFARCTION W MCC,287,14964.0
RI,065 - INTRACRANIAL HEMORRHAGE OR CEREBRAL INFARCTION W CC OR TPA IN 24 HRS,300,8793.0
RI,153 - OTITIS MEDIA & URI W/O MCC,119,5827.0
RI,177 - RESPIRATORY INFECTIONS & INFLAMMATIONS W MCC,289,14692.0
RI,178 - RESPIRATORY INFECTIONS & INFLAMMATIONS W CC,137,11282.0
RI,189 - PULMONARY EDEMA & RESPIRATORY FAILURE,466,10123.0
RI,190 - CHRONIC OBSTRUCTIVE PULMONARY DISEASE W MCC,683,9610.0
RI,191 - CHRONIC OBSTRUCTIVE PULMONARY DISEASE W CC,558,7847.0
RI,192 - CHRONIC OBSTRUCTIVE PULMONARY DISEASE W/O CC/MCC,224,5874.0
RI,193 - SIMPLE PNEUMONIA & PLEURISY W MCC,387,11154.0
RI,194 - SIMPLE PNEUMONIA & PLEURISY W CC,354,7998.0
RI,"280 - ACUTE MYOCARDIAL INFARCTION, DISCHARGED ALIVE W MCC",494,13168.0
RI,291 - HEART FAILURE & SHOCK W MCC,781,11528.0
RI,292 - HEART FAILURE & SHOCK W CC,829,8038.0
RI,293 - HEART FAILURE & SHOCK W/O CC/MCC,184,5669.0
RI,308 - CARDIAC ARRHYTHMIA & CONDUCTION DISORDERS W MCC,304,9695.0
RI,309 - CARDIAC ARRHYTHMIA & CONDUCTION DISORDERS W CC,378,6613.0
RI,310 - CARDIAC ARRHYTHMIA & CONDUCTION DISORDERS W/O CC/MCC,161,5069.0
RI,312 - SYNCOPE & COLLAPSE,281,6488.0
RI,314 - OTHER CIRCULATORY SYSTEM DIAGNOSES W MCC,90,16735.0
RI,377 - G.I. HEMORRHAGE W MCC,266,14038.0
RI,378 - G.I. HEMORRHAGE W CC,571,7981.0
RI,389 - G.I. OBSTRUCTION W CC,202,7139.0
RI,"392 - ESOPHAGITIS, GASTROENT & MISC DIGEST DISORDERS W/O MCC",797,6290.0
RI,460 - SPINAL FUSION EXCEPT CERVICAL W/O MCC,252,32397.0
RI,470 - MAJOR JOINT REPLACEMENT OR REATTACHMENT OF LOWER EXTREMITY W/O MCC,1395,15892.0
RI,481 - HIP & FEMUR PROCEDURES EXCEPT MAJOR JOINT W CC,272,15382.0
RI,603 - CELLULITIS W/O MCC,532,7357.0
RI,638 - DIABETES W CC,184,7054.0
RI,"641 - MISC DISORDERS OF NUTRITION,METABOLISM,FLUIDS/ELECTROLYTES W/O MCC",338,5834.0
RI,682 - RENAL FAILURE W MCC,382,12114.0
RI,683 - RENAL FAILURE W CC,545,7710.0
RI,690 - KIDNEY & URINARY TRACT INFECTIONS W/O MCC,514,6643.0
RI,811 - RED BLOOD CELL DISORDERS W MCC,63,11699.0
RI,812 - RED BLOOD CELL DISORDERS W/O MCC,181,7301.0
RI,871 - SEPTICEMIA OR SEVERE SEPSIS W/O MV 96+ HOURS W MCC,1918,14587.0
RI,872 - SEPTICEMIA OR SEVERE SEPSIS W/O MV >96 HOURS W/O MCC,581,8614.0
RI,897 - ALCOHOL/DRUG ABUSE OR DEPENDENCE W/O REHABILITATION THERAPY W/O MCC,387,6742.0
RI,948 - SIGNS & SYMPTOMS W/O MCC,129,5983.0
RI,069 - TRANSIENT ISCHEMIA,157,6145.0
RI,202 - BRONCHITIS & ASTHMA W CC/MCC,160,7518.0
RI,"281 - ACUTE MYOCARDIAL INFARCTION, DISCHARGED ALIVE W CC",304,8681.0
RI,300 - PERIPHERAL VASCULAR DISORDERS W CC,119,8564.0
RI,313 - CHEST PAIN,233,5458.0
RI,372 - MAJOR GASTROINTESTINAL DISORDERS & PERITONEAL INFECTIONS W CC,119,9020.0
RI,"391 - ESOPHAGITIS, GASTROENT & MISC DIGEST DISORDERS W MCC",168,10378.0
RI,637 - DIABETES W MCC,71,12258.0
RI,917 - POISONING & TOXIC EFFECTS OF DRUGS W MCC,111,12646.0
RI,918 - POISONING & TOXIC EFFECTS OF DRUGS W/O MCC,92,6174.0
RI,066 - INTRACRANIAL HEMORRHAGE OR CEREBRAL INFARCTION W/O CC/MCC,149,6810.0
RI,195 - SIMPLE PNEUMONIA & PLEURISY W/O CC/MCC,78,5555.0
RI,"287 - CIRCULATORY DISORDERS EXCEPT AMI, W CARD CATH W/O MCC",172,9807.0
RI,330 - MAJOR SMALL & LARGE BOWEL PROCEDURES W CC,151,18849.0
RI,390 - G.I. OBSTRUCTION W/O CC/MCC,76,5176.0
RI,394 - OTHER DIGESTIVE SYSTEM DIAGNOSES W CC,174,8264.0
RI,483 - MAJOR JOINT/LIMB REATTACHMENT PROCEDURE OF UPPER EXTREMITIES,88,19052.0
RI,689 - KIDNEY & URINARY TRACT INFECTIONS W MCC,275,9200.0
RI,039 - EXTRACRANIAL PROCEDURES W/O CC/MCC,47,10463.0
RI,057 - DEGENERATIVE NERVOUS SYSTEM DISORDERS W/O MCC,96,8478.0
RI,074 - CRANIAL & PERIPHERAL NERVE DISORDERS W/O MCC,62,8133.0
RI,092 - OTHER DISORDERS OF NERVOUS SYSTEM W CC,69,8025.0
RI,101 - SEIZURES W/O MCC,117,7055.0
RI,176 - PULMONARY EMBOLISM W/O MCC,66,8402.0
RI,207 - RESPIRATORY SYSTEM DIAGNOSIS W VENTILATOR SUPPORT 96+ HOURS,33,49194.0
RI,208 - RESPIRATORY SYSTEM DIAGNOSIS W VENTILATOR SUPPORT <96 HOURS,109,21988.0
RI,238 - MAJOR CARDIOVASC PROCEDURES W/O MCC,89,27989.0
RI,242 - PERMANENT CARDIAC PACEMAKER IMPLANT W MCC,53,28683.0
RI,253 - OTHER VASCULAR PROCEDURES W CC,86,21195.0
RI,"282 - ACUTE MYOCARDIAL INFARCTION, DISCHARGED ALIVE W/O CC/MCC",91,6659.0
RI,329 - MAJOR SMALL & LARGE BOWEL PROCEDURES W MCC,88,42487.0
RI,371 - MAJOR GASTROINTESTINAL DISORDERS & PERITONEAL INFECTIONS W MCC,66,15140.0
RI,393 - OTHER DIGESTIVE SYSTEM DIAGNOSES W MCC,57,14446.0
RI,439 - DISORDERS OF PANCREAS EXCEPT MALIGNANCY W CC,74,8392.0
RI,480 - HIP & FEMUR PROCEDURES EXCEPT MAJOR JOINT W MCC,61,25302.0
RI,536 - FRACTURES OF HIP & PELVIS W/O MCC,57,6546.0
RI,552 - MEDICAL BACK PROBLEMS W/O MCC,207,7790.0
RI,"563 - FX, SPRN, STRN & DISL EXCEPT FEMUR, HIP, PELVIS & THIGH W/O MCC",105,6763.0
RI,602 - CELLULITIS W MCC,79,11365.0
RI,"640 - MISC DISORDERS OF NUTRITION,METABOLISM,FLUIDS/ELECTROLYTES W MCC",141,9530.0
RI,644 - ENDOCRINE DISORDERS W CC,54,8521.0
RI,684 - RENAL FAILURE W/O CC/MCC,60,6170.0
RI,698 - OTHER KIDNEY & URINARY TRACT DIAGNOSES W MCC,179,12917.0
RI,853 - INFECTIOUS & PARASITIC DISEASES W O.R. PROCEDURE W MCC,189,43240.0
RI,870 - SEPTICEMIA OR SEVERE SEPSIS W MV >96 HOURS,86,46909.0
RI,885 - PSYCHOSES,397,9237.0
RI,896 - ALCOHOL/DRUG ABUSE OR DEPENDENCE W/O REHABILITATION THERAPY W MCC,53,12630.0
RI,206 - OTHER RESPIRATORY SYSTEM DIAGNOSES W/O MCC,62,7298.0
RI,246 - PERC CARDIOVASC PROC W DRUG-ELUTING STENT W MCC OR 4+ VESSELS/STENTS,143,27818.0
RI,247 - PERC CARDIOVASC PROC W DRUG-ELUTING STENT W/O MCC,264,17953.0
RI,303 - ATHEROSCLEROSIS W/O MCC,56,5779.0
RI,025 - CRANIOTOMY & ENDOVASCULAR INTRACRANIAL PROCEDURES W MCC,47,37602.0
RI,071 - NONSPECIFIC CEREBROVASCULAR DISORDERS W CC,46,8481.0
RI,"085 - TRAUMATIC STUPOR & COMA, COMA <1 HR W MCC",57,17742.0
RI,"086 - TRAUMATIC STUPOR & COMA, COMA <1 HR W CC",67,10886.0
RI,100 - SEIZURES W MCC,64,14408.0
RI,152 - OTITIS MEDIA & URI W MCC,48,8654.0
RI,181 - RESPIRATORY NEOPLASMS W CC,44,10510.0
RI,203 - BRONCHITIS & ASTHMA W/O CC/MCC,33,6283.0
RI,220 - CARDIAC VALVE & OTH MAJ CARDIOTHORACIC PROC W/O CARD CATH W CC,55,46038.0
RI,236 - CORONARY BYPASS W/O CARDIAC CATH W/O MCC,47,35328.0
RI,237 - MAJOR CARDIOVASC PROCEDURES W MCC,43,42759.0
RI,252 - OTHER VASCULAR PROCEDURES W MCC,43,30688.0
RI,"283 - ACUTE MYOCARDIAL INFARCTION, EXPIRED W MCC",21,17289.0
RI,699 - OTHER KIDNEY & URINARY TRACT DIAGNOSES W CC,75,9352.0
RI,621 - O.R. PROCEDURES FOR OBESITY W/O CC/MCC,48,12264.0
RI,883 - DISORDERS OF PERSONALITY & IMPULSE CONTROL,66,12150.0
NH,065 - INTRACRANIAL HEMORRHAGE OR CEREBRAL INFARCTION W CC OR TPA IN 24 HRS,519,7760.0
NH,066 - INTRACRANIAL HEMORRHAGE OR CEREBRAL INFARCTION W/O CC/MCC,271,5747.0
NH,069 - TRANSIENT ISCHEMIA,129,4756.0
NH,092 - OTHER DISORDERS OF NERVOUS SYSTEM W CC,77,6735.0
NH,178 - RESPIRATORY INFECTIONS & INFLAMMATIONS W CC,179,9585.0
NH,189 - PULMONARY EDEMA & RESPIRATORY FAILURE,764,9012.0
NH,190 - CHRONIC OBSTRUCTIVE PULMONARY DISEASE W MCC,890,8133.0
NH,191 - CHRONIC OBSTRUCTIVE PULMONARY DISEASE W CC,496,6408.0
NH,192 - CHRONIC OBSTRUCTIVE PULMONARY DISEASE W/O CC/MCC,323,4961.0
NH,193 - SIMPLE PNEUMONIA & PLEURISY W MCC,767,9881.0
NH,194 - SIMPLE PNEUMONIA & PLEURISY W CC,717,6879.0
NH,195 - SIMPLE PNEUMONIA & PLEURISY W/O CC/MCC,217,4918.0
NH,247 - PERC CARDIOVASC PROC W DRUG-ELUTING STENT W/O MCC,487,17096.0
NH,"280 - ACUTE MYOCARDIAL INFARCTION, DISCHARGED ALIVE W MCC",407,12688.0
NH,291 - HEART FAILURE & SHOCK W MCC,1046,10447.0
NH,292 - HEART FAILURE & SHOCK W CC,1046,6867.0
NH,293 - HEART FAILURE & SHOCK W/O CC/MCC,340,4705.0
NH,308 - CARDIAC ARRHYTHMIA & CONDUCTION DISORDERS W MCC,430,9238.0
NH,309 - CARDIAC ARRHYTHMIA & CONDUCTION DISORDERS W CC,473,5937.0
NH,310 - CARDIAC ARRHYTHMIA & CONDUCTION DISORDERS W/O CC/MCC,407,4277.0
NH,312 - SYNCOPE & COLLAPSE,263,5212.0
NH,313 - CHEST PAIN,287,4329.0
NH,378 - G.I. HEMORRHAGE W CC,647,7122.0
NH,"392 - ESOPHAGITIS, GASTROENT & MISC DIGEST DISORDERS W/O MCC",853,5407.0
NH,470 - MAJOR JOINT REPLACEMENT OR REATTACHMENT OF LOWER EXTREMITY W/O MCC,2770,15100.0
NH,552 - MEDICAL BACK PROBLEMS W/O MCC,301,6251.0
NH,"563 - FX, SPRN, STRN & DISL EXCEPT FEMUR, HIP, PELVIS & THIGH W/O MCC",111,5110.0
NH,603 - CELLULITIS W/O MCC,614,6142.0
NH,"641 - MISC DISORDERS OF NUTRITION,METABOLISM,FLUIDS/ELECTROLYTES W/O MCC",417,5367.0
NH,682 - RENAL FAILURE W MCC,369,11296.0
NH,683 - RENAL FAILURE W CC,614,6618.0
NH,689 - KIDNEY & URINARY TRACT INFECTIONS W MCC,294,7687.0
NH,690 - KIDNEY & URINARY TRACT INFECTIONS W/O MCC,589,5520.0
NH,870 - SEPTICEMIA OR SEVERE SEPSIS W MV >96 HOURS,53,51350.0
NH,871 - SEPTICEMIA OR SEVERE SEPSIS W/O MV 96+ HOURS W MCC,2141,12761.0
NH,872 - SEPTICEMIA OR SEVERE SEPSIS W/O MV >96 HOURS W/O MCC,797,7371.0
NH,885 - PSYCHOSES,91,6997.0
NH,897 - ALCOHOL/DRUG ABUSE OR DEPENDENCE W/O REHABILITATION THERAPY W/O MCC,179,5072.0
NH,917 - POISONING & TOXIC EFFECTS OF DRUGS W MCC,135,10536.0
NH,948 - SIGNS & SYMPTOMS W/O MCC,223,5449.0
NH,064 - INTRACRANIAL HEMORRHAGE OR CEREBRAL INFARCTION W MCC,293,14515.0
NH,176 - PULMONARY EMBOLISM W/O MCC,174,7260.0
NH,177 - RESPIRATORY INFECTIONS & INFLAMMATIONS W MCC,276,14273.0
NH,202 - BRONCHITIS & ASTHMA W CC/MCC,103,6014.0
NH,208 - RESPIRATORY SYSTEM DIAGNOSIS W VENTILATOR SUPPORT <96 HOURS,234,18955.0
NH,"281 - ACUTE MYOCARDIAL INFARCTION, DISCHARGED ALIVE W CC",273,7463.0
NH,"282 - ACUTE MYOCARDIAL INFARCTION, DISCHARGED ALIVE W/O CC/MCC",150,5555.0
NH,"287 - CIRCULATORY DISORDERS EXCEPT AMI, W CARD CATH W/O MCC",364,8619.0
NH,314 - OTHER CIRCULATORY SYSTEM DIAGNOSES W MCC,153,14704.0
NH,330 - MAJOR SMALL & LARGE BOWEL PROCEDURES W CC,273,18992.0
NH,372 - MAJOR GASTROINTESTINAL DISORDERS & PERITONEAL INFECTIONS W CC,129,7558.0
NH,377 - G.I. HEMORRHAGE W MCC,200,13503.0
NH,389 - G.I. OBSTRUCTION W CC,246,6428.0
NH,390 - G.I. OBSTRUCTION W/O CC/MCC,164,4413.0
NH,"391 - ESOPHAGITIS, GASTROENT & MISC DIGEST DISORDERS W MCC",160,9279.0
NH,394 - OTHER DIGESTIVE SYSTEM DIAGNOSES W CC,212,7457.0
NH,418 - LAPAROSCOPIC CHOLECYSTECTOMY W/O C.D.E. W CC,61,11446.0
NH,"441 - DISORDERS OF LIVER EXCEPT MALIG,CIRR,ALC HEPA W MCC",78,16738.0
NH,481 - HIP & FEMUR PROCEDURES EXCEPT MAJOR JOINT W CC,430,14270.0
NH,482 - HIP & FEMUR PROCEDURES EXCEPT MAJOR JOINT W/O CC/MCC,143,11498.0
NH,"640 - MISC DISORDERS OF NUTRITION,METABOLISM,FLUIDS/ELECTROLYTES W MCC",168,8541.0
NH,698 - OTHER KIDNEY & URINARY TRACT DIAGNOSES W MCC,177,10663.0
NH,101 - SEIZURES W/O MCC,138,7046.0
NH,175 - PULMONARY EMBOLISM W MCC,78,10452.0
NH,244 - PERMANENT CARDIAC PACEMAKER IMPLANT W/O CC/MCC,106,16064.0
NH,252 - OTHER VASCULAR PROCEDURES W MCC,82,26022.0
NH,300 - PERIPHERAL VASCULAR DISORDERS W CC,49,8933.0
NH,329 - MAJOR SMALL & LARGE BOWEL PROCEDURES W MCC,163,42373.0
NH,331 - MAJOR SMALL & LARGE BOWEL PROCEDURES W/O CC/MCC,89,13437.0
NH,371 - MAJOR GASTROINTESTINAL DISORDERS & PERITONEAL INFECTIONS W MCC,72,11736.0
NH,439 - DISORDERS OF PANCREAS EXCEPT MALIGNANCY W CC,121,7246.0
NH,460 - SPINAL FUSION EXCEPT CERVICAL W/O MCC,306,31038.0
NH,473 - CERVICAL SPINAL FUSION W/O CC/MCC,93,18828.0
NH,602 - CELLULITIS W MCC,62,10417.0
NH,"605 - TRAUMA TO THE SKIN, SUBCUT TISS & BREAST W/O MCC",44,5311.0
NH,638 - DIABETES W CC,163,6093.0
NH,811 - RED BLOOD CELL DISORDERS W MCC,52,8787.0
NH,812 - RED BLOOD CELL DISORDERS W/O MCC,122,6050.0
NH,918 - POISONING & TOXIC EFFECTS OF DRUGS W/O MCC,150,4648.0
NH,038 - EXTRACRANIAL PROCEDURES W CC,57,12717.0
NH,039 - EXTRACRANIAL PROCEDURES W/O CC/MCC,196,8305.0
NH,057 - DEGENERATIVE NERVOUS SYSTEM DISORDERS W/O MCC,89,8589.0
NH,074 - CRANIAL & PERIPHERAL NERVE DISORDERS W/O MCC,65,7023.0
NH,149 - DYSEQUILIBRIUM,47,4365.0
NH,164 - MAJOR CHEST PROCEDURES W CC,81,20759.0
NH,165 - MAJOR CHEST PROCEDURES W/O CC/MCC,54,14263.0
NH,219 - CARDIAC VALVE & OTH MAJ CARDIOTHORACIC PROC W/O CARD CATH W MCC,101,65552.0
NH,220 - CARDIAC VALVE & OTH MAJ CARDIOTHORACIC PROC W/O CARD CATH W CC,175,42104.0
NH,233 - CORONARY BYPASS W CARDIAC CATH W MCC,47,68824.0
NH,234 - CORONARY BYPASS W CARDIAC CATH W/O MCC,81,40624.0
NH,235 - CORONARY BYPASS W/O CARDIAC CATH W MCC,59,41625.0
NH,236 - CORONARY BYPASS W/O CARDIAC CATH W/O MCC,150,29379.0
NH,238 - MAJOR CARDIOVASC PROCEDURES W/O MCC,211,29014.0
NH,242 - PERMANENT CARDIAC PACEMAKER IMPLANT W MCC,75,26933.0
NH,243 - PERMANENT CARDIAC PACEMAKER IMPLANT W CC,98,20319.0
NH,246 - PERC CARDIOVASC PROC W DRUG-ELUTING STENT W MCC OR 4+ VESSELS/STENTS,156,28434.0
NH,248 - PERC CARDIOVASC PROC W NON-DRUG-ELUTING STENT W MCC OR 4+ VES/STENTS,47,25466.0
NH,249 - PERC CARDIOVASC PROC W NON-DRUG-ELUTING STENT W/O MCC,82,15345.0
NH,251 - PERC CARDIOVASC PROC W/O CORONARY ARTERY STENT W/O MCC,87,15086.0
NH,253 - OTHER VASCULAR PROCEDURES W CC,188,19862.0
NH,254 - OTHER VASCULAR PROCEDURES W/O CC/MCC,97,14021.0
NH,266 - ENDOVASCULAR CARDIAC VALVE REPLACEMENT W MCC,43,70927.0
NH,267 - ENDOVASCULAR CARDIAC VALVE REPLACEMENT W/O MCC,52,52754.0
NH,"286 - CIRCULATORY DISORDERS EXCEPT AMI, W CARD CATH W MCC",101,19929.0
NH,305 - HYPERTENSION W/O MCC,49,5116.0
NH,393 - OTHER DIGESTIVE SYSTEM DIAGNOSES W MCC,77,15306.0
NH,469 - MAJOR JOINT REPLACEMENT OR REATTACHMENT OF LOWER EXTREMITY W MCC,77,25381.0
NH,480 - HIP & FEMUR PROCEDURES EXCEPT MAJOR JOINT W MCC,74,24904.0
NH,483 - MAJOR JOINT/LIMB REATTACHMENT PROCEDURE OF UPPER EXTREMITIES,229,18725.0
NH,520 - BACK & NECK PROC EXC SPINAL FUSION W/O CC/MCC,128,8649.0
NH,556 - SIGNS & SYMPTOMS OF MUSCULOSKELETAL SYSTEM & CONN TISSUE W/O MCC,59,5494.0
NH,621 - O.R. PROCEDURES FOR OBESITY W/O CC/MCC,52,13168.0
NH,699 - OTHER KIDNEY & URINARY TRACT DIAGNOSES W CC,84,7663.0
NH,708 - MAJOR MALE PELVIC PROCEDURES W/O CC/MCC,52,11818.0
NH,853 - INFECTIOUS & PARASITIC DISEASES W O.R. PROCEDURE W MCC,182,44024.0
NH,027 - CRANIOTOMY & ENDOVASCULAR INTRACRANIAL PROCEDURES W/O CC/MCC,46,19289.0
NH,"086 - TRAUMATIC STUPOR & COMA, COMA <1 HR W CC",78,8637.0
NH,"087 - TRAUMATIC STUPOR & COMA, COMA <1 HR W/O CC/MCC",47,5681.0
NH,153 - OTITIS MEDIA & URI W/O MCC,101,5352.0
NH,467 - REVISION OF HIP OR KNEE REPLACEMENT W CC,79,29605.0
NH,536 - FRACTURES OF HIP & PELVIS W/O MCC,87,4871.0
NH,884 - ORGANIC DISTURBANCES & MENTAL RETARDATION,46,7355.0
NH,468 - REVISION OF HIP OR KNEE REPLACEMENT W/O CC/MCC,78,22298.0
NH,809 - MAJOR HEMATOL/IMMUN DIAG EXC SICKLE CELL CRISIS & COAGUL W CC,54,10459.0
NH,462 - BILATERAL OR MULTIPLE MAJOR JOINT PROCS OF LOWER EXTREMITY W/O MCC,56,29992.0
NH,025 - CRANIOTOMY & ENDOVASCULAR INTRACRANIAL PROCEDURES W MCC,105,40497.0
NH,237 - MAJOR CARDIOVASC PROCEDURES W MCC,68,47648.0
NH,"328 - STOMACH, ESOPHAGEAL & DUODENAL PROC W/O CC/MCC",21,14147.0
NH,"406 - PANCREAS, LIVER & SHUNT PROCEDURES W CC",21,27325.0
NH,445 - DISORDERS OF THE BILIARY TRACT W CC,54,8720.0
NH,847 - CHEMOTHERAPY W/O ACUTE LEUKEMIA AS SECONDARY DIAGNOSIS W CC,72,12064.0
ME,065 - INTRACRANIAL HEMORRHAGE OR CEREBRAL INFARCTION W CC OR TPA IN 24 HRS,498,7548.0
ME,066 - INTRACRANIAL HEMORRHAGE OR CEREBRAL INFARCTION W/O CC/MCC,255,5758.0
ME,069 - TRANSIENT ISCHEMIA,177,5013.0
ME,176 - PULMONARY EMBOLISM W/O MCC,101,6385.0
ME,189 - PULMONARY EDEMA & RESPIRATORY FAILURE,692,8766.0
ME,190 - CHRONIC OBSTRUCTIVE PULMONARY DISEASE W MCC,903,7971.0
ME,191 - CHRONIC OBSTRUCTIVE PULMONARY DISEASE W CC,549,6415.0
ME,192 - CHRONIC OBSTRUCTIVE PULMONARY DISEASE W/O CC/MCC,223,5260.0
ME,193 - SIMPLE PNEUMONIA & PLEURISY W MCC,872,10131.0
ME,194 - SIMPLE PNEUMONIA & PLEURISY W CC,779,6723.0
ME,195 - SIMPLE PNEUMONIA & PLEURISY W/O CC/MCC,153,5287.0
ME,247 - PERC CARDIOVASC PROC W DRUG-ELUTING STENT W/O MCC,542,15545.0
ME,"280 - ACUTE MYOCARDIAL INFARCTION, DISCHARGED ALIVE W MCC",580,11723.0
ME,"281 - ACUTE MYOCARDIAL INFARCTION, DISCHARGED ALIVE W CC",446,7146.0
ME,"287 - CIRCULATORY DISORDERS EXCEPT AMI, W CARD CATH W/O MCC",543,8170.0
ME,291 - HEART FAILURE & SHOCK W MCC,922,10717.0
ME,292 - HEART FAILURE & SHOCK W CC,957,7043.0
ME,293 - HEART FAILURE & SHOCK W/O CC/MCC,218,4985.0
ME,308 - CARDIAC ARRHYTHMIA & CONDUCTION DISORDERS W MCC,395,8423.0
ME,309 - CARDIAC ARRHYTHMIA & CONDUCTION DISORDERS W CC,554,5815.0
ME,310 - CARDIAC ARRHYTHMIA & CONDUCTION DISORDERS W/O CC/MCC,422,4280.0
ME,312 - SYNCOPE & COLLAPSE,285,5467.0
ME,313 - CHEST PAIN,175,4439.0
ME,378 - G.I. HEMORRHAGE W CC,599,7026.0
ME,389 - G.I. OBSTRUCTION W CC,262,6706.0
ME,390 - G.I. OBSTRUCTION W/O CC/MCC,119,4579.0
ME,"392 - ESOPHAGITIS, GASTROENT & MISC DIGEST DISORDERS W/O MCC",787,5473.0
ME,439 - DISORDERS OF PANCREAS EXCEPT MALIGNANCY W CC,100,7099.0
ME,470 - MAJOR JOINT REPLACEMENT OR REATTACHMENT OF LOWER EXTREMITY W/O MCC,2547,14364.0
ME,481 - HIP & FEMUR PROCEDURES EXCEPT MAJOR JOINT W CC,434,12847.0
ME,482 - HIP & FEMUR PROCEDURES EXCEPT MAJOR JOINT W/O CC/MCC,89,11364.0
ME,483 - MAJOR JOINT/LIMB REATTACHMENT PROCEDURE OF UPPER EXTREMITIES,274,16175.0
ME,552 - MEDICAL BACK PROBLEMS W/O MCC,265,6540.0
ME,603 - CELLULITIS W/O MCC,547,6388.0
ME,"641 - MISC DISORDERS OF NUTRITION,METABOLISM,FLUIDS/ELECTROLYTES W/O MCC",411,5250.0
ME,683 - RENAL FAILURE W CC,527,6693.0
ME,690 - KIDNEY & URINARY TRACT INFECTIONS W/O MCC,535,5378.0
ME,812 - RED BLOOD CELL DISORDERS W/O MCC,102,6054.0
ME,871 - SEPTICEMIA OR SEVERE SEPSIS W/O MV 96+ HOURS W MCC,2279,12675.0
ME,872 - SEPTICEMIA OR SEVERE SEPSIS W/O MV >96 HOURS W/O MCC,694,7487.0
ME,948 - SIGNS & SYMPTOMS W/O MCC,183,5183.0
ME,064 - INTRACRANIAL HEMORRHAGE OR CEREBRAL INFARCTION W MCC,271,12829.0
ME,153 - OTITIS MEDIA & URI W/O MCC,76,5176.0
ME,177 - RESPIRATORY INFECTIONS & INFLAMMATIONS W MCC,396,13556.0
ME,178 - RESPIRATORY INFECTIONS & INFLAMMATIONS W CC,242,10320.0
ME,208 - RESPIRATORY SYSTEM DIAGNOSIS W VENTILATOR SUPPORT <96 HOURS,196,15869.0
ME,"282 - ACUTE MYOCARDIAL INFARCTION, DISCHARGED ALIVE W/O CC/MCC",231,5602.0
ME,303 - ATHEROSCLEROSIS W/O MCC,98,4745.0
ME,330 - MAJOR SMALL & LARGE BOWEL PROCEDURES W CC,267,18473.0
ME,372 - MAJOR GASTROINTESTINAL DISORDERS & PERITONEAL INFECTIONS W CC,101,7808.0
ME,377 - G.I. HEMORRHAGE W MCC,189,13107.0
ME,394 - OTHER DIGESTIVE SYSTEM DIAGNOSES W CC,169,7452.0
ME,480 - HIP & FEMUR PROCEDURES EXCEPT MAJOR JOINT W MCC,122,20730.0
ME,536 - FRACTURES OF HIP & PELVIS W/O MCC,149,5016.0
ME,602 - CELLULITIS W MCC,88,10863.0
ME,638 - DIABETES W CC,195,6029.0
ME,"640 - MISC DISORDERS OF NUTRITION,METABOLISM,FLUIDS/ELECTROLYTES W MCC",118,7792.0
ME,682 - RENAL FAILURE W MCC,305,10245.0
ME,689 - KIDNEY & URINARY TRACT INFECTIONS W MCC,197,7491.0
ME,853 - INFECTIOUS & PARASITIC DISEASES W O.R. PROCEDURE W MCC,221,36904.0
ME,917 - POISONING & TOXIC EFFECTS OF DRUGS W MCC,103,11585.0
ME,"442 - DISORDERS OF LIVER EXCEPT MALIG,CIRR,ALC HEPA W CC",59,6939.0
ME,445 - DISORDERS OF THE BILIARY TRACT W CC,69,8140.0
ME,698 - OTHER KIDNEY & URINARY TRACT DIAGNOSES W MCC,164,11545.0
ME,885 - PSYCHOSES,563,7556.0
ME,165 - MAJOR CHEST PROCEDURES W/O CC/MCC,79,12078.0
ME,"441 - DISORDERS OF LIVER EXCEPT MALIG,CIRR,ALC HEPA W MCC",48,13812.0
ME,460 - SPINAL FUSION EXCEPT CERVICAL W/O MCC,289,27236.0
ME,467 - REVISION OF HIP OR KNEE REPLACEMENT W CC,80,23501.0
ME,469 - MAJOR JOINT REPLACEMENT OR REATTACHMENT OF LOWER EXTREMITY W MCC,70,22053.0
ME,472 - CERVICAL SPINAL FUSION W CC,46,19502.0
ME,473 - CERVICAL SPINAL FUSION W/O CC/MCC,100,15096.0
ME,519 - BACK & NECK PROC EXC SPINAL FUSION W CC,64,11441.0
ME,897 - ALCOHOL/DRUG ABUSE OR DEPENDENCE W/O REHABILITATION THERAPY W/O MCC,394,5237.0
ME,025 - CRANIOTOMY & ENDOVASCULAR INTRACRANIAL PROCEDURES W MCC,90,32470.0
ME,026 - CRANIOTOMY & ENDOVASCULAR INTRACRANIAL PROCEDURES W CC,33,23328.0
ME,039 - EXTRACRANIAL PROCEDURES W/O CC/MCC,125,8015.0
ME,057 - DEGENERATIVE NERVOUS SYSTEM DISORDERS W/O MCC,76,8752.0
ME,"086 - TRAUMATIC STUPOR & COMA, COMA <1 HR W CC",48,9720.0
ME,091 - OTHER DISORDERS OF NERVOUS SYSTEM W MCC,21,21335.0
ME,101 - SEIZURES W/O MCC,167,5803.0
ME,164 - MAJOR CHEST PROCEDURES W CC,119,16673.0
ME,166 - OTHER RESP SYSTEM O.R. PROCEDURES W MCC,46,23730.0
ME,180 - RESPIRATORY NEOPLASMS W MCC,55,12158.0
ME,207 - RESPIRATORY SYSTEM DIAGNOSIS W VENTILATOR SUPPORT 96+ HOURS,78,41934.0
ME,220 - CARDIAC VALVE & OTH MAJ CARDIOTHORACIC PROC W/O CARD CATH W CC,157,37596.0
ME,234 - CORONARY BYPASS W CARDIAC CATH W/O MCC,113,35544.0
ME,235 - CORONARY BYPASS W/O CARDIAC CATH W MCC,21,47310.0
ME,236 - CORONARY BYPASS W/O CARDIAC CATH W/O MCC,124,27777.0
ME,237 - MAJOR CARDIOVASC PROCEDURES W MCC,90,47478.0
ME,238 - MAJOR CARDIOVASC PROCEDURES W/O MCC,164,24803.0
ME,240 - AMPUTATION FOR CIRC SYS DISORDERS EXC UPPER LIMB & TOE W CC,21,17057.0
ME,242 - PERMANENT CARDIAC PACEMAKER IMPLANT W MCC,76,26584.0
ME,243 - PERMANENT CARDIAC PACEMAKER IMPLANT W CC,104,19326.0
ME,244 - PERMANENT CARDIAC PACEMAKER IMPLANT W/O CC/MCC,85,15339.0
ME,246 - PERC CARDIOVASC PROC W DRUG-ELUTING STENT W MCC OR 4+ VESSELS/STENTS,174,25966.0
ME,248 - PERC CARDIOVASC PROC W NON-DRUG-ELUTING STENT W MCC OR 4+ VES/STENTS,51,24921.0
ME,249 - PERC CARDIOVASC PROC W NON-DRUG-ELUTING STENT W/O MCC,88,14272.0
ME,251 - PERC CARDIOVASC PROC W/O CORONARY ARTERY STENT W/O MCC,76,14309.0
ME,252 - OTHER VASCULAR PROCEDURES W MCC,80,23694.0
ME,253 - OTHER VASCULAR PROCEDURES W CC,187,19235.0
ME,254 - OTHER VASCULAR PROCEDURES W/O CC/MCC,95,12264.0
ME,"283 - ACUTE MYOCARDIAL INFARCTION, EXPIRED W MCC",77,14629.0
ME,"286 - CIRCULATORY DISORDERS EXCEPT AMI, W CARD CATH W MCC",129,21414.0
ME,300 - PERIPHERAL VASCULAR DISORDERS W CC,51,7488.0
ME,314 - OTHER CIRCULATORY SYSTEM DIAGNOSES W MCC,99,17295.0
ME,315 - OTHER CIRCULATORY SYSTEM DIAGNOSES W CC,54,7963.0
ME,"328 - STOMACH, ESOPHAGEAL & DUODENAL PROC W/O CC/MCC",52,12705.0
ME,329 - MAJOR SMALL & LARGE BOWEL PROCEDURES W MCC,131,36626.0
ME,331 - MAJOR SMALL & LARGE BOWEL PROCEDURES W/O CC/MCC,61,12315.0
ME,336 - PERITONEAL ADHESIOLYSIS W CC,21,17352.0
ME,"391 - ESOPHAGITIS, GASTROENT & MISC DIGEST DISORDERS W MCC",124,9461.0
ME,393 - OTHER DIGESTIVE SYSTEM DIAGNOSES W MCC,58,14633.0
ME,468 - REVISION OF HIP OR KNEE REPLACEMENT W/O CC/MCC,43,20495.0
ME,"493 - LOWER EXTREM & HUMER PROC EXCEPT HIP,FOOT,FEMUR W CC",57,14387.0
ME,520 - BACK & NECK PROC EXC SPINAL FUSION W/O CC/MCC,73,8476.0
ME,621 - O.R. PROCEDURES FOR OBESITY W/O CC/MCC,52,10754.0
ME,652 - KIDNEY TRANSPLANT,33,37523.0
ME,699 - OTHER KIDNEY & URINARY TRACT DIAGNOSES W CC,116,7800.0
ME,708 - MAJOR MALE PELVIC PROCEDURES W/O CC/MCC,43,11992.0
ME,870 - SEPTICEMIA OR SEVERE SEPSIS W MV >96 HOURS,66,48286.0
ME,918 - POISONING & TOXIC EFFECTS OF DRUGS W/O MCC,60,5218.0
ME,"494 - LOWER EXTREM & HUMER PROC EXCEPT HIP,FOOT,FEMUR W/O CC/MCC",47,10364.0
ME,882 - NEUROSES EXCEPT DEPRESSIVE,21,6193.0
VT,065 - INTRACRANIAL HEMORRHAGE OR CEREBRAL INFARCTION W CC OR TPA IN 24 HRS,201,9641.0
VT,177 - RESPIRATORY INFECTIONS & INFLAMMATIONS W MCC,132,16377.0
VT,178 - RESPIRATORY INFECTIONS & INFLAMMATIONS W CC,68,11841.0
VT,189 - PULMONARY EDEMA & RESPIRATORY FAILURE,526,11237.0
VT,190 - CHRONIC OBSTRUCTIVE PULMONARY DISEASE W MCC,270,9788.0
VT,191 - CHRONIC OBSTRUCTIVE PULMONARY DISEASE W CC,177,8095.0
VT,193 - SIMPLE PNEUMONIA & PLEURISY W MCC,367,12109.0
VT,194 - SIMPLE PNEUMONIA & PLEURISY W CC,330,8344.0
VT,195 - SIMPLE PNEUMONIA & PLEURISY W/O CC/MCC,77,5826.0
VT,208 - RESPIRATORY SYSTEM DIAGNOSIS W VENTILATOR SUPPORT <96 HOURS,93,20053.0
VT,291 - HEART FAILURE & SHOCK W MCC,354,12736.0
VT,292 - HEART FAILURE & SHOCK W CC,284,8907.0
VT,308 - CARDIAC ARRHYTHMIA & CONDUCTION DISORDERS W MCC,139,10631.0
VT,309 - CARDIAC ARRHYTHMIA & CONDUCTION DISORDERS W CC,202,6839.0
VT,310 - CARDIAC ARRHYTHMIA & CONDUCTION DISORDERS W/O CC/MCC,168,5239.0
VT,378 - G.I. HEMORRHAGE W CC,267,8685.0
VT,"392 - ESOPHAGITIS, GASTROENT & MISC DIGEST DISORDERS W/O MCC",257,6636.0
VT,460 - SPINAL FUSION EXCEPT CERVICAL W/O MCC,107,33770.0
VT,470 - MAJOR JOINT REPLACEMENT OR REATTACHMENT OF LOWER EXTREMITY W/O MCC,812,18410.0
VT,481 - HIP & FEMUR PROCEDURES EXCEPT MAJOR JOINT W CC,160,16575.0
VT,536 - FRACTURES OF HIP & PELVIS W/O MCC,55,6275.0
VT,552 - MEDICAL BACK PROBLEMS W/O MCC,106,7758.0
VT,603 - CELLULITIS W/O MCC,203,7355.0
VT,"641 - MISC DISORDERS OF NUTRITION,METABOLISM,FLUIDS/ELECTROLYTES W/O MCC",146,6515.0
VT,683 - RENAL FAILURE W CC,234,8315.0
VT,689 - KIDNEY & URINARY TRACT INFECTIONS W MCC,96,9750.0
VT,690 - KIDNEY & URINARY TRACT INFECTIONS W/O MCC,190,6678.0
VT,698 - OTHER KIDNEY & URINARY TRACT DIAGNOSES W MCC,94,14839.0
VT,812 - RED BLOOD CELL DISORDERS W/O MCC,73,7050.0
VT,871 - SEPTICEMIA OR SEVERE SEPSIS W/O MV 96+ HOURS W MCC,856,15716.0
VT,872 - SEPTICEMIA OR SEVERE SEPSIS W/O MV >96 HOURS W/O MCC,323,9193.0
VT,057 - DEGENERATIVE NERVOUS SYSTEM DISORDERS W/O MCC,55,11983.0
VT,064 - INTRACRANIAL HEMORRHAGE OR CEREBRAL INFARCTION W MCC,103,18448.0
VT,066 - INTRACRANIAL HEMORRHAGE OR CEREBRAL INFARCTION W/O CC/MCC,82,7289.0
VT,101 - SEIZURES W/O MCC,33,7397.0
VT,176 - PULMONARY EMBOLISM W/O MCC,56,9023.0
VT,220 - CARDIAC VALVE & OTH MAJ CARDIOTHORACIC PROC W/O CARD CATH W CC,54,41611.0
VT,233 - CORONARY BYPASS W CARDIAC CATH W MCC,21,61500.0
VT,236 - CORONARY BYPASS W/O CARDIAC CATH W/O MCC,44,29864.0
VT,242 - PERMANENT CARDIAC PACEMAKER IMPLANT W MCC,21,32653.0
VT,246 - PERC CARDIOVASC PROC W DRUG-ELUTING STENT W MCC OR 4+ VESSELS/STENTS,95,28226.0
VT,247 - PERC CARDIOVASC PROC W DRUG-ELUTING STENT W/O MCC,200,18723.0
VT,267 - ENDOVASCULAR CARDIAC VALVE REPLACEMENT W/O MCC,64,58335.0
VT,"280 - ACUTE MYOCARDIAL INFARCTION, DISCHARGED ALIVE W MCC",164,15563.0
VT,"281 - ACUTE MYOCARDIAL INFARCTION, DISCHARGED ALIVE W CC",96,9204.0
VT,"287 - CIRCULATORY DISORDERS EXCEPT AMI, W CARD CATH W/O MCC",68,10485.0
VT,293 - HEART FAILURE & SHOCK W/O CC/MCC,51,6204.0
VT,312 - SYNCOPE & COLLAPSE,51,6972.0
VT,314 - OTHER CIRCULATORY SYSTEM DIAGNOSES W MCC,53,17437.0
VT,315 - OTHER CIRCULATORY SYSTEM DIAGNOSES W CC,21,11562.0
VT,329 - MAJOR SMALL & LARGE BOWEL PROCEDURES W MCC,46,45812.0
VT,330 - MAJOR SMALL & LARGE BOWEL PROCEDURES W CC,88,20711.0
VT,372 - MAJOR GASTROINTESTINAL DISORDERS & PERITONEAL INFECTIONS W CC,56,10313.0
VT,377 - G.I. HEMORRHAGE W MCC,57,16816.0
VT,389 - G.I. OBSTRUCTION W CC,86,8136.0
VT,390 - G.I. OBSTRUCTION W/O CC/MCC,43,6591.0
VT,"391 - ESOPHAGITIS, GASTROENT & MISC DIGEST DISORDERS W MCC",53,10898.0
VT,394 - OTHER DIGESTIVE SYSTEM DIAGNOSES W CC,52,8857.0
VT,439 - DISORDERS OF PANCREAS EXCEPT MALIGNANCY W CC,65,8436.0
VT,483 - MAJOR JOINT/LIMB REATTACHMENT PROCEDURE OF UPPER EXTREMITIES,46,20122.0
VT,682 - RENAL FAILURE W MCC,113,14078.0
VT,699 - OTHER KIDNEY & URINARY TRACT DIAGNOSES W CC,46,9354.0
VT,885 - PSYCHOSES,299,15968.0
VT,897 - ALCOHOL/DRUG ABUSE OR DEPENDENCE W/O REHABILITATION THERAPY W/O MCC,68,6289.0
VT,917 - POISONING & TOXIC EFFECTS OF DRUGS W MCC,21,13538.0
CT,065 - INTRACRANIAL HEMORRHAGE OR CEREBRAL INFARCTION W CC OR TPA IN 24 HRS,1341,9391.0
CT,066 - INTRACRANIAL HEMORRHAGE OR CEREBRAL INFARCTION W/O CC/MCC,665,6757.0
CT,069 - TRANSIENT ISCHEMIA,592,6462.0
CT,176 - PULMONARY EMBOLISM W/O MCC,384,8842.0
CT,177 - RESPIRATORY INFECTIONS & INFLAMMATIONS W MCC,1295,15836.0
CT,189 - PULMONARY EDEMA & RESPIRATORY FAILURE,1665,10466.0
CT,190 - CHRONIC OBSTRUCTIVE PULMONARY DISEASE W MCC,1810,9797.0
CT,191 - CHRONIC OBSTRUCTIVE PULMONARY DISEASE W CC,1528,8088.0
CT,192 - CHRONIC OBSTRUCTIVE PULMONARY DISEASE W/O CC/MCC,684,6386.0
CT,193 - SIMPLE PNEUMONIA & PLEURISY W MCC,1818,11930.0
CT,194 - SIMPLE PNEUMONIA & PLEURISY W CC,1853,8496.0
CT,195 - SIMPLE PNEUMONIA & PLEURISY W/O CC/MCC,562,6245.0
CT,208 - RESPIRATORY SYSTEM DIAGNOSIS W VENTILATOR SUPPORT <96 HOURS,661,21120.0
CT,"280 - ACUTE MYOCARDIAL INFARCTION, DISCHARGED ALIVE W MCC",935,14222.0
CT,"282 - ACUTE MYOCARDIAL INFARCTION, DISCHARGED ALIVE W/O CC/MCC",286,6795.0
CT,291 - HEART FAILURE & SHOCK W MCC,3203,13097.0
CT,292 - HEART FAILURE & SHOCK W CC,2764,8728.0
CT,293 - HEART FAILURE & SHOCK W/O CC/MCC,773,6269.0
CT,308 - CARDIAC ARRHYTHMIA & CONDUCTION DISORDERS W MCC,1007,10964.0
CT,309 - CARDIAC ARRHYTHMIA & CONDUCTION DISORDERS W CC,1438,7043.0
CT,310 - CARDIAC ARRHYTHMIA & CONDUCTION DISORDERS W/O CC/MCC,884,5358.0
CT,312 - SYNCOPE & COLLAPSE,1153,6736.0
CT,313 - CHEST PAIN,491,5670.0
CT,330 - MAJOR SMALL & LARGE BOWEL PROCEDURES W CC,647,21634.0
CT,372 - MAJOR GASTROINTESTINAL DISORDERS & PERITONEAL INFECTIONS W CC,443,10169.0
CT,377 - G.I. HEMORRHAGE W MCC,831,15150.0
CT,378 - G.I. HEMORRHAGE W CC,2153,8755.0
CT,379 - G.I. HEMORRHAGE W/O CC/MCC,273,6327.0
CT,389 - G.I. OBSTRUCTION W CC,709,7902.0
CT,390 - G.I. OBSTRUCTION W/O CC/MCC,457,5884.0
CT,"391 - ESOPHAGITIS, GASTROENT & MISC DIGEST DISORDERS W MCC",530,12831.0
CT,"392 - ESOPHAGITIS, GASTROENT & MISC DIGEST DISORDERS W/O MCC",2518,6853.0
CT,470 - MAJOR JOINT REPLACEMENT OR REATTACHMENT OF LOWER EXTREMITY W/O MCC,5713,17718.0
CT,481 - HIP & FEMUR PROCEDURES EXCEPT MAJOR JOINT W CC,1224,16248.0
CT,536 - FRACTURES OF HIP & PELVIS W/O MCC,282,6351.0
CT,602 - CELLULITIS W MCC,312,12945.0
CT,603 - CELLULITIS W/O MCC,1868,7530.0
CT,621 - O.R. PROCEDURES FOR OBESITY W/O CC/MCC,148,13747.0
CT,"640 - MISC DISORDERS OF NUTRITION,METABOLISM,FLUIDS/ELECTROLYTES W MCC",768,10062.0
CT,"641 - MISC DISORDERS OF NUTRITION,METABOLISM,FLUIDS/ELECTROLYTES W/O MCC",1427,6518.0
CT,682 - RENAL FAILURE W MCC,1483,13771.0
CT,683 - RENAL FAILURE W CC,2192,8507.0
CT,689 - KIDNEY & URINARY TRACT INFECTIONS W MCC,1340,9364.0
CT,690 - KIDNEY & URINARY TRACT INFECTIONS W/O MCC,2149,6878.0
CT,812 - RED BLOOD CELL DISORDERS W/O MCC,864,7672.0
CT,871 - SEPTICEMIA OR SEVERE SEPSIS W/O MV 96+ HOURS W MCC,7701,15479.0
CT,872 - SEPTICEMIA OR SEVERE SEPSIS W/O MV >96 HOURS W/O MCC,2403,9311.0
CT,897 - ALCOHOL/DRUG ABUSE OR DEPENDENCE W/O REHABILITATION THERAPY W/O MCC,554,6723.0
CT,948 - SIGNS & SYMPTOMS W/O MCC,444,6796.0
CT,057 - DEGENERATIVE NERVOUS SYSTEM DISORDERS W/O MCC,307,9620.0
CT,064 - INTRACRANIAL HEMORRHAGE OR CEREBRAL INFARCTION W MCC,933,15616.0
CT,101 - SEIZURES W/O MCC,528,7131.0
CT,178 - RESPIRATORY INFECTIONS & INFLAMMATIONS W CC,717,11800.0
CT,202 - BRONCHITIS & ASTHMA W CC/MCC,537,8113.0
CT,206 - OTHER RESPIRATORY SYSTEM DIAGNOSES W/O MCC,159,7795.0
CT,246 - PERC CARDIOVASC PROC W DRUG-ELUTING STENT W MCC OR 4+ VESSELS/STENTS,330,32031.0
CT,247 - PERC CARDIOVASC PROC W DRUG-ELUTING STENT W/O MCC,750,19258.0
CT,253 - OTHER VASCULAR PROCEDURES W CC,354,23555.0
CT,"287 - CIRCULATORY DISORDERS EXCEPT AMI, W CARD CATH W/O MCC",666,10838.0
CT,329 - MAJOR SMALL & LARGE BOWEL PROCEDURES W MCC,373,44435.0
CT,394 - OTHER DIGESTIVE SYSTEM DIAGNOSES W CC,606,8661.0
CT,445 - DISORDERS OF THE BILIARY TRACT W CC,201,10073.0
CT,460 - SPINAL FUSION EXCEPT CERVICAL W/O MCC,735,34018.0
CT,473 - CERVICAL SPINAL FUSION W/O CC/MCC,194,19229.0
CT,480 - HIP & FEMUR PROCEDURES EXCEPT MAJOR JOINT W MCC,353,24976.0
CT,482 - HIP & FEMUR PROCEDURES EXCEPT MAJOR JOINT W/O CC/MCC,182,13810.0
CT,483 - MAJOR JOINT/LIMB REATTACHMENT PROCEDURE OF UPPER EXTREMITIES,456,20156.0
CT,638 - DIABETES W CC,533,7801.0
CT,644 - ENDOCRINE DISORDERS W CC,127,10451.0
CT,698 - OTHER KIDNEY & URINARY TRACT DIAGNOSES W MCC,734,13587.0
CT,699 - OTHER KIDNEY & URINARY TRACT DIAGNOSES W CC,422,9627.0
CT,811 - RED BLOOD CELL DISORDERS W MCC,334,11958.0
CT,853 - INFECTIOUS & PARASITIC DISEASES W O.R. PROCEDURE W MCC,781,44682.0
CT,175 - PULMONARY EMBOLISM W MCC,154,13139.0
CT,331 - MAJOR SMALL & LARGE BOWEL PROCEDURES W/O CC/MCC,247,14541.0
CT,371 - MAJOR GASTROINTESTINAL DISORDERS & PERITONEAL INFECTIONS W MCC,182,16832.0
CT,439 - DISORDERS OF PANCREAS EXCEPT MALIGNANCY W CC,325,8603.0
CT,469 - MAJOR JOINT REPLACEMENT OR REATTACHMENT OF LOWER EXTREMITY W MCC,285,26031.0
CT,870 - SEPTICEMIA OR SEVERE SEPSIS W MV >96 HOURS,330,53766.0
CT,074 - CRANIAL & PERIPHERAL NERVE DISORDERS W/O MCC,198,9035.0
CT,100 - SEIZURES W MCC,282,14049.0
CT,153 - OTITIS MEDIA & URI W/O MCC,405,6352.0
CT,181 - RESPIRATORY NEOPLASMS W CC,130,10596.0
CT,203 - BRONCHITIS & ASTHMA W/O CC/MCC,139,6691.0
CT,207 - RESPIRATORY SYSTEM DIAGNOSIS W VENTILATOR SUPPORT 96+ HOURS,252,46318.0
CT,243 - PERMANENT CARDIAC PACEMAKER IMPLANT W CC,313,22131.0
CT,244 - PERMANENT CARDIAC PACEMAKER IMPLANT W/O CC/MCC,143,19151.0
CT,"281 - ACUTE MYOCARDIAL INFARCTION, DISCHARGED ALIVE W CC",511,9137.0
CT,"286 - CIRCULATORY DISORDERS EXCEPT AMI, W CARD CATH W MCC",279,19910.0
CT,299 - PERIPHERAL VASCULAR DISORDERS W MCC,152,14265.0
CT,300 - PERIPHERAL VASCULAR DISORDERS W CC,372,8757.0
CT,305 - HYPERTENSION W/O MCC,217,6049.0
CT,314 - OTHER CIRCULATORY SYSTEM DIAGNOSES W MCC,398,17793.0
CT,393 - OTHER DIGESTIVE SYSTEM DIAGNOSES W MCC,206,17040.0
CT,395 - OTHER DIGESTIVE SYSTEM DIAGNOSES W/O CC/MCC,167,6234.0
CT,418 - LAPAROSCOPIC CHOLECYSTECTOMY W/O C.D.E. W CC,129,14166.0
CT,440 - DISORDERS OF PANCREAS EXCEPT MALIGNANCY W/O CC/MCC,104,6427.0
CT,"441 - DISORDERS OF LIVER EXCEPT MALIG,CIRR,ALC HEPA W MCC",159,22059.0
CT,"442 - DISORDERS OF LIVER EXCEPT MALIG,CIRR,ALC HEPA W CC",259,8900.0
CT,444 - DISORDERS OF THE BILIARY TRACT W MCC,102,15845.0
CT,552 - MEDICAL BACK PROBLEMS W/O MCC,745,7992.0
CT,"558 - TENDONITIS, MYOSITIS & BURSITIS W/O MCC",263,7465.0
CT,684 - RENAL FAILURE W/O CC/MCC,199,6158.0
CT,809 - MAJOR HEMATOL/IMMUN DIAG EXC SICKLE CELL CRISIS & COAGUL W CC,217,12775.0
CT,854 - INFECTIOUS & PARASITIC DISEASES W O.R. PROCEDURE W CC,95,21800.0
CT,917 - POISONING & TOXIC EFFECTS OF DRUGS W MCC,334,12569.0
CT,"003 - ECMO OR TRACH W MV >96 HRS OR PDX EXC FACE, MOUTH & NECK W MAJ O.R.",103,161076.0
CT,"004 - TRACH W MV 96+ HRS OR PDX EXC FACE, MOUTH & NECK W/O MAJ O.R.",83,104233.0
CT,023 - CRANIO W MAJOR DEV IMPL/ACUTE COMPLEX CNS PDX W MCC OR CHEMO IMPLANT,48,49073.0
CT,025 - CRANIOTOMY & ENDOVASCULAR INTRACRANIAL PROCEDURES W MCC,222,39133.0
CT,038 - EXTRACRANIAL PROCEDURES W CC,59,16095.0
CT,039 - EXTRACRANIAL PROCEDURES W/O CC/MCC,155,9655.0
CT,054 - NERVOUS SYSTEM NEOPLASMS W MCC,131,13785.0
CT,056 - DEGENERATIVE NERVOUS SYSTEM DISORDERS W MCC,69,17238.0
CT,070 - NONSPECIFIC CEREBROVASCULAR DISORDERS W MCC,91,15570.0
CT,071 - NONSPECIFIC CEREBROVASCULAR DISORDERS W CC,102,9952.0
CT,"085 - TRAUMATIC STUPOR & COMA, COMA <1 HR W MCC",158,17915.0
CT,"086 - TRAUMATIC STUPOR & COMA, COMA <1 HR W CC",226,10572.0
CT,"087 - TRAUMATIC STUPOR & COMA, COMA <1 HR W/O CC/MCC",100,7094.0
CT,091 - OTHER DISORDERS OF NERVOUS SYSTEM W MCC,64,16317.0
CT,092 - OTHER DISORDERS OF NERVOUS SYSTEM W CC,200,8283.0
CT,149 - DYSEQUILIBRIUM,146,6056.0
CT,152 - OTITIS MEDIA & URI W MCC,67,9945.0
CT,163 - MAJOR CHEST PROCEDURES W MCC,44,45654.0
CT,164 - MAJOR CHEST PROCEDURES W CC,179,22670.0
CT,165 - MAJOR CHEST PROCEDURES W/O CC/MCC,119,17213.0
CT,166 - OTHER RESP SYSTEM O.R. PROCEDURES W MCC,133,35890.0
CT,167 - OTHER RESP SYSTEM O.R. PROCEDURES W CC,92,18841.0
CT,180 - RESPIRATORY NEOPLASMS W MCC,150,17247.0
CT,183 - MAJOR CHEST TRAUMA W MCC,44,15433.0
CT,184 - MAJOR CHEST TRAUMA W CC,97,9930.0
CT,216 - CARDIAC VALVE & OTH MAJ CARDIOTHORACIC PROC W CARD CATH W MCC,99,79803.0
CT,219 - CARDIAC VALVE & OTH MAJ CARDIOTHORACIC PROC W/O CARD CATH W MCC,171,67773.0
CT,220 - CARDIAC VALVE & OTH MAJ CARDIOTHORACIC PROC W/O CARD CATH W CC,261,46912.0
CT,227 - CARDIAC DEFIBRILLATOR IMPLANT W/O CARDIAC CATH W/O MCC,71,51855.0
CT,233 - CORONARY BYPASS W CARDIAC CATH W MCC,103,62989.0
CT,234 - CORONARY BYPASS W CARDIAC CATH W/O MCC,163,42040.0
CT,235 - CORONARY BYPASS W/O CARDIAC CATH W MCC,71,45593.0
CT,236 - CORONARY BYPASS W/O CARDIAC CATH W/O MCC,175,34697.0
CT,237 - MAJOR CARDIOVASC PROCEDURES W MCC,103,52410.0
CT,238 - MAJOR CARDIOVASC PROCEDURES W/O MCC,328,29754.0
CT,239 - AMPUTATION FOR CIRC SYS DISORDERS EXC UPPER LIMB & TOE W MCC,46,45068.0
CT,240 - AMPUTATION FOR CIRC SYS DISORDERS EXC UPPER LIMB & TOE W CC,46,24349.0
CT,242 - PERMANENT CARDIAC PACEMAKER IMPLANT W MCC,194,31026.0
CT,248 - PERC CARDIOVASC PROC W NON-DRUG-ELUTING STENT W MCC OR 4+ VES/STENTS,70,27530.0
CT,249 - PERC CARDIOVASC PROC W NON-DRUG-ELUTING STENT W/O MCC,131,16597.0
CT,250 - PERC CARDIOVASC PROC W/O CORONARY ARTERY STENT W MCC,58,32423.0
CT,251 - PERC CARDIOVASC PROC W/O CORONARY ARTERY STENT W/O MCC,132,19904.0
CT,252 - OTHER VASCULAR PROCEDURES W MCC,304,30500.0
CT,254 - OTHER VASCULAR PROCEDURES W/O CC/MCC,82,15407.0
CT,264 - OTHER CIRCULATORY SYSTEM O.R. PROCEDURES,92,25533.0
CT,266 - ENDOVASCULAR CARDIAC VALVE REPLACEMENT W MCC,154,73685.0
CT,267 - ENDOVASCULAR CARDIAC VALVE REPLACEMENT W/O MCC,64,55002.0
CT,"283 - ACUTE MYOCARDIAL INFARCTION, EXPIRED W MCC",68,15881.0
CT,301 - PERIPHERAL VASCULAR DISORDERS W/O CC/MCC,83,6667.0
CT,306 - CARDIAC CONGENITAL & VALVULAR DISORDERS W MCC,33,14633.0
CT,315 - OTHER CIRCULATORY SYSTEM DIAGNOSES W CC,197,9309.0
CT,"326 - STOMACH, ESOPHAGEAL & DUODENAL PROC W MCC",59,51701.0
CT,"327 - STOMACH, ESOPHAGEAL & DUODENAL PROC W CC",59,25852.0
CT,"328 - STOMACH, ESOPHAGEAL & DUODENAL PROC W/O CC/MCC",52,19188.0
CT,336 - PERITONEAL ADHESIOLYSIS W CC,55,20994.0
CT,374 - DIGESTIVE MALIGNANCY W MCC,67,19273.0
CT,375 - DIGESTIVE MALIGNANCY W CC,121,13020.0
CT,386 - INFLAMMATORY BOWEL DISEASE W CC,65,10310.0
CT,388 - G.I. OBSTRUCTION W MCC,139,16261.0
CT,"406 - PANCREAS, LIVER & SHUNT PROCEDURES W CC",44,26167.0
CT,417 - LAPAROSCOPIC CHOLECYSTECTOMY W/O C.D.E. W MCC,44,23119.0
CT,419 - LAPAROSCOPIC CHOLECYSTECTOMY W/O C.D.E. W/O CC/MCC,123,11046.0
CT,432 - CIRRHOSIS & ALCOHOLIC HEPATITIS W MCC,62,22888.0
CT,435 - MALIGNANCY OF HEPATOBILIARY SYSTEM OR PANCREAS W MCC,121,16905.0
CT,436 - MALIGNANCY OF HEPATOBILIARY SYSTEM OR PANCREAS W CC,90,11794.0
CT,438 - DISORDERS OF PANCREAS EXCEPT MALIGNANCY W MCC,54,20496.0
CT,"464 - WND DEBRID & SKN GRFT EXC HAND, FOR MUSCULO-CONN TISS DIS W CC",75,26480.0
CT,467 - REVISION OF HIP OR KNEE REPLACEMENT W CC,204,28882.0
CT,468 - REVISION OF HIP OR KNEE REPLACEMENT W/O CC/MCC,126,22803.0
CT,472 - CERVICAL SPINAL FUSION W CC,73,27016.0
CT,"493 - LOWER EXTREM & HUMER PROC EXCEPT HIP,FOOT,FEMUR W CC",128,18179.0
CT,"494 - LOWER EXTREM & HUMER PROC EXCEPT HIP,FOOT,FEMUR W/O CC/MCC",120,13109.0
CT,516 - OTHER MUSCULOSKELET SYS & CONN TISS O.R. PROC W CC,47,18251.0
CT,519 - BACK & NECK PROC EXC SPINAL FUSION W CC,72,15857.0
CT,520 - BACK & NECK PROC EXC SPINAL FUSION W/O CC/MCC,149,10245.0
CT,543 - PATHOLOGICAL FRACTURES & MUSCULOSKELET & CONN TISS MALIG W CC,126,12559.0
CT,551 - MEDICAL BACK PROBLEMS W MCC,85,14721.0
CT,554 - BONE DISEASES & ARTHROPATHIES W/O MCC,112,7116.0
CT,556 - SIGNS & SYMPTOMS OF MUSCULOSKELETAL SYSTEM & CONN TISSUE W/O MCC,109,6946.0
CT,"563 - FX, SPRN, STRN & DISL EXCEPT FEMUR, HIP, PELVIS & THIGH W/O MCC",317,7196.0
CT,"605 - TRAUMA TO THE SKIN, SUBCUT TISS & BREAST W/O MCC",95,7307.0
CT,"617 - AMPUTAT OF LOWER LIMB FOR ENDOCRINE,NUTRIT,& METABOL DIS W CC",86,19226.0
CT,637 - DIABETES W MCC,200,14110.0
CT,639 - DIABETES W/O CC/MCC,59,5964.0
CT,643 - ENDOCRINE DISORDERS W MCC,94,15499.0
CT,652 - KIDNEY TRANSPLANT,106,32262.0
CT,657 - KIDNEY & URETER PROCEDURES FOR NEOPLASM W CC,52,19831.0
CT,658 - KIDNEY & URETER PROCEDURES FOR NEOPLASM W/O CC/MCC,47,14696.0
CT,669 - TRANSURETHRAL PROCEDURES W CC,93,12056.0
CT,694 - URINARY STONES W/O ESW LITHOTRIPSY W/O MCC,79,7331.0
CT,696 - KIDNEY & URINARY TRACT SIGNS & SYMPTOMS W/O MCC,61,6765.0
CT,708 - MAJOR MALE PELVIC PROCEDURES W/O CC/MCC,59,12439.0
CT,743 - UTERINE & ADNEXA PROC FOR NON-MALIGNANCY W/O CC/MCC,85,9490.0
CT,"747 - VAGINA, CERVIX & VULVA PROCEDURES W/O CC/MCC",21,9701.0
CT,840 - LYMPHOMA & NON-ACUTE LEUKEMIA W MCC,49,33727.0
CT,847 - CHEMOTHERAPY W/O ACUTE LEUKEMIA AS SECONDARY DIAGNOSIS W CC,244,12352.0
CT,856 - POSTOPERATIVE OR POST-TRAUMATIC INFECTIONS W O.R. PROC W MCC,44,47705.0
CT,862 - POSTOPERATIVE & POST-TRAUMATIC INFECTIONS W MCC,80,17883.0
CT,863 - POSTOPERATIVE & POST-TRAUMATIC INFECTIONS W/O MCC,123,10193.0
CT,864 - FEVER,108,8586.0
CT,884 - ORGANIC DISTURBANCES & MENTAL RETARDATION,241,9874.0
CT,885 - PSYCHOSES,163,12170.0
CT,896 - ALCOHOL/DRUG ABUSE OR DEPENDENCE W/O REHABILITATION THERAPY W MCC,83,16062.0
CT,907 - OTHER O.R. PROCEDURES FOR INJURIES W MCC,57,32926.0
CT,908 - OTHER O.R. PROCEDURES FOR INJURIES W CC,44,19573.0
CT,918 - POISONING & TOXIC EFFECTS OF DRUGS W/O MCC,234,6373.0
CT,919 - COMPLICATIONS OF TREATMENT W MCC,103,16590.0
CT,920 - COMPLICATIONS OF TREATMENT W CC,109,10167.0
CT,947 - SIGNS & SYMPTOMS W MCC,59,10571.0
CT,981 - EXTENSIVE O.R. PROCEDURE UNRELATED TO PRINCIPAL DIAGNOSIS W MCC,129,46989.0
CT,982 - EXTENSIVE O.R. PROCEDURE UNRELATED TO PRINCIPAL DIAGNOSIS W CC,74,25106.0
CT,179 - RESPIRATORY INFECTIONS & INFLAMMATIONS W/O CC/MCC,52,10600.0
CT,535 - FRACTURES OF HIP & PELVIS W MCC,44,12097.0
CT,303 - ATHEROSCLEROSIS W/O MCC,73,5728.0
CT,158 - DENTAL & ORAL DISEASES W CC,21,11802.0
CT,607 - MINOR SKIN DISORDERS W/O MCC,21,9309.0
NJ,064 - INTRACRANIAL HEMORRHAGE OR CEREBRAL INFARCTION W MCC,2476,14261.0
NJ,065 - INTRACRANIAL HEMORRHAGE OR CEREBRAL INFARCTION W CC OR TPA IN 24 HRS,3384,8547.0
NJ,069 - TRANSIENT ISCHEMIA,2023,5707.0
NJ,101 - SEIZURES W/O MCC,1975,6808.0
NJ,149 - DYSEQUILIBRIUM,636,5160.0
NJ,176 - PULMONARY EMBOLISM W/O MCC,951,7918.0
NJ,181 - RESPIRATORY NEOPLASMS W CC,485,9467.0
NJ,189 - PULMONARY EDEMA & RESPIRATORY FAILURE,3008,9771.0
NJ,190 - CHRONIC OBSTRUCTIVE PULMONARY DISEASE W MCC,4982,9367.0
NJ,191 - CHRONIC OBSTRUCTIVE PULMONARY DISEASE W CC,4566,7503.0
NJ,192 - CHRONIC OBSTRUCTIVE PULMONARY DISEASE W/O CC/MCC,2292,6022.0
NJ,193 - SIMPLE PNEUMONIA & PLEURISY W MCC,3823,11216.0
NJ,194 - SIMPLE PNEUMONIA & PLEURISY W CC,4887,7909.0
NJ,195 - SIMPLE PNEUMONIA & PLEURISY W/O CC/MCC,1587,5819.0
NJ,208 - RESPIRATORY SYSTEM DIAGNOSIS W VENTILATOR SUPPORT <96 HOURS,2185,18133.0
NJ,246 - PERC CARDIOVASC PROC W DRUG-ELUTING STENT W MCC OR 4+ VESSELS/STENTS,1016,26615.0
NJ,247 - PERC CARDIOVASC PROC W DRUG-ELUTING STENT W/O MCC,2416,16656.0
NJ,253 - OTHER VASCULAR PROCEDURES W CC,1319,20032.0
NJ,"280 - ACUTE MYOCARDIAL INFARCTION, DISCHARGED ALIVE W MCC",3108,12910.0
NJ,"281 - ACUTE MYOCARDIAL INFARCTION, DISCHARGED ALIVE W CC",1697,7971.0
NJ,"287 - CIRCULATORY DISORDERS EXCEPT AMI, W CARD CATH W/O MCC",2842,9278.0
NJ,291 - HEART FAILURE & SHOCK W MCC,8305,12097.0
NJ,292 - HEART FAILURE & SHOCK W CC,7266,7946.0
NJ,293 - HEART FAILURE & SHOCK W/O CC/MCC,2225,5546.0
NJ,300 - PERIPHERAL VASCULAR DISORDERS W CC,1463,7977.0
NJ,308 - CARDIAC ARRHYTHMIA & CONDUCTION DISORDERS W MCC,2879,9738.0
NJ,309 - CARDIAC ARRHYTHMIA & CONDUCTION DISORDERS W CC,3459,6403.0
NJ,310 - CARDIAC ARRHYTHMIA & CONDUCTION DISORDERS W/O CC/MCC,2965,4619.0
NJ,312 - SYNCOPE & COLLAPSE,3505,6291.0
NJ,313 - CHEST PAIN,1862,5354.0
NJ,372 - MAJOR GASTROINTESTINAL DISORDERS & PERITONEAL INFECTIONS W CC,1049,8983.0
NJ,375 - DIGESTIVE MALIGNANCY W CC,434,9939.0
NJ,377 - G.I. HEMORRHAGE W MCC,2304,14036.0
NJ,378 - G.I. HEMORRHAGE W CC,5197,8064.0
NJ,"391 - ESOPHAGITIS, GASTROENT & MISC DIGEST DISORDERS W MCC",1447,9822.0
NJ,"392 - ESOPHAGITIS, GASTROENT & MISC DIGEST DISORDERS W/O MCC",6647,6095.0
NJ,470 - MAJOR JOINT REPLACEMENT OR REATTACHMENT OF LOWER EXTREMITY W/O MCC,12543,15756.0
NJ,481 - HIP & FEMUR PROCEDURES EXCEPT MAJOR JOINT W CC,2683,14809.0
NJ,536 - FRACTURES OF HIP & PELVIS W/O MCC,789,5831.0
NJ,552 - MEDICAL BACK PROBLEMS W/O MCC,2344,7352.0
NJ,"558 - TENDONITIS, MYOSITIS & BURSITIS W/O MCC",562,6639.0
NJ,602 - CELLULITIS W MCC,921,11635.0
NJ,603 - CELLULITIS W/O MCC,5331,6951.0
NJ,"605 - TRAUMA TO THE SKIN, SUBCUT TISS & BREAST W/O MCC",293,8730.0
NJ,638 - DIABETES W CC,1726,7160.0
NJ,"641 - MISC DISORDERS OF NUTRITION,METABOLISM,FLUIDS/ELECTROLYTES W/O MCC",3583,5872.0
NJ,682 - RENAL FAILURE W MCC,3808,12535.0
NJ,683 - RENAL FAILURE W CC,4934,7822.0
NJ,689 - KIDNEY & URINARY TRACT INFECTIONS W MCC,2762,8892.0
NJ,690 - KIDNEY & URINARY TRACT INFECTIONS W/O MCC,5522,6401.0
NJ,694 - URINARY STONES W/O ESW LITHOTRIPSY W/O MCC,497,5508.0
NJ,698 - OTHER KIDNEY & URINARY TRACT DIAGNOSES W MCC,1473,12870.0
NJ,811 - RED BLOOD CELL DISORDERS W MCC,1010,11354.0
NJ,812 - RED BLOOD CELL DISORDERS W/O MCC,2824,7194.0
NJ,853 - INFECTIOUS & PARASITIC DISEASES W O.R. PROCEDURE W MCC,2435,40197.0
NJ,870 - SEPTICEMIA OR SEVERE SEPSIS W MV >96 HOURS,1437,45568.0
NJ,871 - SEPTICEMIA OR SEVERE SEPSIS W/O MV 96+ HOURS W MCC,16514,14516.0
NJ,872 - SEPTICEMIA OR SEVERE SEPSIS W/O MV >96 HOURS W/O MCC,4621,8567.0
NJ,897 - ALCOHOL/DRUG ABUSE OR DEPENDENCE W/O REHABILITATION THERAPY W/O MCC,993,7463.0
NJ,264 - OTHER CIRCULATORY SYSTEM O.R. PROCEDURES,544,23358.0
NJ,305 - HYPERTENSION W/O MCC,727,5334.0
NJ,314 - OTHER CIRCULATORY SYSTEM DIAGNOSES W MCC,1491,15794.0
NJ,393 - OTHER DIGESTIVE SYSTEM DIAGNOSES W MCC,704,14276.0
NJ,438 - DISORDERS OF PANCREAS EXCEPT MALIGNANCY W MCC,163,14537.0
NJ,637 - DIABETES W MCC,612,11503.0
NJ,"640 - MISC DISORDERS OF NUTRITION,METABOLISM,FLUIDS/ELECTROLYTES W MCC",1845,9379.0
NJ,885 - PSYCHOSES,2609,10071.0
NJ,974 - HIV W MAJOR RELATED CONDITION W MCC,89,26959.0
NJ,460 - SPINAL FUSION EXCEPT CERVICAL W/O MCC,1121,30976.0
NJ,"003 - ECMO OR TRACH W MV >96 HRS OR PDX EXC FACE, MOUTH & NECK W MAJ O.R.",471,142535.0
NJ,"004 - TRACH W MV 96+ HRS OR PDX EXC FACE, MOUTH & NECK W/O MAJ O.R.",572,78951.0
NJ,025 - CRANIOTOMY & ENDOVASCULAR INTRACRANIAL PROCEDURES W MCC,495,34221.0
NJ,026 - CRANIOTOMY & ENDOVASCULAR INTRACRANIAL PROCEDURES W CC,48,24885.0
NJ,041 - PERIPH/CRANIAL NERVE & OTHER NERV SYST PROC W CC OR PERIPH NEUROSTIM,77,17913.0
NJ,054 - NERVOUS SYSTEM NEOPLASMS W MCC,386,10902.0
NJ,057 - DEGENERATIVE NERVOUS SYSTEM DISORDERS W/O MCC,1172,8370.0
NJ,066 - INTRACRANIAL HEMORRHAGE OR CEREBRAL INFARCTION W/O CC/MCC,1568,6183.0
NJ,074 - CRANIAL & PERIPHERAL NERVE DISORDERS W/O MCC,615,7590.0
NJ,"085 - TRAUMATIC STUPOR & COMA, COMA <1 HR W MCC",326,17327.0
NJ,"086 - TRAUMATIC STUPOR & COMA, COMA <1 HR W CC",466,10566.0
NJ,"087 - TRAUMATIC STUPOR & COMA, COMA <1 HR W/O CC/MCC",367,7453.0
NJ,092 - OTHER DISORDERS OF NERVOUS SYSTEM W CC,615,7164.0
NJ,100 - SEIZURES W MCC,644,13377.0
NJ,153 - OTITIS MEDIA & URI W/O MCC,615,5677.0
NJ,163 - MAJOR CHEST PROCEDURES W MCC,192,36739.0
NJ,164 - MAJOR CHEST PROCEDURES W CC,385,19736.0
NJ,166 - OTHER RESP SYSTEM O.R. PROCEDURES W MCC,420,29238.0
NJ,167 - OTHER RESP SYSTEM O.R. PROCEDURES W CC,292,15539.0
NJ,175 - PULMONARY EMBOLISM W MCC,313,11854.0
NJ,177 - RESPIRATORY INFECTIONS & INFLAMMATIONS W MCC,2189,14860.0
NJ,178 - RESPIRATORY INFECTIONS & INFLAMMATIONS W CC,1429,10623.0
NJ,180 - RESPIRATORY NEOPLASMS W MCC,529,13777.0
NJ,202 - BRONCHITIS & ASTHMA W CC/MCC,1387,7547.0
NJ,203 - BRONCHITIS & ASTHMA W/O CC/MCC,605,5675.0
NJ,206 - OTHER RESPIRATORY SYSTEM DIAGNOSES W/O MCC,219,6991.0
NJ,207 - RESPIRATORY SYSTEM DIAGNOSIS W VENTILATOR SUPPORT 96+ HOURS,862,40347.0
NJ,216 - CARDIAC VALVE & OTH MAJ CARDIOTHORACIC PROC W CARD CATH W MCC,339,77763.0
NJ,220 - CARDIAC VALVE & OTH MAJ CARDIOTHORACIC PROC W/O CARD CATH W CC,538,41945.0
NJ,227 - CARDIAC DEFIBRILLATOR IMPLANT W/O CARDIAC CATH W/O MCC,316,43645.0
NJ,234 - CORONARY BYPASS W CARDIAC CATH W/O MCC,398,39300.0
NJ,235 - CORONARY BYPASS W/O CARDIAC CATH W MCC,254,49272.0
NJ,236 - CORONARY BYPASS W/O CARDIAC CATH W/O MCC,588,31332.0
NJ,238 - MAJOR CARDIOVASC PROCEDURES W/O MCC,919,26803.0
NJ,242 - PERMANENT CARDIAC PACEMAKER IMPLANT W MCC,611,28364.0
NJ,243 - PERMANENT CARDIAC PACEMAKER IMPLANT W CC,975,20552.0
NJ,244 - PERMANENT CARDIAC PACEMAKER IMPLANT W/O CC/MCC,690,16331.0
NJ,250 - PERC CARDIOVASC PROC W/O CORONARY ARTERY STENT W MCC,260,27935.0
NJ,251 - PERC CARDIOVASC PROC W/O CORONARY ARTERY STENT W/O MCC,578,17580.0
NJ,252 - OTHER VASCULAR PROCEDURES W MCC,1125,27825.0
NJ,254 - OTHER VASCULAR PROCEDURES W/O CC/MCC,265,13787.0
NJ,"286 - CIRCULATORY DISORDERS EXCEPT AMI, W CARD CATH W MCC",1192,17719.0
NJ,299 - PERIPHERAL VASCULAR DISORDERS W MCC,535,11784.0
NJ,301 - PERIPHERAL VASCULAR DISORDERS W/O CC/MCC,325,5783.0
NJ,303 - ATHEROSCLEROSIS W/O MCC,580,5095.0
NJ,329 - MAJOR SMALL & LARGE BOWEL PROCEDURES W MCC,1119,38044.0
NJ,330 - MAJOR SMALL & LARGE BOWEL PROCEDURES W CC,1502,19244.0
NJ,331 - MAJOR SMALL & LARGE BOWEL PROCEDURES W/O CC/MCC,564,13249.0
NJ,371 - MAJOR GASTROINTESTINAL DISORDERS & PERITONEAL INFECTIONS W MCC,415,14829.0
NJ,379 - G.I. HEMORRHAGE W/O CC/MCC,957,5585.0
NJ,389 - G.I. OBSTRUCTION W CC,1672,7078.0
NJ,390 - G.I. OBSTRUCTION W/O CC/MCC,1006,5072.0
NJ,394 - OTHER DIGESTIVE SYSTEM DIAGNOSES W CC,1572,7625.0
NJ,395 - OTHER DIGESTIVE SYSTEM DIAGNOSES W/O CC/MCC,434,5530.0
NJ,418 - LAPAROSCOPIC CHOLECYSTECTOMY W/O C.D.E. W CC,763,12680.0
NJ,419 - LAPAROSCOPIC CHOLECYSTECTOMY W/O C.D.E. W/O CC/MCC,479,9680.0
NJ,432 - CIRRHOSIS & ALCOHOLIC HEPATITIS W MCC,209,15787.0
NJ,436 - MALIGNANCY OF HEPATOBILIARY SYSTEM OR PANCREAS W CC,192,9542.0
NJ,"442 - DISORDERS OF LIVER EXCEPT MALIG,CIRR,ALC HEPA W CC",347,8884.0
NJ,444 - DISORDERS OF THE BILIARY TRACT W MCC,210,13302.0
NJ,445 - DISORDERS OF THE BILIARY TRACT W CC,417,8513.0
NJ,469 - MAJOR JOINT REPLACEMENT OR REATTACHMENT OF LOWER EXTREMITY W MCC,419,24546.0
NJ,482 - HIP & FEMUR PROCEDURES EXCEPT MAJOR JOINT W/O CC/MCC,757,12362.0
NJ,483 - MAJOR JOINT/LIMB REATTACHMENT PROCEDURE OF UPPER EXTREMITIES,613,18450.0
NJ,"494 - LOWER EXTREM & HUMER PROC EXCEPT HIP,FOOT,FEMUR W/O CC/MCC",380,12903.0
NJ,519 - BACK & NECK PROC EXC SPINAL FUSION W CC,127,13576.0
NJ,520 - BACK & NECK PROC EXC SPINAL FUSION W/O CC/MCC,440,8781.0
NJ,543 - PATHOLOGICAL FRACTURES & MUSCULOSKELET & CONN TISS MALIG W CC,494,9199.0
NJ,"617 - AMPUTAT OF LOWER LIMB FOR ENDOCRINE,NUTRIT,& METABOL DIS W CC",169,15488.0
NJ,620 - O.R. PROCEDURES FOR OBESITY W CC,47,15362.0
NJ,621 - O.R. PROCEDURES FOR OBESITY W/O CC/MCC,600,12109.0
NJ,639 - DIABETES W/O CC/MCC,263,5346.0
NJ,644 - ENDOCRINE DISORDERS W CC,274,8681.0
NJ,652 - KIDNEY TRANSPLANT,254,35430.0
NJ,658 - KIDNEY & URETER PROCEDURES FOR NEOPLASM W/O CC/MCC,93,13078.0
NJ,659 - KIDNEY & URETER PROCEDURES FOR NON-NEOPLASM W MCC,44,31630.0
NJ,660 - KIDNEY & URETER PROCEDURES FOR NON-NEOPLASM W CC,216,15164.0
NJ,669 - TRANSURETHRAL PROCEDURES W CC,505,9524.0
NJ,673 - OTHER KIDNEY & URINARY TRACT PROCEDURES W MCC,240,28699.0
NJ,674 - OTHER KIDNEY & URINARY TRACT PROCEDURES W CC,112,20807.0
NJ,684 - RENAL FAILURE W/O CC/MCC,604,5008.0
NJ,699 - OTHER KIDNEY & URINARY TRACT DIAGNOSES W CC,1208,8625.0
NJ,"740 - UTERINE,ADNEXA PROC FOR NON-OVARIAN/ADNEXAL MALIG W CC",58,14203.0
NJ,"741 - UTERINE,ADNEXA PROC FOR NON-OVARIAN/ADNEXAL MALIG W/O CC/MCC",66,10906.0
NJ,743 - UTERINE & ADNEXA PROC FOR NON-MALIGNANCY W/O CC/MCC,132,8845.0
NJ,809 - MAJOR HEMATOL/IMMUN DIAG EXC SICKLE CELL CRISIS & COAGUL W CC,388,10450.0
NJ,841 - LYMPHOMA & NON-ACUTE LEUKEMIA W CC,134,13828.0
NJ,847 - CHEMOTHERAPY W/O ACUTE LEUKEMIA AS SECONDARY DIAGNOSIS W CC,537,9834.0
NJ,856 - POSTOPERATIVE OR POST-TRAUMATIC INFECTIONS W O.R. PROC W MCC,86,44941.0
NJ,857 - POSTOPERATIVE OR POST-TRAUMATIC INFECTIONS W O.R. PROC W CC,127,16736.0
NJ,862 - POSTOPERATIVE & POST-TRAUMATIC INFECTIONS W MCC,172,16017.0
NJ,863 - POSTOPERATIVE & POST-TRAUMATIC INFECTIONS W/O MCC,274,8567.0
NJ,864 - FEVER,361,6866.0
NJ,884 - ORGANIC DISTURBANCES & MENTAL RETARDATION,545,9790.0
NJ,907 - OTHER O.R. PROCEDURES FOR INJURIES W MCC,65,35553.0
NJ,908 - OTHER O.R. PROCEDURES FOR INJURIES W CC,81,17282.0
NJ,918 - POISONING & TOXIC EFFECTS OF DRUGS W/O MCC,496,5514.0
NJ,919 - COMPLICATIONS OF TREATMENT W MCC,159,15219.0
NJ,920 - COMPLICATIONS OF TREATMENT W CC,260,8468.0
NJ,948 - SIGNS & SYMPTOMS W/O MCC,1004,5999.0
NJ,981 - EXTENSIVE O.R. PROCEDURE UNRELATED TO PRINCIPAL DIAGNOSIS W MCC,793,40214.0
NJ,982 - EXTENSIVE O.R. PROCEDURE UNRELATED TO PRINCIPAL DIAGNOSIS W CC,374,22851.0
NJ,987 - NON-EXTENSIVE O.R. PROC UNRELATED TO PRINCIPAL DIAGNOSIS W MCC,59,25100.0
NJ,"282 - ACUTE MYOCARDIAL INFARCTION, DISCHARGED ALIVE W/O CC/MCC",1082,6060.0
NJ,336 - PERITONEAL ADHESIOLYSIS W CC,246,17938.0
NJ,388 - G.I. OBSTRUCTION W MCC,282,12297.0
NJ,"493 - LOWER EXTREM & HUMER PROC EXCEPT HIP,FOOT,FEMUR W CC",426,20225.0
NJ,551 - MEDICAL BACK PROBLEMS W MCC,263,13281.0
NJ,554 - BONE DISEASES & ARTHROPATHIES W/O MCC,288,6094.0
NJ,"563 - FX, SPRN, STRN & DISL EXCEPT FEMUR, HIP, PELVIS & THIGH W/O MCC",905,6542.0
NJ,854 - INFECTIOUS & PARASITIC DISEASES W O.R. PROCEDURE W CC,348,18450.0
NJ,311 - ANGINA PECTORIS,75,5060.0
NJ,435 - MALIGNANCY OF HEPATOBILIARY SYSTEM OR PANCREAS W MCC,261,13962.0
NJ,439 - DISORDERS OF PANCREAS EXCEPT MALIGNANCY W CC,587,7393.0
NJ,"441 - DISORDERS OF LIVER EXCEPT MALIG,CIRR,ALC HEPA W MCC",349,17346.0
NJ,917 - POISONING & TOXIC EFFECTS OF DRUGS W MCC,518,12075.0
NJ,023 - CRANIO W MAJOR DEV IMPL/ACUTE COMPLEX CNS PDX W MCC OR CHEMO IMPLANT,135,45889.0
NJ,237 - MAJOR CARDIOVASC PROCEDURES W MCC,477,40321.0
NJ,239 - AMPUTATION FOR CIRC SYS DISORDERS EXC UPPER LIMB & TOE W MCC,82,39752.0
NJ,240 - AMPUTATION FOR CIRC SYS DISORDERS EXC UPPER LIMB & TOE W CC,73,21187.0
NJ,417 - LAPAROSCOPIC CHOLECYSTECTOMY W/O C.D.E. W MCC,265,18065.0
NJ,440 - DISORDERS OF PANCREAS EXCEPT MALIGNANCY W/O CC/MCC,272,5303.0
NJ,217 - CARDIAC VALVE & OTH MAJ CARDIOTHORACIC PROC W CARD CATH W CC,127,52802.0
NJ,219 - CARDIAC VALVE & OTH MAJ CARDIOTHORACIC PROC W/O CARD CATH W MCC,420,63441.0
NJ,226 - CARDIAC DEFIBRILLATOR IMPLANT W/O CARDIAC CATH W MCC,121,58186.0
NJ,266 - ENDOVASCULAR CARDIAC VALVE REPLACEMENT W MCC,346,72712.0
NJ,267 - ENDOVASCULAR CARDIAC VALVE REPLACEMENT W/O MCC,377,53851.0
NJ,306 - CARDIAC CONGENITAL & VALVULAR DISORDERS W MCC,52,13760.0
NJ,315 - OTHER CIRCULATORY SYSTEM DIAGNOSES W CC,528,7850.0
NJ,708 - MAJOR MALE PELVIC PROCEDURES W/O CC/MCC,97,11665.0
NJ,947 - SIGNS & SYMPTOMS W MCC,153,9463.0
NJ,187 - PLEURAL EFFUSION W CC,138,8489.0
NJ,881 - DEPRESSIVE NEUROSES,84,5667.0
NJ,056 - DEGENERATIVE NERVOUS SYSTEM DISORDERS W MCC,198,13440.0
NJ,071 - NONSPECIFIC CEREBROVASCULAR DISORDERS W CC,166,8408.0
NJ,093 - OTHER DISORDERS OF NERVOUS SYSTEM W/O CC/MCC,101,5426.0
NJ,"283 - ACUTE MYOCARDIAL INFARCTION, EXPIRED W MCC",229,14296.0
NJ,480 - HIP & FEMUR PROCEDURES EXCEPT MAJOR JOINT W MCC,565,22445.0
NJ,027 - CRANIOTOMY & ENDOVASCULAR INTRACRANIAL PROCEDURES W/O CC/MCC,159,17934.0
NJ,038 - EXTRACRANIAL PROCEDURES W CC,106,13242.0
NJ,039 - EXTRACRANIAL PROCEDURES W/O CC/MCC,636,8347.0
NJ,091 - OTHER DISORDERS OF NERVOUS SYSTEM W MCC,174,12704.0
NJ,152 - OTITIS MEDIA & URI W MCC,96,8287.0
NJ,165 - MAJOR CHEST PROCEDURES W/O CC/MCC,309,14538.0
NJ,179 - RESPIRATORY INFECTIONS & INFLAMMATIONS W/O CC/MCC,101,6811.0
NJ,196 - INTERSTITIAL LUNG DISEASE W MCC,94,12435.0
NJ,200 - PNEUMOTHORAX W CC,105,10825.0
NJ,204 - RESPIRATORY SIGNS & SYMPTOMS,205,6343.0
NJ,"326 - STOMACH, ESOPHAGEAL & DUODENAL PROC W MCC",101,41944.0
NJ,"327 - STOMACH, ESOPHAGEAL & DUODENAL PROC W CC",84,21470.0
NJ,"328 - STOMACH, ESOPHAGEAL & DUODENAL PROC W/O CC/MCC",82,12229.0
NJ,357 - OTHER DIGESTIVE SYSTEM O.R. PROCEDURES W CC,70,16442.0
NJ,373 - MAJOR GASTROINTESTINAL DISORDERS & PERITONEAL INFECTIONS W/O CC/MCC,134,5966.0
NJ,374 - DIGESTIVE MALIGNANCY W MCC,143,17484.0
NJ,386 - INFLAMMATORY BOWEL DISEASE W CC,115,8087.0
NJ,446 - DISORDERS OF THE BILIARY TRACT W/O CC/MCC,53,5992.0
NJ,467 - REVISION OF HIP OR KNEE REPLACEMENT W CC,324,25525.0
NJ,468 - REVISION OF HIP OR KNEE REPLACEMENT W/O CC/MCC,338,20431.0
NJ,473 - CERVICAL SPINAL FUSION W/O CC/MCC,303,21720.0
NJ,556 - SIGNS & SYMPTOMS OF MUSCULOSKELETAL SYSTEM & CONN TISSUE W/O MCC,276,5810.0
NJ,696 - KIDNEY & URINARY TRACT SIGNS & SYMPTOMS W/O MCC,210,5044.0
NJ,840 - LYMPHOMA & NON-ACUTE LEUKEMIA W MCC,100,26509.0
NJ,866 - VIRAL ILLNESS W/O MCC,55,5800.0
NJ,988 - NON-EXTENSIVE O.R. PROC UNRELATED TO PRINCIPAL DIAGNOSIS W CC,47,12523.0
NJ,070 - NONSPECIFIC CEREBROVASCULAR DISORDERS W MCC,129,13609.0
NJ,186 - PLEURAL EFFUSION W MCC,65,13479.0
NJ,233 - CORONARY BYPASS W CARDIAC CATH W MCC,259,56016.0
NJ,016 - AUTOLOGOUS BONE MARROW TRANSPLANT W CC/MCC,95,48721.0
NJ,040 - PERIPH/CRANIAL NERVE & OTHER NERV SYST PROC W MCC,33,30147.0
NJ,055 - NERVOUS SYSTEM NEOPLASMS W/O MCC,55,8726.0
NJ,061 - ACUTE ISCHEMIC STROKE W USE OF THROMBOLYTIC AGENT W MCC,49,26306.0
NJ,062 - ACUTE ISCHEMIC STROKE W USE OF THROMBOLYTIC AGENT W CC,163,14490.0
NJ,184 - MAJOR CHEST TRAUMA W CC,147,13853.0
NJ,248 - PERC CARDIOVASC PROC W NON-DRUG-ELUTING STENT W MCC OR 4+ VES/STENTS,160,24610.0
NJ,249 - PERC CARDIOVASC PROC W NON-DRUG-ELUTING STENT W/O MCC,270,14922.0
NJ,356 - OTHER DIGESTIVE SYSTEM O.R. PROCEDURES W MCC,66,31026.0
NJ,462 - BILATERAL OR MULTIPLE MAJOR JOINT PROCS OF LOWER EXTREMITY W/O MCC,379,27005.0
NJ,"464 - WND DEBRID & SKN GRFT EXC HAND, FOR MUSCULO-CONN TISS DIS W CC",95,22657.0
NJ,478 - BIOPSIES OF MUSCULOSKELETAL SYSTEM & CONNECTIVE TISSUE W CC,43,20295.0
NJ,518 - BACK & NECK PROC EXC SPINAL FUSION W MCC OR DISC DEVICE/NEUROSTIM,46,22507.0
NJ,643 - ENDOCRINE DISORDERS W MCC,77,13611.0
NJ,657 - KIDNEY & URETER PROCEDURES FOR NEOPLASM W CC,86,16727.0
NJ,808 - MAJOR HEMATOL/IMMUN DIAG EXC SICKLE CELL CRISIS & COAGUL W MCC,70,20648.0
NJ,"894 - ALCOHOL/DRUG ABUSE OR DEPENDENCE, LEFT AMA",44,7132.0
NJ,896 - ALCOHOL/DRUG ABUSE OR DEPENDENCE W/O REHABILITATION THERAPY W MCC,52,15656.0
NJ,742 - UTERINE & ADNEXA PROC FOR NON-MALIGNANCY W CC/MCC,66,13507.0
NJ,472 - CERVICAL SPINAL FUSION W CC,90,22660.0
NJ,"580 - OTHER SKIN, SUBCUT TISS & BREAST PROC W CC",97,12092.0
NJ,"082 - TRAUMATIC STUPOR & COMA, COMA >1 HR W MCC",79,16898.0
NJ,"581 - OTHER SKIN, SUBCUT TISS & BREAST PROC W/O CC/MCC",57,8920.0
NJ,813 - COAGULATION DISORDERS,63,21462.0
NJ,103 - HEADACHES W/O MCC,89,5920.0
NJ,355 - HERNIA PROCEDURES EXCEPT INGUINAL & FEMORAL W/O CC/MCC,52,9555.0
NJ,221 - CARDIAC VALVE & OTH MAJ CARDIOTHORACIC PROC W/O CARD CATH W/O CC/MCC,81,39274.0
NY,"003 - ECMO OR TRACH W MV >96 HRS OR PDX EXC FACE, MOUTH & NECK W MAJ O.R.",943,194532.0
NY,"004 - TRACH W MV 96+ HRS OR PDX EXC FACE, MOUTH & NECK W/O MAJ O.R.",1210,112034.0
NY,"011 - TRACHEOSTOMY FOR FACE,MOUTH & NECK DIAGNOSES W MCC",65,48686.0
NY,025 - CRANIOTOMY & ENDOVASCULAR INTRACRANIAL PROCEDURES W MCC,957,43733.0
NY,054 - NERVOUS SYSTEM NEOPLASMS W MCC,526,14680.0
NY,055 - NERVOUS SYSTEM NEOPLASMS W/O MCC,61,12319.0
NY,057 - DEGENERATIVE NERVOUS SYSTEM DISORDERS W/O MCC,1992,11423.0
NY,064 - INTRACRANIAL HEMORRHAGE OR CEREBRAL INFARCTION W MCC,3773,18174.0
NY,065 - INTRACRANIAL HEMORRHAGE OR CEREBRAL INFARCTION W CC OR TPA IN 24 HRS,4873,10623.0
NY,066 - INTRACRANIAL HEMORRHAGE OR CEREBRAL INFARCTION W/O CC/MCC,2280,7645.0
NY,069 - TRANSIENT ISCHEMIA,3098,7047.0
NY,071 - NONSPECIFIC CEREBROVASCULAR DISORDERS W CC,332,10247.0
NY,073 - CRANIAL & PERIPHERAL NERVE DISORDERS W MCC,153,16426.0
NY,074 - CRANIAL & PERIPHERAL NERVE DISORDERS W/O MCC,878,10203.0
NY,"086 - TRAUMATIC STUPOR & COMA, COMA <1 HR W CC",632,11021.0
NY,"087 - TRAUMATIC STUPOR & COMA, COMA <1 HR W/O CC/MCC",448,8321.0
NY,091 - OTHER DISORDERS OF NERVOUS SYSTEM W MCC,276,19257.0
NY,092 - OTHER DISORDERS OF NERVOUS SYSTEM W CC,718,9940.0
NY,093 - OTHER DISORDERS OF NERVOUS SYSTEM W/O CC/MCC,265,8204.0
NY,100 - SEIZURES W MCC,1103,16612.0
NY,101 - SEIZURES W/O MCC,3172,9351.0
NY,103 - HEADACHES W/O MCC,161,8179.0
NY,149 - DYSEQUILIBRIUM,1223,7571.0
NY,153 - OTITIS MEDIA & URI W/O MCC,1197,6992.0
NY,163 - MAJOR CHEST PROCEDURES W MCC,252,51176.0
NY,166 - OTHER RESP SYSTEM O.R. PROCEDURES W MCC,471,39733.0
NY,175 - PULMONARY EMBOLISM W MCC,381,15496.0
NY,176 - PULMONARY EMBOLISM W/O MCC,1381,9000.0
NY,177 - RESPIRATORY INFECTIONS & INFLAMMATIONS W MCC,2859,16996.0
NY,178 - RESPIRATORY INFECTIONS & INFLAMMATIONS W CC,2005,11994.0
NY,179 - RESPIRATORY INFECTIONS & INFLAMMATIONS W/O CC/MCC,114,8547.0
NY,180 - RESPIRATORY NEOPLASMS W MCC,699,17337.0
NY,181 - RESPIRATORY NEOPLASMS W CC,521,12243.0
NY,186 - PLEURAL EFFUSION W MCC,197,15232.0
NY,189 - PULMONARY EDEMA & RESPIRATORY FAILURE,4929,10656.0
NY,190 - CHRONIC OBSTRUCTIVE PULMONARY DISEASE W MCC,7216,10680.0
NY,191 - CHRONIC OBSTRUCTIVE PULMONARY DISEASE W CC,6250,8704.0
NY,192 - CHRONIC OBSTRUCTIVE PULMONARY DISEASE W/O CC/MCC,3228,7046.0
NY,193 - SIMPLE PNEUMONIA & PLEURISY W MCC,6192,12962.0
NY,194 - SIMPLE PNEUMONIA & PLEURISY W CC,8054,8952.0
NY,195 - SIMPLE PNEUMONIA & PLEURISY W/O CC/MCC,2708,6729.0
NY,196 - INTERSTITIAL LUNG DISEASE W MCC,53,20498.0
NY,202 - BRONCHITIS & ASTHMA W CC/MCC,1758,9479.0
NY,203 - BRONCHITIS & ASTHMA W/O CC/MCC,517,8946.0
NY,204 - RESPIRATORY SIGNS & SYMPTOMS,518,8236.0
NY,206 - OTHER RESPIRATORY SYSTEM DIAGNOSES W/O MCC,374,9437.0
NY,207 - RESPIRATORY SYSTEM DIAGNOSIS W VENTILATOR SUPPORT 96+ HOURS,1327,48773.0
NY,208 - RESPIRATORY SYSTEM DIAGNOSIS W VENTILATOR SUPPORT <96 HOURS,2770,21679.0
NY,219 - CARDIAC VALVE & OTH MAJ CARDIOTHORACIC PROC W/O CARD CATH W MCC,997,76580.0
NY,233 - CORONARY BYPASS W CARDIAC CATH W MCC,520,65597.0
NY,235 - CORONARY BYPASS W/O CARDIAC CATH W MCC,297,54924.0
NY,237 - MAJOR CARDIOVASC PROCEDURES W MCC,800,50700.0
NY,238 - MAJOR CARDIOVASC PROCEDURES W/O MCC,1603,30490.0
NY,239 - AMPUTATION FOR CIRC SYS DISORDERS EXC UPPER LIMB & TOE W MCC,237,48644.0
NY,242 - PERMANENT CARDIAC PACEMAKER IMPLANT W MCC,601,33931.0
NY,243 - PERMANENT CARDIAC PACEMAKER IMPLANT W CC,1200,23551.0
NY,244 - PERMANENT CARDIAC PACEMAKER IMPLANT W/O CC/MCC,799,19195.0
NY,246 - PERC CARDIOVASC PROC W DRUG-ELUTING STENT W MCC OR 4+ VESSELS/STENTS,1532,30837.0
NY,247 - PERC CARDIOVASC PROC W DRUG-ELUTING STENT W/O MCC,4453,19901.0
NY,252 - OTHER VASCULAR PROCEDURES W MCC,1827,32952.0
NY,253 - OTHER VASCULAR PROCEDURES W CC,1994,23769.0
NY,254 - OTHER VASCULAR PROCEDURES W/O CC/MCC,646,15644.0
NY,264 - OTHER CIRCULATORY SYSTEM O.R. PROCEDURES,656,31365.0
NY,"280 - ACUTE MYOCARDIAL INFARCTION, DISCHARGED ALIVE W MCC",3625,15384.0
NY,"281 - ACUTE MYOCARDIAL INFARCTION, DISCHARGED ALIVE W CC",2064,9242.0
NY,"282 - ACUTE MYOCARDIAL INFARCTION, DISCHARGED ALIVE W/O CC/MCC",922,7301.0
NY,"286 - CIRCULATORY DISORDERS EXCEPT AMI, W CARD CATH W MCC",1296,22552.0
NY,"287 - CIRCULATORY DISORDERS EXCEPT AMI, W CARD CATH W/O MCC",3772,11435.0
NY,291 - HEART FAILURE & SHOCK W MCC,11013,14337.0
NY,292 - HEART FAILURE & SHOCK W CC,11085,9551.0
NY,293 - HEART FAILURE & SHOCK W/O CC/MCC,3560,6940.0
NY,299 - PERIPHERAL VASCULAR DISORDERS W MCC,829,14900.0
NY,300 - PERIPHERAL VASCULAR DISORDERS W CC,2005,10328.0
NY,301 - PERIPHERAL VASCULAR DISORDERS W/O CC/MCC,383,7840.0
NY,303 - ATHEROSCLEROSIS W/O MCC,808,6835.0
NY,305 - HYPERTENSION W/O MCC,1096,7359.0
NY,308 - CARDIAC ARRHYTHMIA & CONDUCTION DISORDERS W MCC,3658,11715.0
NY,309 - CARDIAC ARRHYTHMIA & CONDUCTION DISORDERS W CC,4789,7988.0
NY,310 - CARDIAC ARRHYTHMIA & CONDUCTION DISORDERS W/O CC/MCC,3687,5877.0
NY,311 - ANGINA PECTORIS,83,6523.0
NY,312 - SYNCOPE & COLLAPSE,7065,8423.0
NY,313 - CHEST PAIN,4574,7610.0
NY,314 - OTHER CIRCULATORY SYSTEM DIAGNOSES W MCC,2521,20010.0
NY,315 - OTHER CIRCULATORY SYSTEM DIAGNOSES W CC,860,10815.0
NY,316 - OTHER CIRCULATORY SYSTEM DIAGNOSES W/O CC/MCC,80,8667.0
NY,329 - MAJOR SMALL & LARGE BOWEL PROCEDURES W MCC,1572,47064.0
NY,330 - MAJOR SMALL & LARGE BOWEL PROCEDURES W CC,2158,22592.0
NY,331 - MAJOR SMALL & LARGE BOWEL PROCEDURES W/O CC/MCC,816,15886.0
NY,336 - PERITONEAL ADHESIOLYSIS W CC,231,23879.0
NY,355 - HERNIA PROCEDURES EXCEPT INGUINAL & FEMORAL W/O CC/MCC,178,12219.0
NY,356 - OTHER DIGESTIVE SYSTEM O.R. PROCEDURES W MCC,93,49698.0
NY,357 - OTHER DIGESTIVE SYSTEM O.R. PROCEDURES W CC,73,22450.0
NY,371 - MAJOR GASTROINTESTINAL DISORDERS & PERITONEAL INFECTIONS W MCC,627,18887.0
NY,372 - MAJOR GASTROINTESTINAL DISORDERS & PERITONEAL INFECTIONS W CC,1191,10438.0
NY,374 - DIGESTIVE MALIGNANCY W MCC,305,22999.0
NY,375 - DIGESTIVE MALIGNANCY W CC,656,12908.0
NY,377 - G.I. HEMORRHAGE W MCC,3190,17198.0
NY,378 - G.I. HEMORRHAGE W CC,7514,9503.0
NY,379 - G.I. HEMORRHAGE W/O CC/MCC,1342,7063.0
NY,386 - INFLAMMATORY BOWEL DISEASE W CC,172,11806.0
NY,388 - G.I. OBSTRUCTION W MCC,488,15356.0
NY,389 - G.I. OBSTRUCTION W CC,2174,8062.0
NY,390 - G.I. OBSTRUCTION W/O CC/MCC,1447,6087.0
NY,"391 - ESOPHAGITIS, GASTROENT & MISC DIGEST DISORDERS W MCC",2342,12813.0
NY,"392 - ESOPHAGITIS, GASTROENT & MISC DIGEST DISORDERS W/O MCC",10420,7631.0
NY,393 - OTHER DIGESTIVE SYSTEM DIAGNOSES W MCC,1066,18426.0
NY,394 - OTHER DIGESTIVE SYSTEM DIAGNOSES W CC,2255,9666.0
NY,395 - OTHER DIGESTIVE SYSTEM DIAGNOSES W/O CC/MCC,544,7050.0
NY,417 - LAPAROSCOPIC CHOLECYSTECTOMY W/O C.D.E. W MCC,169,22263.0
NY,418 - LAPAROSCOPIC CHOLECYSTECTOMY W/O C.D.E. W CC,620,14822.0
NY,419 - LAPAROSCOPIC CHOLECYSTECTOMY W/O C.D.E. W/O CC/MCC,481,10845.0
NY,433 - CIRRHOSIS & ALCOHOLIC HEPATITIS W CC,48,12055.0
NY,435 - MALIGNANCY OF HEPATOBILIARY SYSTEM OR PANCREAS W MCC,543,19740.0
NY,436 - MALIGNANCY OF HEPATOBILIARY SYSTEM OR PANCREAS W CC,249,12248.0
NY,439 - DISORDERS OF PANCREAS EXCEPT MALIGNANCY W CC,733,9135.0
NY,"441 - DISORDERS OF LIVER EXCEPT MALIG,CIRR,ALC HEPA W MCC",677,21935.0
NY,"442 - DISORDERS OF LIVER EXCEPT MALIG,CIRR,ALC HEPA W CC",423,11355.0
NY,444 - DISORDERS OF THE BILIARY TRACT W MCC,384,19045.0
NY,445 - DISORDERS OF THE BILIARY TRACT W CC,780,10645.0
NY,446 - DISORDERS OF THE BILIARY TRACT W/O CC/MCC,250,8566.0
NY,460 - SPINAL FUSION EXCEPT CERVICAL W/O MCC,2738,34213.0
NY,462 - BILATERAL OR MULTIPLE MAJOR JOINT PROCS OF LOWER EXTREMITY W/O MCC,392,33580.0
NY,467 - REVISION OF HIP OR KNEE REPLACEMENT W CC,806,29853.0
NY,469 - MAJOR JOINT REPLACEMENT OR REATTACHMENT OF LOWER EXTREMITY W MCC,740,29348.0
NY,470 - MAJOR JOINT REPLACEMENT OR REATTACHMENT OF LOWER EXTREMITY W/O MCC,21376,18182.0
NY,480 - HIP & FEMUR PROCEDURES EXCEPT MAJOR JOINT W MCC,903,27689.0
NY,481 - HIP & FEMUR PROCEDURES EXCEPT MAJOR JOINT W CC,4258,17034.0
NY,482 - HIP & FEMUR PROCEDURES EXCEPT MAJOR JOINT W/O CC/MCC,845,15172.0
NY,483 - MAJOR JOINT/LIMB REATTACHMENT PROCEDURE OF UPPER EXTREMITIES,1502,20348.0
NY,"493 - LOWER EXTREM & HUMER PROC EXCEPT HIP,FOOT,FEMUR W CC",505,20758.0
NY,"494 - LOWER EXTREM & HUMER PROC EXCEPT HIP,FOOT,FEMUR W/O CC/MCC",533,15269.0
NY,520 - BACK & NECK PROC EXC SPINAL FUSION W/O CC/MCC,820,11773.0
NY,536 - FRACTURES OF HIP & PELVIS W/O MCC,1463,7129.0
NY,543 - PATHOLOGICAL FRACTURES & MUSCULOSKELET & CONN TISS MALIG W CC,583,12343.0
NY,551 - MEDICAL BACK PROBLEMS W MCC,305,17425.0
NY,552 - MEDICAL BACK PROBLEMS W/O MCC,3515,8752.0
NY,554 - BONE DISEASES & ARTHROPATHIES W/O MCC,631,8829.0
NY,556 - SIGNS & SYMPTOMS OF MUSCULOSKELETAL SYSTEM & CONN TISSUE W/O MCC,593,8370.0
NY,"558 - TENDONITIS, MYOSITIS & BURSITIS W/O MCC",748,8943.0
NY,"563 - FX, SPRN, STRN & DISL EXCEPT FEMUR, HIP, PELVIS & THIGH W/O MCC",1753,8217.0
NY,"580 - OTHER SKIN, SUBCUT TISS & BREAST PROC W CC",142,16200.0
NY,602 - CELLULITIS W MCC,1268,13418.0
NY,603 - CELLULITIS W/O MCC,7866,8268.0
NY,"605 - TRAUMA TO THE SKIN, SUBCUT TISS & BREAST W/O MCC",697,9502.0
NY,"629 - OTHER ENDOCRINE, NUTRIT & METAB O.R. PROC W CC",99,23200.0
NY,637 - DIABETES W MCC,854,14653.0
NY,638 - DIABETES W CC,2750,9100.0
NY,639 - DIABETES W/O CC/MCC,399,7891.0
NY,"640 - MISC DISORDERS OF NUTRITION,METABOLISM,FLUIDS/ELECTROLYTES W MCC",3888,12423.0
NY,"641 - MISC DISORDERS OF NUTRITION,METABOLISM,FLUIDS/ELECTROLYTES W/O MCC",6746,7623.0
NY,643 - ENDOCRINE DISORDERS W MCC,151,18913.0
NY,644 - ENDOCRINE DISORDERS W CC,364,11025.0
NY,658 - KIDNEY & URETER PROCEDURES FOR NEOPLASM W/O CC/MCC,242,16762.0
NY,669 - TRANSURETHRAL PROCEDURES W CC,478,12426.0
NY,673 - OTHER KIDNEY & URINARY TRACT PROCEDURES W MCC,379,38557.0
NY,682 - RENAL FAILURE W MCC,5460,15418.0
NY,683 - RENAL FAILURE W CC,6912,9493.0
NY,684 - RENAL FAILURE W/O CC/MCC,679,6699.0
NY,689 - KIDNEY & URINARY TRACT INFECTIONS W MCC,3755,10865.0
NY,690 - KIDNEY & URINARY TRACT INFECTIONS W/O MCC,8608,8008.0
NY,694 - URINARY STONES W/O ESW LITHOTRIPSY W/O MCC,531,7156.0
NY,696 - KIDNEY & URINARY TRACT SIGNS & SYMPTOMS W/O MCC,321,6891.0
NY,698 - OTHER KIDNEY & URINARY TRACT DIAGNOSES W MCC,2203,15991.0
NY,699 - OTHER KIDNEY & URINARY TRACT DIAGNOSES W CC,1651,10831.0
NY,714 - TRANSURETHRAL PROSTATECTOMY W/O CC/MCC,242,9141.0
NY,743 - UTERINE & ADNEXA PROC FOR NON-MALIGNANCY W/O CC/MCC,317,10028.0
NY,811 - RED BLOOD CELL DISORDERS W MCC,1754,13901.0
NY,812 - RED BLOOD CELL DISORDERS W/O MCC,4454,8798.0
NY,813 - COAGULATION DISORDERS,154,26049.0
NY,853 - INFECTIOUS & PARASITIC DISEASES W O.R. PROCEDURE W MCC,3759,49577.0
NY,854 - INFECTIOUS & PARASITIC DISEASES W O.R. PROCEDURE W CC,419,21919.0
NY,862 - POSTOPERATIVE & POST-TRAUMATIC INFECTIONS W MCC,342,20399.0
NY,863 - POSTOPERATIVE & POST-TRAUMATIC INFECTIONS W/O MCC,473,10194.0
NY,864 - FEVER,476,9036.0
NY,870 - SEPTICEMIA OR SEVERE SEPSIS W MV >96 HOURS,3097,54824.0
NY,871 - SEPTICEMIA OR SEVERE SEPSIS W/O MV 96+ HOURS W MCC,31964,16987.0
NY,872 - SEPTICEMIA OR SEVERE SEPSIS W/O MV >96 HOURS W/O MCC,9471,10007.0
NY,884 - ORGANIC DISTURBANCES & MENTAL RETARDATION,1250,12608.0
NY,"894 - ALCOHOL/DRUG ABUSE OR DEPENDENCE, LEFT AMA",874,6476.0
NY,895 - ALCOHOL/DRUG ABUSE OR DEPENDENCE W REHABILITATION THERAPY,1221,11542.0
NY,896 - ALCOHOL/DRUG ABUSE OR DEPENDENCE W/O REHABILITATION THERAPY W MCC,124,16259.0
NY,897 - ALCOHOL/DRUG ABUSE OR DEPENDENCE W/O REHABILITATION THERAPY W/O MCC,3082,8676.0
NY,917 - POISONING & TOXIC EFFECTS OF DRUGS W MCC,699,15623.0
NY,918 - POISONING & TOXIC EFFECTS OF DRUGS W/O MCC,929,8612.0
NY,919 - COMPLICATIONS OF TREATMENT W MCC,338,21280.0
NY,920 - COMPLICATIONS OF TREATMENT W CC,476,10818.0
NY,921 - COMPLICATIONS OF TREATMENT W/O CC/MCC,83,8001.0
NY,947 - SIGNS & SYMPTOMS W MCC,385,13319.0
NY,948 - SIGNS & SYMPTOMS W/O MCC,2551,7903.0
NY,974 - HIV W MAJOR RELATED CONDITION W MCC,296,32698.0
NY,981 - EXTENSIVE O.R. PROCEDURE UNRELATED TO PRINCIPAL DIAGNOSIS W MCC,922,47782.0
NY,227 - CARDIAC DEFIBRILLATOR IMPLANT W/O CARDIAC CATH W/O MCC,431,52473.0
NY,621 - O.R. PROCEDURES FOR OBESITY W/O CC/MCC,671,13491.0
NY,847 - CHEMOTHERAPY W/O ACUTE LEUKEMIA AS SECONDARY DIAGNOSIS W CC,804,13024.0
NY,026 - CRANIOTOMY & ENDOVASCULAR INTRACRANIAL PROCEDURES W CC,276,29999.0
NY,027 - CRANIOTOMY & ENDOVASCULAR INTRACRANIAL PROCEDURES W/O CC/MCC,472,23522.0
NY,033 - VENTRICULAR SHUNT PROCEDURES W/O CC/MCC,58,17871.0
NY,038 - EXTRACRANIAL PROCEDURES W CC,242,13629.0
NY,039 - EXTRACRANIAL PROCEDURES W/O CC/MCC,1023,9390.0
NY,040 - PERIPH/CRANIAL NERVE & OTHER NERV SYST PROC W MCC,137,37211.0
NY,041 - PERIPH/CRANIAL NERVE & OTHER NERV SYST PROC W CC OR PERIPH NEUROSTIM,180,20830.0
NY,056 - DEGENERATIVE NERVOUS SYSTEM DISORDERS W MCC,378,19906.0
NY,164 - MAJOR CHEST PROCEDURES W CC,874,24683.0
NY,165 - MAJOR CHEST PROCEDURES W/O CC/MCC,519,17754.0
NY,167 - OTHER RESP SYSTEM O.R. PROCEDURES W CC,309,20229.0
NY,200 - PNEUMOTHORAX W CC,147,11302.0
NY,216 - CARDIAC VALVE & OTH MAJ CARDIOTHORACIC PROC W CARD CATH W MCC,708,89636.0
NY,217 - CARDIAC VALVE & OTH MAJ CARDIOTHORACIC PROC W CARD CATH W CC,390,58743.0
NY,220 - CARDIAC VALVE & OTH MAJ CARDIOTHORACIC PROC W/O CARD CATH W CC,1005,45664.0
NY,226 - CARDIAC DEFIBRILLATOR IMPLANT W/O CARDIAC CATH W MCC,77,67619.0
NY,234 - CORONARY BYPASS W CARDIAC CATH W/O MCC,764,40437.0
NY,236 - CORONARY BYPASS W/O CARDIAC CATH W/O MCC,690,33118.0
NY,250 - PERC CARDIOVASC PROC W/O CORONARY ARTERY STENT W MCC,528,34916.0
NY,251 - PERC CARDIOVASC PROC W/O CORONARY ARTERY STENT W/O MCC,1461,21332.0
NY,266 - ENDOVASCULAR CARDIAC VALVE REPLACEMENT W MCC,877,79189.0
NY,267 - ENDOVASCULAR CARDIAC VALVE REPLACEMENT W/O MCC,834,58067.0
NY,"326 - STOMACH, ESOPHAGEAL & DUODENAL PROC W MCC",268,55062.0
NY,"327 - STOMACH, ESOPHAGEAL & DUODENAL PROC W CC",262,25178.0
NY,"328 - STOMACH, ESOPHAGEAL & DUODENAL PROC W/O CC/MCC",262,15795.0
NY,335 - PERITONEAL ADHESIOLYSIS W MCC,74,49010.0
NY,"405 - PANCREAS, LIVER & SHUNT PROCEDURES W MCC",146,61776.0
NY,"406 - PANCREAS, LIVER & SHUNT PROCEDURES W CC",235,32849.0
NY,432 - CIRRHOSIS & ALCOHOLIC HEPATITIS W MCC,206,21076.0
NY,454 - COMBINED ANTERIOR/POSTERIOR SPINAL FUSION W CC,164,75578.0
NY,455 - COMBINED ANTERIOR/POSTERIOR SPINAL FUSION W/O CC/MCC,101,45083.0
NY,457 - SPINAL FUS EXC CERV W SPINAL CURV/MALIG/INFEC OR EXT FUS W CC,107,79488.0
NY,459 - SPINAL FUSION EXCEPT CERVICAL W MCC,46,79636.0
NY,"464 - WND DEBRID & SKN GRFT EXC HAND, FOR MUSCULO-CONN TISS DIS W CC",183,32504.0
NY,468 - REVISION OF HIP OR KNEE REPLACEMENT W/O CC/MCC,571,23604.0
NY,472 - CERVICAL SPINAL FUSION W CC,329,26989.0
NY,473 - CERVICAL SPINAL FUSION W/O CC/MCC,830,20028.0
NY,489 - KNEE PROCEDURES W/O PDX OF INFECTION W/O CC/MCC,44,12219.0
NY,516 - OTHER MUSCULOSKELET SYS & CONN TISS O.R. PROC W CC,64,23747.0
NY,519 - BACK & NECK PROC EXC SPINAL FUSION W CC,429,15770.0
NY,542 - PATHOLOGICAL FRACTURES & MUSCULOSKELET & CONN TISS MALIG W MCC,116,24021.0
NY,546 - CONNECTIVE TISSUE DISORDERS W CC,77,13891.0
NY,652 - KIDNEY TRANSPLANT,739,39527.0
NY,657 - KIDNEY & URETER PROCEDURES FOR NEOPLASM W CC,250,20219.0
NY,659 - KIDNEY & URETER PROCEDURES FOR NON-NEOPLASM W MCC,138,38851.0
NY,660 - KIDNEY & URETER PROCEDURES FOR NON-NEOPLASM W CC,289,19926.0
NY,707 - MAJOR MALE PELVIC PROCEDURES W CC/MCC,69,20141.0
NY,708 - MAJOR MALE PELVIC PROCEDURES W/O CC/MCC,473,13464.0
NY,808 - MAJOR HEMATOL/IMMUN DIAG EXC SICKLE CELL CRISIS & COAGUL W MCC,109,32072.0
NY,809 - MAJOR HEMATOL/IMMUN DIAG EXC SICKLE CELL CRISIS & COAGUL W CC,493,12644.0
NY,840 - LYMPHOMA & NON-ACUTE LEUKEMIA W MCC,213,42598.0
NY,841 - LYMPHOMA & NON-ACUTE LEUKEMIA W CC,168,19190.0
NY,846 - CHEMOTHERAPY W/O ACUTE LEUKEMIA AS SECONDARY DIAGNOSIS W MCC,108,30279.0
NY,856 - POSTOPERATIVE OR POST-TRAUMATIC INFECTIONS W O.R. PROC W MCC,110,52057.0
NY,857 - POSTOPERATIVE OR POST-TRAUMATIC INFECTIONS W O.R. PROC W CC,152,20785.0
NY,865 - VIRAL ILLNESS W MCC,127,15852.0
NY,908 - OTHER O.R. PROCEDURES FOR INJURIES W CC,125,21955.0
NY,982 - EXTENSIVE O.R. PROCEDURE UNRELATED TO PRINCIPAL DIAGNOSIS W CC,416,25493.0
NY,023 - CRANIO W MAJOR DEV IMPL/ACUTE COMPLEX CNS PDX W MCC OR CHEMO IMPLANT,224,53586.0
NY,070 - NONSPECIFIC CEREBROVASCULAR DISORDERS W MCC,279,18737.0
NY,"085 - TRAUMATIC STUPOR & COMA, COMA <1 HR W MCC",372,23446.0
NY,205 - OTHER RESPIRATORY SYSTEM DIAGNOSES W MCC,91,22276.0
NY,240 - AMPUTATION FOR CIRC SYS DISORDERS EXC UPPER LIMB & TOE W CC,163,29260.0
NY,438 - DISORDERS OF PANCREAS EXCEPT MALIGNANCY W MCC,250,18527.0
NY,"562 - FX, SPRN, STRN & DISL EXCEPT FEMUR, HIP, PELVIS & THIGH W MCC",82,16143.0
NY,"617 - AMPUTAT OF LOWER LIMB FOR ENDOCRINE,NUTRIT,& METABOL DIS W CC",222,19577.0
NY,975 - HIV W MAJOR RELATED CONDITION W CC,103,16660.0
NY,001 - HEART TRANSPLANT OR IMPLANT OF HEART ASSIST SYSTEM W MCC,103,305431.0
NY,016 - AUTOLOGOUS BONE MARROW TRANSPLANT W CC/MCC,77,70829.0
NY,024 - CRANIO W MAJOR DEV IMPL/ACUTE COMPLEX CNS PDX W/O MCC,58,35873.0
NY,029 - SPINAL PROCEDURES W CC OR SPINAL NEUROSTIMULATORS,76,31466.0
NY,061 - ACUTE ISCHEMIC STROKE W USE OF THROMBOLYTIC AGENT W MCC,64,27349.0
NY,062 - ACUTE ISCHEMIC STROKE W USE OF THROMBOLYTIC AGENT W CC,76,15828.0
NY,"082 - TRAUMATIC STUPOR & COMA, COMA >1 HR W MCC",52,24264.0
NY,152 - OTITIS MEDIA & URI W MCC,174,12830.0
NY,184 - MAJOR CHEST TRAUMA W CC,149,10335.0
NY,187 - PLEURAL EFFUSION W CC,106,10871.0
NY,221 - CARDIAC VALVE & OTH MAJ CARDIOTHORACIC PROC W/O CARD CATH W/O CC/MCC,94,36952.0
NY,248 - PERC CARDIOVASC PROC W NON-DRUG-ELUTING STENT W MCC OR 4+ VES/STENTS,137,29142.0
NY,249 - PERC CARDIOVASC PROC W NON-DRUG-ELUTING STENT W/O MCC,339,16837.0
NY,"283 - ACUTE MYOCARDIAL INFARCTION, EXPIRED W MCC",257,16074.0
NY,306 - CARDIAC CONGENITAL & VALVULAR DISORDERS W MCC,96,15415.0
NY,307 - CARDIAC CONGENITAL & VALVULAR DISORDERS W/O MCC,105,9284.0
NY,337 - PERITONEAL ADHESIOLYSIS W/O CC/MCC,90,17084.0
NY,354 - HERNIA PROCEDURES EXCEPT INGUINAL & FEMORAL W CC,104,16359.0
NY,373 - MAJOR GASTROINTESTINAL DISORDERS & PERITONEAL INFECTIONS W/O CC/MCC,139,7768.0
NY,478 - BIOPSIES OF MUSCULOSKELETAL SYSTEM & CONNECTIVE TISSUE W CC,121,22960.0
NY,535 - FRACTURES OF HIP & PELVIS W MCC,93,14450.0
NY,545 - CONNECTIVE TISSUE DISORDERS W MCC,81,32182.0
NY,"581 - OTHER SKIN, SUBCUT TISS & BREAST PROC W/O CC/MCC",99,12509.0
NY,583 - MASTECTOMY FOR MALIGNANCY W/O CC/MCC,51,11744.0
NY,596 - MAJOR SKIN DISORDERS W/O MCC,58,13729.0
NY,607 - MINOR SKIN DISORDERS W/O MCC,93,11013.0
NY,620 - O.R. PROCEDURES FOR OBESITY W CC,51,19053.0
NY,656 - KIDNEY & URETER PROCEDURES FOR NEOPLASM W MCC,61,39795.0
NY,661 - KIDNEY & URETER PROCEDURES FOR NON-NEOPLASM W/O CC/MCC,53,14778.0
NY,674 - OTHER KIDNEY & URINARY TRACT PROCEDURES W CC,130,21731.0
NY,700 - OTHER KIDNEY & URINARY TRACT DIAGNOSES W/O CC/MCC,96,8570.0
NY,"740 - UTERINE,ADNEXA PROC FOR NON-OVARIAN/ADNEXAL MALIG W CC",53,16227.0
NY,"741 - UTERINE,ADNEXA PROC FOR NON-OVARIAN/ADNEXAL MALIG W/O CC/MCC",68,12142.0
NY,742 - UTERINE & ADNEXA PROC FOR NON-MALIGNANCY W CC/MCC,56,16134.0
NY,834 - ACUTE LEUKEMIA W/O MAJOR O.R. PROCEDURE W MCC,124,84761.0
NY,837 - CHEMO W ACUTE LEUKEMIA AS SDX OR W HIGH DOSE CHEMO AGENT W MCC,52,76351.0
NY,866 - VIRAL ILLNESS W/O MCC,140,9393.0
NY,867 - OTHER INFECTIOUS & PARASITIC DISEASES DIAGNOSES W MCC,52,33152.0
NY,880 - ACUTE ADJUSTMENT REACTION & PSYCHOSOCIAL DYSFUNCTION,49,9076.0
NY,885 - PSYCHOSES,1528,9748.0
NY,907 - OTHER O.R. PROCEDURES FOR INJURIES W MCC,114,43206.0
NY,914 - TRAUMATIC INJURY W/O MCC,91,8345.0
NY,935 - NON-EXTENSIVE BURNS,53,25387.0
NY,"956 - LIMB REATTACHMENT, HIP & FEMUR PROC FOR MULTIPLE SIGNIFICANT TRAUMA",47,40339.0
NY,737 - UTERINE & ADNEXA PROC FOR OVARIAN OR ADNEXAL MALIGNANCY W CC,59,17348.0
NY,"579 - OTHER SKIN, SUBCUT TISS & BREAST PROC W MCC",70,27779.0
NY,945 - REHABILITATION W CC/MCC,492,7638.0
NY,946 - REHABILITATION W/O CC/MCC,872,7209.0
NY,440 - DISORDERS OF PANCREAS EXCEPT MALIGNANCY W/O CC/MCC,277,6166.0
NY,225 - CARDIAC DEFIB IMPLANT W CARDIAC CATH W/O AMI/HF/SHOCK W/O MCC,56,49620.0
NY,090 - CONCUSSION W/O CC/MCC,58,10510.0
NY,068 - NONSPECIFIC CVA & PRECEREBRAL OCCLUSION W/O INFARCT W/O MCC,72,7334.0
NY,775 - VAGINAL DELIVERY W/O COMPLICATING DIAGNOSES,60,6164.0
NY,881 - DEPRESSIVE NEUROSES,117,5346.0
NY,765 - CESAREAN SECTION W CC/MCC,44,10397.0
PA,057 - DEGENERATIVE NERVOUS SYSTEM DISORDERS W/O MCC,1108,8531.0
PA,064 - INTRACRANIAL HEMORRHAGE OR CEREBRAL INFARCTION W MCC,2931,13651.0
PA,065 - INTRACRANIAL HEMORRHAGE OR CEREBRAL INFARCTION W CC OR TPA IN 24 HRS,4778,7999.0
PA,066 - INTRACRANIAL HEMORRHAGE OR CEREBRAL INFARCTION W/O CC/MCC,2246,5892.0
PA,069 - TRANSIENT ISCHEMIA,2892,5357.0
PA,100 - SEIZURES W MCC,696,13822.0
PA,176 - PULMONARY EMBOLISM W/O MCC,1421,7460.0
PA,177 - RESPIRATORY INFECTIONS & INFLAMMATIONS W MCC,2409,13325.0
PA,178 - RESPIRATORY INFECTIONS & INFLAMMATIONS W CC,1694,10183.0
PA,189 - PULMONARY EDEMA & RESPIRATORY FAILURE,4719,9095.0
PA,190 - CHRONIC OBSTRUCTIVE PULMONARY DISEASE W MCC,5404,8334.0
PA,191 - CHRONIC OBSTRUCTIVE PULMONARY DISEASE W CC,5307,6984.0
PA,192 - CHRONIC OBSTRUCTIVE PULMONARY DISEASE W/O CC/MCC,2711,5448.0
PA,193 - SIMPLE PNEUMONIA & PLEURISY W MCC,5313,9961.0
PA,194 - SIMPLE PNEUMONIA & PLEURISY W CC,6546,6910.0
PA,195 - SIMPLE PNEUMONIA & PLEURISY W/O CC/MCC,2074,5068.0
PA,208 - RESPIRATORY SYSTEM DIAGNOSIS W VENTILATOR SUPPORT <96 HOURS,2424,17417.0
PA,238 - MAJOR CARDIOVASC PROCEDURES W/O MCC,1158,25472.0
PA,243 - PERMANENT CARDIAC PACEMAKER IMPLANT W CC,1060,17924.0
PA,244 - PERMANENT CARDIAC PACEMAKER IMPLANT W/O CC/MCC,632,14735.0
PA,247 - PERC CARDIOVASC PROC W DRUG-ELUTING STENT W/O MCC,3462,15070.0
PA,252 - OTHER VASCULAR PROCEDURES W MCC,1136,27336.0
PA,"280 - ACUTE MYOCARDIAL INFARCTION, DISCHARGED ALIVE W MCC",3199,12019.0
PA,"286 - CIRCULATORY DISORDERS EXCEPT AMI, W CARD CATH W MCC",1418,19490.0
PA,"287 - CIRCULATORY DISORDERS EXCEPT AMI, W CARD CATH W/O MCC",3725,9167.0
PA,291 - HEART FAILURE & SHOCK W MCC,9346,10755.0
PA,292 - HEART FAILURE & SHOCK W CC,9731,7440.0
PA,293 - HEART FAILURE & SHOCK W/O CC/MCC,3005,5208.0
PA,308 - CARDIAC ARRHYTHMIA & CONDUCTION DISORDERS W MCC,3448,9005.0
PA,309 - CARDIAC ARRHYTHMIA & CONDUCTION DISORDERS W CC,4677,6005.0
PA,310 - CARDIAC ARRHYTHMIA & CONDUCTION DISORDERS W/O CC/MCC,3951,4311.0
PA,312 - SYNCOPE & COLLAPSE,3745,5928.0
PA,313 - CHEST PAIN,2091,5222.0
PA,314 - OTHER CIRCULATORY SYSTEM DIAGNOSES W MCC,1801,15935.0
PA,329 - MAJOR SMALL & LARGE BOWEL PROCEDURES W MCC,1237,35822.0
PA,330 - MAJOR SMALL & LARGE BOWEL PROCEDURES W CC,1908,19395.0
PA,377 - G.I. HEMORRHAGE W MCC,2415,13124.0
PA,378 - G.I. HEMORRHAGE W CC,6317,7530.0
PA,379 - G.I. HEMORRHAGE W/O CC/MCC,896,5207.0
PA,389 - G.I. OBSTRUCTION W CC,2039,6819.0
PA,"392 - ESOPHAGITIS, GASTROENT & MISC DIGEST DISORDERS W/O MCC",8774,5927.0
PA,394 - OTHER DIGESTIVE SYSTEM DIAGNOSES W CC,1831,7638.0
PA,418 - LAPAROSCOPIC CHOLECYSTECTOMY W/O C.D.E. W CC,622,11618.0
PA,460 - SPINAL FUSION EXCEPT CERVICAL W/O MCC,3091,28187.0
PA,470 - MAJOR JOINT REPLACEMENT OR REATTACHMENT OF LOWER EXTREMITY W/O MCC,18985,14243.0
PA,480 - HIP & FEMUR PROCEDURES EXCEPT MAJOR JOINT W MCC,631,20528.0
PA,481 - HIP & FEMUR PROCEDURES EXCEPT MAJOR JOINT W CC,3290,13311.0
PA,"493 - LOWER EXTREM & HUMER PROC EXCEPT HIP,FOOT,FEMUR W CC",526,15632.0
PA,536 - FRACTURES OF HIP & PELVIS W/O MCC,823,5253.0
PA,552 - MEDICAL BACK PROBLEMS W/O MCC,2978,6611.0
PA,"558 - TENDONITIS, MYOSITIS & BURSITIS W/O MCC",406,6534.0
PA,603 - CELLULITIS W/O MCC,5922,6216.0
PA,637 - DIABETES W MCC,601,11452.0
PA,638 - DIABETES W CC,1980,6790.0
PA,"640 - MISC DISORDERS OF NUTRITION,METABOLISM,FLUIDS/ELECTROLYTES W MCC",2289,9290.0
PA,"641 - MISC DISORDERS OF NUTRITION,METABOLISM,FLUIDS/ELECTROLYTES W/O MCC",4435,5715.0
PA,682 - RENAL FAILURE W MCC,4431,11320.0
PA,683 - RENAL FAILURE W CC,6874,7208.0
PA,689 - KIDNEY & URINARY TRACT INFECTIONS W MCC,2785,7822.0
PA,690 - KIDNEY & URINARY TRACT INFECTIONS W/O MCC,6458,5882.0
PA,809 - MAJOR HEMATOL/IMMUN DIAG EXC SICKLE CELL CRISIS & COAGUL W CC,401,10903.0
PA,811 - RED BLOOD CELL DISORDERS W MCC,1076,10486.0
PA,812 - RED BLOOD CELL DISORDERS W/O MCC,2978,6595.0
PA,853 - INFECTIOUS & PARASITIC DISEASES W O.R. PROCEDURE W MCC,2755,38481.0
PA,871 - SEPTICEMIA OR SEVERE SEPSIS W/O MV 96+ HOURS W MCC,20589,13045.0
PA,872 - SEPTICEMIA OR SEVERE SEPSIS W/O MV >96 HOURS W/O MCC,7143,7909.0
PA,884 - ORGANIC DISTURBANCES & MENTAL RETARDATION,569,8788.0
PA,917 - POISONING & TOXIC EFFECTS OF DRUGS W MCC,790,11795.0
PA,153 - OTITIS MEDIA & URI W/O MCC,924,5494.0
PA,202 - BRONCHITIS & ASTHMA W CC/MCC,1533,6688.0
PA,246 - PERC CARDIOVASC PROC W DRUG-ELUTING STENT W MCC OR 4+ VESSELS/STENTS,1258,24581.0
PA,"281 - ACUTE MYOCARDIAL INFARCTION, DISCHARGED ALIVE W CC",1909,7414.0
PA,299 - PERIPHERAL VASCULAR DISORDERS W MCC,516,11701.0
PA,300 - PERIPHERAL VASCULAR DISORDERS W CC,1382,7935.0
PA,"391 - ESOPHAGITIS, GASTROENT & MISC DIGEST DISORDERS W MCC",1561,9594.0
PA,602 - CELLULITIS W MCC,809,10603.0
PA,554 - BONE DISEASES & ARTHROPATHIES W/O MCC,383,6190.0
PA,885 - PSYCHOSES,3058,7973.0
PA,897 - ALCOHOL/DRUG ABUSE OR DEPENDENCE W/O REHABILITATION THERAPY W/O MCC,1367,6884.0
PA,473 - CERVICAL SPINAL FUSION W/O CC/MCC,796,16707.0
PA,"003 - ECMO OR TRACH W MV >96 HRS OR PDX EXC FACE, MOUTH & NECK W MAJ O.R.",778,147002.0
PA,039 - EXTRACRANIAL PROCEDURES W/O CC/MCC,763,7858.0
PA,101 - SEIZURES W/O MCC,1892,7060.0
PA,220 - CARDIAC VALVE & OTH MAJ CARDIOTHORACIC PROC W/O CARD CATH W CC,1076,38337.0
PA,236 - CORONARY BYPASS W/O CARDIAC CATH W/O MCC,685,27313.0
PA,251 - PERC CARDIOVASC PROC W/O CORONARY ARTERY STENT W/O MCC,873,17633.0
PA,253 - OTHER VASCULAR PROCEDURES W CC,1414,19522.0
PA,372 - MAJOR GASTROINTESTINAL DISORDERS & PERITONEAL INFECTIONS W CC,1135,8409.0
PA,520 - BACK & NECK PROC EXC SPINAL FUSION W/O CC/MCC,733,8912.0
PA,948 - SIGNS & SYMPTOMS W/O MCC,1593,6298.0
PA,390 - G.I. OBSTRUCTION W/O CC/MCC,1127,4865.0
PA,439 - DISORDERS OF PANCREAS EXCEPT MALIGNANCY W CC,803,7523.0
PA,"004 - TRACH W MV 96+ HRS OR PDX EXC FACE, MOUTH & NECK W/O MAJ O.R.",643,84502.0
PA,023 - CRANIO W MAJOR DEV IMPL/ACUTE COMPLEX CNS PDX W MCC OR CHEMO IMPLANT,235,45146.0
PA,025 - CRANIOTOMY & ENDOVASCULAR INTRACRANIAL PROCEDURES W MCC,714,35528.0
PA,026 - CRANIOTOMY & ENDOVASCULAR INTRACRANIAL PROCEDURES W CC,263,27707.0
PA,027 - CRANIOTOMY & ENDOVASCULAR INTRACRANIAL PROCEDURES W/O CC/MCC,364,19743.0
PA,054 - NERVOUS SYSTEM NEOPLASMS W MCC,388,12450.0
PA,071 - NONSPECIFIC CEREBROVASCULAR DISORDERS W CC,258,7988.0
PA,"083 - TRAUMATIC STUPOR & COMA, COMA >1 HR W CC",91,10576.0
PA,"085 - TRAUMATIC STUPOR & COMA, COMA <1 HR W MCC",373,15783.0
PA,"086 - TRAUMATIC STUPOR & COMA, COMA <1 HR W CC",785,8716.0
PA,"087 - TRAUMATIC STUPOR & COMA, COMA <1 HR W/O CC/MCC",576,6493.0
PA,103 - HEADACHES W/O MCC,402,7480.0
PA,164 - MAJOR CHEST PROCEDURES W CC,562,20201.0
PA,165 - MAJOR CHEST PROCEDURES W/O CC/MCC,329,14822.0
PA,166 - OTHER RESP SYSTEM O.R. PROCEDURES W MCC,381,31572.0
PA,167 - OTHER RESP SYSTEM O.R. PROCEDURES W CC,371,15114.0
PA,175 - PULMONARY EMBOLISM W MCC,409,11921.0
PA,207 - RESPIRATORY SYSTEM DIAGNOSIS W VENTILATOR SUPPORT 96+ HOURS,665,41755.0
PA,219 - CARDIAC VALVE & OTH MAJ CARDIOTHORACIC PROC W/O CARD CATH W MCC,729,63177.0
PA,221 - CARDIAC VALVE & OTH MAJ CARDIOTHORACIC PROC W/O CARD CATH W/O CC/MCC,58,38051.0
PA,227 - CARDIAC DEFIBRILLATOR IMPLANT W/O CARDIAC CATH W/O MCC,212,43025.0
PA,233 - CORONARY BYPASS W CARDIAC CATH W MCC,266,50865.0
PA,234 - CORONARY BYPASS W CARDIAC CATH W/O MCC,620,31773.0
PA,235 - CORONARY BYPASS W/O CARDIAC CATH W MCC,163,47403.0
PA,237 - MAJOR CARDIOVASC PROCEDURES W MCC,642,40298.0
PA,250 - PERC CARDIOVASC PROC W/O CORONARY ARTERY STENT W MCC,262,29211.0
PA,254 - OTHER VASCULAR PROCEDURES W/O CC/MCC,422,13152.0
PA,266 - ENDOVASCULAR CARDIAC VALVE REPLACEMENT W MCC,408,64058.0
PA,267 - ENDOVASCULAR CARDIAC VALVE REPLACEMENT W/O MCC,601,48820.0
PA,301 - PERIPHERAL VASCULAR DISORDERS W/O CC/MCC,266,6509.0
PA,315 - OTHER CIRCULATORY SYSTEM DIAGNOSES W CC,660,8917.0
PA,"326 - STOMACH, ESOPHAGEAL & DUODENAL PROC W MCC",177,46485.0
PA,"328 - STOMACH, ESOPHAGEAL & DUODENAL PROC W/O CC/MCC",204,14581.0
PA,375 - DIGESTIVE MALIGNANCY W CC,327,10719.0
PA,388 - G.I. OBSTRUCTION W MCC,389,12219.0
PA,393 - OTHER DIGESTIVE SYSTEM DIAGNOSES W MCC,598,14374.0
PA,"405 - PANCREAS, LIVER & SHUNT PROCEDURES W MCC",111,47927.0
PA,432 - CIRRHOSIS & ALCOHOLIC HEPATITIS W MCC,228,15530.0
PA,435 - MALIGNANCY OF HEPATOBILIARY SYSTEM OR PANCREAS W MCC,275,15911.0
PA,438 - DISORDERS OF PANCREAS EXCEPT MALIGNANCY W MCC,148,16797.0
PA,"441 - DISORDERS OF LIVER EXCEPT MALIG,CIRR,ALC HEPA W MCC",541,19387.0
PA,"442 - DISORDERS OF LIVER EXCEPT MALIG,CIRR,ALC HEPA W CC",690,9212.0
PA,444 - DISORDERS OF THE BILIARY TRACT W MCC,221,15794.0
PA,445 - DISORDERS OF THE BILIARY TRACT W CC,504,8536.0
PA,"464 - WND DEBRID & SKN GRFT EXC HAND, FOR MUSCULO-CONN TISS DIS W CC",158,25320.0
PA,467 - REVISION OF HIP OR KNEE REPLACEMENT W CC,724,23967.0
PA,468 - REVISION OF HIP OR KNEE REPLACEMENT W/O CC/MCC,596,20672.0
PA,472 - CERVICAL SPINAL FUSION W CC,291,24080.0
PA,483 - MAJOR JOINT/LIMB REATTACHMENT PROCEDURE OF UPPER EXTREMITIES,1613,17003.0
PA,"494 - LOWER EXTREM & HUMER PROC EXCEPT HIP,FOOT,FEMUR W/O CC/MCC",313,11939.0
PA,519 - BACK & NECK PROC EXC SPINAL FUSION W CC,396,13558.0
PA,551 - MEDICAL BACK PROBLEMS W MCC,287,12448.0
PA,652 - KIDNEY TRANSPLANT,537,36012.0
PA,698 - OTHER KIDNEY & URINARY TRACT DIAGNOSES W MCC,1636,12341.0
PA,699 - OTHER KIDNEY & URINARY TRACT DIAGNOSES W CC,1212,9353.0
PA,708 - MAJOR MALE PELVIC PROCEDURES W/O CC/MCC,279,11571.0
PA,847 - CHEMOTHERAPY W/O ACUTE LEUKEMIA AS SECONDARY DIAGNOSIS W CC,570,12992.0
PA,857 - POSTOPERATIVE OR POST-TRAUMATIC INFECTIONS W O.R. PROC W CC,191,19768.0
PA,862 - POSTOPERATIVE & POST-TRAUMATIC INFECTIONS W MCC,236,16567.0
PA,863 - POSTOPERATIVE & POST-TRAUMATIC INFECTIONS W/O MCC,323,8608.0
PA,864 - FEVER,378,7352.0
PA,870 - SEPTICEMIA OR SEVERE SEPSIS W MV >96 HOURS,1040,44158.0
PA,919 - COMPLICATIONS OF TREATMENT W MCC,362,18443.0
PA,920 - COMPLICATIONS OF TREATMENT W CC,401,9532.0
PA,"956 - LIMB REATTACHMENT, HIP & FEMUR PROC FOR MULTIPLE SIGNIFICANT TRAUMA",63,31566.0
PA,964 - OTHER MULTIPLE SIGNIFICANT TRAUMA W CC,54,11928.0
PA,981 - EXTENSIVE O.R. PROCEDURE UNRELATED TO PRINCIPAL DIAGNOSIS W MCC,603,40295.0
PA,"580 - OTHER SKIN, SUBCUT TISS & BREAST PROC W CC",74,15243.0
PA,621 - O.R. PROCEDURES FOR OBESITY W/O CC/MCC,379,12748.0
PA,743 - UTERINE & ADNEXA PROC FOR NON-MALIGNANCY W/O CC/MCC,137,8535.0
PA,775 - VAGINAL DELIVERY W/O COMPLICATING DIAGNOSES,71,6873.0
PA,001 - HEART TRANSPLANT OR IMPLANT OF HEART ASSIST SYSTEM W MCC,77,269492.0
PA,007 - LUNG TRANSPLANT,48,99551.0
PA,"012 - TRACHEOSTOMY FOR FACE,MOUTH & NECK DIAGNOSES W CC",74,33847.0
PA,016 - AUTOLOGOUS BONE MARROW TRANSPLANT W CC/MCC,93,67632.0
PA,024 - CRANIO W MAJOR DEV IMPL/ACUTE COMPLEX CNS PDX W/O MCC,82,25373.0
PA,029 - SPINAL PROCEDURES W CC OR SPINAL NEUROSTIMULATORS,51,28675.0
PA,038 - EXTRACRANIAL PROCEDURES W CC,179,12705.0
PA,040 - PERIPH/CRANIAL NERVE & OTHER NERV SYST PROC W MCC,74,29754.0
PA,041 - PERIPH/CRANIAL NERVE & OTHER NERV SYST PROC W CC OR PERIPH NEUROSTIM,139,18375.0
PA,055 - NERVOUS SYSTEM NEOPLASMS W/O MCC,102,10935.0
PA,056 - DEGENERATIVE NERVOUS SYSTEM DISORDERS W MCC,127,16468.0
PA,070 - NONSPECIFIC CEREBROVASCULAR DISORDERS W MCC,216,15711.0
PA,074 - CRANIAL & PERIPHERAL NERVE DISORDERS W/O MCC,848,9821.0
PA,091 - OTHER DISORDERS OF NERVOUS SYSTEM W MCC,214,13720.0
PA,092 - OTHER DISORDERS OF NERVOUS SYSTEM W CC,722,7336.0
PA,093 - OTHER DISORDERS OF NERVOUS SYSTEM W/O CC/MCC,228,6370.0
PA,"133 - OTHER EAR, NOSE, MOUTH & THROAT O.R. PROCEDURES W CC/MCC",49,22180.0
PA,149 - DYSEQUILIBRIUM,612,5109.0
PA,152 - OTITIS MEDIA & URI W MCC,228,8684.0
PA,"155 - OTHER EAR, NOSE, MOUTH & THROAT DIAGNOSES W CC",75,7087.0
PA,163 - MAJOR CHEST PROCEDURES W MCC,99,39682.0
PA,179 - RESPIRATORY INFECTIONS & INFLAMMATIONS W/O CC/MCC,69,7685.0
PA,180 - RESPIRATORY NEOPLASMS W MCC,329,14347.0
PA,181 - RESPIRATORY NEOPLASMS W CC,353,9567.0
PA,184 - MAJOR CHEST TRAUMA W CC,269,8841.0
PA,186 - PLEURAL EFFUSION W MCC,78,11732.0
PA,187 - PLEURAL EFFUSION W CC,91,8018.0
PA,196 - INTERSTITIAL LUNG DISEASE W MCC,76,17210.0
PA,200 - PNEUMOTHORAX W CC,93,10092.0
PA,204 - RESPIRATORY SIGNS & SYMPTOMS,316,6502.0
PA,205 - OTHER RESPIRATORY SYSTEM DIAGNOSES W MCC,201,17376.0
PA,206 - OTHER RESPIRATORY SYSTEM DIAGNOSES W/O MCC,533,7210.0
PA,216 - CARDIAC VALVE & OTH MAJ CARDIOTHORACIC PROC W CARD CATH W MCC,179,87539.0
PA,239 - AMPUTATION FOR CIRC SYS DISORDERS EXC UPPER LIMB & TOE W MCC,56,46308.0
PA,240 - AMPUTATION FOR CIRC SYS DISORDERS EXC UPPER LIMB & TOE W CC,110,22418.0
PA,242 - PERMANENT CARDIAC PACEMAKER IMPLANT W MCC,514,26438.0
PA,249 - PERC CARDIOVASC PROC W NON-DRUG-ELUTING STENT W/O MCC,424,13689.0
PA,264 - OTHER CIRCULATORY SYSTEM O.R. PROCEDURES,328,25754.0
PA,"282 - ACUTE MYOCARDIAL INFARCTION, DISCHARGED ALIVE W/O CC/MCC",720,5628.0
PA,"283 - ACUTE MYOCARDIAL INFARCTION, EXPIRED W MCC",126,13199.0
PA,303 - ATHEROSCLEROSIS W/O MCC,263,5026.0
PA,305 - HYPERTENSION W/O MCC,517,5202.0
PA,306 - CARDIAC CONGENITAL & VALVULAR DISORDERS W MCC,69,14552.0
PA,"327 - STOMACH, ESOPHAGEAL & DUODENAL PROC W CC",271,25147.0
PA,331 - MAJOR SMALL & LARGE BOWEL PROCEDURES W/O CC/MCC,629,13113.0
PA,336 - PERITONEAL ADHESIOLYSIS W CC,164,18685.0
PA,354 - HERNIA PROCEDURES EXCEPT INGUINAL & FEMORAL W CC,99,16492.0
PA,356 - OTHER DIGESTIVE SYSTEM O.R. PROCEDURES W MCC,63,32189.0
PA,357 - OTHER DIGESTIVE SYSTEM O.R. PROCEDURES W CC,64,18738.0
PA,371 - MAJOR GASTROINTESTINAL DISORDERS & PERITONEAL INFECTIONS W MCC,411,14799.0
PA,374 - DIGESTIVE MALIGNANCY W MCC,102,20679.0
PA,386 - INFLAMMATORY BOWEL DISEASE W CC,100,8364.0
PA,395 - OTHER DIGESTIVE SYSTEM DIAGNOSES W/O CC/MCC,337,6337.0
PA,"406 - PANCREAS, LIVER & SHUNT PROCEDURES W CC",229,26494.0
PA,"407 - PANCREAS, LIVER & SHUNT PROCEDURES W/O CC/MCC",52,18685.0
PA,417 - LAPAROSCOPIC CHOLECYSTECTOMY W/O C.D.E. W MCC,77,20143.0
PA,433 - CIRRHOSIS & ALCOHOLIC HEPATITIS W CC,87,9253.0
PA,436 - MALIGNANCY OF HEPATOBILIARY SYSTEM OR PANCREAS W CC,138,10935.0
PA,454 - COMBINED ANTERIOR/POSTERIOR SPINAL FUSION W CC,107,63061.0
PA,457 - SPINAL FUS EXC CERV W SPINAL CURV/MALIG/INFEC OR EXT FUS W CC,72,56074.0
PA,459 - SPINAL FUSION EXCEPT CERVICAL W MCC,51,50782.0
PA,"463 - WND DEBRID & SKN GRFT EXC HAND, FOR MUSCULO-CONN TISS DIS W MCC",68,43493.0
PA,469 - MAJOR JOINT REPLACEMENT OR REATTACHMENT OF LOWER EXTREMITY W MCC,553,21817.0
PA,471 - CERVICAL SPINAL FUSION W MCC,58,38520.0
PA,482 - HIP & FEMUR PROCEDURES EXCEPT MAJOR JOINT W/O CC/MCC,764,10848.0
PA,516 - OTHER MUSCULOSKELET SYS & CONN TISS O.R. PROC W CC,119,15526.0
PA,543 - PATHOLOGICAL FRACTURES & MUSCULOSKELET & CONN TISS MALIG W CC,255,9124.0
PA,556 - SIGNS & SYMPTOMS OF MUSCULOSKELETAL SYSTEM & CONN TISSUE W/O MCC,380,6287.0
PA,"563 - FX, SPRN, STRN & DISL EXCEPT FEMUR, HIP, PELVIS & THIGH W/O MCC",841,5805.0
PA,"605 - TRAUMA TO THE SKIN, SUBCUT TISS & BREAST W/O MCC",289,6461.0
PA,607 - MINOR SKIN DISORDERS W/O MCC,68,7463.0
PA,639 - DIABETES W/O CC/MCC,192,5983.0
PA,643 - ENDOCRINE DISORDERS W MCC,95,12426.0
PA,644 - ENDOCRINE DISORDERS W CC,260,8694.0
PA,654 - MAJOR BLADDER PROCEDURES W CC,69,28641.0
PA,657 - KIDNEY & URETER PROCEDURES FOR NEOPLASM W CC,157,19562.0
PA,658 - KIDNEY & URETER PROCEDURES FOR NEOPLASM W/O CC/MCC,101,15284.0
PA,660 - KIDNEY & URETER PROCEDURES FOR NON-NEOPLASM W CC,200,18313.0
PA,669 - TRANSURETHRAL PROCEDURES W CC,369,9366.0
PA,673 - OTHER KIDNEY & URINARY TRACT PROCEDURES W MCC,118,35323.0
PA,674 - OTHER KIDNEY & URINARY TRACT PROCEDURES W CC,63,23468.0
PA,684 - RENAL FAILURE W/O CC/MCC,722,5124.0
PA,694 - URINARY STONES W/O ESW LITHOTRIPSY W/O MCC,382,5544.0
PA,813 - COAGULATION DISORDERS,77,24612.0
PA,834 - ACUTE LEUKEMIA W/O MAJOR O.R. PROCEDURE W MCC,99,68434.0
PA,837 - CHEMO W ACUTE LEUKEMIA AS SDX OR W HIGH DOSE CHEMO AGENT W MCC,53,73017.0
PA,840 - LYMPHOMA & NON-ACUTE LEUKEMIA W MCC,124,35329.0
PA,841 - LYMPHOMA & NON-ACUTE LEUKEMIA W CC,114,17444.0
PA,846 - CHEMOTHERAPY W/O ACUTE LEUKEMIA AS SECONDARY DIAGNOSIS W MCC,47,25224.0
PA,854 - INFECTIOUS & PARASITIC DISEASES W O.R. PROCEDURE W CC,409,18797.0
PA,856 - POSTOPERATIVE OR POST-TRAUMATIC INFECTIONS W O.R. PROC W MCC,84,47701.0
PA,866 - VIRAL ILLNESS W/O MCC,154,6671.0
PA,867 - OTHER INFECTIOUS & PARASITIC DISEASES DIAGNOSES W MCC,43,29461.0
PA,880 - ACUTE ADJUSTMENT REACTION & PSYCHOSOCIAL DYSFUNCTION,121,6248.0
PA,907 - OTHER O.R. PROCEDURES FOR INJURIES W MCC,165,47021.0
PA,908 - OTHER O.R. PROCEDURES FOR INJURIES W CC,198,17828.0
PA,918 - POISONING & TOXIC EFFECTS OF DRUGS W/O MCC,730,5902.0
PA,947 - SIGNS & SYMPTOMS W MCC,185,10790.0
PA,982 - EXTENSIVE O.R. PROCEDURE UNRELATED TO PRINCIPAL DIAGNOSIS W CC,350,22535.0
PA,987 - NON-EXTENSIVE O.R. PROC UNRELATED TO PRINCIPAL DIAGNOSIS W MCC,85,28657.0
PA,988 - NON-EXTENSIVE O.R. PROC UNRELATED TO PRINCIPAL DIAGNOSIS W CC,68,15468.0
PA,"894 - ALCOHOL/DRUG ABUSE OR DEPENDENCE, LEFT AMA",284,4640.0
PA,896 - ALCOHOL/DRUG ABUSE OR DEPENDENCE W/O REHABILITATION THERAPY W MCC,64,12661.0
PA,935 - NON-EXTENSIVE BURNS,53,13848.0
PA,203 - BRONCHITIS & ASTHMA W/O CC/MCC,358,5261.0
PA,419 - LAPAROSCOPIC CHOLECYSTECTOMY W/O C.D.E. W/O CC/MCC,369,9231.0
PA,"617 - AMPUTAT OF LOWER LIMB FOR ENDOCRINE,NUTRIT,& METABOL DIS W CC",258,15797.0
PA,881 - DEPRESSIVE NEUROSES,54,4813.0
PA,440 - DISORDERS OF PANCREAS EXCEPT MALIGNANCY W/O CC/MCC,244,5412.0
PA,895 - ALCOHOL/DRUG ABUSE OR DEPENDENCE W REHABILITATION THERAPY,495,8810.0
PA,462 - BILATERAL OR MULTIPLE MAJOR JOINT PROCS OF LOWER EXTREMITY W/O MCC,609,23385.0
PA,620 - O.R. PROCEDURES FOR OBESITY W CC,79,13503.0
PA,248 - PERC CARDIOVASC PROC W NON-DRUG-ELUTING STENT W MCC OR 4+ VES/STENTS,104,22833.0
PA,517 - OTHER MUSCULOSKELET SYS & CONN TISS O.R. PROC W/O CC/MCC,62,14504.0
PA,062 - ACUTE ISCHEMIC STROKE W USE OF THROMBOLYTIC AGENT W CC,112,13437.0
PA,865 - VIRAL ILLNESS W MCC,211,11419.0
PA,073 - CRANIAL & PERIPHERAL NERVE DISORDERS W MCC,47,13469.0
PA,183 - MAJOR CHEST TRAUMA W MCC,66,11359.0
PA,373 - MAJOR GASTROINTESTINAL DISORDERS & PERITONEAL INFECTIONS W/O CC/MCC,65,5505.0
PA,355 - HERNIA PROCEDURES EXCEPT INGUINAL & FEMORAL W/O CC/MCC,53,12873.0
PA,185 - MAJOR CHEST TRAUMA W/O CC/MCC,21,7399.0
PA,307 - CARDIAC CONGENITAL & VALVULAR DISORDERS W/O MCC,33,7891.0
PA,696 - KIDNEY & URINARY TRACT SIGNS & SYMPTOMS W/O MCC,117,5775.0
PA,700 - OTHER KIDNEY & URINARY TRACT DIAGNOSES W/O CC/MCC,48,8320.0
PA,714 - TRANSURETHRAL PROSTATECTOMY W/O CC/MCC,78,6474.0
PA,458 - SPINAL FUS EXC CERV W SPINAL CURV/MALIG/INFEC OR 9+ FUS W/O CC/MCC,21,52777.0
DE,"003 - ECMO OR TRACH W MV >96 HRS OR PDX EXC FACE, MOUTH & NECK W MAJ O.R.",64,141846.0
DE,"004 - TRACH W MV 96+ HRS OR PDX EXC FACE, MOUTH & NECK W/O MAJ O.R.",68,90098.0
DE,023 - CRANIO W MAJOR DEV IMPL/ACUTE COMPLEX CNS PDX W MCC OR CHEMO IMPLANT,33,42405.0
DE,025 - CRANIOTOMY & ENDOVASCULAR INTRACRANIAL PROCEDURES W MCC,98,33203.0
DE,038 - EXTRACRANIAL PROCEDURES W CC,65,11889.0
DE,039 - EXTRACRANIAL PROCEDURES W/O CC/MCC,147,8157.0
DE,057 - DEGENERATIVE NERVOUS SYSTEM DISORDERS W/O MCC,73,10304.0
DE,062 - ACUTE ISCHEMIC STROKE W USE OF THROMBOLYTIC AGENT W CC,57,15002.0
DE,064 - INTRACRANIAL HEMORRHAGE OR CEREBRAL INFARCTION W MCC,389,13606.0
DE,065 - INTRACRANIAL HEMORRHAGE OR CEREBRAL INFARCTION W CC OR TPA IN 24 HRS,536,8069.0
DE,066 - INTRACRANIAL HEMORRHAGE OR CEREBRAL INFARCTION W/O CC/MCC,278,6087.0
DE,069 - TRANSIENT ISCHEMIA,377,5593.0
DE,070 - NONSPECIFIC CEREBROVASCULAR DISORDERS W MCC,83,11997.0
DE,071 - NONSPECIFIC CEREBROVASCULAR DISORDERS W CC,74,7136.0
DE,074 - CRANIAL & PERIPHERAL NERVE DISORDERS W/O MCC,90,7189.0
DE,"085 - TRAUMATIC STUPOR & COMA, COMA <1 HR W MCC",43,17808.0
DE,"086 - TRAUMATIC STUPOR & COMA, COMA <1 HR W CC",92,8442.0
DE,"087 - TRAUMATIC STUPOR & COMA, COMA <1 HR W/O CC/MCC",78,5889.0
DE,091 - OTHER DISORDERS OF NERVOUS SYSTEM W MCC,67,12967.0
DE,092 - OTHER DISORDERS OF NERVOUS SYSTEM W CC,89,7176.0
DE,100 - SEIZURES W MCC,133,14187.0
DE,101 - SEIZURES W/O MCC,151,7132.0
DE,149 - DYSEQUILIBRIUM,75,5268.0
DE,153 - OTITIS MEDIA & URI W/O MCC,107,5865.0
DE,164 - MAJOR CHEST PROCEDURES W CC,46,18111.0
DE,165 - MAJOR CHEST PROCEDURES W/O CC/MCC,53,14524.0
DE,166 - OTHER RESP SYSTEM O.R. PROCEDURES W MCC,76,26663.0
DE,175 - PULMONARY EMBOLISM W MCC,80,11068.0
DE,176 - PULMONARY EMBOLISM W/O MCC,194,7542.0
DE,177 - RESPIRATORY INFECTIONS & INFLAMMATIONS W MCC,273,13458.0
DE,178 - RESPIRATORY INFECTIONS & INFLAMMATIONS W CC,125,10004.0
DE,180 - RESPIRATORY NEOPLASMS W MCC,75,13605.0
DE,181 - RESPIRATORY NEOPLASMS W CC,63,9460.0
DE,186 - PLEURAL EFFUSION W MCC,53,11418.0
DE,189 - PULMONARY EDEMA & RESPIRATORY FAILURE,586,9094.0
DE,190 - CHRONIC OBSTRUCTIVE PULMONARY DISEASE W MCC,729,8438.0
DE,191 - CHRONIC OBSTRUCTIVE PULMONARY DISEASE W CC,552,7053.0
DE,192 - CHRONIC OBSTRUCTIVE PULMONARY DISEASE W/O CC/MCC,240,5706.0
DE,193 - SIMPLE PNEUMONIA & PLEURISY W MCC,756,10396.0
DE,194 - SIMPLE PNEUMONIA & PLEURISY W CC,735,7269.0
DE,195 - SIMPLE PNEUMONIA & PLEURISY W/O CC/MCC,213,5562.0
DE,196 - INTERSTITIAL LUNG DISEASE W MCC,21,12145.0
DE,202 - BRONCHITIS & ASTHMA W CC/MCC,156,7118.0
DE,207 - RESPIRATORY SYSTEM DIAGNOSIS W VENTILATOR SUPPORT 96+ HOURS,108,42131.0
DE,208 - RESPIRATORY SYSTEM DIAGNOSIS W VENTILATOR SUPPORT <96 HOURS,348,17328.0
DE,220 - CARDIAC VALVE & OTH MAJ CARDIOTHORACIC PROC W/O CARD CATH W CC,69,36661.0
DE,233 - CORONARY BYPASS W CARDIAC CATH W MCC,60,54609.0
DE,234 - CORONARY BYPASS W CARDIAC CATH W/O MCC,143,35352.0
DE,236 - CORONARY BYPASS W/O CARDIAC CATH W/O MCC,107,26214.0
DE,237 - MAJOR CARDIOVASC PROCEDURES W MCC,67,46441.0
DE,238 - MAJOR CARDIOVASC PROCEDURES W/O MCC,179,25411.0
DE,242 - PERMANENT CARDIAC PACEMAKER IMPLANT W MCC,54,26819.0
DE,243 - PERMANENT CARDIAC PACEMAKER IMPLANT W CC,96,18242.0
DE,244 - PERMANENT CARDIAC PACEMAKER IMPLANT W/O CC/MCC,74,14604.0
DE,246 - PERC CARDIOVASC PROC W DRUG-ELUTING STENT W MCC OR 4+ VESSELS/STENTS,140,27894.0
DE,247 - PERC CARDIOVASC PROC W DRUG-ELUTING STENT W/O MCC,441,16721.0
DE,251 - PERC CARDIOVASC PROC W/O CORONARY ARTERY STENT W/O MCC,61,20697.0
DE,252 - OTHER VASCULAR PROCEDURES W MCC,89,27708.0
DE,253 - OTHER VASCULAR PROCEDURES W CC,123,20323.0
DE,254 - OTHER VASCULAR PROCEDURES W/O CC/MCC,73,14812.0
DE,"280 - ACUTE MYOCARDIAL INFARCTION, DISCHARGED ALIVE W MCC",230,11994.0
DE,"281 - ACUTE MYOCARDIAL INFARCTION, DISCHARGED ALIVE W CC",127,8123.0
DE,"282 - ACUTE MYOCARDIAL INFARCTION, DISCHARGED ALIVE W/O CC/MCC",76,6267.0
DE,"286 - CIRCULATORY DISORDERS EXCEPT AMI, W CARD CATH W MCC",118,17900.0
DE,"287 - CIRCULATORY DISORDERS EXCEPT AMI, W CARD CATH W/O MCC",353,8828.0
DE,291 - HEART FAILURE & SHOCK W MCC,1036,10768.0
DE,292 - HEART FAILURE & SHOCK W CC,925,7495.0
DE,293 - HEART FAILURE & SHOCK W/O CC/MCC,201,5435.0
DE,299 - PERIPHERAL VASCULAR DISORDERS W MCC,94,10450.0
DE,300 - PERIPHERAL VASCULAR DISORDERS W CC,155,7163.0
DE,305 - HYPERTENSION W/O MCC,44,5228.0
DE,308 - CARDIAC ARRHYTHMIA & CONDUCTION DISORDERS W MCC,337,9532.0
DE,309 - CARDIAC ARRHYTHMIA & CONDUCTION DISORDERS W CC,392,6369.0
DE,310 - CARDIAC ARRHYTHMIA & CONDUCTION DISORDERS W/O CC/MCC,277,4377.0
DE,312 - SYNCOPE & COLLAPSE,395,6015.0
DE,313 - CHEST PAIN,156,5171.0
DE,314 - OTHER CIRCULATORY SYSTEM DIAGNOSES W MCC,158,14658.0
DE,315 - OTHER CIRCULATORY SYSTEM DIAGNOSES W CC,60,7809.0
DE,329 - MAJOR SMALL & LARGE BOWEL PROCEDURES W MCC,159,37231.0
DE,330 - MAJOR SMALL & LARGE BOWEL PROCEDURES W CC,276,18616.0
DE,331 - MAJOR SMALL & LARGE BOWEL PROCEDURES W/O CC/MCC,106,13105.0
DE,354 - HERNIA PROCEDURES EXCEPT INGUINAL & FEMORAL W CC,46,13266.0
DE,371 - MAJOR GASTROINTESTINAL DISORDERS & PERITONEAL INFECTIONS W MCC,93,14027.0
DE,372 - MAJOR GASTROINTESTINAL DISORDERS & PERITONEAL INFECTIONS W CC,165,8890.0
DE,377 - G.I. HEMORRHAGE W MCC,268,13404.0
DE,378 - G.I. HEMORRHAGE W CC,621,7618.0
DE,379 - G.I. HEMORRHAGE W/O CC/MCC,149,5310.0
DE,388 - G.I. OBSTRUCTION W MCC,58,12291.0
DE,389 - G.I. OBSTRUCTION W CC,234,6960.0
DE,390 - G.I. OBSTRUCTION W/O CC/MCC,134,5095.0
DE,"391 - ESOPHAGITIS, GASTROENT & MISC DIGEST DISORDERS W MCC",148,8958.0
DE,"392 - ESOPHAGITIS, GASTROENT & MISC DIGEST DISORDERS W/O MCC",678,5898.0
DE,394 - OTHER DIGESTIVE SYSTEM DIAGNOSES W CC,164,7454.0
DE,418 - LAPAROSCOPIC CHOLECYSTECTOMY W/O C.D.E. W CC,68,12180.0
DE,419 - LAPAROSCOPIC CHOLECYSTECTOMY W/O C.D.E. W/O CC/MCC,91,9362.0
DE,432 - CIRRHOSIS & ALCOHOLIC HEPATITIS W MCC,46,12984.0
DE,435 - MALIGNANCY OF HEPATOBILIARY SYSTEM OR PANCREAS W MCC,21,15526.0
DE,438 - DISORDERS OF PANCREAS EXCEPT MALIGNANCY W MCC,43,14296.0
DE,439 - DISORDERS OF PANCREAS EXCEPT MALIGNANCY W CC,106,7242.0
DE,460 - SPINAL FUSION EXCEPT CERVICAL W/O MCC,520,29448.0
DE,467 - REVISION OF HIP OR KNEE REPLACEMENT W CC,71,23845.0
DE,468 - REVISION OF HIP OR KNEE REPLACEMENT W/O CC/MCC,59,21757.0
DE,469 - MAJOR JOINT REPLACEMENT OR REATTACHMENT OF LOWER EXTREMITY W MCC,73,22275.0
DE,470 - MAJOR JOINT REPLACEMENT OR REATTACHMENT OF LOWER EXTREMITY W/O MCC,2358,15448.0
DE,472 - CERVICAL SPINAL FUSION W CC,57,22442.0
DE,473 - CERVICAL SPINAL FUSION W/O CC/MCC,142,16789.0
DE,480 - HIP & FEMUR PROCEDURES EXCEPT MAJOR JOINT W MCC,84,23033.0
DE,481 - HIP & FEMUR PROCEDURES EXCEPT MAJOR JOINT W CC,312,13781.0
DE,482 - HIP & FEMUR PROCEDURES EXCEPT MAJOR JOINT W/O CC/MCC,100,11547.0
DE,483 - MAJOR JOINT/LIMB REATTACHMENT PROCEDURE OF UPPER EXTREMITIES,149,17668.0
DE,"493 - LOWER EXTREM & HUMER PROC EXCEPT HIP,FOOT,FEMUR W CC",69,15786.0
DE,520 - BACK & NECK PROC EXC SPINAL FUSION W/O CC/MCC,89,8915.0
DE,536 - FRACTURES OF HIP & PELVIS W/O MCC,97,5624.0
DE,543 - PATHOLOGICAL FRACTURES & MUSCULOSKELET & CONN TISS MALIG W CC,43,9167.0
DE,551 - MEDICAL BACK PROBLEMS W MCC,48,12356.0
DE,552 - MEDICAL BACK PROBLEMS W/O MCC,215,7130.0
DE,554 - BONE DISEASES & ARTHROPATHIES W/O MCC,52,12897.0
DE,"558 - TENDONITIS, MYOSITIS & BURSITIS W/O MCC",64,7115.0
DE,"563 - FX, SPRN, STRN & DISL EXCEPT FEMUR, HIP, PELVIS & THIGH W/O MCC",66,6465.0
DE,602 - CELLULITIS W MCC,76,11073.0
DE,603 - CELLULITIS W/O MCC,494,6507.0
DE,"617 - AMPUTAT OF LOWER LIMB FOR ENDOCRINE,NUTRIT,& METABOL DIS W CC",47,13775.0
DE,621 - O.R. PROCEDURES FOR OBESITY W/O CC/MCC,43,12578.0
DE,637 - DIABETES W MCC,99,10034.0
DE,638 - DIABETES W CC,204,6612.0
DE,"640 - MISC DISORDERS OF NUTRITION,METABOLISM,FLUIDS/ELECTROLYTES W MCC",240,8892.0
DE,"641 - MISC DISORDERS OF NUTRITION,METABOLISM,FLUIDS/ELECTROLYTES W/O MCC",378,5756.0
DE,682 - RENAL FAILURE W MCC,479,11591.0
DE,683 - RENAL FAILURE W CC,750,7173.0
DE,684 - RENAL FAILURE W/O CC/MCC,95,4814.0
DE,689 - KIDNEY & URINARY TRACT INFECTIONS W MCC,349,8446.0
DE,690 - KIDNEY & URINARY TRACT INFECTIONS W/O MCC,597,6230.0
DE,694 - URINARY STONES W/O ESW LITHOTRIPSY W/O MCC,82,5762.0
DE,696 - KIDNEY & URINARY TRACT SIGNS & SYMPTOMS W/O MCC,21,5534.0
DE,698 - OTHER KIDNEY & URINARY TRACT DIAGNOSES W MCC,158,11635.0
DE,699 - OTHER KIDNEY & URINARY TRACT DIAGNOSES W CC,108,8081.0
DE,743 - UTERINE & ADNEXA PROC FOR NON-MALIGNANCY W/O CC/MCC,56,8266.0
DE,809 - MAJOR HEMATOL/IMMUN DIAG EXC SICKLE CELL CRISIS & COAGUL W CC,54,9765.0
DE,811 - RED BLOOD CELL DISORDERS W MCC,137,10584.0
DE,812 - RED BLOOD CELL DISORDERS W/O MCC,268,6440.0
DE,853 - INFECTIOUS & PARASITIC DISEASES W O.R. PROCEDURE W MCC,267,40539.0
DE,854 - INFECTIOUS & PARASITIC DISEASES W O.R. PROCEDURE W CC,44,17564.0
DE,863 - POSTOPERATIVE & POST-TRAUMATIC INFECTIONS W/O MCC,69,7383.0
DE,870 - SEPTICEMIA OR SEVERE SEPSIS W MV >96 HOURS,133,46392.0
DE,871 - SEPTICEMIA OR SEVERE SEPSIS W/O MV 96+ HOURS W MCC,1991,13445.0
DE,872 - SEPTICEMIA OR SEVERE SEPSIS W/O MV >96 HOURS W/O MCC,668,7936.0
DE,880 - ACUTE ADJUSTMENT REACTION & PSYCHOSOCIAL DYSFUNCTION,21,7123.0
DE,884 - ORGANIC DISTURBANCES & MENTAL RETARDATION,52,8820.0
DE,885 - PSYCHOSES,33,9185.0
DE,897 - ALCOHOL/DRUG ABUSE OR DEPENDENCE W/O REHABILITATION THERAPY W/O MCC,103,6413.0
DE,916 - ALLERGIC REACTIONS W/O MCC,21,4342.0
DE,917 - POISONING & TOXIC EFFECTS OF DRUGS W MCC,107,13845.0
DE,918 - POISONING & TOXIC EFFECTS OF DRUGS W/O MCC,107,5395.0
DE,920 - COMPLICATIONS OF TREATMENT W CC,55,7616.0
DE,948 - SIGNS & SYMPTOMS W/O MCC,125,5742.0
DE,981 - EXTENSIVE O.R. PROCEDURE UNRELATED TO PRINCIPAL DIAGNOSIS W MCC,122,38588.0
DE,982 - EXTENSIVE O.R. PROCEDURE UNRELATED TO PRINCIPAL DIAGNOSIS W CC,59,24664.0
DC,"003 - ECMO OR TRACH W MV >96 HRS OR PDX EXC FACE, MOUTH & NECK W MAJ O.R.",104,166513.0
DC,"004 - TRACH W MV 96+ HRS OR PDX EXC FACE, MOUTH & NECK W/O MAJ O.R.",77,85011.0
DC,025 - CRANIOTOMY & ENDOVASCULAR INTRACRANIAL PROCEDURES W MCC,85,47918.0
DC,026 - CRANIOTOMY & ENDOVASCULAR INTRACRANIAL PROCEDURES W CC,64,29951.0
DC,027 - CRANIOTOMY & ENDOVASCULAR INTRACRANIAL PROCEDURES W/O CC/MCC,63,23038.0
DC,054 - NERVOUS SYSTEM NEOPLASMS W MCC,33,14084.0
DC,057 - DEGENERATIVE NERVOUS SYSTEM DISORDERS W/O MCC,95,11021.0
DC,064 - INTRACRANIAL HEMORRHAGE OR CEREBRAL INFARCTION W MCC,344,18819.0
DC,065 - INTRACRANIAL HEMORRHAGE OR CEREBRAL INFARCTION W CC OR TPA IN 24 HRS,394,10095.0
DC,066 - INTRACRANIAL HEMORRHAGE OR CEREBRAL INFARCTION W/O CC/MCC,214,7711.0
DC,069 - TRANSIENT ISCHEMIA,149,6667.0
DC,071 - NONSPECIFIC CEREBROVASCULAR DISORDERS W CC,56,10240.0
DC,074 - CRANIAL & PERIPHERAL NERVE DISORDERS W/O MCC,61,10028.0
DC,100 - SEIZURES W MCC,92,16564.0
DC,101 - SEIZURES W/O MCC,205,7967.0
DC,164 - MAJOR CHEST PROCEDURES W CC,83,23679.0
DC,165 - MAJOR CHEST PROCEDURES W/O CC/MCC,70,16722.0
DC,176 - PULMONARY EMBOLISM W/O MCC,144,8842.0
DC,177 - RESPIRATORY INFECTIONS & INFLAMMATIONS W MCC,92,18889.0
DC,178 - RESPIRATORY INFECTIONS & INFLAMMATIONS W CC,84,12352.0
DC,189 - PULMONARY EDEMA & RESPIRATORY FAILURE,184,12040.0
DC,190 - CHRONIC OBSTRUCTIVE PULMONARY DISEASE W MCC,285,11093.0
DC,191 - CHRONIC OBSTRUCTIVE PULMONARY DISEASE W CC,317,9235.0
DC,193 - SIMPLE PNEUMONIA & PLEURISY W MCC,336,13127.0
DC,194 - SIMPLE PNEUMONIA & PLEURISY W CC,374,8790.0
DC,207 - RESPIRATORY SYSTEM DIAGNOSIS W VENTILATOR SUPPORT 96+ HOURS,88,47681.0
DC,208 - RESPIRATORY SYSTEM DIAGNOSIS W VENTILATOR SUPPORT <96 HOURS,207,20995.0
DC,239 - AMPUTATION FOR CIRC SYS DISORDERS EXC UPPER LIMB & TOE W MCC,78,67120.0
DC,252 - OTHER VASCULAR PROCEDURES W MCC,272,28829.0
DC,253 - OTHER VASCULAR PROCEDURES W CC,159,23440.0
DC,264 - OTHER CIRCULATORY SYSTEM O.R. PROCEDURES,108,25856.0
DC,"281 - ACUTE MYOCARDIAL INFARCTION, DISCHARGED ALIVE W CC",117,9562.0
DC,291 - HEART FAILURE & SHOCK W MCC,639,14806.0
DC,292 - HEART FAILURE & SHOCK W CC,861,9565.0
DC,300 - PERIPHERAL VASCULAR DISORDERS W CC,128,10502.0
DC,305 - HYPERTENSION W/O MCC,100,6900.0
DC,309 - CARDIAC ARRHYTHMIA & CONDUCTION DISORDERS W CC,201,8405.0
DC,310 - CARDIAC ARRHYTHMIA & CONDUCTION DISORDERS W/O CC/MCC,165,5327.0
DC,312 - SYNCOPE & COLLAPSE,280,7900.0
DC,313 - CHEST PAIN,276,6541.0
DC,314 - OTHER CIRCULATORY SYSTEM DIAGNOSES W MCC,252,18710.0
DC,329 - MAJOR SMALL & LARGE BOWEL PROCEDURES W MCC,84,49204.0
DC,330 - MAJOR SMALL & LARGE BOWEL PROCEDURES W CC,172,22000.0
DC,331 - MAJOR SMALL & LARGE BOWEL PROCEDURES W/O CC/MCC,100,14449.0
DC,371 - MAJOR GASTROINTESTINAL DISORDERS & PERITONEAL INFECTIONS W MCC,57,21590.0
DC,372 - MAJOR GASTROINTESTINAL DISORDERS & PERITONEAL INFECTIONS W CC,67,10830.0
DC,377 - G.I. HEMORRHAGE W MCC,209,17013.0
DC,378 - G.I. HEMORRHAGE W CC,434,9412.0
DC,379 - G.I. HEMORRHAGE W/O CC/MCC,139,6593.0
DC,389 - G.I. OBSTRUCTION W CC,135,8303.0
DC,"391 - ESOPHAGITIS, GASTROENT & MISC DIGEST DISORDERS W MCC",169,12082.0
DC,"392 - ESOPHAGITIS, GASTROENT & MISC DIGEST DISORDERS W/O MCC",508,7556.0
DC,393 - OTHER DIGESTIVE SYSTEM DIAGNOSES W MCC,63,22340.0
DC,394 - OTHER DIGESTIVE SYSTEM DIAGNOSES W CC,125,9634.0
DC,"407 - PANCREAS, LIVER & SHUNT PROCEDURES W/O CC/MCC",44,20379.0
DC,435 - MALIGNANCY OF HEPATOBILIARY SYSTEM OR PANCREAS W MCC,66,20912.0
DC,439 - DISORDERS OF PANCREAS EXCEPT MALIGNANCY W CC,77,10243.0
DC,"441 - DISORDERS OF LIVER EXCEPT MALIG,CIRR,ALC HEPA W MCC",71,26862.0
DC,"442 - DISORDERS OF LIVER EXCEPT MALIG,CIRR,ALC HEPA W CC",46,10168.0
DC,445 - DISORDERS OF THE BILIARY TRACT W CC,63,11279.0
DC,460 - SPINAL FUSION EXCEPT CERVICAL W/O MCC,336,34629.0
DC,"463 - WND DEBRID & SKN GRFT EXC HAND, FOR MUSCULO-CONN TISS DIS W MCC",44,55619.0
DC,467 - REVISION OF HIP OR KNEE REPLACEMENT W CC,66,27063.0
DC,468 - REVISION OF HIP OR KNEE REPLACEMENT W/O CC/MCC,115,21345.0
DC,469 - MAJOR JOINT REPLACEMENT OR REATTACHMENT OF LOWER EXTREMITY W MCC,49,28643.0
DC,470 - MAJOR JOINT REPLACEMENT OR REATTACHMENT OF LOWER EXTREMITY W/O MCC,1246,15826.0
DC,473 - CERVICAL SPINAL FUSION W/O CC/MCC,117,19989.0
DC,483 - MAJOR JOINT/LIMB REATTACHMENT PROCEDURE OF UPPER EXTREMITIES,96,20239.0
DC,"494 - LOWER EXTREM & HUMER PROC EXCEPT HIP,FOOT,FEMUR W/O CC/MCC",51,15780.0
DC,520 - BACK & NECK PROC EXC SPINAL FUSION W/O CC/MCC,78,12461.0
DC,552 - MEDICAL BACK PROBLEMS W/O MCC,167,9009.0
DC,603 - CELLULITIS W/O MCC,336,8130.0
DC,637 - DIABETES W MCC,77,15890.0
DC,638 - DIABETES W CC,182,8965.0
DC,"640 - MISC DISORDERS OF NUTRITION,METABOLISM,FLUIDS/ELECTROLYTES W MCC",371,10785.0
DC,"641 - MISC DISORDERS OF NUTRITION,METABOLISM,FLUIDS/ELECTROLYTES W/O MCC",421,7419.0
DC,652 - KIDNEY TRANSPLANT,103,35556.0
DC,682 - RENAL FAILURE W MCC,481,13931.0
DC,683 - RENAL FAILURE W CC,528,9273.0
DC,689 - KIDNEY & URINARY TRACT INFECTIONS W MCC,195,10728.0
DC,690 - KIDNEY & URINARY TRACT INFECTIONS W/O MCC,450,7809.0
DC,698 - OTHER KIDNEY & URINARY TRACT DIAGNOSES W MCC,93,17788.0
DC,699 - OTHER KIDNEY & URINARY TRACT DIAGNOSES W CC,125,10804.0
DC,809 - MAJOR HEMATOL/IMMUN DIAG EXC SICKLE CELL CRISIS & COAGUL W CC,49,11502.0
DC,811 - RED BLOOD CELL DISORDERS W MCC,145,13808.0
DC,812 - RED BLOOD CELL DISORDERS W/O MCC,360,8433.0
DC,847 - CHEMOTHERAPY W/O ACUTE LEUKEMIA AS SECONDARY DIAGNOSIS W CC,73,12630.0
DC,853 - INFECTIOUS & PARASITIC DISEASES W O.R. PROCEDURE W MCC,262,52090.0
DC,870 - SEPTICEMIA OR SEVERE SEPSIS W MV >96 HOURS,85,61107.0
DC,871 - SEPTICEMIA OR SEVERE SEPSIS W/O MV 96+ HOURS W MCC,903,17984.0
DC,872 - SEPTICEMIA OR SEVERE SEPSIS W/O MV >96 HOURS W/O MCC,343,10668.0
DC,920 - COMPLICATIONS OF TREATMENT W CC,61,11615.0
DC,948 - SIGNS & SYMPTOMS W/O MCC,144,7556.0
DC,981 - EXTENSIVE O.R. PROCEDURE UNRELATED TO PRINCIPAL DIAGNOSIS W MCC,91,51071.0
DC,039 - EXTRACRANIAL PROCEDURES W/O CC/MCC,48,9743.0
DC,"086 - TRAUMATIC STUPOR & COMA, COMA <1 HR W CC",48,11178.0
DC,"087 - TRAUMATIC STUPOR & COMA, COMA <1 HR W/O CC/MCC",51,7296.0
DC,175 - PULMONARY EMBOLISM W MCC,33,12238.0
DC,186 - PLEURAL EFFUSION W MCC,21,14189.0
DC,192 - CHRONIC OBSTRUCTIVE PULMONARY DISEASE W/O CC/MCC,192,7167.0
DC,195 - SIMPLE PNEUMONIA & PLEURISY W/O CC/MCC,126,6325.0
DC,202 - BRONCHITIS & ASTHMA W CC/MCC,71,8321.0
DC,203 - BRONCHITIS & ASTHMA W/O CC/MCC,54,7438.0
DC,216 - CARDIAC VALVE & OTH MAJ CARDIOTHORACIC PROC W CARD CATH W MCC,77,74611.0
DC,217 - CARDIAC VALVE & OTH MAJ CARDIOTHORACIC PROC W CARD CATH W CC,59,52619.0
DC,219 - CARDIAC VALVE & OTH MAJ CARDIOTHORACIC PROC W/O CARD CATH W MCC,74,63721.0
DC,220 - CARDIAC VALVE & OTH MAJ CARDIOTHORACIC PROC W/O CARD CATH W CC,94,43718.0
DC,233 - CORONARY BYPASS W CARDIAC CATH W MCC,71,59251.0
DC,234 - CORONARY BYPASS W CARDIAC CATH W/O MCC,112,39507.0
DC,235 - CORONARY BYPASS W/O CARDIAC CATH W MCC,87,46205.0
DC,236 - CORONARY BYPASS W/O CARDIAC CATH W/O MCC,143,31911.0
DC,237 - MAJOR CARDIOVASC PROCEDURES W MCC,103,47446.0
DC,238 - MAJOR CARDIOVASC PROCEDURES W/O MCC,127,28999.0
DC,243 - PERMANENT CARDIAC PACEMAKER IMPLANT W CC,49,22428.0
DC,244 - PERMANENT CARDIAC PACEMAKER IMPLANT W/O CC/MCC,56,16413.0
DC,246 - PERC CARDIOVASC PROC W DRUG-ELUTING STENT W MCC OR 4+ VESSELS/STENTS,127,28127.0
DC,247 - PERC CARDIOVASC PROC W DRUG-ELUTING STENT W/O MCC,239,17772.0
DC,250 - PERC CARDIOVASC PROC W/O CORONARY ARTERY STENT W MCC,110,26969.0
DC,251 - PERC CARDIOVASC PROC W/O CORONARY ARTERY STENT W/O MCC,157,17574.0
DC,254 - OTHER VASCULAR PROCEDURES W/O CC/MCC,48,15725.0
DC,266 - ENDOVASCULAR CARDIAC VALVE REPLACEMENT W MCC,70,71903.0
DC,267 - ENDOVASCULAR CARDIAC VALVE REPLACEMENT W/O MCC,115,50357.0
DC,"280 - ACUTE MYOCARDIAL INFARCTION, DISCHARGED ALIVE W MCC",185,15210.0
DC,"282 - ACUTE MYOCARDIAL INFARCTION, DISCHARGED ALIVE W/O CC/MCC",43,7455.0
DC,"286 - CIRCULATORY DISORDERS EXCEPT AMI, W CARD CATH W MCC",194,22980.0
DC,"287 - CIRCULATORY DISORDERS EXCEPT AMI, W CARD CATH W/O MCC",312,10792.0
DC,293 - HEART FAILURE & SHOCK W/O CC/MCC,262,6744.0
DC,301 - PERIPHERAL VASCULAR DISORDERS W/O CC/MCC,55,6975.0
DC,308 - CARDIAC ARRHYTHMIA & CONDUCTION DISORDERS W MCC,141,10553.0
DC,315 - OTHER CIRCULATORY SYSTEM DIAGNOSES W CC,68,11756.0
DC,336 - PERITONEAL ADHESIOLYSIS W CC,21,19830.0
DC,390 - G.I. OBSTRUCTION W/O CC/MCC,108,5655.0
DC,481 - HIP & FEMUR PROCEDURES EXCEPT MAJOR JOINT W CC,102,15488.0
DC,554 - BONE DISEASES & ARTHROPATHIES W/O MCC,71,8271.0
DC,658 - KIDNEY & URETER PROCEDURES FOR NEOPLASM W/O CC/MCC,21,14108.0
DC,684 - RENAL FAILURE W/O CC/MCC,55,5717.0
DC,708 - MAJOR MALE PELVIC PROCEDURES W/O CC/MCC,91,12369.0
DC,856 - POSTOPERATIVE OR POST-TRAUMATIC INFECTIONS W O.R. PROC W MCC,21,47383.0
DC,884 - ORGANIC DISTURBANCES & MENTAL RETARDATION,79,11453.0
DC,885 - PSYCHOSES,411,10416.0
DC,897 - ALCOHOL/DRUG ABUSE OR DEPENDENCE W/O REHABILITATION THERAPY W/O MCC,128,7143.0
DC,917 - POISONING & TOXIC EFFECTS OF DRUGS W MCC,48,14574.0
DC,918 - POISONING & TOXIC EFFECTS OF DRUGS W/O MCC,68,8099.0
DC,974 - HIV W MAJOR RELATED CONDITION W MCC,21,25199.0
VA,064 - INTRACRANIAL HEMORRHAGE OR CEREBRAL INFARCTION W MCC,2534,12141.0
VA,065 - INTRACRANIAL HEMORRHAGE OR CEREBRAL INFARCTION W CC OR TPA IN 24 HRS,3365,7199.0
VA,069 - TRANSIENT ISCHEMIA,1795,4747.0
VA,177 - RESPIRATORY INFECTIONS & INFLAMMATIONS W MCC,1866,12772.0
VA,189 - PULMONARY EDEMA & RESPIRATORY FAILURE,4961,8132.0
VA,190 - CHRONIC OBSTRUCTIVE PULMONARY DISEASE W MCC,3707,7749.0
VA,191 - CHRONIC OBSTRUCTIVE PULMONARY DISEASE W CC,3233,6265.0
VA,193 - SIMPLE PNEUMONIA & PLEURISY W MCC,3934,9453.0
VA,194 - SIMPLE PNEUMONIA & PLEURISY W CC,3491,6531.0
VA,202 - BRONCHITIS & ASTHMA W CC/MCC,1018,6045.0
VA,238 - MAJOR CARDIOVASC PROCEDURES W/O MCC,911,25074.0
VA,246 - PERC CARDIOVASC PROC W DRUG-ELUTING STENT W MCC OR 4+ VESSELS/STENTS,788,23928.0
VA,247 - PERC CARDIOVASC PROC W DRUG-ELUTING STENT W/O MCC,2147,14266.0
VA,"280 - ACUTE MYOCARDIAL INFARCTION, DISCHARGED ALIVE W MCC",1897,11499.0
VA,"281 - ACUTE MYOCARDIAL INFARCTION, DISCHARGED ALIVE W CC",1156,6997.0
VA,"282 - ACUTE MYOCARDIAL INFARCTION, DISCHARGED ALIVE W/O CC/MCC",497,5417.0
VA,"286 - CIRCULATORY DISORDERS EXCEPT AMI, W CARD CATH W MCC",858,17261.0
VA,"287 - CIRCULATORY DISORDERS EXCEPT AMI, W CARD CATH W/O MCC",2095,8281.0
VA,291 - HEART FAILURE & SHOCK W MCC,7385,9890.0
VA,292 - HEART FAILURE & SHOCK W CC,5813,6673.0
VA,308 - CARDIAC ARRHYTHMIA & CONDUCTION DISORDERS W MCC,2444,8260.0
VA,309 - CARDIAC ARRHYTHMIA & CONDUCTION DISORDERS W CC,2967,5557.0
VA,310 - CARDIAC ARRHYTHMIA & CONDUCTION DISORDERS W/O CC/MCC,2344,4162.0
VA,312 - SYNCOPE & COLLAPSE,2445,5137.0
VA,313 - CHEST PAIN,1953,4355.0
VA,314 - OTHER CIRCULATORY SYSTEM DIAGNOSES W MCC,1144,15108.0
VA,329 - MAJOR SMALL & LARGE BOWEL PROCEDURES W MCC,894,35112.0
VA,331 - MAJOR SMALL & LARGE BOWEL PROCEDURES W/O CC/MCC,627,11538.0
VA,377 - G.I. HEMORRHAGE W MCC,1770,12187.0
VA,378 - G.I. HEMORRHAGE W CC,4448,6729.0
VA,390 - G.I. OBSTRUCTION W/O CC/MCC,841,4504.0
VA,"392 - ESOPHAGITIS, GASTROENT & MISC DIGEST DISORDERS W/O MCC",4620,5283.0
VA,460 - SPINAL FUSION EXCEPT CERVICAL W/O MCC,2398,28332.0
VA,470 - MAJOR JOINT REPLACEMENT OR REATTACHMENT OF LOWER EXTREMITY W/O MCC,14239,13684.0
VA,481 - HIP & FEMUR PROCEDURES EXCEPT MAJOR JOINT W CC,2208,12636.0
VA,603 - CELLULITIS W/O MCC,3104,5870.0
VA,638 - DIABETES W CC,1229,5778.0
VA,"640 - MISC DISORDERS OF NUTRITION,METABOLISM,FLUIDS/ELECTROLYTES W MCC",1897,7613.0
VA,"641 - MISC DISORDERS OF NUTRITION,METABOLISM,FLUIDS/ELECTROLYTES W/O MCC",2838,4975.0
VA,682 - RENAL FAILURE W MCC,3644,10031.0
VA,683 - RENAL FAILURE W CC,4763,6423.0
VA,689 - KIDNEY & URINARY TRACT INFECTIONS W MCC,2606,7204.0
VA,690 - KIDNEY & URINARY TRACT INFECTIONS W/O MCC,3754,5371.0
VA,698 - OTHER KIDNEY & URINARY TRACT DIAGNOSES W MCC,1534,10909.0
VA,812 - RED BLOOD CELL DISORDERS W/O MCC,1808,5879.0
VA,847 - CHEMOTHERAPY W/O ACUTE LEUKEMIA AS SECONDARY DIAGNOSIS W CC,243,9821.0
VA,853 - INFECTIOUS & PARASITIC DISEASES W O.R. PROCEDURE W MCC,1861,35755.0
VA,871 - SEPTICEMIA OR SEVERE SEPSIS W/O MV 96+ HOURS W MCC,17342,11933.0
VA,872 - SEPTICEMIA OR SEVERE SEPSIS W/O MV >96 HOURS W/O MCC,4982,7188.0
VA,885 - PSYCHOSES,1754,7012.0
VA,483 - MAJOR JOINT/LIMB REATTACHMENT PROCEDURE OF UPPER EXTREMITIES,1349,16279.0
VA,066 - INTRACRANIAL HEMORRHAGE OR CEREBRAL INFARCTION W/O CC/MCC,1522,5324.0
VA,074 - CRANIAL & PERIPHERAL NERVE DISORDERS W/O MCC,412,6975.0
VA,"086 - TRAUMATIC STUPOR & COMA, COMA <1 HR W CC",427,8300.0
VA,101 - SEIZURES W/O MCC,1072,5808.0
VA,153 - OTITIS MEDIA & URI W/O MCC,534,5047.0
VA,175 - PULMONARY EMBOLISM W MCC,521,10459.0
VA,176 - PULMONARY EMBOLISM W/O MCC,967,6710.0
VA,178 - RESPIRATORY INFECTIONS & INFLAMMATIONS W CC,820,9346.0
VA,192 - CHRONIC OBSTRUCTIVE PULMONARY DISEASE W/O CC/MCC,1446,5067.0
VA,195 - SIMPLE PNEUMONIA & PLEURISY W/O CC/MCC,952,4852.0
VA,207 - RESPIRATORY SYSTEM DIAGNOSIS W VENTILATOR SUPPORT 96+ HOURS,401,38626.0
VA,243 - PERMANENT CARDIAC PACEMAKER IMPLANT W CC,654,17980.0
VA,293 - HEART FAILURE & SHOCK W/O CC/MCC,1501,4794.0
VA,300 - PERIPHERAL VASCULAR DISORDERS W CC,660,7015.0
VA,305 - HYPERTENSION W/O MCC,379,4576.0
VA,371 - MAJOR GASTROINTESTINAL DISORDERS & PERITONEAL INFECTIONS W MCC,458,12893.0
VA,372 - MAJOR GASTROINTESTINAL DISORDERS & PERITONEAL INFECTIONS W CC,720,7837.0
VA,389 - G.I. OBSTRUCTION W CC,1322,6211.0
VA,"391 - ESOPHAGITIS, GASTROENT & MISC DIGEST DISORDERS W MCC",1086,8736.0
VA,394 - OTHER DIGESTIVE SYSTEM DIAGNOSES W CC,1036,6661.0
VA,418 - LAPAROSCOPIC CHOLECYSTECTOMY W/O C.D.E. W CC,422,10893.0
VA,469 - MAJOR JOINT REPLACEMENT OR REATTACHMENT OF LOWER EXTREMITY W MCC,610,20716.0
VA,480 - HIP & FEMUR PROCEDURES EXCEPT MAJOR JOINT W MCC,642,20390.0
VA,482 - HIP & FEMUR PROCEDURES EXCEPT MAJOR JOINT W/O CC/MCC,464,11202.0
VA,536 - FRACTURES OF HIP & PELVIS W/O MCC,587,4862.0
VA,543 - PATHOLOGICAL FRACTURES & MUSCULOSKELET & CONN TISS MALIG W CC,178,9033.0
VA,552 - MEDICAL BACK PROBLEMS W/O MCC,1296,6287.0
VA,"558 - TENDONITIS, MYOSITIS & BURSITIS W/O MCC",189,5769.0
VA,"563 - FX, SPRN, STRN & DISL EXCEPT FEMUR, HIP, PELVIS & THIGH W/O MCC",410,5542.0
VA,602 - CELLULITIS W MCC,512,9740.0
VA,"605 - TRAUMA TO THE SKIN, SUBCUT TISS & BREAST W/O MCC",139,5316.0
VA,"617 - AMPUTAT OF LOWER LIMB FOR ENDOCRINE,NUTRIT,& METABOL DIS W CC",184,13062.0
VA,809 - MAJOR HEMATOL/IMMUN DIAG EXC SICKLE CELL CRISIS & COAGUL W CC,225,9290.0
VA,870 - SEPTICEMIA OR SEVERE SEPSIS W MV >96 HOURS,722,41411.0
VA,884 - ORGANIC DISTURBANCES & MENTAL RETARDATION,298,7465.0
VA,948 - SIGNS & SYMPTOMS W/O MCC,901,5176.0
VA,204 - RESPIRATORY SIGNS & SYMPTOMS,197,5103.0
VA,208 - RESPIRATORY SYSTEM DIAGNOSIS W VENTILATOR SUPPORT <96 HOURS,1385,16102.0
VA,473 - CERVICAL SPINAL FUSION W/O CC/MCC,821,15413.0
VA,684 - RENAL FAILURE W/O CC/MCC,565,4313.0
VA,"004 - TRACH W MV 96+ HRS OR PDX EXC FACE, MOUTH & NECK W/O MAJ O.R.",198,91082.0
VA,057 - DEGENERATIVE NERVOUS SYSTEM DISORDERS W/O MCC,460,7557.0
VA,"087 - TRAUMATIC STUPOR & COMA, COMA <1 HR W/O CC/MCC",286,6173.0
VA,149 - DYSEQUILIBRIUM,338,4439.0
VA,203 - BRONCHITIS & ASTHMA W/O CC/MCC,171,4458.0
VA,253 - OTHER VASCULAR PROCEDURES W CC,949,17695.0
VA,299 - PERIPHERAL VASCULAR DISORDERS W MCC,386,10093.0
VA,"328 - STOMACH, ESOPHAGEAL & DUODENAL PROC W/O CC/MCC",212,12051.0
VA,330 - MAJOR SMALL & LARGE BOWEL PROCEDURES W CC,1265,17305.0
VA,375 - DIGESTIVE MALIGNANCY W CC,175,8904.0
VA,379 - G.I. HEMORRHAGE W/O CC/MCC,613,4808.0
VA,419 - LAPAROSCOPIC CHOLECYSTECTOMY W/O C.D.E. W/O CC/MCC,237,8125.0
VA,439 - DISORDERS OF PANCREAS EXCEPT MALIGNANCY W CC,534,7284.0
VA,454 - COMBINED ANTERIOR/POSTERIOR SPINAL FUSION W CC,74,64361.0
VA,455 - COMBINED ANTERIOR/POSTERIOR SPINAL FUSION W/O CC/MCC,93,38696.0
VA,462 - BILATERAL OR MULTIPLE MAJOR JOINT PROCS OF LOWER EXTREMITY W/O MCC,167,24501.0
VA,467 - REVISION OF HIP OR KNEE REPLACEMENT W CC,490,22714.0
VA,468 - REVISION OF HIP OR KNEE REPLACEMENT W/O CC/MCC,399,18912.0
VA,472 - CERVICAL SPINAL FUSION W CC,245,21971.0
VA,811 - RED BLOOD CELL DISORDERS W MCC,700,9511.0
VA,920 - COMPLICATIONS OF TREATMENT W CC,152,7943.0
MD,"004 - TRACH W MV 96+ HRS OR PDX EXC FACE, MOUTH & NECK W/O MAJ O.R.",214,96860.0
MD,064 - INTRACRANIAL HEMORRHAGE OR CEREBRAL INFARCTION W MCC,1775,18477.0
MD,065 - INTRACRANIAL HEMORRHAGE OR CEREBRAL INFARCTION W CC OR TPA IN 24 HRS,2957,10377.0
MD,066 - INTRACRANIAL HEMORRHAGE OR CEREBRAL INFARCTION W/O CC/MCC,1480,7695.0
MD,069 - TRANSIENT ISCHEMIA,1392,7107.0
MD,101 - SEIZURES W/O MCC,1167,8741.0
MD,176 - PULMONARY EMBOLISM W/O MCC,1060,9460.0
MD,178 - RESPIRATORY INFECTIONS & INFLAMMATIONS W CC,932,11921.0
MD,189 - PULMONARY EDEMA & RESPIRATORY FAILURE,3596,18227.0
MD,190 - CHRONIC OBSTRUCTIVE PULMONARY DISEASE W MCC,3367,11775.0
MD,191 - CHRONIC OBSTRUCTIVE PULMONARY DISEASE W CC,3179,9120.0
MD,192 - CHRONIC OBSTRUCTIVE PULMONARY DISEASE W/O CC/MCC,1666,7036.0
MD,193 - SIMPLE PNEUMONIA & PLEURISY W MCC,2278,13069.0
MD,194 - SIMPLE PNEUMONIA & PLEURISY W CC,4816,9010.0
MD,195 - SIMPLE PNEUMONIA & PLEURISY W/O CC/MCC,1368,6591.0
MD,202 - BRONCHITIS & ASTHMA W CC/MCC,931,8362.0
MD,204 - RESPIRATORY SIGNS & SYMPTOMS,255,8547.0
MD,208 - RESPIRATORY SYSTEM DIAGNOSIS W VENTILATOR SUPPORT <96 HOURS,1289,21363.0
MD,253 - OTHER VASCULAR PROCEDURES W CC,831,24370.0
MD,"281 - ACUTE MYOCARDIAL INFARCTION, DISCHARGED ALIVE W CC",1280,9558.0
MD,291 - HEART FAILURE & SHOCK W MCC,4337,14102.0
MD,292 - HEART FAILURE & SHOCK W CC,6244,9431.0
MD,293 - HEART FAILURE & SHOCK W/O CC/MCC,1671,6598.0
MD,305 - HYPERTENSION W/O MCC,488,6532.0
MD,309 - CARDIAC ARRHYTHMIA & CONDUCTION DISORDERS W CC,2347,7611.0
MD,310 - CARDIAC ARRHYTHMIA & CONDUCTION DISORDERS W/O CC/MCC,1732,5308.0
MD,312 - SYNCOPE & COLLAPSE,2177,7718.0
MD,313 - CHEST PAIN,1507,6451.0
MD,314 - OTHER CIRCULATORY SYSTEM DIAGNOSES W MCC,1171,21067.0
MD,315 - OTHER CIRCULATORY SYSTEM DIAGNOSES W CC,520,11123.0
MD,329 - MAJOR SMALL & LARGE BOWEL PROCEDURES W MCC,677,45278.0
MD,330 - MAJOR SMALL & LARGE BOWEL PROCEDURES W CC,1149,25729.0
MD,377 - G.I. HEMORRHAGE W MCC,1175,16439.0
MD,378 - G.I. HEMORRHAGE W CC,3120,9304.0
MD,379 - G.I. HEMORRHAGE W/O CC/MCC,998,6664.0
MD,389 - G.I. OBSTRUCTION W CC,1229,8198.0
MD,390 - G.I. OBSTRUCTION W/O CC/MCC,705,6113.0
MD,"391 - ESOPHAGITIS, GASTROENT & MISC DIGEST DISORDERS W MCC",969,12661.0
MD,"392 - ESOPHAGITIS, GASTROENT & MISC DIGEST DISORDERS W/O MCC",4195,7496.0
MD,468 - REVISION OF HIP OR KNEE REPLACEMENT W/O CC/MCC,395,28223.0
MD,470 - MAJOR JOINT REPLACEMENT OR REATTACHMENT OF LOWER EXTREMITY W/O MCC,10266,19975.0
MD,481 - HIP & FEMUR PROCEDURES EXCEPT MAJOR JOINT W CC,1587,19709.0
MD,552 - MEDICAL BACK PROBLEMS W/O MCC,1381,8605.0
MD,556 - SIGNS & SYMPTOMS OF MUSCULOSKELETAL SYSTEM & CONN TISSUE W/O MCC,451,8035.0
MD,"563 - FX, SPRN, STRN & DISL EXCEPT FEMUR, HIP, PELVIS & THIGH W/O MCC",677,7663.0
MD,603 - CELLULITIS W/O MCC,3068,7855.0
MD,638 - DIABETES W CC,1430,8811.0
MD,"640 - MISC DISORDERS OF NUTRITION,METABOLISM,FLUIDS/ELECTROLYTES W MCC",1482,10756.0
MD,"641 - MISC DISORDERS OF NUTRITION,METABOLISM,FLUIDS/ELECTROLYTES W/O MCC",3118,7671.0
MD,682 - RENAL FAILURE W MCC,1827,15259.0
MD,683 - RENAL FAILURE W CC,3373,9301.0
MD,684 - RENAL FAILURE W/O CC/MCC,644,6275.0
MD,689 - KIDNEY & URINARY TRACT INFECTIONS W MCC,1426,10052.0
MD,690 - KIDNEY & URINARY TRACT INFECTIONS W/O MCC,4755,7538.0
MD,699 - OTHER KIDNEY & URINARY TRACT DIAGNOSES W CC,798,10665.0
MD,809 - MAJOR HEMATOL/IMMUN DIAG EXC SICKLE CELL CRISIS & COAGUL W CC,382,12484.0
MD,811 - RED BLOOD CELL DISORDERS W MCC,704,12765.0
MD,812 - RED BLOOD CELL DISORDERS W/O MCC,1883,8238.0
MD,853 - INFECTIOUS & PARASITIC DISEASES W O.R. PROCEDURE W MCC,1389,44757.0
MD,871 - SEPTICEMIA OR SEVERE SEPSIS W/O MV 96+ HOURS W MCC,10128,18354.0
MD,872 - SEPTICEMIA OR SEVERE SEPSIS W/O MV >96 HOURS W/O MCC,3920,10202.0
MD,918 - POISONING & TOXIC EFFECTS OF DRUGS W/O MCC,510,7299.0
MD,948 - SIGNS & SYMPTOMS W/O MCC,1462,7737.0
MD,254 - OTHER VASCULAR PROCEDURES W/O CC/MCC,346,18294.0
MD,"280 - ACUTE MYOCARDIAL INFARCTION, DISCHARGED ALIVE W MCC",1223,17875.0
MD,"282 - ACUTE MYOCARDIAL INFARCTION, DISCHARGED ALIVE W/O CC/MCC",696,6739.0
MD,300 - PERIPHERAL VASCULAR DISORDERS W CC,855,9777.0
MD,308 - CARDIAC ARRHYTHMIA & CONDUCTION DISORDERS W MCC,1243,12033.0
MD,372 - MAJOR GASTROINTESTINAL DISORDERS & PERITONEAL INFECTIONS W CC,766,10567.0
MD,394 - OTHER DIGESTIVE SYSTEM DIAGNOSES W CC,1068,9792.0
MD,439 - DISORDERS OF PANCREAS EXCEPT MALIGNANCY W CC,643,9263.0
MD,440 - DISORDERS OF PANCREAS EXCEPT MALIGNANCY W/O CC/MCC,164,5781.0
MD,480 - HIP & FEMUR PROCEDURES EXCEPT MAJOR JOINT W MCC,339,27478.0
MD,482 - HIP & FEMUR PROCEDURES EXCEPT MAJOR JOINT W/O CC/MCC,503,15586.0
MD,483 - MAJOR JOINT/LIMB REATTACHMENT PROCEDURE OF UPPER EXTREMITIES,900,24747.0
MD,536 - FRACTURES OF HIP & PELVIS W/O MCC,656,6883.0
MD,602 - CELLULITIS W MCC,368,12131.0
MD,885 - PSYCHOSES,6714,12314.0
MD,177 - RESPIRATORY INFECTIONS & INFLAMMATIONS W MCC,871,17276.0
MD,460 - SPINAL FUSION EXCEPT CERVICAL W/O MCC,1753,42132.0
MD,637 - DIABETES W MCC,386,14084.0
MD,057 - DEGENERATIVE NERVOUS SYSTEM DISORDERS W/O MCC,1227,16484.0
MD,070 - NONSPECIFIC CEREBROVASCULAR DISORDERS W MCC,131,17864.0
MD,071 - NONSPECIFIC CEREBROVASCULAR DISORDERS W CC,370,12980.0
MD,074 - CRANIAL & PERIPHERAL NERVE DISORDERS W/O MCC,477,8697.0
MD,100 - SEIZURES W MCC,553,16146.0
MD,149 - DYSEQUILIBRIUM,447,6648.0
MD,180 - RESPIRATORY NEOPLASMS W MCC,336,18937.0
MD,207 - RESPIRATORY SYSTEM DIAGNOSIS W VENTILATOR SUPPORT 96+ HOURS,548,45648.0
MD,252 - OTHER VASCULAR PROCEDURES W MCC,638,30283.0
MD,264 - OTHER CIRCULATORY SYSTEM O.R. PROCEDURES,189,39706.0
MD,"287 - CIRCULATORY DISORDERS EXCEPT AMI, W CARD CATH W/O MCC",1270,12331.0
MD,299 - PERIPHERAL VASCULAR DISORDERS W MCC,387,19112.0
MD,393 - OTHER DIGESTIVE SYSTEM DIAGNOSES W MCC,475,24170.0
MD,418 - LAPAROSCOPIC CHOLECYSTECTOMY W/O C.D.E. W CC,342,14385.0
MD,472 - CERVICAL SPINAL FUSION W CC,294,31986.0
MD,554 - BONE DISEASES & ARTHROPATHIES W/O MCC,459,9076.0
MD,"558 - TENDONITIS, MYOSITIS & BURSITIS W/O MCC",336,7517.0
MD,"617 - AMPUTAT OF LOWER LIMB FOR ENDOCRINE,NUTRIT,& METABOL DIS W CC",112,18506.0
MD,698 - OTHER KIDNEY & URINARY TRACT DIAGNOSES W MCC,807,15499.0
MD,708 - MAJOR MALE PELVIC PROCEDURES W/O CC/MCC,307,11298.0
MD,808 - MAJOR HEMATOL/IMMUN DIAG EXC SICKLE CELL CRISIS & COAGUL W MCC,94,33912.0
MD,870 - SEPTICEMIA OR SEVERE SEPSIS W MV >96 HOURS,634,50795.0
MD,981 - EXTENSIVE O.R. PROCEDURE UNRELATED TO PRINCIPAL DIAGNOSIS W MCC,409,47218.0
MD,945 - REHABILITATION W CC/MCC,3924,19509.0
MD,946 - REHABILITATION W/O CC/MCC,1059,15052.0
MD,181 - RESPIRATORY NEOPLASMS W CC,328,11478.0
MD,237 - MAJOR CARDIOVASC PROCEDURES W MCC,257,47040.0
MD,238 - MAJOR CARDIOVASC PROCEDURES W/O MCC,694,34133.0
MD,243 - PERMANENT CARDIAC PACEMAKER IMPLANT W CC,434,25621.0
MD,244 - PERMANENT CARDIAC PACEMAKER IMPLANT W/O CC/MCC,253,20783.0
MD,246 - PERC CARDIOVASC PROC W DRUG-ELUTING STENT W MCC OR 4+ VESSELS/STENTS,438,29927.0
MD,247 - PERC CARDIOVASC PROC W DRUG-ELUTING STENT W/O MCC,1326,19001.0
MD,249 - PERC CARDIOVASC PROC W NON-DRUG-ELUTING STENT W/O MCC,122,18506.0
MD,"286 - CIRCULATORY DISORDERS EXCEPT AMI, W CARD CATH W MCC",330,23018.0
MD,301 - PERIPHERAL VASCULAR DISORDERS W/O CC/MCC,109,7774.0
MD,371 - MAJOR GASTROINTESTINAL DISORDERS & PERITONEAL INFECTIONS W MCC,353,16762.0
MD,438 - DISORDERS OF PANCREAS EXCEPT MALIGNANCY W MCC,134,21741.0
MD,"442 - DISORDERS OF LIVER EXCEPT MALIG,CIRR,ALC HEPA W CC",410,10640.0
MD,694 - URINARY STONES W/O ESW LITHOTRIPSY W/O MCC,163,6908.0
MD,847 - CHEMOTHERAPY W/O ACUTE LEUKEMIA AS SECONDARY DIAGNOSIS W CC,195,14766.0
MD,880 - ACUTE ADJUSTMENT REACTION & PSYCHOSOCIAL DYSFUNCTION,47,14920.0
MD,881 - DEPRESSIVE NEUROSES,410,7710.0
MD,897 - ALCOHOL/DRUG ABUSE OR DEPENDENCE W/O REHABILITATION THERAPY W/O MCC,970,7364.0
MD,907 - OTHER O.R. PROCEDURES FOR INJURIES W MCC,52,52110.0
MD,917 - POISONING & TOXIC EFFECTS OF DRUGS W MCC,417,14893.0
MD,919 - COMPLICATIONS OF TREATMENT W MCC,112,27537.0
MD,947 - SIGNS & SYMPTOMS W MCC,313,11907.0
MD,982 - EXTENSIVE O.R. PROCEDURE UNRELATED TO PRINCIPAL DIAGNOSIS W CC,241,29151.0
MD,"003 - ECMO OR TRACH W MV >96 HRS OR PDX EXC FACE, MOUTH & NECK W MAJ O.R.",187,162528.0
MD,"085 - TRAUMATIC STUPOR & COMA, COMA <1 HR W MCC",169,21092.0
MD,"086 - TRAUMATIC STUPOR & COMA, COMA <1 HR W CC",410,10200.0
MD,175 - PULMONARY EMBOLISM W MCC,284,14321.0
MD,251 - PERC CARDIOVASC PROC W/O CORONARY ARTERY STENT W/O MCC,248,28205.0
MD,"493 - LOWER EXTREM & HUMER PROC EXCEPT HIP,FOOT,FEMUR W CC",319,23325.0
MD,"494 - LOWER EXTREM & HUMER PROC EXCEPT HIP,FOOT,FEMUR W/O CC/MCC",246,17811.0
MD,"605 - TRAUMA TO THE SKIN, SUBCUT TISS & BREAST W/O MCC",232,7611.0
MD,639 - DIABETES W/O CC/MCC,215,6051.0
MD,884 - ORGANIC DISTURBANCES & MENTAL RETARDATION,918,16900.0
MD,963 - OTHER MULTIPLE SIGNIFICANT TRAUMA W MCC,48,75457.0
MD,025 - CRANIOTOMY & ENDOVASCULAR INTRACRANIAL PROCEDURES W MCC,366,42726.0
MD,039 - EXTRACRANIAL PROCEDURES W/O CC/MCC,607,9096.0
MD,054 - NERVOUS SYSTEM NEOPLASMS W MCC,205,14185.0
MD,"087 - TRAUMATIC STUPOR & COMA, COMA <1 HR W/O CC/MCC",186,8284.0
MD,153 - OTITIS MEDIA & URI W/O MCC,581,7174.0
MD,164 - MAJOR CHEST PROCEDURES W CC,365,25670.0
MD,187 - PLEURAL EFFUSION W CC,97,10442.0
MD,206 - OTHER RESPIRATORY SYSTEM DIAGNOSES W/O MCC,218,8152.0
MD,219 - CARDIAC VALVE & OTH MAJ CARDIOTHORACIC PROC W/O CARD CATH W MCC,239,80800.0
MD,220 - CARDIAC VALVE & OTH MAJ CARDIOTHORACIC PROC W/O CARD CATH W CC,471,52126.0
MD,234 - CORONARY BYPASS W CARDIAC CATH W/O MCC,346,44373.0
MD,236 - CORONARY BYPASS W/O CARDIAC CATH W/O MCC,522,39823.0
MD,242 - PERMANENT CARDIAC PACEMAKER IMPLANT W MCC,136,37563.0
MD,336 - PERITONEAL ADHESIOLYSIS W CC,164,21094.0
MD,444 - DISORDERS OF THE BILIARY TRACT W MCC,148,17621.0
MD,445 - DISORDERS OF THE BILIARY TRACT W CC,304,10722.0
MD,467 - REVISION OF HIP OR KNEE REPLACEMENT W CC,283,30515.0
MD,469 - MAJOR JOINT REPLACEMENT OR REATTACHMENT OF LOWER EXTREMITY W MCC,343,27586.0
MD,473 - CERVICAL SPINAL FUSION W/O CC/MCC,450,26496.0
MD,516 - OTHER MUSCULOSKELET SYS & CONN TISS O.R. PROC W CC,124,22092.0
MD,519 - BACK & NECK PROC EXC SPINAL FUSION W CC,130,16530.0
MD,543 - PATHOLOGICAL FRACTURES & MUSCULOSKELET & CONN TISS MALIG W CC,193,11170.0
MD,551 - MEDICAL BACK PROBLEMS W MCC,135,24315.0
MD,854 - INFECTIOUS & PARASITIC DISEASES W O.R. PROCEDURE W CC,261,19455.0
MD,863 - POSTOPERATIVE & POST-TRAUMATIC INFECTIONS W/O MCC,301,10050.0
MD,920 - COMPLICATIONS OF TREATMENT W CC,248,11729.0
MD,056 - DEGENERATIVE NERVOUS SYSTEM DISORDERS W MCC,190,22947.0
MD,520 - BACK & NECK PROC EXC SPINAL FUSION W/O CC/MCC,344,13117.0
MD,091 - OTHER DISORDERS OF NERVOUS SYSTEM W MCC,54,16957.0
MD,092 - OTHER DISORDERS OF NERVOUS SYSTEM W CC,292,9794.0
MD,331 - MAJOR SMALL & LARGE BOWEL PROCEDURES W/O CC/MCC,385,18143.0
MD,435 - MALIGNANCY OF HEPATOBILIARY SYSTEM OR PANCREAS W MCC,125,23827.0
MD,"441 - DISORDERS OF LIVER EXCEPT MALIG,CIRR,ALC HEPA W MCC",247,29281.0
MD,621 - O.R. PROCEDURES FOR OBESITY W/O CC/MCC,212,15263.0
MD,862 - POSTOPERATIVE & POST-TRAUMATIC INFECTIONS W MCC,175,18390.0
MD,026 - CRANIOTOMY & ENDOVASCULAR INTRACRANIAL PROCEDURES W CC,105,42311.0
MD,027 - CRANIOTOMY & ENDOVASCULAR INTRACRANIAL PROCEDURES W/O CC/MCC,186,37432.0
MD,038 - EXTRACRANIAL PROCEDURES W CC,162,10173.0
MD,093 - OTHER DISORDERS OF NERVOUS SYSTEM W/O CC/MCC,92,10422.0
MD,103 - HEADACHES W/O MCC,128,7649.0
MD,163 - MAJOR CHEST PROCEDURES W MCC,135,45376.0
MD,166 - OTHER RESP SYSTEM O.R. PROCEDURES W MCC,258,36950.0
MD,186 - PLEURAL EFFUSION W MCC,67,12593.0
MD,203 - BRONCHITIS & ASTHMA W/O CC/MCC,208,7363.0
MD,239 - AMPUTATION FOR CIRC SYS DISORDERS EXC UPPER LIMB & TOE W MCC,68,45376.0
MD,240 - AMPUTATION FOR CIRC SYS DISORDERS EXC UPPER LIMB & TOE W CC,66,27141.0
MD,355 - HERNIA PROCEDURES EXCEPT INGUINAL & FEMORAL W/O CC/MCC,55,16157.0
MD,375 - DIGESTIVE MALIGNANCY W CC,172,13823.0
MD,388 - G.I. OBSTRUCTION W MCC,219,18884.0
MD,395 - OTHER DIGESTIVE SYSTEM DIAGNOSES W/O CC/MCC,137,6444.0
MD,432 - CIRRHOSIS & ALCOHOLIC HEPATITIS W MCC,78,28458.0
MD,436 - MALIGNANCY OF HEPATOBILIARY SYSTEM OR PANCREAS W CC,96,15873.0
MD,446 - DISORDERS OF THE BILIARY TRACT W/O CC/MCC,48,7943.0
MD,673 - OTHER KIDNEY & URINARY TRACT PROCEDURES W MCC,67,29062.0
MD,737 - UTERINE & ADNEXA PROC FOR OVARIAN OR ADNEXAL MALIGNANCY W CC,43,23611.0
MD,742 - UTERINE & ADNEXA PROC FOR NON-MALIGNANCY W CC/MCC,90,18126.0
MD,743 - UTERINE & ADNEXA PROC FOR NON-MALIGNANCY W/O CC/MCC,130,10106.0
MD,841 - LYMPHOMA & NON-ACUTE LEUKEMIA W CC,100,23339.0
MD,908 - OTHER O.R. PROCEDURES FOR INJURIES W CC,88,22332.0
MD,233 - CORONARY BYPASS W CARDIAC CATH W MCC,104,66352.0
MD,167 - OTHER RESP SYSTEM O.R. PROCEDURES W CC,204,20156.0
MD,179 - RESPIRATORY INFECTIONS & INFLAMMATIONS W/O CC/MCC,107,8769.0
MD,303 - ATHEROSCLEROSIS W/O MCC,210,7512.0
MD,419 - LAPAROSCOPIC CHOLECYSTECTOMY W/O C.D.E. W/O CC/MCC,113,10778.0
MD,462 - BILATERAL OR MULTIPLE MAJOR JOINT PROCS OF LOWER EXTREMITY W/O MCC,129,27993.0
MD,417 - LAPAROSCOPIC CHOLECYSTECTOMY W/O C.D.E. W MCC,58,18929.0
MD,644 - ENDOCRINE DISORDERS W CC,181,10634.0
MD,165 - MAJOR CHEST PROCEDURES W/O CC/MCC,253,19471.0
MD,200 - PNEUMOTHORAX W CC,65,9191.0
MD,227 - CARDIAC DEFIBRILLATOR IMPLANT W/O CARDIAC CATH W/O MCC,106,52221.0
MD,660 - KIDNEY & URETER PROCEDURES FOR NON-NEOPLASM W CC,65,22151.0
MD,669 - TRANSURETHRAL PROCEDURES W CC,104,11110.0
MD,696 - KIDNEY & URINARY TRACT SIGNS & SYMPTOMS W/O MCC,102,7552.0
MD,864 - FEVER,133,8592.0
MD,373 - MAJOR GASTROINTESTINAL DISORDERS & PERITONEAL INFECTIONS W/O CC/MCC,57,7132.0
MD,"326 - STOMACH, ESOPHAGEAL & DUODENAL PROC W MCC",85,60228.0
MD,"011 - TRACHEOSTOMY FOR FACE,MOUTH & NECK DIAGNOSES W MCC",21,90107.0
MD,023 - CRANIO W MAJOR DEV IMPL/ACUTE COMPLEX CNS PDX W MCC OR CHEMO IMPLANT,55,59217.0
MD,197 - INTERSTITIAL LUNG DISEASE W CC,51,13898.0
MD,205 - OTHER RESPIRATORY SYSTEM DIAGNOSES W MCC,55,37510.0
MD,216 - CARDIAC VALVE & OTH MAJ CARDIOTHORACIC PROC W CARD CATH W MCC,77,81352.0
MD,221 - CARDIAC VALVE & OTH MAJ CARDIOTHORACIC PROC W/O CARD CATH W/O CC/MCC,52,49708.0
MD,235 - CORONARY BYPASS W/O CARDIAC CATH W MCC,99,59068.0
MD,250 - PERC CARDIOVASC PROC W/O CORONARY ARTERY STENT W MCC,48,44265.0
MD,267 - ENDOVASCULAR CARDIAC VALVE REPLACEMENT W/O MCC,153,68927.0
MD,"283 - ACUTE MYOCARDIAL INFARCTION, EXPIRED W MCC",65,19888.0
MD,"327 - STOMACH, ESOPHAGEAL & DUODENAL PROC W CC",109,34502.0
MD,354 - HERNIA PROCEDURES EXCEPT INGUINAL & FEMORAL W CC,62,24299.0
MD,357 - OTHER DIGESTIVE SYSTEM O.R. PROCEDURES W CC,48,20680.0
MD,"405 - PANCREAS, LIVER & SHUNT PROCEDURES W MCC",59,69447.0
MD,"406 - PANCREAS, LIVER & SHUNT PROCEDURES W CC",143,33502.0
MD,457 - SPINAL FUS EXC CERV W SPINAL CURV/MALIG/INFEC OR EXT FUS W CC,82,73814.0
MD,"464 - WND DEBRID & SKN GRFT EXC HAND, FOR MUSCULO-CONN TISS DIS W CC",89,41437.0
MD,652 - KIDNEY TRANSPLANT,344,106697.0
MD,658 - KIDNEY & URETER PROCEDURES FOR NEOPLASM W/O CC/MCC,102,17396.0
MD,661 - KIDNEY & URETER PROCEDURES FOR NON-NEOPLASM W/O CC/MCC,44,18520.0
MD,834 - ACUTE LEUKEMIA W/O MAJOR O.R. PROCEDURE W MCC,68,89445.0
MD,957 - OTHER O.R. PROCEDURES FOR MULTIPLE SIGNIFICANT TRAUMA W MCC,33,73593.0
MD,974 - HIV W MAJOR RELATED CONDITION W MCC,99,30386.0
MD,374 - DIGESTIVE MALIGNANCY W MCC,33,48359.0
MD,454 - COMBINED ANTERIOR/POSTERIOR SPINAL FUSION W CC,60,26626.0
MD,857 - POSTOPERATIVE OR POST-TRAUMATIC INFECTIONS W O.R. PROC W CC,71,19416.0
MD,"328 - STOMACH, ESOPHAGEAL & DUODENAL PROC W/O CC/MCC",88,16568.0
MD,032 - VENTRICULAR SHUNT PROCEDURES W CC,33,21849.0
MD,033 - VENTRICULAR SHUNT PROCEDURES W/O CC/MCC,52,18281.0
MD,041 - PERIPH/CRANIAL NERVE & OTHER NERV SYST PROC W CC OR PERIPH NEUROSTIM,47,25532.0
MD,975 - HIV W MAJOR RELATED CONDITION W CC,44,15494.0
VA,039 - EXTRACRANIAL PROCEDURES W/O CC/MCC,689,7672.0
VA,092 - OTHER DISORDERS OF NERVOUS SYSTEM W CC,432,6603.0
VA,100 - SEIZURES W MCC,535,12045.0
VA,252 - OTHER VASCULAR PROCEDURES W MCC,742,24469.0
VA,386 - INFLAMMATORY BOWEL DISEASE W CC,63,7707.0
VA,621 - O.R. PROCEDURES FOR OBESITY W/O CC/MCC,234,10986.0
VA,699 - OTHER KIDNEY & URINARY TRACT DIAGNOSES W CC,696,8219.0
VA,001 - HEART TRANSPLANT OR IMPLANT OF HEART ASSIST SYSTEM W MCC,55,259515.0
VA,"003 - ECMO OR TRACH W MV >96 HRS OR PDX EXC FACE, MOUTH & NECK W MAJ O.R.",232,173080.0
VA,023 - CRANIO W MAJOR DEV IMPL/ACUTE COMPLEX CNS PDX W MCC OR CHEMO IMPLANT,191,44384.0
VA,025 - CRANIOTOMY & ENDOVASCULAR INTRACRANIAL PROCEDURES W MCC,507,32550.0
VA,026 - CRANIOTOMY & ENDOVASCULAR INTRACRANIAL PROCEDURES W CC,140,26283.0
VA,027 - CRANIOTOMY & ENDOVASCULAR INTRACRANIAL PROCEDURES W/O CC/MCC,262,18934.0
VA,038 - EXTRACRANIAL PROCEDURES W CC,156,11270.0
VA,054 - NERVOUS SYSTEM NEOPLASMS W MCC,307,10606.0
VA,056 - DEGENERATIVE NERVOUS SYSTEM DISORDERS W MCC,140,11923.0
VA,062 - ACUTE ISCHEMIC STROKE W USE OF THROMBOLYTIC AGENT W CC,61,12914.0
VA,070 - NONSPECIFIC CEREBROVASCULAR DISORDERS W MCC,222,12003.0
VA,071 - NONSPECIFIC CEREBROVASCULAR DISORDERS W CC,369,7100.0
VA,073 - CRANIAL & PERIPHERAL NERVE DISORDERS W MCC,73,10384.0
VA,"082 - TRAUMATIC STUPOR & COMA, COMA >1 HR W MCC",61,15486.0
VA,"085 - TRAUMATIC STUPOR & COMA, COMA <1 HR W MCC",325,15033.0
VA,091 - OTHER DISORDERS OF NERVOUS SYSTEM W MCC,194,12508.0
VA,093 - OTHER DISORDERS OF NERVOUS SYSTEM W/O CC/MCC,86,5838.0
VA,152 - OTITIS MEDIA & URI W MCC,100,7173.0
VA,163 - MAJOR CHEST PROCEDURES W MCC,181,41462.0
VA,164 - MAJOR CHEST PROCEDURES W CC,391,18250.0
VA,165 - MAJOR CHEST PROCEDURES W/O CC/MCC,250,14213.0
VA,166 - OTHER RESP SYSTEM O.R. PROCEDURES W MCC,377,25794.0
VA,167 - OTHER RESP SYSTEM O.R. PROCEDURES W CC,142,14238.0
VA,180 - RESPIRATORY NEOPLASMS W MCC,399,11816.0
VA,181 - RESPIRATORY NEOPLASMS W CC,257,8061.0
VA,183 - MAJOR CHEST TRAUMA W MCC,63,12950.0
VA,184 - MAJOR CHEST TRAUMA W CC,122,8867.0
VA,186 - PLEURAL EFFUSION W MCC,113,10409.0
VA,196 - INTERSTITIAL LUNG DISEASE W MCC,72,11746.0
VA,200 - PNEUMOTHORAX W CC,46,7452.0
VA,205 - OTHER RESPIRATORY SYSTEM DIAGNOSES W MCC,69,12959.0
VA,206 - OTHER RESPIRATORY SYSTEM DIAGNOSES W/O MCC,141,6034.0
VA,216 - CARDIAC VALVE & OTH MAJ CARDIOTHORACIC PROC W CARD CATH W MCC,187,78207.0
VA,219 - CARDIAC VALVE & OTH MAJ CARDIOTHORACIC PROC W/O CARD CATH W MCC,473,63031.0
VA,220 - CARDIAC VALVE & OTH MAJ CARDIOTHORACIC PROC W/O CARD CATH W CC,513,36806.0
VA,221 - CARDIAC VALVE & OTH MAJ CARDIOTHORACIC PROC W/O CARD CATH W/O CC/MCC,73,37155.0
VA,226 - CARDIAC DEFIBRILLATOR IMPLANT W/O CARDIAC CATH W MCC,54,51528.0
VA,227 - CARDIAC DEFIBRILLATOR IMPLANT W/O CARDIAC CATH W/O MCC,118,39484.0
VA,233 - CORONARY BYPASS W CARDIAC CATH W MCC,175,59939.0
VA,234 - CORONARY BYPASS W CARDIAC CATH W/O MCC,326,31954.0
VA,235 - CORONARY BYPASS W/O CARDIAC CATH W MCC,263,48465.0
VA,236 - CORONARY BYPASS W/O CARDIAC CATH W/O MCC,529,27453.0
VA,237 - MAJOR CARDIOVASC PROCEDURES W MCC,385,47098.0
VA,242 - PERMANENT CARDIAC PACEMAKER IMPLANT W MCC,417,25614.0
VA,244 - PERMANENT CARDIAC PACEMAKER IMPLANT W/O CC/MCC,383,14276.0
VA,248 - PERC CARDIOVASC PROC W NON-DRUG-ELUTING STENT W MCC OR 4+ VES/STENTS,188,22407.0
VA,249 - PERC CARDIOVASC PROC W NON-DRUG-ELUTING STENT W/O MCC,378,13170.0
VA,250 - PERC CARDIOVASC PROC W/O CORONARY ARTERY STENT W MCC,276,25335.0
VA,251 - PERC CARDIOVASC PROC W/O CORONARY ARTERY STENT W/O MCC,558,17210.0
VA,254 - OTHER VASCULAR PROCEDURES W/O CC/MCC,328,12595.0
VA,264 - OTHER CIRCULATORY SYSTEM O.R. PROCEDURES,225,21487.0
VA,266 - ENDOVASCULAR CARDIAC VALVE REPLACEMENT W MCC,215,61763.0
VA,267 - ENDOVASCULAR CARDIAC VALVE REPLACEMENT W/O MCC,263,45648.0
VA,"283 - ACUTE MYOCARDIAL INFARCTION, EXPIRED W MCC",194,13638.0
VA,301 - PERIPHERAL VASCULAR DISORDERS W/O CC/MCC,101,5875.0
VA,315 - OTHER CIRCULATORY SYSTEM DIAGNOSES W CC,371,7572.0
VA,"326 - STOMACH, ESOPHAGEAL & DUODENAL PROC W MCC",140,47553.0
VA,"327 - STOMACH, ESOPHAGEAL & DUODENAL PROC W CC",123,23999.0
VA,336 - PERITONEAL ADHESIOLYSIS W CC,133,16246.0
VA,357 - OTHER DIGESTIVE SYSTEM O.R. PROCEDURES W CC,53,16135.0
VA,374 - DIGESTIVE MALIGNANCY W MCC,88,14708.0
VA,388 - G.I. OBSTRUCTION W MCC,235,11922.0
VA,393 - OTHER DIGESTIVE SYSTEM DIAGNOSES W MCC,368,12272.0
VA,"405 - PANCREAS, LIVER & SHUNT PROCEDURES W MCC",59,55113.0
VA,417 - LAPAROSCOPIC CHOLECYSTECTOMY W/O C.D.E. W MCC,149,17026.0
VA,432 - CIRRHOSIS & ALCOHOLIC HEPATITIS W MCC,121,15126.0
VA,435 - MALIGNANCY OF HEPATOBILIARY SYSTEM OR PANCREAS W MCC,229,14518.0
VA,436 - MALIGNANCY OF HEPATOBILIARY SYSTEM OR PANCREAS W CC,91,8640.0
VA,440 - DISORDERS OF PANCREAS EXCEPT MALIGNANCY W/O CC/MCC,176,5334.0
VA,"441 - DISORDERS OF LIVER EXCEPT MALIG,CIRR,ALC HEPA W MCC",366,15107.0
VA,"442 - DISORDERS OF LIVER EXCEPT MALIG,CIRR,ALC HEPA W CC",412,6932.0
VA,444 - DISORDERS OF THE BILIARY TRACT W MCC,113,14107.0
VA,445 - DISORDERS OF THE BILIARY TRACT W CC,252,8358.0
VA,459 - SPINAL FUSION EXCEPT CERVICAL W MCC,64,50298.0
VA,"463 - WND DEBRID & SKN GRFT EXC HAND, FOR MUSCULO-CONN TISS DIS W MCC",43,53145.0
VA,"464 - WND DEBRID & SKN GRFT EXC HAND, FOR MUSCULO-CONN TISS DIS W CC",113,23682.0
VA,"492 - LOWER EXTREM & HUMER PROC EXCEPT HIP,FOOT,FEMUR W MCC",58,27968.0
VA,"493 - LOWER EXTREM & HUMER PROC EXCEPT HIP,FOOT,FEMUR W CC",361,14866.0
VA,"494 - LOWER EXTREM & HUMER PROC EXCEPT HIP,FOOT,FEMUR W/O CC/MCC",221,11648.0
VA,516 - OTHER MUSCULOSKELET SYS & CONN TISS O.R. PROC W CC,117,12993.0
VA,519 - BACK & NECK PROC EXC SPINAL FUSION W CC,203,12719.0
VA,520 - BACK & NECK PROC EXC SPINAL FUSION W/O CC/MCC,388,8359.0
VA,551 - MEDICAL BACK PROBLEMS W MCC,233,11109.0
VA,554 - BONE DISEASES & ARTHROPATHIES W/O MCC,121,5920.0
VA,556 - SIGNS & SYMPTOMS OF MUSCULOSKELETAL SYSTEM & CONN TISSUE W/O MCC,165,5295.0
VA,637 - DIABETES W MCC,646,9761.0
VA,643 - ENDOCRINE DISORDERS W MCC,104,12005.0
VA,644 - ENDOCRINE DISORDERS W CC,171,7867.0
VA,652 - KIDNEY TRANSPLANT,303,39754.0
VA,657 - KIDNEY & URETER PROCEDURES FOR NEOPLASM W CC,138,15733.0
VA,660 - KIDNEY & URETER PROCEDURES FOR NON-NEOPLASM W CC,57,16920.0
VA,669 - TRANSURETHRAL PROCEDURES W CC,126,8919.0
VA,694 - URINARY STONES W/O ESW LITHOTRIPSY W/O MCC,108,4975.0
VA,743 - UTERINE & ADNEXA PROC FOR NON-MALIGNANCY W/O CC/MCC,102,7621.0
VA,854 - INFECTIOUS & PARASITIC DISEASES W O.R. PROCEDURE W CC,299,15881.0
VA,856 - POSTOPERATIVE OR POST-TRAUMATIC INFECTIONS W O.R. PROC W MCC,53,35874.0
VA,857 - POSTOPERATIVE OR POST-TRAUMATIC INFECTIONS W O.R. PROC W CC,65,14912.0
VA,862 - POSTOPERATIVE & POST-TRAUMATIC INFECTIONS W MCC,109,15513.0
VA,863 - POSTOPERATIVE & POST-TRAUMATIC INFECTIONS W/O MCC,172,8133.0
VA,864 - FEVER,176,7631.0
VA,896 - ALCOHOL/DRUG ABUSE OR DEPENDENCE W/O REHABILITATION THERAPY W MCC,52,10168.0
VA,897 - ALCOHOL/DRUG ABUSE OR DEPENDENCE W/O REHABILITATION THERAPY W/O MCC,548,5205.0
VA,907 - OTHER O.R. PROCEDURES FOR INJURIES W MCC,95,39402.0
VA,908 - OTHER O.R. PROCEDURES FOR INJURIES W CC,63,17180.0
VA,917 - POISONING & TOXIC EFFECTS OF DRUGS W MCC,530,9863.0
VA,918 - POISONING & TOXIC EFFECTS OF DRUGS W/O MCC,333,4833.0
VA,919 - COMPLICATIONS OF TREATMENT W MCC,216,14357.0
VA,947 - SIGNS & SYMPTOMS W MCC,149,7987.0
VA,"956 - LIMB REATTACHMENT, HIP & FEMUR PROC FOR MULTIPLE SIGNIFICANT TRAUMA",75,36277.0
VA,963 - OTHER MULTIPLE SIGNIFICANT TRAUMA W MCC,44,24358.0
VA,981 - EXTENSIVE O.R. PROCEDURE UNRELATED TO PRINCIPAL DIAGNOSIS W MCC,397,36397.0
VA,982 - EXTENSIVE O.R. PROCEDURE UNRELATED TO PRINCIPAL DIAGNOSIS W CC,235,22861.0
VA,373 - MAJOR GASTROINTESTINAL DISORDERS & PERITONEAL INFECTIONS W/O CC/MCC,61,5849.0
VA,708 - MAJOR MALE PELVIC PROCEDURES W/O CC/MCC,288,9993.0
VA,103 - HEADACHES W/O MCC,99,5574.0
VA,673 - OTHER KIDNEY & URINARY TRACT PROCEDURES W MCC,95,26595.0
VA,395 - OTHER DIGESTIVE SYSTEM DIAGNOSES W/O CC/MCC,110,5134.0
VA,438 - DISORDERS OF PANCREAS EXCEPT MALIGNANCY W MCC,166,14714.0
VA,658 - KIDNEY & URETER PROCEDURES FOR NEOPLASM W/O CC/MCC,83,12058.0
VA,239 - AMPUTATION FOR CIRC SYS DISORDERS EXC UPPER LIMB & TOE W MCC,86,33258.0
VA,240 - AMPUTATION FOR CIRC SYS DISORDERS EXC UPPER LIMB & TOE W CC,102,19524.0
VA,303 - ATHEROSCLEROSIS W/O MCC,261,4423.0
VA,881 - DEPRESSIVE NEUROSES,54,5127.0
VA,033 - VENTRICULAR SHUNT PROCEDURES W/O CC/MCC,49,14498.0
VA,055 - NERVOUS SYSTEM NEOPLASMS W/O MCC,56,10152.0
VA,337 - PERITONEAL ADHESIOLYSIS W/O CC/MCC,43,13244.0
VA,457 - SPINAL FUS EXC CERV W SPINAL CURV/MALIG/INFEC OR EXT FUS W CC,67,66488.0
VA,458 - SPINAL FUS EXC CERV W SPINAL CURV/MALIG/INFEC OR 9+ FUS W/O CC/MCC,33,53243.0
VA,838 - CHEMO W ACUTE LEUKEMIA AS SDX W CC OR HIGH DOSE CHEMO AGENT,21,29039.0
VA,639 - DIABETES W/O CC/MCC,33,3980.0
VA,478 - BIOPSIES OF MUSCULOSKELETAL SYSTEM & CONNECTIVE TISSUE W CC,83,14843.0
WV,066 - INTRACRANIAL HEMORRHAGE OR CEREBRAL INFARCTION W/O CC/MCC,395,6104.0
WV,069 - TRANSIENT ISCHEMIA,501,5094.0
WV,189 - PULMONARY EDEMA & RESPIRATORY FAILURE,1533,7941.0
WV,190 - CHRONIC OBSTRUCTIVE PULMONARY DISEASE W MCC,1754,7641.0
WV,191 - CHRONIC OBSTRUCTIVE PULMONARY DISEASE W CC,1553,6278.0
WV,192 - CHRONIC OBSTRUCTIVE PULMONARY DISEASE W/O CC/MCC,895,5073.0
WV,193 - SIMPLE PNEUMONIA & PLEURISY W MCC,1427,9183.0
WV,194 - SIMPLE PNEUMONIA & PLEURISY W CC,1714,6555.0
WV,195 - SIMPLE PNEUMONIA & PLEURISY W/O CC/MCC,507,4778.0
WV,207 - RESPIRATORY SYSTEM DIAGNOSIS W VENTILATOR SUPPORT 96+ HOURS,203,35643.0
WV,208 - RESPIRATORY SYSTEM DIAGNOSIS W VENTILATOR SUPPORT <96 HOURS,622,14988.0
WV,247 - PERC CARDIOVASC PROC W DRUG-ELUTING STENT W/O MCC,942,14096.0
WV,253 - OTHER VASCULAR PROCEDURES W CC,327,18386.0
WV,"280 - ACUTE MYOCARDIAL INFARCTION, DISCHARGED ALIVE W MCC",709,10957.0
WV,"281 - ACUTE MYOCARDIAL INFARCTION, DISCHARGED ALIVE W CC",534,7033.0
WV,"287 - CIRCULATORY DISORDERS EXCEPT AMI, W CARD CATH W/O MCC",922,7615.0
WV,291 - HEART FAILURE & SHOCK W MCC,1709,9597.0
WV,292 - HEART FAILURE & SHOCK W CC,1870,6528.0
WV,300 - PERIPHERAL VASCULAR DISORDERS W CC,365,6839.0
WV,308 - CARDIAC ARRHYTHMIA & CONDUCTION DISORDERS W MCC,571,8454.0
WV,312 - SYNCOPE & COLLAPSE,554,5331.0
WV,313 - CHEST PAIN,749,4694.0
WV,330 - MAJOR SMALL & LARGE BOWEL PROCEDURES W CC,310,17012.0
WV,378 - G.I. HEMORRHAGE W CC,1160,6753.0
WV,"392 - ESOPHAGITIS, GASTROENT & MISC DIGEST DISORDERS W/O MCC",1519,5426.0
WV,"441 - DISORDERS OF LIVER EXCEPT MALIG,CIRR,ALC HEPA W MCC",84,14813.0
WV,470 - MAJOR JOINT REPLACEMENT OR REATTACHMENT OF LOWER EXTREMITY W/O MCC,2894,13108.0
WV,481 - HIP & FEMUR PROCEDURES EXCEPT MAJOR JOINT W CC,724,12701.0
WV,482 - HIP & FEMUR PROCEDURES EXCEPT MAJOR JOINT W/O CC/MCC,151,10706.0
WV,603 - CELLULITIS W/O MCC,1159,5707.0
WV,638 - DIABETES W CC,429,6004.0
WV,"641 - MISC DISORDERS OF NUTRITION,METABOLISM,FLUIDS/ELECTROLYTES W/O MCC",724,4964.0
WV,682 - RENAL FAILURE W MCC,822,10162.0
WV,683 - RENAL FAILURE W CC,1379,6492.0
WV,690 - KIDNEY & URINARY TRACT INFECTIONS W/O MCC,1376,5480.0
WV,812 - RED BLOOD CELL DISORDERS W/O MCC,553,5623.0
WV,853 - INFECTIOUS & PARASITIC DISEASES W O.R. PROCEDURE W MCC,582,33679.0
WV,871 - SEPTICEMIA OR SEVERE SEPSIS W/O MV 96+ HOURS W MCC,4298,11884.0
WV,872 - SEPTICEMIA OR SEVERE SEPSIS W/O MV >96 HOURS W/O MCC,1192,7187.0
WV,065 - INTRACRANIAL HEMORRHAGE OR CEREBRAL INFARCTION W CC OR TPA IN 24 HRS,788,7756.0
WV,176 - PULMONARY EMBOLISM W/O MCC,264,6838.0
WV,177 - RESPIRATORY INFECTIONS & INFLAMMATIONS W MCC,582,12024.0
WV,178 - RESPIRATORY INFECTIONS & INFLAMMATIONS W CC,398,9028.0
WV,293 - HEART FAILURE & SHOCK W/O CC/MCC,506,4731.0
WV,303 - ATHEROSCLEROSIS W/O MCC,146,4650.0
WV,309 - CARDIAC ARRHYTHMIA & CONDUCTION DISORDERS W CC,916,5546.0
WV,310 - CARDIAC ARRHYTHMIA & CONDUCTION DISORDERS W/O CC/MCC,847,4077.0
WV,329 - MAJOR SMALL & LARGE BOWEL PROCEDURES W MCC,216,34939.0
WV,377 - G.I. HEMORRHAGE W MCC,413,11895.0
WV,379 - G.I. HEMORRHAGE W/O CC/MCC,118,4941.0
WV,389 - G.I. OBSTRUCTION W CC,398,6050.0
WV,462 - BILATERAL OR MULTIPLE MAJOR JOINT PROCS OF LOWER EXTREMITY W/O MCC,46,18775.0
WV,469 - MAJOR JOINT REPLACEMENT OR REATTACHMENT OF LOWER EXTREMITY W MCC,114,21327.0
WV,"494 - LOWER EXTREM & HUMER PROC EXCEPT HIP,FOOT,FEMUR W/O CC/MCC",93,10967.0
WV,"640 - MISC DISORDERS OF NUTRITION,METABOLISM,FLUIDS/ELECTROLYTES W MCC",305,7974.0
WV,684 - RENAL FAILURE W/O CC/MCC,171,4584.0
WV,689 - KIDNEY & URINARY TRACT INFECTIONS W MCC,518,7406.0
WV,870 - SEPTICEMIA OR SEVERE SEPSIS W MV >96 HOURS,276,39203.0
WV,918 - POISONING & TOXIC EFFECTS OF DRUGS W/O MCC,196,4868.0
WV,948 - SIGNS & SYMPTOMS W/O MCC,308,5431.0
WV,390 - G.I. OBSTRUCTION W/O CC/MCC,167,4768.0
WV,637 - DIABETES W MCC,145,10264.0
WV,698 - OTHER KIDNEY & URINARY TRACT DIAGNOSES W MCC,202,11035.0
WV,884 - ORGANIC DISTURBANCES & MENTAL RETARDATION,90,7776.0
WV,"004 - TRACH W MV 96+ HRS OR PDX EXC FACE, MOUTH & NECK W/O MAJ O.R.",47,63601.0
WV,025 - CRANIOTOMY & ENDOVASCULAR INTRACRANIAL PROCEDURES W MCC,105,33056.0
WV,039 - EXTRACRANIAL PROCEDURES W/O CC/MCC,255,6846.0
WV,057 - DEGENERATIVE NERVOUS SYSTEM DISORDERS W/O MCC,86,8174.0
WV,064 - INTRACRANIAL HEMORRHAGE OR CEREBRAL INFARCTION W MCC,554,12994.0
WV,070 - NONSPECIFIC CEREBROVASCULAR DISORDERS W MCC,65,14376.0
WV,071 - NONSPECIFIC CEREBROVASCULAR DISORDERS W CC,65,7655.0
WV,074 - CRANIAL & PERIPHERAL NERVE DISORDERS W/O MCC,64,6954.0
WV,"085 - TRAUMATIC STUPOR & COMA, COMA <1 HR W MCC",49,15889.0
WV,"086 - TRAUMATIC STUPOR & COMA, COMA <1 HR W CC",117,8852.0
WV,"087 - TRAUMATIC STUPOR & COMA, COMA <1 HR W/O CC/MCC",85,6240.0
WV,092 - OTHER DISORDERS OF NERVOUS SYSTEM W CC,52,7248.0
WV,100 - SEIZURES W MCC,119,12701.0
WV,101 - SEIZURES W/O MCC,272,6484.0
WV,153 - OTITIS MEDIA & URI W/O MCC,99,5197.0
WV,164 - MAJOR CHEST PROCEDURES W CC,60,18873.0
WV,165 - MAJOR CHEST PROCEDURES W/O CC/MCC,53,14346.0
WV,166 - OTHER RESP SYSTEM O.R. PROCEDURES W MCC,119,25193.0
WV,167 - OTHER RESP SYSTEM O.R. PROCEDURES W CC,48,12445.0
WV,175 - PULMONARY EMBOLISM W MCC,60,12472.0
WV,180 - RESPIRATORY NEOPLASMS W MCC,93,15191.0
WV,181 - RESPIRATORY NEOPLASMS W CC,81,8673.0
WV,202 - BRONCHITIS & ASTHMA W CC/MCC,121,5584.0
WV,204 - RESPIRATORY SIGNS & SYMPTOMS,59,6792.0
WV,219 - CARDIAC VALVE & OTH MAJ CARDIOTHORACIC PROC W/O CARD CATH W MCC,21,49517.0
WV,220 - CARDIAC VALVE & OTH MAJ CARDIOTHORACIC PROC W/O CARD CATH W CC,53,33086.0
WV,226 - CARDIAC DEFIBRILLATOR IMPLANT W/O CARDIAC CATH W MCC,21,42259.0
WV,233 - CORONARY BYPASS W CARDIAC CATH W MCC,93,48075.0
WV,234 - CORONARY BYPASS W CARDIAC CATH W/O MCC,262,31662.0
WV,236 - CORONARY BYPASS W/O CARDIAC CATH W/O MCC,257,26152.0
WV,237 - MAJOR CARDIOVASC PROCEDURES W MCC,91,36899.0
WV,238 - MAJOR CARDIOVASC PROCEDURES W/O MCC,280,21331.0
WV,242 - PERMANENT CARDIAC PACEMAKER IMPLANT W MCC,85,24234.0
WV,243 - PERMANENT CARDIAC PACEMAKER IMPLANT W CC,205,17910.0
WV,244 - PERMANENT CARDIAC PACEMAKER IMPLANT W/O CC/MCC,122,13840.0
WV,246 - PERC CARDIOVASC PROC W DRUG-ELUTING STENT W MCC OR 4+ VESSELS/STENTS,327,21522.0
WV,248 - PERC CARDIOVASC PROC W NON-DRUG-ELUTING STENT W MCC OR 4+ VES/STENTS,87,20482.0
WV,249 - PERC CARDIOVASC PROC W NON-DRUG-ELUTING STENT W/O MCC,156,11566.0
WV,250 - PERC CARDIOVASC PROC W/O CORONARY ARTERY STENT W MCC,59,24521.0
WV,251 - PERC CARDIOVASC PROC W/O CORONARY ARTERY STENT W/O MCC,175,15834.0
WV,252 - OTHER VASCULAR PROCEDURES W MCC,244,22316.0
WV,254 - OTHER VASCULAR PROCEDURES W/O CC/MCC,116,11367.0
WV,264 - OTHER CIRCULATORY SYSTEM O.R. PROCEDURES,81,20280.0
WV,"282 - ACUTE MYOCARDIAL INFARCTION, DISCHARGED ALIVE W/O CC/MCC",259,5194.0
WV,"286 - CIRCULATORY DISORDERS EXCEPT AMI, W CARD CATH W MCC",176,12799.0
WV,299 - PERIPHERAL VASCULAR DISORDERS W MCC,63,9973.0
WV,301 - PERIPHERAL VASCULAR DISORDERS W/O CC/MCC,127,5096.0
WV,305 - HYPERTENSION W/O MCC,97,5263.0
WV,314 - OTHER CIRCULATORY SYSTEM DIAGNOSES W MCC,294,13375.0
WV,315 - OTHER CIRCULATORY SYSTEM DIAGNOSES W CC,113,7045.0
WV,"328 - STOMACH, ESOPHAGEAL & DUODENAL PROC W/O CC/MCC",74,9828.0
WV,331 - MAJOR SMALL & LARGE BOWEL PROCEDURES W/O CC/MCC,100,11276.0
WV,371 - MAJOR GASTROINTESTINAL DISORDERS & PERITONEAL INFECTIONS W MCC,44,15447.0
WV,372 - MAJOR GASTROINTESTINAL DISORDERS & PERITONEAL INFECTIONS W CC,173,8215.0
WV,388 - G.I. OBSTRUCTION W MCC,67,11092.0
WV,"391 - ESOPHAGITIS, GASTROENT & MISC DIGEST DISORDERS W MCC",255,8812.0
WV,394 - OTHER DIGESTIVE SYSTEM DIAGNOSES W CC,223,7115.0
WV,395 - OTHER DIGESTIVE SYSTEM DIAGNOSES W/O CC/MCC,55,5443.0
WV,418 - LAPAROSCOPIC CHOLECYSTECTOMY W/O C.D.E. W CC,115,11088.0
WV,439 - DISORDERS OF PANCREAS EXCEPT MALIGNANCY W CC,237,6628.0
WV,440 - DISORDERS OF PANCREAS EXCEPT MALIGNANCY W/O CC/MCC,92,5681.0
WV,"442 - DISORDERS OF LIVER EXCEPT MALIG,CIRR,ALC HEPA W CC",180,6549.0
WV,445 - DISORDERS OF THE BILIARY TRACT W CC,73,7957.0
WV,460 - SPINAL FUSION EXCEPT CERVICAL W/O MCC,252,27017.0
WV,473 - CERVICAL SPINAL FUSION W/O CC/MCC,137,15990.0
WV,480 - HIP & FEMUR PROCEDURES EXCEPT MAJOR JOINT W MCC,143,19664.0
WV,"493 - LOWER EXTREM & HUMER PROC EXCEPT HIP,FOOT,FEMUR W CC",93,15452.0
WV,536 - FRACTURES OF HIP & PELVIS W/O MCC,104,5374.0
WV,551 - MEDICAL BACK PROBLEMS W MCC,46,14298.0
WV,552 - MEDICAL BACK PROBLEMS W/O MCC,300,6730.0
WV,556 - SIGNS & SYMPTOMS OF MUSCULOSKELETAL SYSTEM & CONN TISSUE W/O MCC,46,5673.0
WV,"563 - FX, SPRN, STRN & DISL EXCEPT FEMUR, HIP, PELVIS & THIGH W/O MCC",94,6232.0
WV,602 - CELLULITIS W MCC,133,9938.0
WV,"617 - AMPUTAT OF LOWER LIMB FOR ENDOCRINE,NUTRIT,& METABOL DIS W CC",33,12866.0
WV,621 - O.R. PROCEDURES FOR OBESITY W/O CC/MCC,121,11944.0
WV,669 - TRANSURETHRAL PROCEDURES W CC,67,9101.0
WV,694 - URINARY STONES W/O ESW LITHOTRIPSY W/O MCC,89,5030.0
WV,699 - OTHER KIDNEY & URINARY TRACT DIAGNOSES W CC,154,7248.0
WV,809 - MAJOR HEMATOL/IMMUN DIAG EXC SICKLE CELL CRISIS & COAGUL W CC,107,8349.0
WV,811 - RED BLOOD CELL DISORDERS W MCC,170,9043.0
WV,847 - CHEMOTHERAPY W/O ACUTE LEUKEMIA AS SECONDARY DIAGNOSIS W CC,156,7850.0
WV,854 - INFECTIOUS & PARASITIC DISEASES W O.R. PROCEDURE W CC,65,14486.0
WV,863 - POSTOPERATIVE & POST-TRAUMATIC INFECTIONS W/O MCC,66,6868.0
WV,885 - PSYCHOSES,178,7487.0
WV,897 - ALCOHOL/DRUG ABUSE OR DEPENDENCE W/O REHABILITATION THERAPY W/O MCC,100,5584.0
WV,917 - POISONING & TOXIC EFFECTS OF DRUGS W MCC,213,10321.0
WV,981 - EXTENSIVE O.R. PROCEDURE UNRELATED TO PRINCIPAL DIAGNOSIS W MCC,146,35476.0
WV,982 - EXTENSIVE O.R. PROCEDURE UNRELATED TO PRINCIPAL DIAGNOSIS W CC,54,19573.0
WV,467 - REVISION OF HIP OR KNEE REPLACEMENT W CC,94,23737.0
WV,483 - MAJOR JOINT/LIMB REATTACHMENT PROCEDURE OF UPPER EXTREMITIES,183,16928.0
WV,027 - CRANIOTOMY & ENDOVASCULAR INTRACRANIAL PROCEDURES W/O CC/MCC,63,16924.0
WV,520 - BACK & NECK PROC EXC SPINAL FUSION W/O CC/MCC,63,8574.0
NC,066 - INTRACRANIAL HEMORRHAGE OR CEREBRAL INFARCTION W/O CC/MCC,1870,5478.0
NC,177 - RESPIRATORY INFECTIONS & INFLAMMATIONS W MCC,3227,12405.0
NC,189 - PULMONARY EDEMA & RESPIRATORY FAILURE,5487,8250.0
NC,190 - CHRONIC OBSTRUCTIVE PULMONARY DISEASE W MCC,5336,8061.0
NC,191 - CHRONIC OBSTRUCTIVE PULMONARY DISEASE W CC,3985,6447.0
NC,192 - CHRONIC OBSTRUCTIVE PULMONARY DISEASE W/O CC/MCC,1748,5113.0
NC,193 - SIMPLE PNEUMONIA & PLEURISY W MCC,5685,9472.0
NC,194 - SIMPLE PNEUMONIA & PLEURISY W CC,4357,6633.0
NC,291 - HEART FAILURE & SHOCK W MCC,9201,10190.0
NC,292 - HEART FAILURE & SHOCK W CC,7346,6917.0
NC,308 - CARDIAC ARRHYTHMIA & CONDUCTION DISORDERS W MCC,2961,8528.0
NC,309 - CARDIAC ARRHYTHMIA & CONDUCTION DISORDERS W CC,3496,5831.0
NC,310 - CARDIAC ARRHYTHMIA & CONDUCTION DISORDERS W/O CC/MCC,2556,4221.0
NC,312 - SYNCOPE & COLLAPSE,1860,5435.0
NC,378 - G.I. HEMORRHAGE W CC,4992,7052.0
NC,390 - G.I. OBSTRUCTION W/O CC/MCC,1024,4565.0
NC,"392 - ESOPHAGITIS, GASTROENT & MISC DIGEST DISORDERS W/O MCC",5445,5605.0
NC,419 - LAPAROSCOPIC CHOLECYSTECTOMY W/O C.D.E. W/O CC/MCC,296,8170.0
NC,470 - MAJOR JOINT REPLACEMENT OR REATTACHMENT OF LOWER EXTREMITY W/O MCC,15906,13860.0
NC,481 - HIP & FEMUR PROCEDURES EXCEPT MAJOR JOINT W CC,2782,12829.0
NC,603 - CELLULITIS W/O MCC,3253,6043.0
NC,638 - DIABETES W CC,1878,6048.0
NC,682 - RENAL FAILURE W MCC,4983,10551.0
NC,683 - RENAL FAILURE W CC,5483,6698.0
NC,689 - KIDNEY & URINARY TRACT INFECTIONS W MCC,3139,7478.0
NC,690 - KIDNEY & URINARY TRACT INFECTIONS W/O MCC,4221,5525.0
NC,871 - SEPTICEMIA OR SEVERE SEPSIS W/O MV 96+ HOURS W MCC,19744,12187.0
NC,872 - SEPTICEMIA OR SEVERE SEPSIS W/O MV >96 HOURS W/O MCC,5007,7401.0
NC,917 - POISONING & TOXIC EFFECTS OF DRUGS W MCC,1134,10146.0
NC,"003 - ECMO OR TRACH W MV >96 HRS OR PDX EXC FACE, MOUTH & NECK W MAJ O.R.",399,144366.0
NC,"004 - TRACH W MV 96+ HRS OR PDX EXC FACE, MOUTH & NECK W/O MAJ O.R.",354,72765.0
NC,023 - CRANIO W MAJOR DEV IMPL/ACUTE COMPLEX CNS PDX W MCC OR CHEMO IMPLANT,170,41754.0
NC,025 - CRANIOTOMY & ENDOVASCULAR INTRACRANIAL PROCEDURES W MCC,585,33141.0
NC,026 - CRANIOTOMY & ENDOVASCULAR INTRACRANIAL PROCEDURES W CC,172,23596.0
NC,027 - CRANIOTOMY & ENDOVASCULAR INTRACRANIAL PROCEDURES W/O CC/MCC,348,18377.0
NC,039 - EXTRACRANIAL PROCEDURES W/O CC/MCC,836,7592.0
NC,054 - NERVOUS SYSTEM NEOPLASMS W MCC,356,10915.0
NC,057 - DEGENERATIVE NERVOUS SYSTEM DISORDERS W/O MCC,494,8154.0
NC,064 - INTRACRANIAL HEMORRHAGE OR CEREBRAL INFARCTION W MCC,2966,12643.0
NC,065 - INTRACRANIAL HEMORRHAGE OR CEREBRAL INFARCTION W CC OR TPA IN 24 HRS,3911,7459.0
NC,069 - TRANSIENT ISCHEMIA,1334,4979.0
NC,070 - NONSPECIFIC CEREBROVASCULAR DISORDERS W MCC,356,11921.0
NC,071 - NONSPECIFIC CEREBROVASCULAR DISORDERS W CC,407,6956.0
NC,073 - CRANIAL & PERIPHERAL NERVE DISORDERS W MCC,147,9811.0
NC,074 - CRANIAL & PERIPHERAL NERVE DISORDERS W/O MCC,441,7122.0
NC,"085 - TRAUMATIC STUPOR & COMA, COMA <1 HR W MCC",349,14512.0
NC,"086 - TRAUMATIC STUPOR & COMA, COMA <1 HR W CC",439,8729.0
NC,"087 - TRAUMATIC STUPOR & COMA, COMA <1 HR W/O CC/MCC",284,6266.0
NC,091 - OTHER DISORDERS OF NERVOUS SYSTEM W MCC,302,11997.0
NC,092 - OTHER DISORDERS OF NERVOUS SYSTEM W CC,477,6913.0
NC,100 - SEIZURES W MCC,648,11684.0
NC,101 - SEIZURES W/O MCC,1032,6105.0
NC,152 - OTITIS MEDIA & URI W MCC,134,8145.0
NC,153 - OTITIS MEDIA & URI W/O MCC,386,5002.0
NC,163 - MAJOR CHEST PROCEDURES W MCC,290,39083.0
NC,164 - MAJOR CHEST PROCEDURES W CC,588,19196.0
NC,165 - MAJOR CHEST PROCEDURES W/O CC/MCC,268,13952.0
NC,166 - OTHER RESP SYSTEM O.R. PROCEDURES W MCC,374,27177.0
NC,175 - PULMONARY EMBOLISM W MCC,627,10795.0
NC,176 - PULMONARY EMBOLISM W/O MCC,1271,6821.0
NC,178 - RESPIRATORY INFECTIONS & INFLAMMATIONS W CC,1256,9206.0
NC,180 - RESPIRATORY NEOPLASMS W MCC,553,12392.0
NC,181 - RESPIRATORY NEOPLASMS W CC,257,9290.0
NC,186 - PLEURAL EFFUSION W MCC,174,11079.0
NC,195 - SIMPLE PNEUMONIA & PLEURISY W/O CC/MCC,1250,4990.0
NC,202 - BRONCHITIS & ASTHMA W CC/MCC,972,6298.0
NC,206 - OTHER RESPIRATORY SYSTEM DIAGNOSES W/O MCC,209,7301.0
NC,207 - RESPIRATORY SYSTEM DIAGNOSIS W VENTILATOR SUPPORT 96+ HOURS,777,36599.0
NC,208 - RESPIRATORY SYSTEM DIAGNOSIS W VENTILATOR SUPPORT <96 HOURS,2170,15994.0
NC,216 - CARDIAC VALVE & OTH MAJ CARDIOTHORACIC PROC W CARD CATH W MCC,191,71073.0
NC,219 - CARDIAC VALVE & OTH MAJ CARDIOTHORACIC PROC W/O CARD CATH W MCC,481,59083.0
NC,220 - CARDIAC VALVE & OTH MAJ CARDIOTHORACIC PROC W/O CARD CATH W CC,512,38702.0
NC,221 - CARDIAC VALVE & OTH MAJ CARDIOTHORACIC PROC W/O CARD CATH W/O CC/MCC,81,33286.0
NC,233 - CORONARY BYPASS W CARDIAC CATH W MCC,407,49019.0
NC,234 - CORONARY BYPASS W CARDIAC CATH W/O MCC,617,33079.0
NC,236 - CORONARY BYPASS W/O CARDIAC CATH W/O MCC,562,27309.0
NC,237 - MAJOR CARDIOVASC PROCEDURES W MCC,581,37851.0
NC,238 - MAJOR CARDIOVASC PROCEDURES W/O MCC,1017,24135.0
NC,239 - AMPUTATION FOR CIRC SYS DISORDERS EXC UPPER LIMB & TOE W MCC,301,31202.0
NC,240 - AMPUTATION FOR CIRC SYS DISORDERS EXC UPPER LIMB & TOE W CC,192,18119.0
NC,242 - PERMANENT CARDIAC PACEMAKER IMPLANT W MCC,395,25275.0
NC,243 - PERMANENT CARDIAC PACEMAKER IMPLANT W CC,671,18075.0
NC,244 - PERMANENT CARDIAC PACEMAKER IMPLANT W/O CC/MCC,462,14667.0
NC,246 - PERC CARDIOVASC PROC W DRUG-ELUTING STENT W MCC OR 4+ VESSELS/STENTS,1129,23007.0
NC,247 - PERC CARDIOVASC PROC W DRUG-ELUTING STENT W/O MCC,2825,14407.0
NC,248 - PERC CARDIOVASC PROC W NON-DRUG-ELUTING STENT W MCC OR 4+ VES/STENTS,281,20868.0
NC,249 - PERC CARDIOVASC PROC W NON-DRUG-ELUTING STENT W/O MCC,453,12812.0
NC,251 - PERC CARDIOVASC PROC W/O CORONARY ARTERY STENT W/O MCC,752,16245.0
NC,252 - OTHER VASCULAR PROCEDURES W MCC,859,24010.0
NC,253 - OTHER VASCULAR PROCEDURES W CC,949,18358.0
NC,254 - OTHER VASCULAR PROCEDURES W/O CC/MCC,370,12380.0
NC,264 - OTHER CIRCULATORY SYSTEM O.R. PROCEDURES,322,22509.0
NC,266 - ENDOVASCULAR CARDIAC VALVE REPLACEMENT W MCC,212,59363.0
NC,"280 - ACUTE MYOCARDIAL INFARCTION, DISCHARGED ALIVE W MCC",2426,11778.0
NC,"281 - ACUTE MYOCARDIAL INFARCTION, DISCHARGED ALIVE W CC",1463,7224.0
NC,"282 - ACUTE MYOCARDIAL INFARCTION, DISCHARGED ALIVE W/O CC/MCC",675,5645.0
NC,"283 - ACUTE MYOCARDIAL INFARCTION, EXPIRED W MCC",225,11843.0
NC,"286 - CIRCULATORY DISORDERS EXCEPT AMI, W CARD CATH W MCC",1074,16028.0
NC,"287 - CIRCULATORY DISORDERS EXCEPT AMI, W CARD CATH W/O MCC",2891,8331.0
NC,293 - HEART FAILURE & SHOCK W/O CC/MCC,1768,4938.0
NC,299 - PERIPHERAL VASCULAR DISORDERS W MCC,348,10826.0
NC,300 - PERIPHERAL VASCULAR DISORDERS W CC,639,7500.0
NC,301 - PERIPHERAL VASCULAR DISORDERS W/O CC/MCC,60,5636.0
NC,303 - ATHEROSCLEROSIS W/O MCC,331,4867.0
NC,305 - HYPERTENSION W/O MCC,301,4961.0
NC,313 - CHEST PAIN,1488,4547.0
NC,314 - OTHER CIRCULATORY SYSTEM DIAGNOSES W MCC,1384,14823.0
NC,315 - OTHER CIRCULATORY SYSTEM DIAGNOSES W CC,526,7935.0
NC,"326 - STOMACH, ESOPHAGEAL & DUODENAL PROC W MCC",237,43056.0
NC,329 - MAJOR SMALL & LARGE BOWEL PROCEDURES W MCC,1016,34993.0
NC,330 - MAJOR SMALL & LARGE BOWEL PROCEDURES W CC,1494,17756.0
NC,331 - MAJOR SMALL & LARGE BOWEL PROCEDURES W/O CC/MCC,585,12039.0
NC,371 - MAJOR GASTROINTESTINAL DISORDERS & PERITONEAL INFECTIONS W MCC,506,13160.0
NC,372 - MAJOR GASTROINTESTINAL DISORDERS & PERITONEAL INFECTIONS W CC,871,8043.0
NC,374 - DIGESTIVE MALIGNANCY W MCC,152,16444.0
NC,377 - G.I. HEMORRHAGE W MCC,2209,12225.0
NC,379 - G.I. HEMORRHAGE W/O CC/MCC,558,5021.0
NC,386 - INFLAMMATORY BOWEL DISEASE W CC,134,8371.0
NC,388 - G.I. OBSTRUCTION W MCC,451,11895.0
NC,389 - G.I. OBSTRUCTION W CC,1494,6446.0
NC,"391 - ESOPHAGITIS, GASTROENT & MISC DIGEST DISORDERS W MCC",1605,8832.0
NC,393 - OTHER DIGESTIVE SYSTEM DIAGNOSES W MCC,572,12942.0
NC,394 - OTHER DIGESTIVE SYSTEM DIAGNOSES W CC,1204,7190.0
NC,395 - OTHER DIGESTIVE SYSTEM DIAGNOSES W/O CC/MCC,158,5473.0
NC,417 - LAPAROSCOPIC CHOLECYSTECTOMY W/O C.D.E. W MCC,266,16645.0
NC,418 - LAPAROSCOPIC CHOLECYSTECTOMY W/O C.D.E. W CC,549,11196.0
NC,432 - CIRRHOSIS & ALCOHOLIC HEPATITIS W MCC,190,11995.0
NC,438 - DISORDERS OF PANCREAS EXCEPT MALIGNANCY W MCC,379,13262.0
NC,439 - DISORDERS OF PANCREAS EXCEPT MALIGNANCY W CC,799,6904.0
NC,440 - DISORDERS OF PANCREAS EXCEPT MALIGNANCY W/O CC/MCC,222,5087.0
NC,"441 - DISORDERS OF LIVER EXCEPT MALIG,CIRR,ALC HEPA W MCC",547,14316.0
NC,"442 - DISORDERS OF LIVER EXCEPT MALIG,CIRR,ALC HEPA W CC",504,7267.0
NC,444 - DISORDERS OF THE BILIARY TRACT W MCC,274,12427.0
NC,445 - DISORDERS OF THE BILIARY TRACT W CC,336,9023.0
NC,454 - COMBINED ANTERIOR/POSTERIOR SPINAL FUSION W CC,129,58161.0
NC,460 - SPINAL FUSION EXCEPT CERVICAL W/O MCC,2866,26741.0
NC,462 - BILATERAL OR MULTIPLE MAJOR JOINT PROCS OF LOWER EXTREMITY W/O MCC,163,23667.0
NC,467 - REVISION OF HIP OR KNEE REPLACEMENT W CC,554,23725.0
NC,468 - REVISION OF HIP OR KNEE REPLACEMENT W/O CC/MCC,571,19282.0
NC,469 - MAJOR JOINT REPLACEMENT OR REATTACHMENT OF LOWER EXTREMITY W MCC,726,21311.0
NC,472 - CERVICAL SPINAL FUSION W CC,450,20023.0
NC,473 - CERVICAL SPINAL FUSION W/O CC/MCC,1239,14970.0
NC,480 - HIP & FEMUR PROCEDURES EXCEPT MAJOR JOINT W MCC,831,19599.0
NC,482 - HIP & FEMUR PROCEDURES EXCEPT MAJOR JOINT W/O CC/MCC,539,10912.0
NC,483 - MAJOR JOINT/LIMB REATTACHMENT PROCEDURE OF UPPER EXTREMITIES,1639,15887.0
NC,"493 - LOWER EXTREM & HUMER PROC EXCEPT HIP,FOOT,FEMUR W CC",304,14124.0
NC,"494 - LOWER EXTREM & HUMER PROC EXCEPT HIP,FOOT,FEMUR W/O CC/MCC",277,11479.0
NC,516 - OTHER MUSCULOSKELET SYS & CONN TISS O.R. PROC W CC,174,14994.0
NC,519 - BACK & NECK PROC EXC SPINAL FUSION W CC,217,11822.0
NC,520 - BACK & NECK PROC EXC SPINAL FUSION W/O CC/MCC,470,8515.0
NC,536 - FRACTURES OF HIP & PELVIS W/O MCC,442,5140.0
NC,551 - MEDICAL BACK PROBLEMS W MCC,219,11784.0
NC,552 - MEDICAL BACK PROBLEMS W/O MCC,1008,6600.0
NC,"558 - TENDONITIS, MYOSITIS & BURSITIS W/O MCC",173,6353.0
NC,602 - CELLULITIS W MCC,607,10095.0
NC,"617 - AMPUTAT OF LOWER LIMB FOR ENDOCRINE,NUTRIT,& METABOL DIS W CC",276,13416.0
NC,637 - DIABETES W MCC,816,9735.0
NC,"640 - MISC DISORDERS OF NUTRITION,METABOLISM,FLUIDS/ELECTROLYTES W MCC",2292,8108.0
NC,"641 - MISC DISORDERS OF NUTRITION,METABOLISM,FLUIDS/ELECTROLYTES W/O MCC",3137,5273.0
NC,644 - ENDOCRINE DISORDERS W CC,174,7791.0
NC,673 - OTHER KIDNEY & URINARY TRACT PROCEDURES W MCC,211,27206.0
NC,684 - RENAL FAILURE W/O CC/MCC,754,4562.0
NC,698 - OTHER KIDNEY & URINARY TRACT DIAGNOSES W MCC,1701,11643.0
NC,699 - OTHER KIDNEY & URINARY TRACT DIAGNOSES W CC,832,8514.0
NC,811 - RED BLOOD CELL DISORDERS W MCC,878,9572.0
NC,812 - RED BLOOD CELL DISORDERS W/O MCC,2608,6333.0
NC,841 - LYMPHOMA & NON-ACUTE LEUKEMIA W CC,102,14881.0
NC,853 - INFECTIOUS & PARASITIC DISEASES W O.R. PROCEDURE W MCC,2071,36010.0
NC,854 - INFECTIOUS & PARASITIC DISEASES W O.R. PROCEDURE W CC,296,17037.0
NC,856 - POSTOPERATIVE OR POST-TRAUMATIC INFECTIONS W O.R. PROC W MCC,75,36349.0
NC,862 - POSTOPERATIVE & POST-TRAUMATIC INFECTIONS W MCC,209,14834.0
NC,863 - POSTOPERATIVE & POST-TRAUMATIC INFECTIONS W/O MCC,292,8071.0
NC,870 - SEPTICEMIA OR SEVERE SEPSIS W MV >96 HOURS,924,40399.0
NC,884 - ORGANIC DISTURBANCES & MENTAL RETARDATION,332,8248.0
NC,885 - PSYCHOSES,2555,7184.0
NC,896 - ALCOHOL/DRUG ABUSE OR DEPENDENCE W/O REHABILITATION THERAPY W MCC,142,11326.0
NC,897 - ALCOHOL/DRUG ABUSE OR DEPENDENCE W/O REHABILITATION THERAPY W/O MCC,902,5619.0
NC,918 - POISONING & TOXIC EFFECTS OF DRUGS W/O MCC,572,5063.0
NC,919 - COMPLICATIONS OF TREATMENT W MCC,304,15926.0
NC,947 - SIGNS & SYMPTOMS W MCC,157,8789.0
NC,948 - SIGNS & SYMPTOMS W/O MCC,724,5542.0
NC,981 - EXTENSIVE O.R. PROCEDURE UNRELATED TO PRINCIPAL DIAGNOSIS W MCC,585,34153.0
NC,982 - EXTENSIVE O.R. PROCEDURE UNRELATED TO PRINCIPAL DIAGNOSIS W CC,276,21495.0
NC,334 - RECTAL RESECTION W/O CC/MCC,33,9808.0
NC,708 - MAJOR MALE PELVIC PROCEDURES W/O CC/MCC,500,10320.0
NC,001 - HEART TRANSPLANT OR IMPLANT OF HEART ASSIST SYSTEM W MCC,80,241325.0
NC,"012 - TRACHEOSTOMY FOR FACE,MOUTH & NECK DIAGNOSES W CC",69,29394.0
NC,016 - AUTOLOGOUS BONE MARROW TRANSPLANT W CC/MCC,52,53449.0
NC,038 - EXTRACRANIAL PROCEDURES W CC,263,11143.0
NC,040 - PERIPH/CRANIAL NERVE & OTHER NERV SYST PROC W MCC,52,28753.0
NC,055 - NERVOUS SYSTEM NEOPLASMS W/O MCC,98,9099.0
NC,056 - DEGENERATIVE NERVOUS SYSTEM DISORDERS W MCC,217,15780.0
NC,093 - OTHER DISORDERS OF NERVOUS SYSTEM W/O CC/MCC,67,6240.0
NC,183 - MAJOR CHEST TRAUMA W MCC,67,13305.0
NC,184 - MAJOR CHEST TRAUMA W CC,135,8337.0
NC,200 - PNEUMOTHORAX W CC,104,8579.0
NC,205 - OTHER RESPIRATORY SYSTEM DIAGNOSES W MCC,130,15863.0
NC,227 - CARDIAC DEFIBRILLATOR IMPLANT W/O CARDIAC CATH W/O MCC,180,37723.0
NC,235 - CORONARY BYPASS W/O CARDIAC CATH W MCC,283,41283.0
NC,250 - PERC CARDIOVASC PROC W/O CORONARY ARTERY STENT W MCC,304,23116.0
NC,267 - ENDOVASCULAR CARDIAC VALVE REPLACEMENT W/O MCC,328,47800.0
NC,"327 - STOMACH, ESOPHAGEAL & DUODENAL PROC W CC",196,21511.0
NC,"328 - STOMACH, ESOPHAGEAL & DUODENAL PROC W/O CC/MCC",193,11517.0
NC,336 - PERITONEAL ADHESIOLYSIS W CC,182,18917.0
NC,345 - MINOR SMALL & LARGE BOWEL PROCEDURES W CC,51,16389.0
NC,356 - OTHER DIGESTIVE SYSTEM O.R. PROCEDURES W MCC,148,27384.0
NC,357 - OTHER DIGESTIVE SYSTEM O.R. PROCEDURES W CC,88,16795.0
NC,375 - DIGESTIVE MALIGNANCY W CC,213,10445.0
NC,"405 - PANCREAS, LIVER & SHUNT PROCEDURES W MCC",115,46912.0
NC,"406 - PANCREAS, LIVER & SHUNT PROCEDURES W CC",149,24125.0
NC,435 - MALIGNANCY OF HEPATOBILIARY SYSTEM OR PANCREAS W MCC,284,13654.0
NC,436 - MALIGNANCY OF HEPATOBILIARY SYSTEM OR PANCREAS W CC,105,9416.0
NC,457 - SPINAL FUS EXC CERV W SPINAL CURV/MALIG/INFEC OR EXT FUS W CC,93,57733.0
NC,459 - SPINAL FUSION EXCEPT CERVICAL W MCC,122,48785.0
NC,"463 - WND DEBRID & SKN GRFT EXC HAND, FOR MUSCULO-CONN TISS DIS W MCC",57,44316.0
NC,"464 - WND DEBRID & SKN GRFT EXC HAND, FOR MUSCULO-CONN TISS DIS W CC",132,22323.0
NC,471 - CERVICAL SPINAL FUSION W MCC,56,34710.0
NC,543 - PATHOLOGICAL FRACTURES & MUSCULOSKELET & CONN TISS MALIG W CC,187,8846.0
NC,556 - SIGNS & SYMPTOMS OF MUSCULOSKELETAL SYSTEM & CONN TISSUE W/O MCC,145,5991.0
NC,621 - O.R. PROCEDURES FOR OBESITY W/O CC/MCC,326,10634.0
NC,643 - ENDOCRINE DISORDERS W MCC,135,13614.0
NC,652 - KIDNEY TRANSPLANT,359,35218.0
NC,654 - MAJOR BLADDER PROCEDURES W CC,86,25931.0
NC,656 - KIDNEY & URETER PROCEDURES FOR NEOPLASM W MCC,81,30531.0
NC,657 - KIDNEY & URETER PROCEDURES FOR NEOPLASM W CC,168,16856.0
NC,658 - KIDNEY & URETER PROCEDURES FOR NEOPLASM W/O CC/MCC,141,12630.0
NC,659 - KIDNEY & URETER PROCEDURES FOR NON-NEOPLASM W MCC,86,25800.0
NC,660 - KIDNEY & URETER PROCEDURES FOR NON-NEOPLASM W CC,171,15937.0
NC,674 - OTHER KIDNEY & URINARY TRACT PROCEDURES W CC,93,17223.0
NC,694 - URINARY STONES W/O ESW LITHOTRIPSY W/O MCC,110,5444.0
NC,707 - MAJOR MALE PELVIC PROCEDURES W CC/MCC,54,16416.0
NC,742 - UTERINE & ADNEXA PROC FOR NON-MALIGNANCY W CC/MCC,98,12629.0
NC,743 - UTERINE & ADNEXA PROC FOR NON-MALIGNANCY W/O CC/MCC,81,8240.0
NC,809 - MAJOR HEMATOL/IMMUN DIAG EXC SICKLE CELL CRISIS & COAGUL W CC,295,10071.0
NC,813 - COAGULATION DISORDERS,104,53135.0
NC,834 - ACUTE LEUKEMIA W/O MAJOR O.R. PROCEDURE W MCC,102,59880.0
NC,837 - CHEMO W ACUTE LEUKEMIA AS SDX OR W HIGH DOSE CHEMO AGENT W MCC,102,61642.0
NC,840 - LYMPHOMA & NON-ACUTE LEUKEMIA W MCC,137,30290.0
NC,846 - CHEMOTHERAPY W/O ACUTE LEUKEMIA AS SECONDARY DIAGNOSIS W MCC,89,23190.0
NC,847 - CHEMOTHERAPY W/O ACUTE LEUKEMIA AS SECONDARY DIAGNOSIS W CC,354,11117.0
NC,857 - POSTOPERATIVE OR POST-TRAUMATIC INFECTIONS W O.R. PROC W CC,134,16269.0
NC,864 - FEVER,170,7310.0
NC,865 - VIRAL ILLNESS W MCC,103,14204.0
NC,867 - OTHER INFECTIOUS & PARASITIC DISEASES DIAGNOSES W MCC,59,26756.0
NC,907 - OTHER O.R. PROCEDURES FOR INJURIES W MCC,175,33637.0
NC,908 - OTHER O.R. PROCEDURES FOR INJURIES W CC,141,17280.0
NC,920 - COMPLICATIONS OF TREATMENT W CC,254,8909.0
NC,928 - FULL THICKNESS BURN W SKIN GRAFT OR INHAL INJ W CC/MCC,59,54980.0
NC,935 - NON-EXTENSIVE BURNS,80,18485.0
NC,963 - OTHER MULTIPLE SIGNIFICANT TRAUMA W MCC,33,22492.0
NC,974 - HIV W MAJOR RELATED CONDITION W MCC,103,21735.0
NC,041 - PERIPH/CRANIAL NERVE & OTHER NERV SYST PROC W CC OR PERIPH NEUROSTIM,76,17625.0
NC,062 - ACUTE ISCHEMIC STROKE W USE OF THROMBOLYTIC AGENT W CC,121,12637.0
NC,149 - DYSEQUILIBRIUM,124,4871.0
NC,203 - BRONCHITIS & ASTHMA W/O CC/MCC,144,4659.0
NC,354 - HERNIA PROCEDURES EXCEPT INGUINAL & FEMORAL W CC,75,14567.0
NC,474 - AMPUTATION FOR MUSCULOSKELETAL SYS & CONN TISSUE DIS W MCC,61,25274.0
NC,"492 - LOWER EXTREM & HUMER PROC EXCEPT HIP,FOOT,FEMUR W MCC",93,22666.0
NC,535 - FRACTURES OF HIP & PELVIS W MCC,54,9299.0
NC,542 - PATHOLOGICAL FRACTURES & MUSCULOSKELET & CONN TISS MALIG W MCC,65,14214.0
NC,554 - BONE DISEASES & ARTHROPATHIES W/O MCC,94,6001.0
NC,"563 - FX, SPRN, STRN & DISL EXCEPT FEMUR, HIP, PELVIS & THIGH W/O MCC",265,6063.0
NC,639 - DIABETES W/O CC/MCC,162,4813.0
NC,167 - OTHER RESP SYSTEM O.R. PROCEDURES W CC,152,16325.0
NC,226 - CARDIAC DEFIBRILLATOR IMPLANT W/O CARDIAC CATH W MCC,89,53717.0
NC,335 - PERITONEAL ADHESIOLYSIS W MCC,53,32900.0
NC,337 - PERITONEAL ADHESIOLYSIS W/O CC/MCC,94,13770.0
NC,546 - CONNECTIVE TISSUE DISORDERS W CC,51,10896.0
NC,607 - MINOR SKIN DISORDERS W/O MCC,43,7583.0
NC,"629 - OTHER ENDOCRINE, NUTRIT & METAB O.R. PROC W CC",47,17362.0
NC,737 - UTERINE & ADNEXA PROC FOR OVARIAN OR ADNEXAL MALIGNANCY W CC,58,17222.0
NC,987 - NON-EXTENSIVE O.R. PROC UNRELATED TO PRINCIPAL DIAGNOSIS W MCC,71,29875.0
NC,988 - NON-EXTENSIVE O.R. PROC UNRELATED TO PRINCIPAL DIAGNOSIS W CC,81,15004.0
NC,"562 - FX, SPRN, STRN & DISL EXCEPT FEMUR, HIP, PELVIS & THIGH W MCC",47,8817.0
NC,455 - COMBINED ANTERIOR/POSTERIOR SPINAL FUSION W/O CC/MCC,220,41386.0
NC,458 - SPINAL FUS EXC CERV W SPINAL CURV/MALIG/INFEC OR 9+ FUS W/O CC/MCC,43,46287.0
NC,103 - HEADACHES W/O MCC,94,5570.0
NC,196 - INTERSTITIAL LUNG DISEASE W MCC,106,13510.0
NC,"956 - LIMB REATTACHMENT, HIP & FEMUR PROC FOR MULTIPLE SIGNIFICANT TRAUMA",57,32553.0
NC,199 - PNEUMOTHORAX W MCC,62,14660.0
NC,204 - RESPIRATORY SIGNS & SYMPTOMS,161,6061.0
NC,217 - CARDIAC VALVE & OTH MAJ CARDIOTHORACIC PROC W CARD CATH W CC,90,46329.0
NC,261 - CARDIAC PACEMAKER REVISION EXCEPT DEVICE REPLACEMENT W CC,44,20078.0
NC,478 - BIOPSIES OF MUSCULOSKELETAL SYSTEM & CONNECTIVE TISSUE W CC,74,16223.0
NC,808 - MAJOR HEMATOL/IMMUN DIAG EXC SICKLE CELL CRISIS & COAGUL W MCC,73,17047.0
NC,839 - CHEMO W ACUTE LEUKEMIA AS SDX W/O CC/MCC,33,12638.0
NC,446 - DISORDERS OF THE BILIARY TRACT W/O CC/MCC,51,6461.0
NC,669 - TRANSURETHRAL PROCEDURES W CC,79,8413.0
NC,696 - KIDNEY & URINARY TRACT SIGNS & SYMPTOMS W/O MCC,43,5048.0
NC,880 - ACUTE ADJUSTMENT REACTION & PSYCHOSOCIAL DYSFUNCTION,52,5769.0
NC,373 - MAJOR GASTROINTESTINAL DISORDERS & PERITONEAL INFECTIONS W/O CC/MCC,47,5549.0
NC,881 - DEPRESSIVE NEUROSES,82,4834.0
NC,"580 - OTHER SKIN, SUBCUT TISS & BREAST PROC W CC",60,11026.0
NC,"605 - TRAUMA TO THE SKIN, SUBCUT TISS & BREAST W/O MCC",51,6354.0
NC,515 - OTHER MUSCULOSKELET SYS & CONN TISS O.R. PROC W MCC,21,18579.0
SC,065 - INTRACRANIAL HEMORRHAGE OR CEREBRAL INFARCTION W CC OR TPA IN 24 HRS,2066,7479.0
SC,066 - INTRACRANIAL HEMORRHAGE OR CEREBRAL INFARCTION W/O CC/MCC,942,5560.0
SC,069 - TRANSIENT ISCHEMIA,1153,4957.0
SC,189 - PULMONARY EDEMA & RESPIRATORY FAILURE,2643,8166.0
SC,190 - CHRONIC OBSTRUCTIVE PULMONARY DISEASE W MCC,2243,7788.0
SC,191 - CHRONIC OBSTRUCTIVE PULMONARY DISEASE W CC,2033,6278.0
SC,192 - CHRONIC OBSTRUCTIVE PULMONARY DISEASE W/O CC/MCC,1238,4997.0
SC,193 - SIMPLE PNEUMONIA & PLEURISY W MCC,2548,9338.0
SC,194 - SIMPLE PNEUMONIA & PLEURISY W CC,2633,6487.0
SC,195 - SIMPLE PNEUMONIA & PLEURISY W/O CC/MCC,866,4859.0
SC,208 - RESPIRATORY SYSTEM DIAGNOSIS W VENTILATOR SUPPORT <96 HOURS,1109,15231.0
SC,"280 - ACUTE MYOCARDIAL INFARCTION, DISCHARGED ALIVE W MCC",998,10705.0
SC,"281 - ACUTE MYOCARDIAL INFARCTION, DISCHARGED ALIVE W CC",699,6976.0
SC,"282 - ACUTE MYOCARDIAL INFARCTION, DISCHARGED ALIVE W/O CC/MCC",342,5251.0
SC,"287 - CIRCULATORY DISORDERS EXCEPT AMI, W CARD CATH W/O MCC",1622,7855.0
SC,291 - HEART FAILURE & SHOCK W MCC,3856,9594.0
SC,292 - HEART FAILURE & SHOCK W CC,3445,6581.0
SC,308 - CARDIAC ARRHYTHMIA & CONDUCTION DISORDERS W MCC,1235,8298.0
SC,309 - CARDIAC ARRHYTHMIA & CONDUCTION DISORDERS W CC,1636,5567.0
SC,310 - CARDIAC ARRHYTHMIA & CONDUCTION DISORDERS W/O CC/MCC,1546,4131.0
SC,312 - SYNCOPE & COLLAPSE,1366,5289.0
SC,313 - CHEST PAIN,888,4390.0
SC,372 - MAJOR GASTROINTESTINAL DISORDERS & PERITONEAL INFECTIONS W CC,444,7507.0
SC,378 - G.I. HEMORRHAGE W CC,2668,6741.0
SC,389 - G.I. OBSTRUCTION W CC,685,6212.0
SC,390 - G.I. OBSTRUCTION W/O CC/MCC,569,4489.0
SC,"392 - ESOPHAGITIS, GASTROENT & MISC DIGEST DISORDERS W/O MCC",2997,5330.0
SC,439 - DISORDERS OF PANCREAS EXCEPT MALIGNANCY W CC,414,6972.0
SC,470 - MAJOR JOINT REPLACEMENT OR REATTACHMENT OF LOWER EXTREMITY W/O MCC,8792,13375.0
SC,481 - HIP & FEMUR PROCEDURES EXCEPT MAJOR JOINT W CC,1562,12241.0
SC,552 - MEDICAL BACK PROBLEMS W/O MCC,645,6296.0
SC,603 - CELLULITIS W/O MCC,1624,5918.0
SC,"641 - MISC DISORDERS OF NUTRITION,METABOLISM,FLUIDS/ELECTROLYTES W/O MCC",1928,5030.0
SC,682 - RENAL FAILURE W MCC,2679,10104.0
SC,683 - RENAL FAILURE W CC,3276,6531.0
SC,689 - KIDNEY & URINARY TRACT INFECTIONS W MCC,1405,7436.0
SC,690 - KIDNEY & URINARY TRACT INFECTIONS W/O MCC,2939,5307.0
SC,812 - RED BLOOD CELL DISORDERS W/O MCC,1592,5970.0
SC,871 - SEPTICEMIA OR SEVERE SEPSIS W/O MV 96+ HOURS W MCC,9221,11852.0
SC,872 - SEPTICEMIA OR SEVERE SEPSIS W/O MV >96 HOURS W/O MCC,2697,6999.0
SC,177 - RESPIRATORY INFECTIONS & INFLAMMATIONS W MCC,1147,12912.0
SC,698 - OTHER KIDNEY & URINARY TRACT DIAGNOSES W MCC,517,10797.0
SC,330 - MAJOR SMALL & LARGE BOWEL PROCEDURES W CC,852,16640.0
SC,483 - MAJOR JOINT/LIMB REATTACHMENT PROCEDURE OF UPPER EXTREMITIES,937,15401.0
SC,064 - INTRACRANIAL HEMORRHAGE OR CEREBRAL INFARCTION W MCC,1424,12966.0
SC,070 - NONSPECIFIC CEREBROVASCULAR DISORDERS W MCC,159,13406.0
SC,074 - CRANIAL & PERIPHERAL NERVE DISORDERS W/O MCC,180,6187.0
SC,100 - SEIZURES W MCC,337,11834.0
SC,101 - SEIZURES W/O MCC,594,5876.0
SC,176 - PULMONARY EMBOLISM W/O MCC,644,6630.0
SC,178 - RESPIRATORY INFECTIONS & INFLAMMATIONS W CC,662,9406.0
SC,252 - OTHER VASCULAR PROCEDURES W MCC,387,22304.0
SC,264 - OTHER CIRCULATORY SYSTEM O.R. PROCEDURES,176,18874.0
SC,293 - HEART FAILURE & SHOCK W/O CC/MCC,987,4752.0
SC,305 - HYPERTENSION W/O MCC,368,4511.0
SC,314 - OTHER CIRCULATORY SYSTEM DIAGNOSES W MCC,711,13689.0
SC,329 - MAJOR SMALL & LARGE BOWEL PROCEDURES W MCC,574,35384.0
SC,371 - MAJOR GASTROINTESTINAL DISORDERS & PERITONEAL INFECTIONS W MCC,262,13099.0
SC,377 - G.I. HEMORRHAGE W MCC,1028,11795.0
SC,379 - G.I. HEMORRHAGE W/O CC/MCC,426,4767.0
SC,"391 - ESOPHAGITIS, GASTROENT & MISC DIGEST DISORDERS W MCC",698,8863.0
SC,419 - LAPAROSCOPIC CHOLECYSTECTOMY W/O C.D.E. W/O CC/MCC,218,8288.0
SC,536 - FRACTURES OF HIP & PELVIS W/O MCC,348,4890.0
SC,602 - CELLULITIS W MCC,288,9882.0
SC,637 - DIABETES W MCC,399,9866.0
SC,638 - DIABETES W CC,850,5950.0
SC,"640 - MISC DISORDERS OF NUTRITION,METABOLISM,FLUIDS/ELECTROLYTES W MCC",1227,7708.0
SC,684 - RENAL FAILURE W/O CC/MCC,434,4193.0
SC,811 - RED BLOOD CELL DISORDERS W MCC,514,9088.0
SC,853 - INFECTIOUS & PARASITIC DISEASES W O.R. PROCEDURE W MCC,1046,33439.0
SC,870 - SEPTICEMIA OR SEVERE SEPSIS W MV >96 HOURS,498,39511.0
SC,917 - POISONING & TOXIC EFFECTS OF DRUGS W MCC,401,10438.0
SC,947 - SIGNS & SYMPTOMS W MCC,65,9292.0
SC,948 - SIGNS & SYMPTOMS W/O MCC,557,5228.0
SC,175 - PULMONARY EMBOLISM W MCC,201,10772.0
SC,202 - BRONCHITIS & ASTHMA W CC/MCC,441,6293.0
SC,207 - RESPIRATORY SYSTEM DIAGNOSIS W VENTILATOR SUPPORT 96+ HOURS,380,36064.0
SC,299 - PERIPHERAL VASCULAR DISORDERS W MCC,184,9676.0
SC,300 - PERIPHERAL VASCULAR DISORDERS W CC,370,6931.0
SC,331 - MAJOR SMALL & LARGE BOWEL PROCEDURES W/O CC/MCC,436,10800.0
SC,393 - OTHER DIGESTIVE SYSTEM DIAGNOSES W MCC,265,12355.0
SC,394 - OTHER DIGESTIVE SYSTEM DIAGNOSES W CC,494,6708.0
SC,418 - LAPAROSCOPIC CHOLECYSTECTOMY W/O C.D.E. W CC,282,11029.0
SC,438 - DISORDERS OF PANCREAS EXCEPT MALIGNANCY W MCC,174,13638.0
SC,"441 - DISORDERS OF LIVER EXCEPT MALIG,CIRR,ALC HEPA W MCC",242,14075.0
SC,469 - MAJOR JOINT REPLACEMENT OR REATTACHMENT OF LOWER EXTREMITY W MCC,325,21558.0
SC,699 - OTHER KIDNEY & URINARY TRACT DIAGNOSES W CC,330,8352.0
SC,809 - MAJOR HEMATOL/IMMUN DIAG EXC SICKLE CELL CRISIS & COAGUL W CC,174,10087.0
SC,847 - CHEMOTHERAPY W/O ACUTE LEUKEMIA AS SECONDARY DIAGNOSIS W CC,223,9095.0
SC,919 - COMPLICATIONS OF TREATMENT W MCC,109,15547.0
SC,981 - EXTENSIVE O.R. PROCEDURE UNRELATED TO PRINCIPAL DIAGNOSIS W MCC,272,34046.0
SC,025 - CRANIOTOMY & ENDOVASCULAR INTRACRANIAL PROCEDURES W MCC,259,29850.0
SC,039 - EXTRACRANIAL PROCEDURES W/O CC/MCC,658,7383.0
SC,054 - NERVOUS SYSTEM NEOPLASMS W MCC,124,13107.0
SC,057 - DEGENERATIVE NERVOUS SYSTEM DISORDERS W/O MCC,389,7623.0
SC,071 - NONSPECIFIC CEREBROVASCULAR DISORDERS W CC,141,7346.0
SC,"085 - TRAUMATIC STUPOR & COMA, COMA <1 HR W MCC",167,14467.0
SC,091 - OTHER DISORDERS OF NERVOUS SYSTEM W MCC,106,12099.0
SC,092 - OTHER DISORDERS OF NERVOUS SYSTEM W CC,126,6511.0
SC,153 - OTITIS MEDIA & URI W/O MCC,368,4986.0
SC,164 - MAJOR CHEST PROCEDURES W CC,292,18863.0
SC,166 - OTHER RESP SYSTEM O.R. PROCEDURES W MCC,213,23888.0
SC,167 - OTHER RESP SYSTEM O.R. PROCEDURES W CC,150,12848.0
SC,180 - RESPIRATORY NEOPLASMS W MCC,197,12247.0
SC,181 - RESPIRATORY NEOPLASMS W CC,160,8248.0
SC,216 - CARDIAC VALVE & OTH MAJ CARDIOTHORACIC PROC W CARD CATH W MCC,181,66517.0
SC,220 - CARDIAC VALVE & OTH MAJ CARDIOTHORACIC PROC W/O CARD CATH W CC,288,34115.0
SC,233 - CORONARY BYPASS W CARDIAC CATH W MCC,256,46181.0
SC,234 - CORONARY BYPASS W CARDIAC CATH W/O MCC,421,30880.0
SC,236 - CORONARY BYPASS W/O CARDIAC CATH W/O MCC,364,25007.0
SC,237 - MAJOR CARDIOVASC PROCEDURES W MCC,187,37211.0
SC,238 - MAJOR CARDIOVASC PROCEDURES W/O MCC,548,23788.0
SC,240 - AMPUTATION FOR CIRC SYS DISORDERS EXC UPPER LIMB & TOE W CC,145,17407.0
SC,242 - PERMANENT CARDIAC PACEMAKER IMPLANT W MCC,234,23553.0
SC,243 - PERMANENT CARDIAC PACEMAKER IMPLANT W CC,414,17073.0
SC,244 - PERMANENT CARDIAC PACEMAKER IMPLANT W/O CC/MCC,331,13787.0
SC,246 - PERC CARDIOVASC PROC W DRUG-ELUTING STENT W MCC OR 4+ VESSELS/STENTS,519,21410.0
SC,247 - PERC CARDIOVASC PROC W DRUG-ELUTING STENT W/O MCC,1502,14038.0
SC,250 - PERC CARDIOVASC PROC W/O CORONARY ARTERY STENT W MCC,112,20937.0
SC,251 - PERC CARDIOVASC PROC W/O CORONARY ARTERY STENT W/O MCC,359,14925.0
SC,253 - OTHER VASCULAR PROCEDURES W CC,399,17495.0
SC,254 - OTHER VASCULAR PROCEDURES W/O CC/MCC,202,11629.0
SC,266 - ENDOVASCULAR CARDIAC VALVE REPLACEMENT W MCC,180,52969.0
SC,"286 - CIRCULATORY DISORDERS EXCEPT AMI, W CARD CATH W MCC",462,15391.0
SC,315 - OTHER CIRCULATORY SYSTEM DIAGNOSES W CC,258,7232.0
SC,"326 - STOMACH, ESOPHAGEAL & DUODENAL PROC W MCC",75,45139.0
SC,"328 - STOMACH, ESOPHAGEAL & DUODENAL PROC W/O CC/MCC",90,10554.0
SC,336 - PERITONEAL ADHESIOLYSIS W CC,70,17405.0
SC,395 - OTHER DIGESTIVE SYSTEM DIAGNOSES W/O CC/MCC,49,4642.0
SC,417 - LAPAROSCOPIC CHOLECYSTECTOMY W/O C.D.E. W MCC,73,16526.0
SC,"442 - DISORDERS OF LIVER EXCEPT MALIG,CIRR,ALC HEPA W CC",248,6613.0
SC,445 - DISORDERS OF THE BILIARY TRACT W CC,94,8361.0
SC,460 - SPINAL FUSION EXCEPT CERVICAL W/O MCC,1770,26678.0
SC,467 - REVISION OF HIP OR KNEE REPLACEMENT W CC,244,21649.0
SC,468 - REVISION OF HIP OR KNEE REPLACEMENT W/O CC/MCC,243,17589.0
SC,472 - CERVICAL SPINAL FUSION W CC,172,19099.0
SC,473 - CERVICAL SPINAL FUSION W/O CC/MCC,866,14739.0
SC,480 - HIP & FEMUR PROCEDURES EXCEPT MAJOR JOINT W MCC,285,19645.0
SC,482 - HIP & FEMUR PROCEDURES EXCEPT MAJOR JOINT W/O CC/MCC,322,10559.0
SC,518 - BACK & NECK PROC EXC SPINAL FUSION W MCC OR DISC DEVICE/NEUROSTIM,59,19207.0
SC,520 - BACK & NECK PROC EXC SPINAL FUSION W/O CC/MCC,295,7580.0
SC,551 - MEDICAL BACK PROBLEMS W MCC,90,12636.0
SC,"617 - AMPUTAT OF LOWER LIMB FOR ENDOCRINE,NUTRIT,& METABOL DIS W CC",108,13424.0
SC,621 - O.R. PROCEDURES FOR OBESITY W/O CC/MCC,261,11070.0
SC,669 - TRANSURETHRAL PROCEDURES W CC,115,8255.0
SC,708 - MAJOR MALE PELVIC PROCEDURES W/O CC/MCC,276,9388.0
SC,854 - INFECTIOUS & PARASITIC DISEASES W O.R. PROCEDURE W CC,133,14422.0
SC,907 - OTHER O.R. PROCEDURES FOR INJURIES W MCC,79,30192.0
SC,918 - POISONING & TOXIC EFFECTS OF DRUGS W/O MCC,217,4753.0
SC,920 - COMPLICATIONS OF TREATMENT W CC,99,7459.0
SC,982 - EXTENSIVE O.R. PROCEDURE UNRELATED TO PRINCIPAL DIAGNOSIS W CC,144,19519.0
SC,"003 - ECMO OR TRACH W MV >96 HRS OR PDX EXC FACE, MOUTH & NECK W MAJ O.R.",235,124471.0
SC,"004 - TRACH W MV 96+ HRS OR PDX EXC FACE, MOUTH & NECK W/O MAJ O.R.",202,68052.0
SC,023 - CRANIO W MAJOR DEV IMPL/ACUTE COMPLEX CNS PDX W MCC OR CHEMO IMPLANT,104,40786.0
SC,026 - CRANIOTOMY & ENDOVASCULAR INTRACRANIAL PROCEDURES W CC,56,23740.0
SC,027 - CRANIOTOMY & ENDOVASCULAR INTRACRANIAL PROCEDURES W/O CC/MCC,134,19463.0
SC,056 - DEGENERATIVE NERVOUS SYSTEM DISORDERS W MCC,47,12738.0
SC,062 - ACUTE ISCHEMIC STROKE W USE OF THROMBOLYTIC AGENT W CC,77,12793.0
SC,"086 - TRAUMATIC STUPOR & COMA, COMA <1 HR W CC",205,7922.0
SC,"087 - TRAUMATIC STUPOR & COMA, COMA <1 HR W/O CC/MCC",103,5669.0
SC,149 - DYSEQUILIBRIUM,116,4810.0
SC,204 - RESPIRATORY SIGNS & SYMPTOMS,102,5348.0
SC,206 - OTHER RESPIRATORY SYSTEM DIAGNOSES W/O MCC,73,8529.0
SC,219 - CARDIAC VALVE & OTH MAJ CARDIOTHORACIC PROC W/O CARD CATH W MCC,198,53398.0
SC,227 - CARDIAC DEFIBRILLATOR IMPLANT W/O CARDIAC CATH W/O MCC,56,33177.0
SC,249 - PERC CARDIOVASC PROC W NON-DRUG-ELUTING STENT W/O MCC,219,12789.0
SC,303 - ATHEROSCLEROSIS W/O MCC,83,4255.0
SC,388 - G.I. OBSTRUCTION W MCC,95,10931.0
SC,"493 - LOWER EXTREM & HUMER PROC EXCEPT HIP,FOOT,FEMUR W CC",223,14633.0
SC,556 - SIGNS & SYMPTOMS OF MUSCULOSKELETAL SYSTEM & CONN TISSUE W/O MCC,71,5156.0
SC,"563 - FX, SPRN, STRN & DISL EXCEPT FEMUR, HIP, PELVIS & THIGH W/O MCC",161,6054.0
SC,"605 - TRAUMA TO THE SKIN, SUBCUT TISS & BREAST W/O MCC",101,5493.0
SC,884 - ORGANIC DISTURBANCES & MENTAL RETARDATION,290,7620.0
SC,038 - EXTRACRANIAL PROCEDURES W CC,94,10635.0
SC,235 - CORONARY BYPASS W/O CARDIAC CATH W MCC,109,38588.0
SC,248 - PERC CARDIOVASC PROC W NON-DRUG-ELUTING STENT W MCC OR 4+ VES/STENTS,99,20802.0
SC,"283 - ACUTE MYOCARDIAL INFARCTION, EXPIRED W MCC",49,10348.0
SC,"494 - LOWER EXTREM & HUMER PROC EXCEPT HIP,FOOT,FEMUR W/O CC/MCC",174,10480.0
SC,658 - KIDNEY & URETER PROCEDURES FOR NEOPLASM W/O CC/MCC,58,9858.0
SC,885 - PSYCHOSES,237,8038.0
SC,103 - HEADACHES W/O MCC,54,5362.0
SC,163 - MAJOR CHEST PROCEDURES W MCC,113,36123.0
SC,165 - MAJOR CHEST PROCEDURES W/O CC/MCC,83,15440.0
SC,203 - BRONCHITIS & ASTHMA W/O CC/MCC,145,4761.0
SC,239 - AMPUTATION FOR CIRC SYS DISORDERS EXC UPPER LIMB & TOE W MCC,82,24364.0
SC,301 - PERIPHERAL VASCULAR DISORDERS W/O CC/MCC,67,4927.0
SC,432 - CIRRHOSIS & ALCOHOLIC HEPATITIS W MCC,63,12543.0
SC,435 - MALIGNANCY OF HEPATOBILIARY SYSTEM OR PANCREAS W MCC,87,12363.0
SC,440 - DISORDERS OF PANCREAS EXCEPT MALIGNANCY W/O CC/MCC,130,4696.0
SC,657 - KIDNEY & URETER PROCEDURES FOR NEOPLASM W CC,47,14872.0
SC,863 - POSTOPERATIVE & POST-TRAUMATIC INFECTIONS W/O MCC,102,8153.0
SC,864 - FEVER,99,5762.0
SC,897 - ALCOHOL/DRUG ABUSE OR DEPENDENCE W/O REHABILITATION THERAPY W/O MCC,233,5203.0
SC,267 - ENDOVASCULAR CARDIAC VALVE REPLACEMENT W/O MCC,86,43990.0
SC,355 - HERNIA PROCEDURES EXCEPT INGUINAL & FEMORAL W/O CC/MCC,52,8179.0
SC,673 - OTHER KIDNEY & URINARY TRACT PROCEDURES W MCC,100,25585.0
SC,073 - CRANIAL & PERIPHERAL NERVE DISORDERS W MCC,93,9429.0
SC,375 - DIGESTIVE MALIGNANCY W CC,95,9956.0
SC,519 - BACK & NECK PROC EXC SPINAL FUSION W CC,96,11964.0
SC,639 - DIABETES W/O CC/MCC,65,4683.0
SC,205 - OTHER RESPIRATORY SYSTEM DIAGNOSES W MCC,21,23575.0
SC,652 - KIDNEY TRANSPLANT,159,35981.0
SC,659 - KIDNEY & URETER PROCEDURES FOR NON-NEOPLASM W MCC,21,29564.0
SC,857 - POSTOPERATIVE OR POST-TRAUMATIC INFECTIONS W O.R. PROC W CC,68,15543.0
SC,455 - COMBINED ANTERIOR/POSTERIOR SPINAL FUSION W/O CC/MCC,55,46284.0
GA,064 - INTRACRANIAL HEMORRHAGE OR CEREBRAL INFARCTION W MCC,2097,11964.0
GA,065 - INTRACRANIAL HEMORRHAGE OR CEREBRAL INFARCTION W CC OR TPA IN 24 HRS,2938,7144.0
GA,066 - INTRACRANIAL HEMORRHAGE OR CEREBRAL INFARCTION W/O CC/MCC,1228,5510.0
GA,069 - TRANSIENT ISCHEMIA,1281,5007.0
GA,101 - SEIZURES W/O MCC,738,5889.0
GA,176 - PULMONARY EMBOLISM W/O MCC,831,6650.0
GA,177 - RESPIRATORY INFECTIONS & INFLAMMATIONS W MCC,1652,12125.0
GA,178 - RESPIRATORY INFECTIONS & INFLAMMATIONS W CC,844,8993.0
GA,189 - PULMONARY EDEMA & RESPIRATORY FAILURE,3826,8028.0
GA,190 - CHRONIC OBSTRUCTIVE PULMONARY DISEASE W MCC,4400,7709.0
GA,191 - CHRONIC OBSTRUCTIVE PULMONARY DISEASE W CC,3011,6311.0
GA,192 - CHRONIC OBSTRUCTIVE PULMONARY DISEASE W/O CC/MCC,1552,5167.0
GA,193 - SIMPLE PNEUMONIA & PLEURISY W MCC,4515,9172.0
GA,194 - SIMPLE PNEUMONIA & PLEURISY W CC,4372,6519.0
GA,195 - SIMPLE PNEUMONIA & PLEURISY W/O CC/MCC,1303,4952.0
GA,202 - BRONCHITIS & ASTHMA W CC/MCC,813,6014.0
GA,203 - BRONCHITIS & ASTHMA W/O CC/MCC,124,4726.0
GA,208 - RESPIRATORY SYSTEM DIAGNOSIS W VENTILATOR SUPPORT <96 HOURS,1741,15369.0
GA,252 - OTHER VASCULAR PROCEDURES W MCC,875,21981.0
GA,"280 - ACUTE MYOCARDIAL INFARCTION, DISCHARGED ALIVE W MCC",1571,11014.0
GA,"282 - ACUTE MYOCARDIAL INFARCTION, DISCHARGED ALIVE W/O CC/MCC",318,5129.0
GA,291 - HEART FAILURE & SHOCK W MCC,6688,9785.0
GA,292 - HEART FAILURE & SHOCK W CC,5878,6590.0
GA,293 - HEART FAILURE & SHOCK W/O CC/MCC,1490,4850.0
GA,299 - PERIPHERAL VASCULAR DISORDERS W MCC,265,9587.0
GA,308 - CARDIAC ARRHYTHMIA & CONDUCTION DISORDERS W MCC,1878,8073.0
GA,309 - CARDIAC ARRHYTHMIA & CONDUCTION DISORDERS W CC,2304,5431.0
GA,310 - CARDIAC ARRHYTHMIA & CONDUCTION DISORDERS W/O CC/MCC,1737,4070.0
GA,312 - SYNCOPE & COLLAPSE,1974,5351.0
GA,313 - CHEST PAIN,1566,4627.0
GA,314 - OTHER CIRCULATORY SYSTEM DIAGNOSES W MCC,1355,13143.0
GA,329 - MAJOR SMALL & LARGE BOWEL PROCEDURES W MCC,867,33343.0
GA,377 - G.I. HEMORRHAGE W MCC,1638,11854.0
GA,378 - G.I. HEMORRHAGE W CC,3874,6698.0
GA,379 - G.I. HEMORRHAGE W/O CC/MCC,491,5028.0
GA,"391 - ESOPHAGITIS, GASTROENT & MISC DIGEST DISORDERS W MCC",1233,8162.0
GA,"392 - ESOPHAGITIS, GASTROENT & MISC DIGEST DISORDERS W/O MCC",4520,5261.0
GA,394 - OTHER DIGESTIVE SYSTEM DIAGNOSES W CC,924,6510.0
GA,439 - DISORDERS OF PANCREAS EXCEPT MALIGNANCY W CC,484,6565.0
GA,460 - SPINAL FUSION EXCEPT CERVICAL W/O MCC,2689,25780.0
GA,470 - MAJOR JOINT REPLACEMENT OR REATTACHMENT OF LOWER EXTREMITY W/O MCC,12443,13297.0
GA,473 - CERVICAL SPINAL FUSION W/O CC/MCC,1269,14335.0
GA,481 - HIP & FEMUR PROCEDURES EXCEPT MAJOR JOINT W CC,2161,12286.0
GA,603 - CELLULITIS W/O MCC,2460,5790.0
GA,638 - DIABETES W CC,1554,5885.0
GA,639 - DIABETES W/O CC/MCC,92,5267.0
GA,"640 - MISC DISORDERS OF NUTRITION,METABOLISM,FLUIDS/ELECTROLYTES W MCC",2329,7761.0
GA,"641 - MISC DISORDERS OF NUTRITION,METABOLISM,FLUIDS/ELECTROLYTES W/O MCC",2800,5014.0
GA,682 - RENAL FAILURE W MCC,3870,10082.0
GA,683 - RENAL FAILURE W CC,4585,6500.0
GA,689 - KIDNEY & URINARY TRACT INFECTIONS W MCC,2281,7300.0
GA,690 - KIDNEY & URINARY TRACT INFECTIONS W/O MCC,4390,5397.0
GA,812 - RED BLOOD CELL DISORDERS W/O MCC,2202,6138.0
GA,871 - SEPTICEMIA OR SEVERE SEPSIS W/O MV 96+ HOURS W MCC,13692,11662.0
GA,872 - SEPTICEMIA OR SEVERE SEPSIS W/O MV >96 HOURS W/O MCC,3586,7067.0
GA,"281 - ACUTE MYOCARDIAL INFARCTION, DISCHARGED ALIVE W CC",957,6868.0
GA,389 - G.I. OBSTRUCTION W CC,1118,6007.0
GA,418 - LAPAROSCOPIC CHOLECYSTECTOMY W/O C.D.E. W CC,401,10279.0
GA,"004 - TRACH W MV 96+ HRS OR PDX EXC FACE, MOUTH & NECK W/O MAJ O.R.",293,67675.0
GA,057 - DEGENERATIVE NERVOUS SYSTEM DISORDERS W/O MCC,427,7845.0
GA,073 - CRANIAL & PERIPHERAL NERVE DISORDERS W MCC,103,8923.0
GA,074 - CRANIAL & PERIPHERAL NERVE DISORDERS W/O MCC,287,6165.0
GA,100 - SEIZURES W MCC,538,11040.0
GA,153 - OTITIS MEDIA & URI W/O MCC,233,4925.0
GA,166 - OTHER RESP SYSTEM O.R. PROCEDURES W MCC,375,23245.0
GA,181 - RESPIRATORY NEOPLASMS W CC,167,8732.0
GA,204 - RESPIRATORY SIGNS & SYMPTOMS,99,5675.0
GA,207 - RESPIRATORY SYSTEM DIAGNOSIS W VENTILATOR SUPPORT 96+ HOURS,610,35138.0
GA,238 - MAJOR CARDIOVASC PROCEDURES W/O MCC,894,22276.0
GA,243 - PERMANENT CARDIAC PACEMAKER IMPLANT W CC,433,16595.0
GA,246 - PERC CARDIOVASC PROC W DRUG-ELUTING STENT W MCC OR 4+ VESSELS/STENTS,1000,21126.0
GA,247 - PERC CARDIOVASC PROC W DRUG-ELUTING STENT W/O MCC,2388,13432.0
GA,253 - OTHER VASCULAR PROCEDURES W CC,666,16994.0
GA,254 - OTHER VASCULAR PROCEDURES W/O CC/MCC,296,11452.0
GA,"286 - CIRCULATORY DISORDERS EXCEPT AMI, W CARD CATH W MCC",883,14403.0
GA,"287 - CIRCULATORY DISORDERS EXCEPT AMI, W CARD CATH W/O MCC",2441,7470.0
GA,300 - PERIPHERAL VASCULAR DISORDERS W CC,624,7019.0
GA,305 - HYPERTENSION W/O MCC,315,4829.0
GA,315 - OTHER CIRCULATORY SYSTEM DIAGNOSES W CC,315,7345.0
GA,330 - MAJOR SMALL & LARGE BOWEL PROCEDURES W CC,1204,16156.0
GA,331 - MAJOR SMALL & LARGE BOWEL PROCEDURES W/O CC/MCC,558,10541.0
GA,372 - MAJOR GASTROINTESTINAL DISORDERS & PERITONEAL INFECTIONS W CC,575,7548.0
GA,438 - DISORDERS OF PANCREAS EXCEPT MALIGNANCY W MCC,204,12618.0
GA,467 - REVISION OF HIP OR KNEE REPLACEMENT W CC,286,21491.0
GA,468 - REVISION OF HIP OR KNEE REPLACEMENT W/O CC/MCC,438,17705.0
GA,482 - HIP & FEMUR PROCEDURES EXCEPT MAJOR JOINT W/O CC/MCC,438,10339.0
GA,483 - MAJOR JOINT/LIMB REATTACHMENT PROCEDURE OF UPPER EXTREMITIES,986,15158.0
GA,520 - BACK & NECK PROC EXC SPINAL FUSION W/O CC/MCC,407,8141.0
GA,536 - FRACTURES OF HIP & PELVIS W/O MCC,450,4888.0
GA,552 - MEDICAL BACK PROBLEMS W/O MCC,917,6253.0
GA,"563 - FX, SPRN, STRN & DISL EXCEPT FEMUR, HIP, PELVIS & THIGH W/O MCC",280,5655.0
GA,621 - O.R. PROCEDURES FOR OBESITY W/O CC/MCC,315,10234.0
GA,637 - DIABETES W MCC,624,9697.0
GA,684 - RENAL FAILURE W/O CC/MCC,515,4441.0
GA,698 - OTHER KIDNEY & URINARY TRACT DIAGNOSES W MCC,834,10781.0
GA,811 - RED BLOOD CELL DISORDERS W MCC,737,9131.0
GA,853 - INFECTIOUS & PARASITIC DISEASES W O.R. PROCEDURE W MCC,1581,34891.0
GA,870 - SEPTICEMIA OR SEVERE SEPSIS W MV >96 HOURS,838,38604.0
GA,885 - PSYCHOSES,1386,7718.0
GA,897 - ALCOHOL/DRUG ABUSE OR DEPENDENCE W/O REHABILITATION THERAPY W/O MCC,533,5182.0
GA,917 - POISONING & TOXIC EFFECTS OF DRUGS W MCC,574,9465.0
GA,918 - POISONING & TOXIC EFFECTS OF DRUGS W/O MCC,288,5242.0
GA,948 - SIGNS & SYMPTOMS W/O MCC,834,5172.0
GA,039 - EXTRACRANIAL PROCEDURES W/O CC/MCC,826,6842.0
GA,175 - PULMONARY EMBOLISM W MCC,358,10008.0
GA,237 - MAJOR CARDIOVASC PROCEDURES W MCC,411,36865.0
GA,242 - PERMANENT CARDIAC PACEMAKER IMPLANT W MCC,238,23099.0
GA,371 - MAJOR GASTROINTESTINAL DISORDERS & PERITONEAL INFECTIONS W MCC,378,13024.0
GA,390 - G.I. OBSTRUCTION W/O CC/MCC,584,4478.0
GA,419 - LAPAROSCOPIC CHOLECYSTECTOMY W/O C.D.E. W/O CC/MCC,181,7858.0
GA,469 - MAJOR JOINT REPLACEMENT OR REATTACHMENT OF LOWER EXTREMITY W MCC,507,19930.0
GA,478 - BIOPSIES OF MUSCULOSKELETAL SYSTEM & CONNECTIVE TISSUE W CC,65,13467.0
GA,480 - HIP & FEMUR PROCEDURES EXCEPT MAJOR JOINT W MCC,615,18443.0
GA,"493 - LOWER EXTREM & HUMER PROC EXCEPT HIP,FOOT,FEMUR W CC",237,13192.0
GA,602 - CELLULITIS W MCC,480,9368.0
GA,884 - ORGANIC DISTURBANCES & MENTAL RETARDATION,293,7532.0
GA,981 - EXTENSIVE O.R. PROCEDURE UNRELATED TO PRINCIPAL DIAGNOSIS W MCC,510,31928.0
GA,023 - CRANIO W MAJOR DEV IMPL/ACUTE COMPLEX CNS PDX W MCC OR CHEMO IMPLANT,155,40741.0
GA,025 - CRANIOTOMY & ENDOVASCULAR INTRACRANIAL PROCEDURES W MCC,299,30902.0
GA,038 - EXTRACRANIAL PROCEDURES W CC,163,9621.0
GA,054 - NERVOUS SYSTEM NEOPLASMS W MCC,137,9724.0
GA,070 - NONSPECIFIC CEREBROVASCULAR DISORDERS W MCC,201,10327.0
GA,071 - NONSPECIFIC CEREBROVASCULAR DISORDERS W CC,179,6188.0
GA,"085 - TRAUMATIC STUPOR & COMA, COMA <1 HR W MCC",163,14364.0
GA,"086 - TRAUMATIC STUPOR & COMA, COMA <1 HR W CC",304,7826.0
GA,091 - OTHER DISORDERS OF NERVOUS SYSTEM W MCC,163,10255.0
GA,092 - OTHER DISORDERS OF NERVOUS SYSTEM W CC,232,6080.0
GA,164 - MAJOR CHEST PROCEDURES W CC,355,17288.0
GA,180 - RESPIRATORY NEOPLASMS W MCC,277,11789.0
GA,219 - CARDIAC VALVE & OTH MAJ CARDIOTHORACIC PROC W/O CARD CATH W MCC,516,49894.0
GA,220 - CARDIAC VALVE & OTH MAJ CARDIOTHORACIC PROC W/O CARD CATH W CC,439,32921.0
GA,233 - CORONARY BYPASS W CARDIAC CATH W MCC,231,44689.0
GA,234 - CORONARY BYPASS W CARDIAC CATH W/O MCC,389,30368.0
GA,239 - AMPUTATION FOR CIRC SYS DISORDERS EXC UPPER LIMB & TOE W MCC,183,26512.0
GA,244 - PERMANENT CARDIAC PACEMAKER IMPLANT W/O CC/MCC,242,13136.0
GA,248 - PERC CARDIOVASC PROC W NON-DRUG-ELUTING STENT W MCC OR 4+ VES/STENTS,103,20868.0
GA,249 - PERC CARDIOVASC PROC W NON-DRUG-ELUTING STENT W/O MCC,232,11939.0
GA,251 - PERC CARDIOVASC PROC W/O CORONARY ARTERY STENT W/O MCC,451,14120.0
GA,264 - OTHER CIRCULATORY SYSTEM O.R. PROCEDURES,377,18655.0
GA,"328 - STOMACH, ESOPHAGEAL & DUODENAL PROC W/O CC/MCC",154,9975.0
GA,374 - DIGESTIVE MALIGNANCY W MCC,66,13606.0
GA,375 - DIGESTIVE MALIGNANCY W CC,86,8461.0
GA,386 - INFLAMMATORY BOWEL DISEASE W CC,65,6907.0
GA,388 - G.I. OBSTRUCTION W MCC,162,10501.0
GA,393 - OTHER DIGESTIVE SYSTEM DIAGNOSES W MCC,331,11825.0
GA,417 - LAPAROSCOPIC CHOLECYSTECTOMY W/O C.D.E. W MCC,230,16184.0
GA,432 - CIRRHOSIS & ALCOHOLIC HEPATITIS W MCC,65,11343.0
GA,"441 - DISORDERS OF LIVER EXCEPT MALIG,CIRR,ALC HEPA W MCC",349,13059.0
GA,"442 - DISORDERS OF LIVER EXCEPT MALIG,CIRR,ALC HEPA W CC",236,6356.0
GA,519 - BACK & NECK PROC EXC SPINAL FUSION W CC,216,10883.0
GA,551 - MEDICAL BACK PROBLEMS W MCC,94,10140.0
GA,620 - O.R. PROCEDURES FOR OBESITY W CC,56,12413.0
GA,673 - OTHER KIDNEY & URINARY TRACT PROCEDURES W MCC,164,23540.0
GA,674 - OTHER KIDNEY & URINARY TRACT PROCEDURES W CC,58,15788.0
GA,699 - OTHER KIDNEY & URINARY TRACT DIAGNOSES W CC,508,7599.0
GA,862 - POSTOPERATIVE & POST-TRAUMATIC INFECTIONS W MCC,90,13485.0
GA,863 - POSTOPERATIVE & POST-TRAUMATIC INFECTIONS W/O MCC,123,6875.0
GA,919 - COMPLICATIONS OF TREATMENT W MCC,205,14012.0
GA,920 - COMPLICATIONS OF TREATMENT W CC,200,6969.0
GA,982 - EXTENSIVE O.R. PROCEDURE UNRELATED TO PRINCIPAL DIAGNOSIS W CC,124,17445.0
GA,"003 - ECMO OR TRACH W MV >96 HRS OR PDX EXC FACE, MOUTH & NECK W MAJ O.R.",391,128256.0
GA,024 - CRANIO W MAJOR DEV IMPL/ACUTE COMPLEX CNS PDX W/O MCC,62,26871.0
GA,026 - CRANIOTOMY & ENDOVASCULAR INTRACRANIAL PROCEDURES W CC,146,21302.0
GA,027 - CRANIOTOMY & ENDOVASCULAR INTRACRANIAL PROCEDURES W/O CC/MCC,150,16599.0
GA,056 - DEGENERATIVE NERVOUS SYSTEM DISORDERS W MCC,74,12439.0
GA,062 - ACUTE ISCHEMIC STROKE W USE OF THROMBOLYTIC AGENT W CC,72,11220.0
GA,"087 - TRAUMATIC STUPOR & COMA, COMA <1 HR W/O CC/MCC",163,6268.0
GA,149 - DYSEQUILIBRIUM,106,4325.0
GA,163 - MAJOR CHEST PROCEDURES W MCC,205,32901.0
GA,165 - MAJOR CHEST PROCEDURES W/O CC/MCC,193,12438.0
GA,167 - OTHER RESP SYSTEM O.R. PROCEDURES W CC,162,13333.0
GA,184 - MAJOR CHEST TRAUMA W CC,49,8268.0
GA,186 - PLEURAL EFFUSION W MCC,71,10849.0
GA,196 - INTERSTITIAL LUNG DISEASE W MCC,73,10653.0
GA,216 - CARDIAC VALVE & OTH MAJ CARDIOTHORACIC PROC W CARD CATH W MCC,124,60607.0
GA,235 - CORONARY BYPASS W/O CARDIAC CATH W MCC,314,34444.0
GA,236 - CORONARY BYPASS W/O CARDIAC CATH W/O MCC,570,23605.0
GA,250 - PERC CARDIOVASC PROC W/O CORONARY ARTERY STENT W MCC,244,22606.0
GA,266 - ENDOVASCULAR CARDIAC VALVE REPLACEMENT W MCC,259,53856.0
GA,267 - ENDOVASCULAR CARDIAC VALVE REPLACEMENT W/O MCC,199,40960.0
GA,"326 - STOMACH, ESOPHAGEAL & DUODENAL PROC W MCC",92,42033.0
GA,"327 - STOMACH, ESOPHAGEAL & DUODENAL PROC W CC",80,19446.0
GA,336 - PERITONEAL ADHESIOLYSIS W CC,52,15459.0
GA,373 - MAJOR GASTROINTESTINAL DISORDERS & PERITONEAL INFECTIONS W/O CC/MCC,21,5072.0
GA,395 - OTHER DIGESTIVE SYSTEM DIAGNOSES W/O CC/MCC,64,5404.0
GA,"405 - PANCREAS, LIVER & SHUNT PROCEDURES W MCC",56,47884.0
GA,435 - MALIGNANCY OF HEPATOBILIARY SYSTEM OR PANCREAS W MCC,130,11964.0
GA,436 - MALIGNANCY OF HEPATOBILIARY SYSTEM OR PANCREAS W CC,61,8334.0
GA,440 - DISORDERS OF PANCREAS EXCEPT MALIGNANCY W/O CC/MCC,69,4723.0
GA,444 - DISORDERS OF THE BILIARY TRACT W MCC,74,13393.0
GA,445 - DISORDERS OF THE BILIARY TRACT W CC,132,7669.0
GA,472 - CERVICAL SPINAL FUSION W CC,311,18994.0
GA,"494 - LOWER EXTREM & HUMER PROC EXCEPT HIP,FOOT,FEMUR W/O CC/MCC",125,10730.0
GA,516 - OTHER MUSCULOSKELET SYS & CONN TISS O.R. PROC W CC,84,12524.0
GA,543 - PATHOLOGICAL FRACTURES & MUSCULOSKELET & CONN TISS MALIG W CC,64,7696.0
GA,556 - SIGNS & SYMPTOMS OF MUSCULOSKELETAL SYSTEM & CONN TISSUE W/O MCC,48,5613.0
GA,"558 - TENDONITIS, MYOSITIS & BURSITIS W/O MCC",44,5269.0
GA,"617 - AMPUTAT OF LOWER LIMB FOR ENDOCRINE,NUTRIT,& METABOL DIS W CC",93,13138.0
GA,669 - TRANSURETHRAL PROCEDURES W CC,95,8231.0
GA,708 - MAJOR MALE PELVIC PROCEDURES W/O CC/MCC,269,8891.0
GA,809 - MAJOR HEMATOL/IMMUN DIAG EXC SICKLE CELL CRISIS & COAGUL W CC,173,9920.0
GA,847 - CHEMOTHERAPY W/O ACUTE LEUKEMIA AS SECONDARY DIAGNOSIS W CC,175,10460.0
GA,854 - INFECTIOUS & PARASITIC DISEASES W O.R. PROCEDURE W CC,140,15060.0
GA,864 - FEVER,72,5728.0
GA,947 - SIGNS & SYMPTOMS W MCC,102,8190.0
GA,644 - ENDOCRINE DISORDERS W CC,67,7177.0
GA,928 - FULL THICKNESS BURN W SKIN GRAFT OR INHAL INJ W CC/MCC,100,36355.0
GA,935 - NON-EXTENSIVE BURNS,113,11882.0
GA,303 - ATHEROSCLEROSIS W/O MCC,103,4508.0
GA,974 - HIV W MAJOR RELATED CONDITION W MCC,125,23268.0
GA,"012 - TRACHEOSTOMY FOR FACE,MOUTH & NECK DIAGNOSES W CC",44,27066.0
GA,907 - OTHER O.R. PROCEDURES FOR INJURIES W MCC,107,32394.0
GA,005 - LIVER TRANSPLANT W MCC OR INTESTINAL TRANSPLANT,49,103140.0
GA,227 - CARDIAC DEFIBRILLATOR IMPLANT W/O CARDIAC CATH W/O MCC,105,33129.0
GA,"406 - PANCREAS, LIVER & SHUNT PROCEDURES W CC",57,19703.0
GA,652 - KIDNEY TRANSPLANT,291,29226.0
GA,660 - KIDNEY & URETER PROCEDURES FOR NON-NEOPLASM W CC,51,14260.0
GA,301 - PERIPHERAL VASCULAR DISORDERS W/O CC/MCC,83,5736.0
GA,016 - AUTOLOGOUS BONE MARROW TRANSPLANT W CC/MCC,60,50778.0
GA,454 - COMBINED ANTERIOR/POSTERIOR SPINAL FUSION W CC,58,62841.0
GA,455 - COMBINED ANTERIOR/POSTERIOR SPINAL FUSION W/O CC/MCC,89,42871.0
GA,658 - KIDNEY & URETER PROCEDURES FOR NEOPLASM W/O CC/MCC,44,11990.0
GA,694 - URINARY STONES W/O ESW LITHOTRIPSY W/O MCC,71,5061.0
GA,240 - AMPUTATION FOR CIRC SYS DISORDERS EXC UPPER LIMB & TOE W CC,57,14179.0
GA,895 - ALCOHOL/DRUG ABUSE OR DEPENDENCE W REHABILITATION THERAPY,2282,6185.0
FL,153 - OTITIS MEDIA & URI W/O MCC,1680,4870.0
FL,176 - PULMONARY EMBOLISM W/O MCC,2015,6410.0
FL,189 - PULMONARY EDEMA & RESPIRATORY FAILURE,6814,8133.0
FL,190 - CHRONIC OBSTRUCTIVE PULMONARY DISEASE W MCC,12388,7589.0
FL,191 - CHRONIC OBSTRUCTIVE PULMONARY DISEASE W CC,10814,6291.0
FL,192 - CHRONIC OBSTRUCTIVE PULMONARY DISEASE W/O CC/MCC,7049,5005.0
FL,193 - SIMPLE PNEUMONIA & PLEURISY W MCC,9313,9297.0
FL,194 - SIMPLE PNEUMONIA & PLEURISY W CC,10969,6475.0
FL,195 - SIMPLE PNEUMONIA & PLEURISY W/O CC/MCC,4242,4823.0
FL,291 - HEART FAILURE & SHOCK W MCC,16275,9657.0
FL,292 - HEART FAILURE & SHOCK W CC,14582,6460.0
FL,293 - HEART FAILURE & SHOCK W/O CC/MCC,4522,4627.0
FL,309 - CARDIAC ARRHYTHMIA & CONDUCTION DISORDERS W CC,8041,5347.0
FL,310 - CARDIAC ARRHYTHMIA & CONDUCTION DISORDERS W/O CC/MCC,8229,3927.0
FL,378 - G.I. HEMORRHAGE W CC,11097,6553.0
FL,390 - G.I. OBSTRUCTION W/O CC/MCC,2633,4488.0
FL,"392 - ESOPHAGITIS, GASTROENT & MISC DIGEST DISORDERS W/O MCC",19963,5173.0
FL,603 - CELLULITIS W/O MCC,10421,5812.0
FL,"640 - MISC DISORDERS OF NUTRITION,METABOLISM,FLUIDS/ELECTROLYTES W MCC",3952,7676.0
FL,"641 - MISC DISORDERS OF NUTRITION,METABOLISM,FLUIDS/ELECTROLYTES W/O MCC",7629,4913.0
FL,682 - RENAL FAILURE W MCC,8876,9944.0
FL,683 - RENAL FAILURE W CC,11778,6412.0
FL,684 - RENAL FAILURE W/O CC/MCC,1811,4438.0
FL,689 - KIDNEY & URINARY TRACT INFECTIONS W MCC,7055,7296.0
FL,690 - KIDNEY & URINARY TRACT INFECTIONS W/O MCC,14907,5352.0
FL,871 - SEPTICEMIA OR SEVERE SEPSIS W/O MV 96+ HOURS W MCC,30635,11795.0
FL,872 - SEPTICEMIA OR SEVERE SEPSIS W/O MV >96 HOURS W/O MCC,9382,7084.0
FL,208 - RESPIRATORY SYSTEM DIAGNOSIS W VENTILATOR SUPPORT <96 HOURS,4491,14960.0
FL,"280 - ACUTE MYOCARDIAL INFARCTION, DISCHARGED ALIVE W MCC",4558,10863.0
FL,303 - ATHEROSCLEROSIS W/O MCC,1007,4372.0
FL,312 - SYNCOPE & COLLAPSE,9594,5164.0
FL,313 - CHEST PAIN,8513,4470.0
FL,"391 - ESOPHAGITIS, GASTROENT & MISC DIGEST DISORDERS W MCC",3667,8307.0
FL,419 - LAPAROSCOPIC CHOLECYSTECTOMY W/O C.D.E. W/O CC/MCC,1235,7947.0
FL,638 - DIABETES W CC,3275,5891.0
FL,812 - RED BLOOD CELL DISORDERS W/O MCC,6790,5913.0
FL,057 - DEGENERATIVE NERVOUS SYSTEM DISORDERS W/O MCC,2274,6837.0
FL,065 - INTRACRANIAL HEMORRHAGE OR CEREBRAL INFARCTION W CC OR TPA IN 24 HRS,6540,7083.0
FL,066 - INTRACRANIAL HEMORRHAGE OR CEREBRAL INFARCTION W/O CC/MCC,3589,5273.0
FL,069 - TRANSIENT ISCHEMIA,5691,4810.0
FL,074 - CRANIAL & PERIPHERAL NERVE DISORDERS W/O MCC,1556,6314.0
FL,101 - SEIZURES W/O MCC,3276,5666.0
FL,103 - HEADACHES W/O MCC,459,5339.0
FL,149 - DYSEQUILIBRIUM,1791,4392.0
FL,178 - RESPIRATORY INFECTIONS & INFLAMMATIONS W CC,2670,8779.0
FL,180 - RESPIRATORY NEOPLASMS W MCC,964,10860.0
FL,202 - BRONCHITIS & ASTHMA W CC/MCC,2962,6120.0
FL,244 - PERMANENT CARDIAC PACEMAKER IMPLANT W/O CC/MCC,1389,13090.0
FL,247 - PERC CARDIOVASC PROC W DRUG-ELUTING STENT W/O MCC,6822,13293.0
FL,"281 - ACUTE MYOCARDIAL INFARCTION, DISCHARGED ALIVE W CC",2737,6782.0
FL,"287 - CIRCULATORY DISORDERS EXCEPT AMI, W CARD CATH W/O MCC",7667,7535.0
FL,305 - HYPERTENSION W/O MCC,2475,4546.0
FL,308 - CARDIAC ARRHYTHMIA & CONDUCTION DISORDERS W MCC,5271,7843.0
FL,315 - OTHER CIRCULATORY SYSTEM DIAGNOSES W CC,1452,6991.0
FL,330 - MAJOR SMALL & LARGE BOWEL PROCEDURES W CC,3297,16602.0
FL,372 - MAJOR GASTROINTESTINAL DISORDERS & PERITONEAL INFECTIONS W CC,2475,7440.0
FL,379 - G.I. HEMORRHAGE W/O CC/MCC,2347,4676.0
FL,389 - G.I. OBSTRUCTION W CC,4062,5935.0
FL,394 - OTHER DIGESTIVE SYSTEM DIAGNOSES W CC,3564,6562.0
FL,418 - LAPAROSCOPIC CHOLECYSTECTOMY W/O C.D.E. W CC,1778,10586.0
FL,440 - DISORDERS OF PANCREAS EXCEPT MALIGNANCY W/O CC/MCC,734,4812.0
FL,470 - MAJOR JOINT REPLACEMENT OR REATTACHMENT OF LOWER EXTREMITY W/O MCC,31329,13220.0
FL,811 - RED BLOOD CELL DISORDERS W MCC,2120,9179.0
FL,884 - ORGANIC DISTURBANCES & MENTAL RETARDATION,1701,6873.0
FL,885 - PSYCHOSES,7132,9047.0
FL,918 - POISONING & TOXIC EFFECTS OF DRUGS W/O MCC,1522,4782.0
FL,948 - SIGNS & SYMPTOMS W/O MCC,3370,5041.0
FL,064 - INTRACRANIAL HEMORRHAGE OR CEREBRAL INFARCTION W MCC,4804,11471.0
FL,092 - OTHER DISORDERS OF NERVOUS SYSTEM W CC,1217,6028.0
FL,177 - RESPIRATORY INFECTIONS & INFLAMMATIONS W MCC,4443,12209.0
FL,"286 - CIRCULATORY DISORDERS EXCEPT AMI, W CARD CATH W MCC",2034,14378.0
FL,467 - REVISION OF HIP OR KNEE REPLACEMENT W CC,1302,21380.0
FL,481 - HIP & FEMUR PROCEDURES EXCEPT MAJOR JOINT W CC,5910,12048.0
FL,"004 - TRACH W MV 96+ HRS OR PDX EXC FACE, MOUTH & NECK W/O MAJ O.R.",966,70660.0
FL,039 - EXTRACRANIAL PROCEDURES W/O CC/MCC,2030,6753.0
FL,070 - NONSPECIFIC CEREBROVASCULAR DISORDERS W MCC,580,11576.0
FL,071 - NONSPECIFIC CEREBROVASCULAR DISORDERS W CC,839,6698.0
FL,"086 - TRAUMATIC STUPOR & COMA, COMA <1 HR W CC",1013,7732.0
FL,091 - OTHER DISORDERS OF NERVOUS SYSTEM W MCC,436,10494.0
FL,100 - SEIZURES W MCC,1401,10704.0
FL,164 - MAJOR CHEST PROCEDURES W CC,801,16689.0
FL,165 - MAJOR CHEST PROCEDURES W/O CC/MCC,388,12475.0
FL,206 - OTHER RESPIRATORY SYSTEM DIAGNOSES W/O MCC,546,5885.0
FL,219 - CARDIAC VALVE & OTH MAJ CARDIOTHORACIC PROC W/O CARD CATH W MCC,1011,52517.0
FL,220 - CARDIAC VALVE & OTH MAJ CARDIOTHORACIC PROC W/O CARD CATH W CC,1068,33771.0
FL,233 - CORONARY BYPASS W CARDIAC CATH W MCC,719,44410.0
FL,236 - CORONARY BYPASS W/O CARDIAC CATH W/O MCC,1047,22897.0
FL,237 - MAJOR CARDIOVASC PROCEDURES W MCC,1270,36344.0
FL,238 - MAJOR CARDIOVASC PROCEDURES W/O MCC,2384,22335.0
FL,243 - PERMANENT CARDIAC PACEMAKER IMPLANT W CC,1985,16109.0
FL,246 - PERC CARDIOVASC PROC W DRUG-ELUTING STENT W MCC OR 4+ VESSELS/STENTS,2511,21780.0
FL,250 - PERC CARDIOVASC PROC W/O CORONARY ARTERY STENT W MCC,630,20525.0
FL,251 - PERC CARDIOVASC PROC W/O CORONARY ARTERY STENT W/O MCC,2199,14136.0
FL,252 - OTHER VASCULAR PROCEDURES W MCC,2765,22582.0
FL,253 - OTHER VASCULAR PROCEDURES W CC,2601,16499.0
FL,299 - PERIPHERAL VASCULAR DISORDERS W MCC,1143,9784.0
FL,300 - PERIPHERAL VASCULAR DISORDERS W CC,2780,6639.0
FL,314 - OTHER CIRCULATORY SYSTEM DIAGNOSES W MCC,3557,12879.0
FL,329 - MAJOR SMALL & LARGE BOWEL PROCEDURES W MCC,2342,32042.0
FL,371 - MAJOR GASTROINTESTINAL DISORDERS & PERITONEAL INFECTIONS W MCC,1174,12076.0
FL,377 - G.I. HEMORRHAGE W MCC,4013,11413.0
FL,384 - UNCOMPLICATED PEPTIC ULCER W/O MCC,160,5642.0
FL,393 - OTHER DIGESTIVE SYSTEM DIAGNOSES W MCC,1371,11816.0
FL,395 - OTHER DIGESTIVE SYSTEM DIAGNOSES W/O CC/MCC,1017,4707.0
FL,438 - DISORDERS OF PANCREAS EXCEPT MALIGNANCY W MCC,451,13149.0
FL,439 - DISORDERS OF PANCREAS EXCEPT MALIGNANCY W CC,1581,6479.0
FL,460 - SPINAL FUSION EXCEPT CERVICAL W/O MCC,5472,25017.0
FL,469 - MAJOR JOINT REPLACEMENT OR REATTACHMENT OF LOWER EXTREMITY W MCC,1402,19602.0
FL,473 - CERVICAL SPINAL FUSION W/O CC/MCC,1804,14543.0
FL,477 - BIOPSIES OF MUSCULOSKELETAL SYSTEM & CONNECTIVE TISSUE W MCC,47,18165.0
FL,478 - BIOPSIES OF MUSCULOSKELETAL SYSTEM & CONNECTIVE TISSUE W CC,391,13212.0
FL,480 - HIP & FEMUR PROCEDURES EXCEPT MAJOR JOINT W MCC,1497,18024.0
FL,482 - HIP & FEMUR PROCEDURES EXCEPT MAJOR JOINT W/O CC/MCC,1744,10178.0
FL,483 - MAJOR JOINT/LIMB REATTACHMENT PROCEDURE OF UPPER EXTREMITIES,3217,15004.0
FL,"493 - LOWER EXTREM & HUMER PROC EXCEPT HIP,FOOT,FEMUR W CC",1127,13645.0
FL,519 - BACK & NECK PROC EXC SPINAL FUSION W CC,475,11032.0
FL,520 - BACK & NECK PROC EXC SPINAL FUSION W/O CC/MCC,1255,8109.0
FL,536 - FRACTURES OF HIP & PELVIS W/O MCC,2277,4698.0
FL,552 - MEDICAL BACK PROBLEMS W/O MCC,5735,5880.0
FL,556 - SIGNS & SYMPTOMS OF MUSCULOSKELETAL SYSTEM & CONN TISSUE W/O MCC,764,4770.0
FL,"563 - FX, SPRN, STRN & DISL EXCEPT FEMUR, HIP, PELVIS & THIGH W/O MCC",2358,5312.0
FL,602 - CELLULITIS W MCC,1640,9465.0
FL,"605 - TRAUMA TO THE SKIN, SUBCUT TISS & BREAST W/O MCC",1141,5458.0
FL,637 - DIABETES W MCC,1207,9538.0
FL,644 - ENDOCRINE DISORDERS W CC,393,6738.0
FL,669 - TRANSURETHRAL PROCEDURES W CC,963,8121.0
FL,694 - URINARY STONES W/O ESW LITHOTRIPSY W/O MCC,1036,4783.0
FL,698 - OTHER KIDNEY & URINARY TRACT DIAGNOSES W MCC,2400,11162.0
FL,699 - OTHER KIDNEY & URINARY TRACT DIAGNOSES W CC,2309,8089.0
FL,853 - INFECTIOUS & PARASITIC DISEASES W O.R. PROCEDURE W MCC,4149,34113.0
FL,854 - INFECTIOUS & PARASITIC DISEASES W O.R. PROCEDURE W CC,438,14948.0
FL,870 - SEPTICEMIA OR SEVERE SEPSIS W MV >96 HOURS,2149,38849.0
FL,897 - ALCOHOL/DRUG ABUSE OR DEPENDENCE W/O REHABILITATION THERAPY W/O MCC,1403,4927.0
FL,917 - POISONING & TOXIC EFFECTS OF DRUGS W MCC,1829,9357.0
FL,919 - COMPLICATIONS OF TREATMENT W MCC,510,13738.0
FL,920 - COMPLICATIONS OF TREATMENT W CC,766,7104.0
FL,947 - SIGNS & SYMPTOMS W MCC,421,7933.0
FL,981 - EXTENSIVE O.R. PROCEDURE UNRELATED TO PRINCIPAL DIAGNOSIS W MCC,1336,32604.0
FL,025 - CRANIOTOMY & ENDOVASCULAR INTRACRANIAL PROCEDURES W MCC,1017,30345.0
FL,"087 - TRAUMATIC STUPOR & COMA, COMA <1 HR W/O CC/MCC",790,6055.0
FL,166 - OTHER RESP SYSTEM O.R. PROCEDURES W MCC,938,24546.0
FL,167 - OTHER RESP SYSTEM O.R. PROCEDURES W CC,493,13063.0
FL,207 - RESPIRATORY SYSTEM DIAGNOSIS W VENTILATOR SUPPORT 96+ HOURS,1601,34667.0
FL,234 - CORONARY BYPASS W CARDIAC CATH W/O MCC,1095,28749.0
FL,242 - PERMANENT CARDIAC PACEMAKER IMPLANT W MCC,928,22438.0
FL,254 - OTHER VASCULAR PROCEDURES W/O CC/MCC,872,11367.0
FL,"282 - ACUTE MYOCARDIAL INFARCTION, DISCHARGED ALIVE W/O CC/MCC",1176,5153.0
FL,301 - PERIPHERAL VASCULAR DISORDERS W/O CC/MCC,942,4756.0
FL,"328 - STOMACH, ESOPHAGEAL & DUODENAL PROC W/O CC/MCC",296,11406.0
FL,331 - MAJOR SMALL & LARGE BOWEL PROCEDURES W/O CC/MCC,1137,11021.0
FL,373 - MAJOR GASTROINTESTINAL DISORDERS & PERITONEAL INFECTIONS W/O CC/MCC,363,5225.0
FL,388 - G.I. OBSTRUCTION W MCC,695,10977.0
FL,417 - LAPAROSCOPIC CHOLECYSTECTOMY W/O C.D.E. W MCC,807,15786.0
FL,459 - SPINAL FUSION EXCEPT CERVICAL W MCC,57,49697.0
FL,"494 - LOWER EXTREM & HUMER PROC EXCEPT HIP,FOOT,FEMUR W/O CC/MCC",824,10572.0
FL,516 - OTHER MUSCULOSKELET SYS & CONN TISS O.R. PROC W CC,582,12466.0
FL,517 - OTHER MUSCULOSKELET SYS & CONN TISS O.R. PROC W/O CC/MCC,256,10741.0
FL,"617 - AMPUTAT OF LOWER LIMB FOR ENDOCRINE,NUTRIT,& METABOL DIS W CC",219,13974.0
FL,863 - POSTOPERATIVE & POST-TRAUMATIC INFECTIONS W/O MCC,811,7002.0
FL,864 - FEVER,818,6019.0
FL,881 - DEPRESSIVE NEUROSES,232,5351.0
FL,249 - PERC CARDIOVASC PROC W NON-DRUG-ELUTING STENT W/O MCC,729,11867.0
FL,445 - DISORDERS OF THE BILIARY TRACT W CC,710,7237.0
FL,468 - REVISION OF HIP OR KNEE REPLACEMENT W/O CC/MCC,816,17321.0
FL,551 - MEDICAL BACK PROBLEMS W MCC,523,9986.0
FL,621 - O.R. PROCEDURES FOR OBESITY W/O CC/MCC,631,10835.0
FL,862 - POSTOPERATIVE & POST-TRAUMATIC INFECTIONS W MCC,367,13778.0
FL,038 - EXTRACRANIAL PROCEDURES W CC,477,10001.0
FL,054 - NERVOUS SYSTEM NEOPLASMS W MCC,458,8956.0
FL,186 - PLEURAL EFFUSION W MCC,323,9114.0
FL,226 - CARDIAC DEFIBRILLATOR IMPLANT W/O CARDIAC CATH W MCC,145,45015.0
FL,227 - CARDIAC DEFIBRILLATOR IMPLANT W/O CARDIAC CATH W/O MCC,465,33604.0
FL,235 - CORONARY BYPASS W/O CARDIAC CATH W MCC,415,37209.0
FL,435 - MALIGNANCY OF HEPATOBILIARY SYSTEM OR PANCREAS W MCC,502,12580.0
FL,809 - MAJOR HEMATOL/IMMUN DIAG EXC SICKLE CELL CRISIS & COAGUL W CC,833,8544.0
FL,847 - CHEMOTHERAPY W/O ACUTE LEUKEMIA AS SECONDARY DIAGNOSIS W CC,559,8711.0
FL,041 - PERIPH/CRANIAL NERVE & OTHER NERV SYST PROC W CC OR PERIPH NEUROSTIM,111,13197.0
FL,056 - DEGENERATIVE NERVOUS SYSTEM DISORDERS W MCC,327,11386.0
FL,175 - PULMONARY EMBOLISM W MCC,641,9981.0
FL,179 - RESPIRATORY INFECTIONS & INFLAMMATIONS W/O CC/MCC,269,6271.0
FL,181 - RESPIRATORY NEOPLASMS W CC,724,9579.0
FL,196 - INTERSTITIAL LUNG DISEASE W MCC,106,10601.0
FL,203 - BRONCHITIS & ASTHMA W/O CC/MCC,1169,4642.0
FL,248 - PERC CARDIOVASC PROC W NON-DRUG-ELUTING STENT W MCC OR 4+ VES/STENTS,263,18567.0
FL,"283 - ACUTE MYOCARDIAL INFARCTION, EXPIRED W MCC",127,11596.0
FL,"326 - STOMACH, ESOPHAGEAL & DUODENAL PROC W MCC",287,38013.0
FL,336 - PERITONEAL ADHESIOLYSIS W CC,281,15247.0
FL,386 - INFLAMMATORY BOWEL DISEASE W CC,266,7380.0
FL,433 - CIRRHOSIS & ALCOHOLIC HEPATITIS W CC,202,6784.0
FL,444 - DISORDERS OF THE BILIARY TRACT W MCC,311,11381.0
FL,446 - DISORDERS OF THE BILIARY TRACT W/O CC/MCC,193,5074.0
FL,"512 - SHOULDER,ELBOW OR FOREARM PROC,EXC MAJOR JOINT PROC W/O CC/MCC",98,9111.0
FL,"558 - TENDONITIS, MYOSITIS & BURSITIS W/O MCC",594,5716.0
FL,"560 - AFTERCARE, MUSCULOSKELETAL SYSTEM & CONNECTIVE TISSUE W CC",61,7659.0
FL,607 - MINOR SKIN DISORDERS W/O MCC,143,5203.0
FL,639 - DIABETES W/O CC/MCC,575,4896.0
FL,696 - KIDNEY & URINARY TRACT SIGNS & SYMPTOMS W/O MCC,486,4615.0
FL,700 - OTHER KIDNEY & URINARY TRACT DIAGNOSES W/O CC/MCC,171,6728.0
FL,743 - UTERINE & ADNEXA PROC FOR NON-MALIGNANCY W/O CC/MCC,173,7313.0
FL,808 - MAJOR HEMATOL/IMMUN DIAG EXC SICKLE CELL CRISIS & COAGUL W MCC,179,16008.0
FL,841 - LYMPHOMA & NON-ACUTE LEUKEMIA W CC,143,12106.0
FL,"442 - DISORDERS OF LIVER EXCEPT MALIG,CIRR,ALC HEPA W CC",928,6655.0
FL,462 - BILATERAL OR MULTIPLE MAJOR JOINT PROCS OF LOWER EXTREMITY W/O MCC,309,21569.0
FL,643 - ENDOCRINE DISORDERS W MCC,117,11493.0
FL,073 - CRANIAL & PERIPHERAL NERVE DISORDERS W MCC,231,10241.0
FL,"085 - TRAUMATIC STUPOR & COMA, COMA <1 HR W MCC",646,13690.0
FL,093 - OTHER DISORDERS OF NERVOUS SYSTEM W/O CC/MCC,348,4511.0
FL,163 - MAJOR CHEST PROCEDURES W MCC,273,33248.0
FL,187 - PLEURAL EFFUSION W CC,297,6902.0
FL,204 - RESPIRATORY SIGNS & SYMPTOMS,789,5119.0
FL,216 - CARDIAC VALVE & OTH MAJ CARDIOTHORACIC PROC W CARD CATH W MCC,486,60959.0
FL,239 - AMPUTATION FOR CIRC SYS DISORDERS EXC UPPER LIMB & TOE W MCC,222,31335.0
FL,264 - OTHER CIRCULATORY SYSTEM O.R. PROCEDURES,889,19334.0
FL,266 - ENDOVASCULAR CARDIAC VALVE REPLACEMENT W MCC,590,55499.0
FL,375 - DIGESTIVE MALIGNANCY W CC,515,9270.0
FL,"441 - DISORDERS OF LIVER EXCEPT MALIG,CIRR,ALC HEPA W MCC",844,14472.0
FL,472 - CERVICAL SPINAL FUSION W CC,617,19000.0
FL,620 - O.R. PROCEDURES FOR OBESITY W CC,106,12884.0
FL,673 - OTHER KIDNEY & URINARY TRACT PROCEDURES W MCC,363,23981.0
FL,907 - OTHER O.R. PROCEDURES FOR INJURIES W MCC,284,26902.0
FL,974 - HIV W MAJOR RELATED CONDITION W MCC,328,22727.0
FL,982 - EXTENSIVE O.R. PROCEDURE UNRELATED TO PRINCIPAL DIAGNOSIS W CC,703,18290.0
FL,"003 - ECMO OR TRACH W MV >96 HRS OR PDX EXC FACE, MOUTH & NECK W MAJ O.R.",899,126808.0
FL,023 - CRANIO W MAJOR DEV IMPL/ACUTE COMPLEX CNS PDX W MCC OR CHEMO IMPLANT,326,35740.0
FL,024 - CRANIO W MAJOR DEV IMPL/ACUTE COMPLEX CNS PDX W/O MCC,61,27280.0
FL,026 - CRANIOTOMY & ENDOVASCULAR INTRACRANIAL PROCEDURES W CC,258,21953.0
FL,027 - CRANIOTOMY & ENDOVASCULAR INTRACRANIAL PROCEDURES W/O CC/MCC,472,18528.0
FL,036 - CAROTID ARTERY STENT PROCEDURE W/O CC/MCC,63,10876.0
FL,037 - EXTRACRANIAL PROCEDURES W MCC,79,22503.0
FL,068 - NONSPECIFIC CVA & PRECEREBRAL OCCLUSION W/O INFARCT W/O MCC,72,5430.0
FL,072 - NONSPECIFIC CEREBROVASCULAR DISORDERS W/O CC/MCC,115,4908.0
FL,217 - CARDIAC VALVE & OTH MAJ CARDIOTHORACIC PROC W CARD CATH W CC,112,39953.0
FL,221 - CARDIAC VALVE & OTH MAJ CARDIOTHORACIC PROC W/O CARD CATH W/O CC/MCC,89,30235.0
FL,"327 - STOMACH, ESOPHAGEAL & DUODENAL PROC W CC",240,20604.0
FL,354 - HERNIA PROCEDURES EXCEPT INGUINAL & FEMORAL W CC,167,11242.0
FL,357 - OTHER DIGESTIVE SYSTEM O.R. PROCEDURES W CC,124,13562.0
FL,432 - CIRRHOSIS & ALCOHOLIC HEPATITIS W MCC,456,12278.0
FL,436 - MALIGNANCY OF HEPATOBILIARY SYSTEM OR PANCREAS W CC,332,8313.0
FL,455 - COMBINED ANTERIOR/POSTERIOR SPINAL FUSION W/O CC/MCC,145,42165.0
FL,515 - OTHER MUSCULOSKELET SYS & CONN TISS O.R. PROC W MCC,55,21186.0
FL,518 - BACK & NECK PROC EXC SPINAL FUSION W MCC OR DISC DEVICE/NEUROSTIM,175,16772.0
FL,554 - BONE DISEASES & ARTHROPATHIES W/O MCC,408,4981.0
FL,"562 - FX, SPRN, STRN & DISL EXCEPT FEMUR, HIP, PELVIS & THIGH W MCC",53,9132.0
FL,645 - ENDOCRINE DISORDERS W/O CC/MCC,52,5210.0
FL,660 - KIDNEY & URETER PROCEDURES FOR NON-NEOPLASM W CC,194,14677.0
FL,674 - OTHER KIDNEY & URINARY TRACT PROCEDURES W CC,132,17536.0
FL,714 - TRANSURETHRAL PROSTATECTOMY W/O CC/MCC,77,5515.0
FL,728 - INFLAMMATION OF THE MALE REPRODUCTIVE SYSTEM W/O MCC,97,5666.0
FL,"012 - TRACHEOSTOMY FOR FACE,MOUTH & NECK DIAGNOSES W CC",48,33228.0
FL,"082 - TRAUMATIC STUPOR & COMA, COMA >1 HR W MCC",49,15808.0
FL,311 - ANGINA PECTORIS,171,4166.0
FL,708 - MAJOR MALE PELVIC PROCEDURES W/O CC/MCC,683,9972.0
FL,896 - ALCOHOL/DRUG ABUSE OR DEPENDENCE W/O REHABILITATION THERAPY W MCC,146,10866.0
FL,267 - ENDOVASCULAR CARDIAC VALVE REPLACEMENT W/O MCC,627,41174.0
FL,457 - SPINAL FUS EXC CERV W SPINAL CURV/MALIG/INFEC OR EXT FUS W CC,112,47726.0
FL,001 - HEART TRANSPLANT OR IMPLANT OF HEART ASSIST SYSTEM W MCC,78,198016.0
FL,005 - LIVER TRANSPLANT W MCC OR INTESTINAL TRANSPLANT,119,117483.0
FL,016 - AUTOLOGOUS BONE MARROW TRANSPLANT W CC/MCC,51,63105.0
FL,033 - VENTRICULAR SHUNT PROCEDURES W/O CC/MCC,84,11020.0
FL,"405 - PANCREAS, LIVER & SHUNT PROCEDURES W MCC",120,46990.0
FL,"406 - PANCREAS, LIVER & SHUNT PROCEDURES W CC",173,22088.0
FL,"464 - WND DEBRID & SKN GRFT EXC HAND, FOR MUSCULO-CONN TISS DIS W CC",145,22419.0
FL,652 - KIDNEY TRANSPLANT,707,31814.0
FL,654 - MAJOR BLADDER PROCEDURES W CC,103,23705.0
FL,656 - KIDNEY & URETER PROCEDURES FOR NEOPLASM W MCC,46,29696.0
FL,657 - KIDNEY & URETER PROCEDURES FOR NEOPLASM W CC,210,14355.0
FL,658 - KIDNEY & URETER PROCEDURES FOR NEOPLASM W/O CC/MCC,183,10701.0
FL,813 - COAGULATION DISORDERS,125,27585.0
FL,837 - CHEMO W ACUTE LEUKEMIA AS SDX OR W HIGH DOSE CHEMO AGENT W MCC,64,67283.0
FL,908 - OTHER O.R. PROCEDURES FOR INJURIES W CC,207,14746.0
FL,060 - MULTIPLE SCLEROSIS & CEREBELLAR ATAXIA W/O CC/MCC,49,8486.0
FL,197 - INTERSTITIAL LUNG DISEASE W CC,62,7851.0
FL,200 - PNEUMOTHORAX W CC,204,6680.0
FL,543 - PATHOLOGICAL FRACTURES & MUSCULOSKELET & CONN TISS MALIG W CC,368,7410.0
FL,"580 - OTHER SKIN, SUBCUT TISS & BREAST PROC W CC",125,10597.0
FL,857 - POSTOPERATIVE OR POST-TRAUMATIC INFECTIONS W O.R. PROC W CC,211,13107.0
FL,240 - AMPUTATION FOR CIRC SYS DISORDERS EXC UPPER LIMB & TOE W CC,147,19743.0
FL,062 - ACUTE ISCHEMIC STROKE W USE OF THROMBOLYTIC AGENT W CC,235,11851.0
FL,"084 - TRAUMATIC STUPOR & COMA, COMA >1 HR W/O CC/MCC",48,7733.0
FL,355 - HERNIA PROCEDURES EXCEPT INGUINAL & FEMORAL W/O CC/MCC,143,8295.0
FL,"492 - LOWER EXTREM & HUMER PROC EXCEPT HIP,FOOT,FEMUR W MCC",60,20255.0
FL,742 - UTERINE & ADNEXA PROC FOR NON-MALIGNANCY W CC/MCC,63,14803.0
FL,765 - CESAREAN SECTION W CC/MCC,80,11677.0
FL,"956 - LIMB REATTACHMENT, HIP & FEMUR PROC FOR MULTIPLE SIGNIFICANT TRAUMA",99,20916.0
FL,454 - COMBINED ANTERIOR/POSTERIOR SPINAL FUSION W CC,168,56332.0
FL,592 - SKIN ULCERS W MCC,80,11207.0
FL,866 - VIRAL ILLNESS W/O MCC,89,4926.0
FL,880 - ACUTE ADJUSTMENT REACTION & PSYCHOSOCIAL DYSFUNCTION,140,5281.0
FL,914 - TRAUMATIC INJURY W/O MCC,135,5344.0
FL,987 - NON-EXTENSIVE O.R. PROC UNRELATED TO PRINCIPAL DIAGNOSIS W MCC,76,22853.0
FL,988 - NON-EXTENSIVE O.R. PROC UNRELATED TO PRINCIPAL DIAGNOSIS W CC,70,11426.0
FL,061 - ACUTE ISCHEMIC STROKE W USE OF THROMBOLYTIC AGENT W MCC,60,19650.0
FL,152 - OTITIS MEDIA & URI W MCC,136,7906.0
FL,205 - OTHER RESPIRATORY SYSTEM DIAGNOSES W MCC,120,11572.0
FL,374 - DIGESTIVE MALIGNANCY W MCC,147,14362.0
FL,466 - REVISION OF HIP OR KNEE REPLACEMENT W MCC,92,32354.0
FL,659 - KIDNEY & URETER PROCEDURES FOR NON-NEOPLASM W MCC,71,31245.0
FL,834 - ACUTE LEUKEMIA W/O MAJOR O.R. PROCEDURE W MCC,60,55041.0
FL,840 - LYMPHOMA & NON-ACUTE LEUKEMIA W MCC,124,25272.0
FL,856 - POSTOPERATIVE OR POST-TRAUMATIC INFECTIONS W O.R. PROC W MCC,80,42178.0
FL,055 - NERVOUS SYSTEM NEOPLASMS W/O MCC,87,6591.0
FL,"155 - OTHER EAR, NOSE, MOUTH & THROAT DIAGNOSES W CC",61,6073.0
FL,184 - MAJOR CHEST TRAUMA W CC,76,6887.0
FL,261 - CARDIAC PACEMAKER REVISION EXCEPT DEVICE REPLACEMENT W CC,43,11557.0
FL,316 - OTHER CIRCULATORY SYSTEM DIAGNOSES W/O CC/MCC,151,4649.0
FL,333 - RECTAL RESECTION W CC,84,15078.0
FL,335 - PERITONEAL ADHESIOLYSIS W MCC,98,26916.0
FL,337 - PERITONEAL ADHESIOLYSIS W/O CC/MCC,55,9982.0
FL,356 - OTHER DIGESTIVE SYSTEM O.R. PROCEDURES W MCC,85,33161.0
FL,479 - BIOPSIES OF MUSCULOSKELETAL SYSTEM & CONNECTIVE TISSUE W/O CC/MCC,79,9927.0
FL,535 - FRACTURES OF HIP & PELVIS W MCC,126,7425.0
FL,540 - OSTEOMYELITIS W CC,21,8883.0
FL,542 - PATHOLOGICAL FRACTURES & MUSCULOSKELET & CONN TISS MALIG W MCC,44,13030.0
FL,555 - SIGNS & SYMPTOMS OF MUSCULOSKELETAL SYSTEM & CONN TISSUE W MCC,21,9143.0
FL,596 - MAJOR SKIN DISORDERS W/O MCC,74,8696.0
FL,"629 - OTHER ENDOCRINE, NUTRIT & METAB O.R. PROC W CC",56,15975.0
FL,707 - MAJOR MALE PELVIC PROCEDURES W CC/MCC,59,13564.0
FL,713 - TRANSURETHRAL PROSTATECTOMY W CC/MCC,102,9411.0
FL,835 - ACUTE LEUKEMIA W/O MAJOR O.R. PROCEDURE W CC,21,23059.0
FL,904 - SKIN GRAFTS FOR INJURIES W CC/MCC,49,24751.0
FL,975 - HIV W MAJOR RELATED CONDITION W CC,114,13544.0
FL,"894 - ALCOHOL/DRUG ABUSE OR DEPENDENCE, LEFT AMA",47,3233.0
FL,895 - ALCOHOL/DRUG ABUSE OR DEPENDENCE W REHABILITATION THERAPY,62,7551.0
AL,038 - EXTRACRANIAL PROCEDURES W CC,254,9246.0
AL,039 - EXTRACRANIAL PROCEDURES W/O CC/MCC,851,6288.0
AL,064 - INTRACRANIAL HEMORRHAGE OR CEREBRAL INFARCTION W MCC,1411,10705.0
AL,065 - INTRACRANIAL HEMORRHAGE OR CEREBRAL INFARCTION W CC OR TPA IN 24 HRS,2371,6452.0
AL,066 - INTRACRANIAL HEMORRHAGE OR CEREBRAL INFARCTION W/O CC/MCC,1039,4787.0
AL,069 - TRANSIENT ISCHEMIA,1115,4317.0
AL,071 - NONSPECIFIC CEREBROVASCULAR DISORDERS W CC,333,6059.0
AL,101 - SEIZURES W/O MCC,867,5173.0
AL,176 - PULMONARY EMBOLISM W/O MCC,591,5930.0
AL,177 - RESPIRATORY INFECTIONS & INFLAMMATIONS W MCC,1266,11629.0
AL,189 - PULMONARY EDEMA & RESPIRATORY FAILURE,2541,7278.0
AL,190 - CHRONIC OBSTRUCTIVE PULMONARY DISEASE W MCC,3624,6845.0
AL,191 - CHRONIC OBSTRUCTIVE PULMONARY DISEASE W CC,2916,5674.0
AL,192 - CHRONIC OBSTRUCTIVE PULMONARY DISEASE W/O CC/MCC,2022,4437.0
AL,193 - SIMPLE PNEUMONIA & PLEURISY W MCC,3037,8349.0
AL,194 - SIMPLE PNEUMONIA & PLEURISY W CC,3992,5851.0
AL,195 - SIMPLE PNEUMONIA & PLEURISY W/O CC/MCC,1615,4370.0
AL,202 - BRONCHITIS & ASTHMA W CC/MCC,816,5625.0
AL,207 - RESPIRATORY SYSTEM DIAGNOSIS W VENTILATOR SUPPORT 96+ HOURS,474,30662.0
AL,208 - RESPIRATORY SYSTEM DIAGNOSIS W VENTILATOR SUPPORT <96 HOURS,1201,13213.0
AL,234 - CORONARY BYPASS W CARDIAC CATH W/O MCC,513,25931.0
AL,238 - MAJOR CARDIOVASC PROCEDURES W/O MCC,790,19229.0
AL,243 - PERMANENT CARDIAC PACEMAKER IMPLANT W CC,385,14674.0
AL,244 - PERMANENT CARDIAC PACEMAKER IMPLANT W/O CC/MCC,323,12164.0
AL,246 - PERC CARDIOVASC PROC W DRUG-ELUTING STENT W MCC OR 4+ VESSELS/STENTS,632,18285.0
AL,247 - PERC CARDIOVASC PROC W DRUG-ELUTING STENT W/O MCC,1774,11679.0
AL,249 - PERC CARDIOVASC PROC W NON-DRUG-ELUTING STENT W/O MCC,228,10573.0
AL,252 - OTHER VASCULAR PROCEDURES W MCC,511,19087.0
AL,253 - OTHER VASCULAR PROCEDURES W CC,656,14578.0
AL,254 - OTHER VASCULAR PROCEDURES W/O CC/MCC,253,9778.0
AL,264 - OTHER CIRCULATORY SYSTEM O.R. PROCEDURES,319,16481.0
AL,"280 - ACUTE MYOCARDIAL INFARCTION, DISCHARGED ALIVE W MCC",1014,9858.0
AL,"286 - CIRCULATORY DISORDERS EXCEPT AMI, W CARD CATH W MCC",617,13044.0
AL,"287 - CIRCULATORY DISORDERS EXCEPT AMI, W CARD CATH W/O MCC",1939,6986.0
AL,291 - HEART FAILURE & SHOCK W MCC,4324,8630.0
AL,292 - HEART FAILURE & SHOCK W CC,4141,5837.0
AL,293 - HEART FAILURE & SHOCK W/O CC/MCC,1421,4249.0
AL,305 - HYPERTENSION W/O MCC,384,4040.0
AL,308 - CARDIAC ARRHYTHMIA & CONDUCTION DISORDERS W MCC,1371,7275.0
AL,309 - CARDIAC ARRHYTHMIA & CONDUCTION DISORDERS W CC,1891,4809.0
AL,310 - CARDIAC ARRHYTHMIA & CONDUCTION DISORDERS W/O CC/MCC,1632,3621.0
AL,312 - SYNCOPE & COLLAPSE,1693,4564.0
AL,313 - CHEST PAIN,1384,3978.0
AL,329 - MAJOR SMALL & LARGE BOWEL PROCEDURES W MCC,713,29364.0
AL,330 - MAJOR SMALL & LARGE BOWEL PROCEDURES W CC,968,14524.0
AL,354 - HERNIA PROCEDURES EXCEPT INGUINAL & FEMORAL W CC,71,10209.0
AL,377 - G.I. HEMORRHAGE W MCC,982,10302.0
AL,378 - G.I. HEMORRHAGE W CC,2893,5908.0
AL,379 - G.I. HEMORRHAGE W/O CC/MCC,526,4272.0
AL,388 - G.I. OBSTRUCTION W MCC,197,9223.0
AL,389 - G.I. OBSTRUCTION W CC,867,5378.0
AL,390 - G.I. OBSTRUCTION W/O CC/MCC,462,3966.0
AL,"391 - ESOPHAGITIS, GASTROENT & MISC DIGEST DISORDERS W MCC",806,7444.0
AL,"392 - ESOPHAGITIS, GASTROENT & MISC DIGEST DISORDERS W/O MCC",4876,4735.0
AL,393 - OTHER DIGESTIVE SYSTEM DIAGNOSES W MCC,295,10657.0
AL,394 - OTHER DIGESTIVE SYSTEM DIAGNOSES W CC,727,5971.0
AL,418 - LAPAROSCOPIC CHOLECYSTECTOMY W/O C.D.E. W CC,493,9647.0
AL,470 - MAJOR JOINT REPLACEMENT OR REATTACHMENT OF LOWER EXTREMITY W/O MCC,9224,11710.0
AL,480 - HIP & FEMUR PROCEDURES EXCEPT MAJOR JOINT W MCC,409,16586.0
AL,481 - HIP & FEMUR PROCEDURES EXCEPT MAJOR JOINT W CC,1684,10988.0
AL,552 - MEDICAL BACK PROBLEMS W/O MCC,1003,5214.0
AL,603 - CELLULITIS W/O MCC,2553,5348.0
AL,638 - DIABETES W CC,980,5074.0
AL,"640 - MISC DISORDERS OF NUTRITION,METABOLISM,FLUIDS/ELECTROLYTES W MCC",1075,6998.0
AL,"641 - MISC DISORDERS OF NUTRITION,METABOLISM,FLUIDS/ELECTROLYTES W/O MCC",2602,4448.0
AL,682 - RENAL FAILURE W MCC,2319,8821.0
AL,683 - RENAL FAILURE W CC,2816,5807.0
AL,684 - RENAL FAILURE W/O CC/MCC,397,3970.0
AL,689 - KIDNEY & URINARY TRACT INFECTIONS W MCC,1469,6573.0
AL,690 - KIDNEY & URINARY TRACT INFECTIONS W/O MCC,3736,4775.0
AL,698 - OTHER KIDNEY & URINARY TRACT DIAGNOSES W MCC,513,9651.0
AL,811 - RED BLOOD CELL DISORDERS W MCC,492,7790.0
AL,812 - RED BLOOD CELL DISORDERS W/O MCC,1871,5302.0
AL,853 - INFECTIOUS & PARASITIC DISEASES W O.R. PROCEDURE W MCC,984,30213.0
AL,871 - SEPTICEMIA OR SEVERE SEPSIS W/O MV 96+ HOURS W MCC,7356,10634.0
AL,872 - SEPTICEMIA OR SEVERE SEPSIS W/O MV >96 HOURS W/O MCC,2126,6404.0
AL,917 - POISONING & TOXIC EFFECTS OF DRUGS W MCC,528,8376.0
AL,918 - POISONING & TOXIC EFFECTS OF DRUGS W/O MCC,452,4347.0
AL,948 - SIGNS & SYMPTOMS W/O MCC,742,4507.0
AL,981 - EXTENSIVE O.R. PROCEDURE UNRELATED TO PRINCIPAL DIAGNOSIS W MCC,422,29503.0
AL,982 - EXTENSIVE O.R. PROCEDURE UNRELATED TO PRINCIPAL DIAGNOSIS W CC,144,17984.0
AL,178 - RESPIRATORY INFECTIONS & INFLAMMATIONS W CC,670,8096.0
AL,639 - DIABETES W/O CC/MCC,202,4012.0
AL,070 - NONSPECIFIC CEREBROVASCULAR DISORDERS W MCC,183,10492.0
AL,"281 - ACUTE MYOCARDIAL INFARCTION, DISCHARGED ALIVE W CC",657,6409.0
AL,417 - LAPAROSCOPIC CHOLECYSTECTOMY W/O C.D.E. W MCC,187,14429.0
AL,460 - SPINAL FUSION EXCEPT CERVICAL W/O MCC,1932,21281.0
AL,870 - SEPTICEMIA OR SEVERE SEPSIS W MV >96 HOURS,479,34814.0
AL,153 - OTITIS MEDIA & URI W/O MCC,317,4414.0
AL,203 - BRONCHITIS & ASTHMA W/O CC/MCC,357,4359.0
AL,"282 - ACUTE MYOCARDIAL INFARCTION, DISCHARGED ALIVE W/O CC/MCC",243,4694.0
AL,300 - PERIPHERAL VASCULAR DISORDERS W CC,576,6004.0
AL,331 - MAJOR SMALL & LARGE BOWEL PROCEDURES W/O CC/MCC,414,9896.0
AL,373 - MAJOR GASTROINTESTINAL DISORDERS & PERITONEAL INFECTIONS W/O CC/MCC,54,5502.0
AL,439 - DISORDERS OF PANCREAS EXCEPT MALIGNANCY W CC,435,5826.0
AL,"441 - DISORDERS OF LIVER EXCEPT MALIG,CIRR,ALC HEPA W MCC",240,13463.0
AL,482 - HIP & FEMUR PROCEDURES EXCEPT MAJOR JOINT W/O CC/MCC,386,9104.0
AL,483 - MAJOR JOINT/LIMB REATTACHMENT PROCEDURE OF UPPER EXTREMITIES,850,13131.0
AL,419 - LAPAROSCOPIC CHOLECYSTECTOMY W/O C.D.E. W/O CC/MCC,261,7042.0
AL,025 - CRANIOTOMY & ENDOVASCULAR INTRACRANIAL PROCEDURES W MCC,277,25772.0
AL,057 - DEGENERATIVE NERVOUS SYSTEM DISORDERS W/O MCC,485,5962.0
AL,074 - CRANIAL & PERIPHERAL NERVE DISORDERS W/O MCC,449,5870.0
AL,"086 - TRAUMATIC STUPOR & COMA, COMA <1 HR W CC",239,7115.0
AL,091 - OTHER DISORDERS OF NERVOUS SYSTEM W MCC,133,9574.0
AL,092 - OTHER DISORDERS OF NERVOUS SYSTEM W CC,180,5335.0
AL,100 - SEIZURES W MCC,298,10133.0
AL,163 - MAJOR CHEST PROCEDURES W MCC,137,29040.0
AL,164 - MAJOR CHEST PROCEDURES W CC,236,15279.0
AL,166 - OTHER RESP SYSTEM O.R. PROCEDURES W MCC,302,21960.0
AL,167 - OTHER RESP SYSTEM O.R. PROCEDURES W CC,153,12363.0
AL,175 - PULMONARY EMBOLISM W MCC,224,8978.0
AL,219 - CARDIAC VALVE & OTH MAJ CARDIOTHORACIC PROC W/O CARD CATH W MCC,285,45474.0
AL,220 - CARDIAC VALVE & OTH MAJ CARDIOTHORACIC PROC W/O CARD CATH W CC,311,29112.0
AL,236 - CORONARY BYPASS W/O CARDIAC CATH W/O MCC,435,20938.0
AL,237 - MAJOR CARDIOVASC PROCEDURES W MCC,292,29953.0
AL,250 - PERC CARDIOVASC PROC W/O CORONARY ARTERY STENT W MCC,127,20477.0
AL,251 - PERC CARDIOVASC PROC W/O CORONARY ARTERY STENT W/O MCC,264,13237.0
AL,314 - OTHER CIRCULATORY SYSTEM DIAGNOSES W MCC,615,12243.0
AL,371 - MAJOR GASTROINTESTINAL DISORDERS & PERITONEAL INFECTIONS W MCC,192,11290.0
AL,372 - MAJOR GASTROINTESTINAL DISORDERS & PERITONEAL INFECTIONS W CC,457,6940.0
AL,375 - DIGESTIVE MALIGNANCY W CC,88,8072.0
AL,395 - OTHER DIGESTIVE SYSTEM DIAGNOSES W/O CC/MCC,143,4247.0
AL,438 - DISORDERS OF PANCREAS EXCEPT MALIGNANCY W MCC,131,11632.0
AL,440 - DISORDERS OF PANCREAS EXCEPT MALIGNANCY W/O CC/MCC,195,4307.0
AL,467 - REVISION OF HIP OR KNEE REPLACEMENT W CC,405,19315.0
AL,468 - REVISION OF HIP OR KNEE REPLACEMENT W/O CC/MCC,217,15105.0
AL,469 - MAJOR JOINT REPLACEMENT OR REATTACHMENT OF LOWER EXTREMITY W MCC,395,18183.0
AL,472 - CERVICAL SPINAL FUSION W CC,224,16080.0
AL,473 - CERVICAL SPINAL FUSION W/O CC/MCC,1194,12283.0
AL,"493 - LOWER EXTREM & HUMER PROC EXCEPT HIP,FOOT,FEMUR W CC",349,11536.0
AL,520 - BACK & NECK PROC EXC SPINAL FUSION W/O CC/MCC,363,6917.0
AL,536 - FRACTURES OF HIP & PELVIS W/O MCC,300,4522.0
AL,551 - MEDICAL BACK PROBLEMS W MCC,93,9079.0
AL,602 - CELLULITIS W MCC,215,8656.0
AL,637 - DIABETES W MCC,383,8473.0
AL,708 - MAJOR MALE PELVIC PROCEDURES W/O CC/MCC,269,7577.0
AL,857 - POSTOPERATIVE OR POST-TRAUMATIC INFECTIONS W O.R. PROC W CC,48,13208.0
AL,863 - POSTOPERATIVE & POST-TRAUMATIC INFECTIONS W/O MCC,173,6641.0
AL,884 - ORGANIC DISTURBANCES & MENTAL RETARDATION,355,6286.0
AL,907 - OTHER O.R. PROCEDURES FOR INJURIES W MCC,101,22283.0
AL,"004 - TRACH W MV 96+ HRS OR PDX EXC FACE, MOUTH & NECK W/O MAJ O.R.",271,67500.0
AL,027 - CRANIOTOMY & ENDOVASCULAR INTRACRANIAL PROCEDURES W/O CC/MCC,136,15022.0
AL,036 - CAROTID ARTERY STENT PROCEDURE W/O CC/MCC,62,9849.0
AL,"087 - TRAUMATIC STUPOR & COMA, COMA <1 HR W/O CC/MCC",88,4724.0
AL,093 - OTHER DISORDERS OF NERVOUS SYSTEM W/O CC/MCC,60,4672.0
AL,149 - DYSEQUILIBRIUM,97,4063.0
AL,206 - OTHER RESPIRATORY SYSTEM DIAGNOSES W/O MCC,126,5320.0
AL,233 - CORONARY BYPASS W CARDIAC CATH W MCC,313,40001.0
AL,301 - PERIPHERAL VASCULAR DISORDERS W/O CC/MCC,162,4319.0
AL,315 - OTHER CIRCULATORY SYSTEM DIAGNOSES W CC,284,6794.0
AL,"494 - LOWER EXTREM & HUMER PROC EXCEPT HIP,FOOT,FEMUR W/O CC/MCC",192,9560.0
AL,556 - SIGNS & SYMPTOMS OF MUSCULOSKELETAL SYSTEM & CONN TISSUE W/O MCC,92,4812.0
AL,"563 - FX, SPRN, STRN & DISL EXCEPT FEMUR, HIP, PELVIS & THIGH W/O MCC",208,4768.0
AL,694 - URINARY STONES W/O ESW LITHOTRIPSY W/O MCC,83,4554.0
AL,699 - OTHER KIDNEY & URINARY TRACT DIAGNOSES W CC,379,7472.0
AL,809 - MAJOR HEMATOL/IMMUN DIAG EXC SICKLE CELL CRISIS & COAGUL W CC,102,8596.0
AL,847 - CHEMOTHERAPY W/O ACUTE LEUKEMIA AS SECONDARY DIAGNOSIS W CC,114,8121.0
AL,885 - PSYCHOSES,2018,6204.0
AL,897 - ALCOHOL/DRUG ABUSE OR DEPENDENCE W/O REHABILITATION THERAPY W/O MCC,800,4301.0
AL,"003 - ECMO OR TRACH W MV >96 HRS OR PDX EXC FACE, MOUTH & NECK W MAJ O.R.",235,131633.0
AL,165 - MAJOR CHEST PROCEDURES W/O CC/MCC,101,12318.0
AL,240 - AMPUTATION FOR CIRC SYS DISORDERS EXC UPPER LIMB & TOE W CC,100,13709.0
AL,266 - ENDOVASCULAR CARDIAC VALVE REPLACEMENT W MCC,106,51216.0
AL,267 - ENDOVASCULAR CARDIAC VALVE REPLACEMENT W/O MCC,96,38068.0
AL,444 - DISORDERS OF THE BILIARY TRACT W MCC,77,11933.0
AL,445 - DISORDERS OF THE BILIARY TRACT W CC,89,7305.0
AL,621 - O.R. PROCEDURES FOR OBESITY W/O CC/MCC,279,8968.0
AL,"011 - TRACHEOSTOMY FOR FACE,MOUTH & NECK DIAGNOSES W MCC",21,39370.0
AL,026 - CRANIOTOMY & ENDOVASCULAR INTRACRANIAL PROCEDURES W CC,57,18943.0
AL,029 - SPINAL PROCEDURES W CC OR SPINAL NEUROSTIMULATORS,49,19847.0
AL,037 - EXTRACRANIAL PROCEDURES W MCC,33,20960.0
AL,054 - NERVOUS SYSTEM NEOPLASMS W MCC,133,8596.0
AL,056 - DEGENERATIVE NERVOUS SYSTEM DISORDERS W MCC,63,10269.0
AL,073 - CRANIAL & PERIPHERAL NERVE DISORDERS W MCC,64,8192.0
AL,"085 - TRAUMATIC STUPOR & COMA, COMA <1 HR W MCC",78,12009.0
AL,103 - HEADACHES W/O MCC,130,4844.0
AL,"133 - OTHER EAR, NOSE, MOUTH & THROAT O.R. PROCEDURES W CC/MCC",47,16003.0
AL,180 - RESPIRATORY NEOPLASMS W MCC,306,10022.0
AL,186 - PLEURAL EFFUSION W MCC,71,10137.0
AL,204 - RESPIRATORY SIGNS & SYMPTOMS,162,4688.0
AL,205 - OTHER RESPIRATORY SYSTEM DIAGNOSES W MCC,60,14057.0
AL,216 - CARDIAC VALVE & OTH MAJ CARDIOTHORACIC PROC W CARD CATH W MCC,94,52081.0
AL,235 - CORONARY BYPASS W/O CARDIAC CATH W MCC,119,32124.0
AL,239 - AMPUTATION FOR CIRC SYS DISORDERS EXC UPPER LIMB & TOE W MCC,101,25260.0
AL,242 - PERMANENT CARDIAC PACEMAKER IMPLANT W MCC,133,21641.0
AL,"283 - ACUTE MYOCARDIAL INFARCTION, EXPIRED W MCC",114,10372.0
AL,299 - PERIPHERAL VASCULAR DISORDERS W MCC,134,8451.0
AL,303 - ATHEROSCLEROSIS W/O MCC,171,3861.0
AL,"326 - STOMACH, ESOPHAGEAL & DUODENAL PROC W MCC",60,40546.0
AL,"327 - STOMACH, ESOPHAGEAL & DUODENAL PROC W CC",100,17275.0
AL,"328 - STOMACH, ESOPHAGEAL & DUODENAL PROC W/O CC/MCC",124,9994.0
AL,336 - PERITONEAL ADHESIOLYSIS W CC,75,15042.0
AL,357 - OTHER DIGESTIVE SYSTEM O.R. PROCEDURES W CC,66,14136.0
AL,"406 - PANCREAS, LIVER & SHUNT PROCEDURES W CC",65,19869.0
AL,432 - CIRRHOSIS & ALCOHOLIC HEPATITIS W MCC,102,11021.0
AL,435 - MALIGNANCY OF HEPATOBILIARY SYSTEM OR PANCREAS W MCC,93,11277.0
AL,436 - MALIGNANCY OF HEPATOBILIARY SYSTEM OR PANCREAS W CC,60,8310.0
AL,"442 - DISORDERS OF LIVER EXCEPT MALIG,CIRR,ALC HEPA W CC",163,6737.0
AL,"464 - WND DEBRID & SKN GRFT EXC HAND, FOR MUSCULO-CONN TISS DIS W CC",63,17352.0
AL,517 - OTHER MUSCULOSKELET SYS & CONN TISS O.R. PROC W/O CC/MCC,47,11660.0
AL,519 - BACK & NECK PROC EXC SPINAL FUSION W CC,122,9672.0
AL,543 - PATHOLOGICAL FRACTURES & MUSCULOSKELET & CONN TISS MALIG W CC,69,6654.0
AL,620 - O.R. PROCEDURES FOR OBESITY W CC,67,10399.0
AL,643 - ENDOCRINE DISORDERS W MCC,33,11227.0
AL,644 - ENDOCRINE DISORDERS W CC,54,6759.0
AL,652 - KIDNEY TRANSPLANT,124,29794.0
AL,658 - KIDNEY & URETER PROCEDURES FOR NEOPLASM W/O CC/MCC,65,9191.0
AL,660 - KIDNEY & URETER PROCEDURES FOR NON-NEOPLASM W CC,70,11721.0
AL,669 - TRANSURETHRAL PROCEDURES W CC,126,7567.0
AL,673 - OTHER KIDNEY & URINARY TRACT PROCEDURES W MCC,122,22812.0
AL,737 - UTERINE & ADNEXA PROC FOR OVARIAN OR ADNEXAL MALIGNANCY W CC,51,13433.0
AL,"740 - UTERINE,ADNEXA PROC FOR NON-OVARIAN/ADNEXAL MALIG W CC",21,11421.0
AL,743 - UTERINE & ADNEXA PROC FOR NON-MALIGNANCY W/O CC/MCC,55,6326.0
AL,854 - INFECTIOUS & PARASITIC DISEASES W O.R. PROCEDURE W CC,96,13518.0
AL,862 - POSTOPERATIVE & POST-TRAUMATIC INFECTIONS W MCC,94,13856.0
AL,864 - FEVER,90,5941.0
AL,880 - ACUTE ADJUSTMENT REACTION & PSYCHOSOCIAL DYSFUNCTION,55,4622.0
AL,908 - OTHER O.R. PROCEDURES FOR INJURIES W CC,55,12801.0
AL,919 - COMPLICATIONS OF TREATMENT W MCC,111,11740.0
AL,920 - COMPLICATIONS OF TREATMENT W CC,94,7323.0
AL,947 - SIGNS & SYMPTOMS W MCC,99,6872.0
AL,964 - OTHER MULTIPLE SIGNIFICANT TRAUMA W CC,21,11329.0
AL,974 - HIV W MAJOR RELATED CONDITION W MCC,47,20182.0
AL,248 - PERC CARDIOVASC PROC W NON-DRUG-ELUTING STENT W MCC OR 4+ VES/STENTS,79,17226.0
AL,881 - DEPRESSIVE NEUROSES,79,3952.0
AL,181 - RESPIRATORY NEOPLASMS W CC,124,6773.0
AL,"558 - TENDONITIS, MYOSITIS & BURSITIS W/O MCC",72,4938.0
AL,"605 - TRAUMA TO THE SKIN, SUBCUT TISS & BREAST W/O MCC",80,4779.0
AL,455 - COMBINED ANTERIOR/POSTERIOR SPINAL FUSION W/O CC/MCC,100,31826.0
AL,"617 - AMPUTAT OF LOWER LIMB FOR ENDOCRINE,NUTRIT,& METABOL DIS W CC",47,10975.0
AL,"894 - ALCOHOL/DRUG ABUSE OR DEPENDENCE, LEFT AMA",66,3264.0
AL,895 - ALCOHOL/DRUG ABUSE OR DEPENDENCE W REHABILITATION THERAPY,1029,7264.0
TN,"004 - TRACH W MV 96+ HRS OR PDX EXC FACE, MOUTH & NECK W/O MAJ O.R.",431,59440.0
TN,039 - EXTRACRANIAL PROCEDURES W/O CC/MCC,773,6718.0
TN,064 - INTRACRANIAL HEMORRHAGE OR CEREBRAL INFARCTION W MCC,2200,10923.0
TN,065 - INTRACRANIAL HEMORRHAGE OR CEREBRAL INFARCTION W CC OR TPA IN 24 HRS,2771,6792.0
TN,066 - INTRACRANIAL HEMORRHAGE OR CEREBRAL INFARCTION W/O CC/MCC,960,5053.0
TN,069 - TRANSIENT ISCHEMIA,1083,4772.0
TN,091 - OTHER DISORDERS OF NERVOUS SYSTEM W MCC,298,9716.0
TN,177 - RESPIRATORY INFECTIONS & INFLAMMATIONS W MCC,1797,10946.0
TN,190 - CHRONIC OBSTRUCTIVE PULMONARY DISEASE W MCC,4396,6929.0
TN,191 - CHRONIC OBSTRUCTIVE PULMONARY DISEASE W CC,3002,5757.0
TN,192 - CHRONIC OBSTRUCTIVE PULMONARY DISEASE W/O CC/MCC,1648,4568.0
TN,193 - SIMPLE PNEUMONIA & PLEURISY W MCC,4931,8367.0
TN,194 - SIMPLE PNEUMONIA & PLEURISY W CC,4405,5873.0
TN,195 - SIMPLE PNEUMONIA & PLEURISY W/O CC/MCC,1466,4491.0
TN,207 - RESPIRATORY SYSTEM DIAGNOSIS W VENTILATOR SUPPORT 96+ HOURS,575,30585.0
TN,208 - RESPIRATORY SYSTEM DIAGNOSIS W VENTILATOR SUPPORT <96 HOURS,1941,14181.0
TN,243 - PERMANENT CARDIAC PACEMAKER IMPLANT W CC,508,15927.0
TN,246 - PERC CARDIOVASC PROC W DRUG-ELUTING STENT W MCC OR 4+ VESSELS/STENTS,1043,20350.0
TN,247 - PERC CARDIOVASC PROC W DRUG-ELUTING STENT W/O MCC,2649,13357.0
TN,249 - PERC CARDIOVASC PROC W NON-DRUG-ELUTING STENT W/O MCC,345,11381.0
TN,252 - OTHER VASCULAR PROCEDURES W MCC,656,21029.0
TN,253 - OTHER VASCULAR PROCEDURES W CC,775,15800.0
TN,254 - OTHER VASCULAR PROCEDURES W/O CC/MCC,339,10441.0
TN,"280 - ACUTE MYOCARDIAL INFARCTION, DISCHARGED ALIVE W MCC",1722,10202.0
TN,"286 - CIRCULATORY DISORDERS EXCEPT AMI, W CARD CATH W MCC",740,13552.0
TN,"287 - CIRCULATORY DISORDERS EXCEPT AMI, W CARD CATH W/O MCC",2354,7384.0
TN,291 - HEART FAILURE & SHOCK W MCC,5968,8991.0
TN,292 - HEART FAILURE & SHOCK W CC,4686,6136.0
TN,293 - HEART FAILURE & SHOCK W/O CC/MCC,1217,4395.0
TN,300 - PERIPHERAL VASCULAR DISORDERS W CC,602,6508.0
TN,305 - HYPERTENSION W/O MCC,456,4298.0
TN,308 - CARDIAC ARRHYTHMIA & CONDUCTION DISORDERS W MCC,1741,7742.0
TN,309 - CARDIAC ARRHYTHMIA & CONDUCTION DISORDERS W CC,2181,5204.0
TN,310 - CARDIAC ARRHYTHMIA & CONDUCTION DISORDERS W/O CC/MCC,1693,3794.0
TN,312 - SYNCOPE & COLLAPSE,1754,4935.0
TN,313 - CHEST PAIN,1329,4288.0
TN,314 - OTHER CIRCULATORY SYSTEM DIAGNOSES W MCC,1090,12574.0
TN,377 - G.I. HEMORRHAGE W MCC,1384,10700.0
TN,378 - G.I. HEMORRHAGE W CC,3388,6240.0
TN,379 - G.I. HEMORRHAGE W/O CC/MCC,369,4457.0
TN,389 - G.I. OBSTRUCTION W CC,1038,5576.0
TN,"391 - ESOPHAGITIS, GASTROENT & MISC DIGEST DISORDERS W MCC",990,7724.0
TN,"392 - ESOPHAGITIS, GASTROENT & MISC DIGEST DISORDERS W/O MCC",4444,4842.0
TN,"441 - DISORDERS OF LIVER EXCEPT MALIG,CIRR,ALC HEPA W MCC",325,12126.0
TN,470 - MAJOR JOINT REPLACEMENT OR REATTACHMENT OF LOWER EXTREMITY W/O MCC,11255,13307.0
TN,480 - HIP & FEMUR PROCEDURES EXCEPT MAJOR JOINT W MCC,607,16926.0
TN,481 - HIP & FEMUR PROCEDURES EXCEPT MAJOR JOINT W CC,2096,11612.0
TN,482 - HIP & FEMUR PROCEDURES EXCEPT MAJOR JOINT W/O CC/MCC,448,9696.0
TN,483 - MAJOR JOINT/LIMB REATTACHMENT PROCEDURE OF UPPER EXTREMITIES,1121,14548.0
TN,"493 - LOWER EXTREM & HUMER PROC EXCEPT HIP,FOOT,FEMUR W CC",377,12860.0
TN,536 - FRACTURES OF HIP & PELVIS W/O MCC,439,4584.0
TN,603 - CELLULITIS W/O MCC,2697,5372.0
TN,637 - DIABETES W MCC,464,8868.0
TN,638 - DIABETES W CC,900,5472.0
TN,"640 - MISC DISORDERS OF NUTRITION,METABOLISM,FLUIDS/ELECTROLYTES W MCC",1440,7078.0
TN,"641 - MISC DISORDERS OF NUTRITION,METABOLISM,FLUIDS/ELECTROLYTES W/O MCC",2413,4540.0
TN,682 - RENAL FAILURE W MCC,3748,9311.0
TN,683 - RENAL FAILURE W CC,4297,5966.0
TN,689 - KIDNEY & URINARY TRACT INFECTIONS W MCC,2421,6651.0
TN,690 - KIDNEY & URINARY TRACT INFECTIONS W/O MCC,4263,4837.0
TN,698 - OTHER KIDNEY & URINARY TRACT DIAGNOSES W MCC,986,10049.0
TN,811 - RED BLOOD CELL DISORDERS W MCC,504,8540.0
TN,812 - RED BLOOD CELL DISORDERS W/O MCC,1481,5505.0
TN,853 - INFECTIOUS & PARASITIC DISEASES W O.R. PROCEDURE W MCC,1444,31445.0
TN,870 - SEPTICEMIA OR SEVERE SEPSIS W MV >96 HOURS,779,35006.0
TN,871 - SEPTICEMIA OR SEVERE SEPSIS W/O MV 96+ HOURS W MCC,13607,10869.0
TN,872 - SEPTICEMIA OR SEVERE SEPSIS W/O MV >96 HOURS W/O MCC,3345,6566.0
TN,917 - POISONING & TOXIC EFFECTS OF DRUGS W MCC,751,8563.0
TN,918 - POISONING & TOXIC EFFECTS OF DRUGS W/O MCC,369,4454.0
TN,948 - SIGNS & SYMPTOMS W/O MCC,804,4725.0
TN,101 - SEIZURES W/O MCC,813,5505.0
TN,189 - PULMONARY EDEMA & RESPIRATORY FAILURE,3747,7412.0
TN,202 - BRONCHITIS & ASTHMA W CC/MCC,533,5584.0
TN,390 - G.I. OBSTRUCTION W/O CC/MCC,594,4263.0
TN,460 - SPINAL FUSION EXCEPT CERVICAL W/O MCC,2143,25203.0
TN,469 - MAJOR JOINT REPLACEMENT OR REATTACHMENT OF LOWER EXTREMITY W MCC,683,18764.0
TN,552 - MEDICAL BACK PROBLEMS W/O MCC,1108,5970.0
TN,684 - RENAL FAILURE W/O CC/MCC,446,4057.0
TN,178 - RESPIRATORY INFECTIONS & INFLAMMATIONS W CC,798,8131.0
TN,"281 - ACUTE MYOCARDIAL INFARCTION, DISCHARGED ALIVE W CC",978,6413.0
TN,"282 - ACUTE MYOCARDIAL INFARCTION, DISCHARGED ALIVE W/O CC/MCC",372,4725.0
TN,330 - MAJOR SMALL & LARGE BOWEL PROCEDURES W CC,918,15172.0
TN,372 - MAJOR GASTROINTESTINAL DISORDERS & PERITONEAL INFECTIONS W CC,685,6952.0
TN,394 - OTHER DIGESTIVE SYSTEM DIAGNOSES W CC,819,6364.0
TN,551 - MEDICAL BACK PROBLEMS W MCC,147,11989.0
TN,"563 - FX, SPRN, STRN & DISL EXCEPT FEMUR, HIP, PELVIS & THIGH W/O MCC",325,5237.0
TN,"605 - TRAUMA TO THE SKIN, SUBCUT TISS & BREAST W/O MCC",69,5666.0
TN,639 - DIABETES W/O CC/MCC,95,4286.0
TN,153 - OTITIS MEDIA & URI W/O MCC,242,4673.0
TN,176 - PULMONARY EMBOLISM W/O MCC,739,6242.0
TN,238 - MAJOR CARDIOVASC PROCEDURES W/O MCC,882,21502.0
TN,468 - REVISION OF HIP OR KNEE REPLACEMENT W/O CC/MCC,260,16447.0
TN,473 - CERVICAL SPINAL FUSION W/O CC/MCC,940,14113.0
TN,520 - BACK & NECK PROC EXC SPINAL FUSION W/O CC/MCC,471,7347.0
TN,554 - BONE DISEASES & ARTHROPATHIES W/O MCC,72,5498.0
TN,708 - MAJOR MALE PELVIC PROCEDURES W/O CC/MCC,482,8773.0
TN,419 - LAPAROSCOPIC CHOLECYSTECTOMY W/O C.D.E. W/O CC/MCC,207,7891.0
TN,073 - CRANIAL & PERIPHERAL NERVE DISORDERS W MCC,123,8823.0
TN,074 - CRANIAL & PERIPHERAL NERVE DISORDERS W/O MCC,350,6209.0
TN,100 - SEIZURES W MCC,565,9897.0
TN,149 - DYSEQUILIBRIUM,144,4731.0
TN,181 - RESPIRATORY NEOPLASMS W CC,265,7801.0
TN,329 - MAJOR SMALL & LARGE BOWEL PROCEDURES W MCC,696,29747.0
TN,331 - MAJOR SMALL & LARGE BOWEL PROCEDURES W/O CC/MCC,457,10649.0
TN,371 - MAJOR GASTROINTESTINAL DISORDERS & PERITONEAL INFECTIONS W MCC,332,12238.0
TN,"442 - DISORDERS OF LIVER EXCEPT MALIG,CIRR,ALC HEPA W CC",398,6178.0
TN,516 - OTHER MUSCULOSKELET SYS & CONN TISS O.R. PROC W CC,85,13849.0
TN,556 - SIGNS & SYMPTOMS OF MUSCULOSKELETAL SYSTEM & CONN TISSUE W/O MCC,126,4792.0
TN,699 - OTHER KIDNEY & URINARY TRACT DIAGNOSES W CC,597,7560.0
TN,884 - ORGANIC DISTURBANCES & MENTAL RETARDATION,235,7361.0
TN,163 - MAJOR CHEST PROCEDURES W MCC,272,31390.0
TN,164 - MAJOR CHEST PROCEDURES W CC,403,16389.0
TN,165 - MAJOR CHEST PROCEDURES W/O CC/MCC,172,11615.0
TN,167 - OTHER RESP SYSTEM O.R. PROCEDURES W CC,176,12679.0
TN,264 - OTHER CIRCULATORY SYSTEM O.R. PROCEDURES,268,18611.0
TN,"283 - ACUTE MYOCARDIAL INFARCTION, EXPIRED W MCC",175,11068.0
TN,299 - PERIPHERAL VASCULAR DISORDERS W MCC,243,9889.0
TN,388 - G.I. OBSTRUCTION W MCC,266,10149.0
TN,418 - LAPAROSCOPIC CHOLECYSTECTOMY W/O C.D.E. W CC,380,10195.0
TN,438 - DISORDERS OF PANCREAS EXCEPT MALIGNANCY W MCC,202,11464.0
TN,439 - DISORDERS OF PANCREAS EXCEPT MALIGNANCY W CC,466,5990.0
TN,445 - DISORDERS OF THE BILIARY TRACT W CC,192,7364.0
TN,602 - CELLULITIS W MCC,414,9132.0
TN,621 - O.R. PROCEDURES FOR OBESITY W/O CC/MCC,379,10547.0
TN,947 - SIGNS & SYMPTOMS W MCC,132,7319.0
TN,897 - ALCOHOL/DRUG ABUSE OR DEPENDENCE W/O REHABILITATION THERAPY W/O MCC,356,4953.0
TN,462 - BILATERAL OR MULTIPLE MAJOR JOINT PROCS OF LOWER EXTREMITY W/O MCC,312,21584.0
TN,025 - CRANIOTOMY & ENDOVASCULAR INTRACRANIAL PROCEDURES W MCC,502,28364.0
TN,027 - CRANIOTOMY & ENDOVASCULAR INTRACRANIAL PROCEDURES W/O CC/MCC,216,16399.0
TN,057 - DEGENERATIVE NERVOUS SYSTEM DISORDERS W/O MCC,408,6982.0
TN,092 - OTHER DISORDERS OF NERVOUS SYSTEM W CC,337,5923.0
TN,166 - OTHER RESP SYSTEM O.R. PROCEDURES W MCC,443,22118.0
TN,175 - PULMONARY EMBOLISM W MCC,348,9560.0
TN,180 - RESPIRATORY NEOPLASMS W MCC,392,10661.0
TN,187 - PLEURAL EFFUSION W CC,91,6799.0
TN,204 - RESPIRATORY SIGNS & SYMPTOMS,132,5203.0
TN,216 - CARDIAC VALVE & OTH MAJ CARDIOTHORACIC PROC W CARD CATH W MCC,193,63647.0
TN,219 - CARDIAC VALVE & OTH MAJ CARDIOTHORACIC PROC W/O CARD CATH W MCC,362,50057.0
TN,220 - CARDIAC VALVE & OTH MAJ CARDIOTHORACIC PROC W/O CARD CATH W CC,305,32937.0
TN,226 - CARDIAC DEFIBRILLATOR IMPLANT W/O CARDIAC CATH W MCC,69,45890.0
TN,227 - CARDIAC DEFIBRILLATOR IMPLANT W/O CARDIAC CATH W/O MCC,130,34152.0
TN,233 - CORONARY BYPASS W CARDIAC CATH W MCC,338,42627.0
TN,234 - CORONARY BYPASS W CARDIAC CATH W/O MCC,560,28699.0
TN,235 - CORONARY BYPASS W/O CARDIAC CATH W MCC,245,36329.0
TN,236 - CORONARY BYPASS W/O CARDIAC CATH W/O MCC,631,22741.0
TN,237 - MAJOR CARDIOVASC PROCEDURES W MCC,406,33469.0
TN,242 - PERMANENT CARDIAC PACEMAKER IMPLANT W MCC,275,21945.0
TN,244 - PERMANENT CARDIAC PACEMAKER IMPLANT W/O CC/MCC,342,12752.0
TN,250 - PERC CARDIOVASC PROC W/O CORONARY ARTERY STENT W MCC,234,20442.0
TN,251 - PERC CARDIOVASC PROC W/O CORONARY ARTERY STENT W/O MCC,440,14059.0
TN,266 - ENDOVASCULAR CARDIAC VALVE REPLACEMENT W MCC,241,52449.0
TN,267 - ENDOVASCULAR CARDIAC VALVE REPLACEMENT W/O MCC,213,41930.0
TN,301 - PERIPHERAL VASCULAR DISORDERS W/O CC/MCC,97,4993.0
TN,315 - OTHER CIRCULATORY SYSTEM DIAGNOSES W CC,335,6598.0
TN,"326 - STOMACH, ESOPHAGEAL & DUODENAL PROC W MCC",169,35401.0
TN,"327 - STOMACH, ESOPHAGEAL & DUODENAL PROC W CC",134,18465.0
TN,"328 - STOMACH, ESOPHAGEAL & DUODENAL PROC W/O CC/MCC",132,9927.0
TN,393 - OTHER DIGESTIVE SYSTEM DIAGNOSES W MCC,319,11212.0
TN,395 - OTHER DIGESTIVE SYSTEM DIAGNOSES W/O CC/MCC,91,4970.0
TN,"406 - PANCREAS, LIVER & SHUNT PROCEDURES W CC",78,21427.0
TN,417 - LAPAROSCOPIC CHOLECYSTECTOMY W/O C.D.E. W MCC,176,14659.0
TN,432 - CIRRHOSIS & ALCOHOLIC HEPATITIS W MCC,194,11131.0
TN,436 - MALIGNANCY OF HEPATOBILIARY SYSTEM OR PANCREAS W CC,55,8576.0
TN,440 - DISORDERS OF PANCREAS EXCEPT MALIGNANCY W/O CC/MCC,147,4516.0
TN,459 - SPINAL FUSION EXCEPT CERVICAL W MCC,68,43662.0
TN,"464 - WND DEBRID & SKN GRFT EXC HAND, FOR MUSCULO-CONN TISS DIS W CC",112,20205.0
TN,467 - REVISION OF HIP OR KNEE REPLACEMENT W CC,380,20819.0
TN,472 - CERVICAL SPINAL FUSION W CC,260,19362.0
TN,"617 - AMPUTAT OF LOWER LIMB FOR ENDOCRINE,NUTRIT,& METABOL DIS W CC",55,13230.0
TN,652 - KIDNEY TRANSPLANT,299,24329.0
TN,660 - KIDNEY & URETER PROCEDURES FOR NON-NEOPLASM W CC,73,14073.0
TN,669 - TRANSURETHRAL PROCEDURES W CC,81,7893.0
TN,694 - URINARY STONES W/O ESW LITHOTRIPSY W/O MCC,78,4783.0
TN,"741 - UTERINE,ADNEXA PROC FOR NON-OVARIAN/ADNEXAL MALIG W/O CC/MCC",46,8454.0
TN,742 - UTERINE & ADNEXA PROC FOR NON-MALIGNANCY W CC/MCC,55,11260.0
TN,743 - UTERINE & ADNEXA PROC FOR NON-MALIGNANCY W/O CC/MCC,114,6978.0
TN,809 - MAJOR HEMATOL/IMMUN DIAG EXC SICKLE CELL CRISIS & COAGUL W CC,251,9007.0
TN,834 - ACUTE LEUKEMIA W/O MAJOR O.R. PROCEDURE W MCC,78,42676.0
TN,847 - CHEMOTHERAPY W/O ACUTE LEUKEMIA AS SECONDARY DIAGNOSIS W CC,151,8664.0
TN,854 - INFECTIOUS & PARASITIC DISEASES W O.R. PROCEDURE W CC,164,15931.0
TN,863 - POSTOPERATIVE & POST-TRAUMATIC INFECTIONS W/O MCC,220,7010.0
TN,864 - FEVER,114,6154.0
TN,885 - PSYCHOSES,2123,6494.0
TN,920 - COMPLICATIONS OF TREATMENT W CC,176,7221.0
TN,981 - EXTENSIVE O.R. PROCEDURE UNRELATED TO PRINCIPAL DIAGNOSIS W MCC,430,30397.0
TN,982 - EXTENSIVE O.R. PROCEDURE UNRELATED TO PRINCIPAL DIAGNOSIS W CC,236,17610.0
TN,"003 - ECMO OR TRACH W MV >96 HRS OR PDX EXC FACE, MOUTH & NECK W MAJ O.R.",405,103365.0
TN,026 - CRANIOTOMY & ENDOVASCULAR INTRACRANIAL PROCEDURES W CC,150,20629.0
TN,038 - EXTRACRANIAL PROCEDURES W CC,175,9734.0
TN,054 - NERVOUS SYSTEM NEOPLASMS W MCC,259,9137.0
TN,056 - DEGENERATIVE NERVOUS SYSTEM DISORDERS W MCC,155,11259.0
TN,062 - ACUTE ISCHEMIC STROKE W USE OF THROMBOLYTIC AGENT W CC,158,12226.0
TN,070 - NONSPECIFIC CEREBROVASCULAR DISORDERS W MCC,493,9767.0
TN,071 - NONSPECIFIC CEREBROVASCULAR DISORDERS W CC,552,6217.0
TN,"085 - TRAUMATIC STUPOR & COMA, COMA <1 HR W MCC",350,13605.0
TN,"086 - TRAUMATIC STUPOR & COMA, COMA <1 HR W CC",337,8080.0
TN,"087 - TRAUMATIC STUPOR & COMA, COMA <1 HR W/O CC/MCC",289,5371.0
TN,248 - PERC CARDIOVASC PROC W NON-DRUG-ELUTING STENT W MCC OR 4+ VES/STENTS,173,19571.0
TN,303 - ATHEROSCLEROSIS W/O MCC,160,4315.0
TN,336 - PERITONEAL ADHESIOLYSIS W CC,74,15242.0
TN,356 - OTHER DIGESTIVE SYSTEM O.R. PROCEDURES W MCC,63,23706.0
TN,375 - DIGESTIVE MALIGNANCY W CC,124,8670.0
TN,435 - MALIGNANCY OF HEPATOBILIARY SYSTEM OR PANCREAS W MCC,177,11449.0
TN,444 - DISORDERS OF THE BILIARY TRACT W MCC,76,11622.0
TN,"494 - LOWER EXTREM & HUMER PROC EXCEPT HIP,FOOT,FEMUR W/O CC/MCC",279,9996.0
TN,519 - BACK & NECK PROC EXC SPINAL FUSION W CC,189,10706.0
TN,644 - ENDOCRINE DISORDERS W CC,86,7529.0
TN,862 - POSTOPERATIVE & POST-TRAUMATIC INFECTIONS W MCC,152,12349.0
TN,023 - CRANIO W MAJOR DEV IMPL/ACUTE COMPLEX CNS PDX W MCC OR CHEMO IMPLANT,180,32246.0
TN,061 - ACUTE ISCHEMIC STROKE W USE OF THROMBOLYTIC AGENT W MCC,98,17787.0
TN,"083 - TRAUMATIC STUPOR & COMA, COMA >1 HR W CC",65,9447.0
TN,881 - DEPRESSIVE NEUROSES,76,4194.0
TN,005 - LIVER TRANSPLANT W MCC OR INTESTINAL TRANSPLANT,33,78473.0
TN,024 - CRANIO W MAJOR DEV IMPL/ACUTE COMPLEX CNS PDX W/O MCC,60,24956.0
TN,"082 - TRAUMATIC STUPOR & COMA, COMA >1 HR W MCC",83,16569.0
TN,103 - HEADACHES W/O MCC,53,6195.0
TN,183 - MAJOR CHEST TRAUMA W MCC,74,13799.0
TN,184 - MAJOR CHEST TRAUMA W CC,56,8277.0
TN,186 - PLEURAL EFFUSION W MCC,150,9835.0
TN,200 - PNEUMOTHORAX W CC,61,6847.0
TN,205 - OTHER RESPIRATORY SYSTEM DIAGNOSES W MCC,58,10529.0
TN,206 - OTHER RESPIRATORY SYSTEM DIAGNOSES W/O MCC,80,6488.0
TN,240 - AMPUTATION FOR CIRC SYS DISORDERS EXC UPPER LIMB & TOE W CC,83,17031.0
TN,357 - OTHER DIGESTIVE SYSTEM O.R. PROCEDURES W CC,58,14360.0
TN,374 - DIGESTIVE MALIGNANCY W MCC,95,14427.0
TN,386 - INFLAMMATORY BOWEL DISEASE W CC,67,7033.0
TN,433 - CIRRHOSIS & ALCOHOLIC HEPATITIS W CC,52,7095.0
TN,457 - SPINAL FUS EXC CERV W SPINAL CURV/MALIG/INFEC OR EXT FUS W CC,73,59958.0
TN,478 - BIOPSIES OF MUSCULOSKELETAL SYSTEM & CONNECTIVE TISSUE W CC,58,13654.0
TN,"492 - LOWER EXTREM & HUMER PROC EXCEPT HIP,FOOT,FEMUR W MCC",63,25598.0
TN,542 - PATHOLOGICAL FRACTURES & MUSCULOSKELET & CONN TISS MALIG W MCC,59,13577.0
TN,543 - PATHOLOGICAL FRACTURES & MUSCULOSKELET & CONN TISS MALIG W CC,72,8007.0
TN,545 - CONNECTIVE TISSUE DISORDERS W MCC,33,18508.0
TN,654 - MAJOR BLADDER PROCEDURES W CC,55,22864.0
TN,656 - KIDNEY & URETER PROCEDURES FOR NEOPLASM W MCC,47,26670.0
TN,657 - KIDNEY & URETER PROCEDURES FOR NEOPLASM W CC,96,15680.0
TN,658 - KIDNEY & URETER PROCEDURES FOR NEOPLASM W/O CC/MCC,92,11092.0
TN,659 - KIDNEY & URETER PROCEDURES FOR NON-NEOPLASM W MCC,54,23478.0
TN,808 - MAJOR HEMATOL/IMMUN DIAG EXC SICKLE CELL CRISIS & COAGUL W MCC,85,17124.0
TN,840 - LYMPHOMA & NON-ACUTE LEUKEMIA W MCC,82,20526.0
TN,856 - POSTOPERATIVE OR POST-TRAUMATIC INFECTIONS W O.R. PROC W MCC,84,28911.0
TN,857 - POSTOPERATIVE OR POST-TRAUMATIC INFECTIONS W O.R. PROC W CC,98,13244.0
TN,907 - OTHER O.R. PROCEDURES FOR INJURIES W MCC,118,25389.0
TN,908 - OTHER O.R. PROCEDURES FOR INJURIES W CC,57,13065.0
TN,919 - COMPLICATIONS OF TREATMENT W MCC,163,16529.0
TN,928 - FULL THICKNESS BURN W SKIN GRAFT OR INHAL INJ W CC/MCC,47,46698.0
TN,"956 - LIMB REATTACHMENT, HIP & FEMUR PROC FOR MULTIPLE SIGNIFICANT TRAUMA",75,32180.0
TN,963 - OTHER MULTIPLE SIGNIFICANT TRAUMA W MCC,59,22980.0
TN,964 - OTHER MULTIPLE SIGNIFICANT TRAUMA W CC,52,11653.0
TN,974 - HIV W MAJOR RELATED CONDITION W MCC,77,19396.0
TN,454 - COMBINED ANTERIOR/POSTERIOR SPINAL FUSION W CC,73,56992.0
TN,072 - NONSPECIFIC CEREBROVASCULAR DISORDERS W/O CC/MCC,49,5273.0
TN,239 - AMPUTATION FOR CIRC SYS DISORDERS EXC UPPER LIMB & TOE W MCC,135,27483.0
TN,673 - OTHER KIDNEY & URINARY TRACT PROCEDURES W MCC,135,23056.0
TN,228 - OTHER CARDIOTHORACIC PROCEDURES W MCC,48,55638.0
TN,355 - HERNIA PROCEDURES EXCEPT INGUINAL & FEMORAL W/O CC/MCC,47,8445.0
TN,036 - CAROTID ARTERY STENT PROCEDURE W/O CC/MCC,55,9988.0
TN,152 - OTITIS MEDIA & URI W MCC,65,6166.0
TN,"579 - OTHER SKIN, SUBCUT TISS & BREAST PROC W MCC",46,19550.0
TN,685 - ADMIT FOR RENAL DIALYSIS,69,5791.0
TN,196 - INTERSTITIAL LUNG DISEASE W MCC,43,11186.0
TN,643 - ENDOCRINE DISORDERS W MCC,65,11319.0
TN,"740 - UTERINE,ADNEXA PROC FOR NON-OVARIAN/ADNEXAL MALIG W CC",33,11875.0
TN,813 - COAGULATION DISORDERS,47,13677.0
TN,987 - NON-EXTENSIVE O.R. PROC UNRELATED TO PRINCIPAL DIAGNOSIS W MCC,44,20790.0
MS,189 - PULMONARY EDEMA & RESPIRATORY FAILURE,1722,7462.0
MS,190 - CHRONIC OBSTRUCTIVE PULMONARY DISEASE W MCC,2154,7009.0
MS,191 - CHRONIC OBSTRUCTIVE PULMONARY DISEASE W CC,1869,5811.0
MS,192 - CHRONIC OBSTRUCTIVE PULMONARY DISEASE W/O CC/MCC,1367,4693.0
MS,194 - SIMPLE PNEUMONIA & PLEURISY W CC,2467,6118.0
MS,292 - HEART FAILURE & SHOCK W CC,2998,6152.0
MS,293 - HEART FAILURE & SHOCK W/O CC/MCC,1013,4441.0
MS,"392 - ESOPHAGITIS, GASTROENT & MISC DIGEST DISORDERS W/O MCC",2626,4883.0
MS,603 - CELLULITIS W/O MCC,1584,5381.0
MS,"641 - MISC DISORDERS OF NUTRITION,METABOLISM,FLUIDS/ELECTROLYTES W/O MCC",1698,4628.0
MS,690 - KIDNEY & URINARY TRACT INFECTIONS W/O MCC,2461,5044.0
MS,812 - RED BLOOD CELL DISORDERS W/O MCC,1317,5666.0
MS,871 - SEPTICEMIA OR SEVERE SEPSIS W/O MV 96+ HOURS W MCC,6843,10889.0
MS,872 - SEPTICEMIA OR SEVERE SEPSIS W/O MV >96 HOURS W/O MCC,1659,6584.0
MS,885 - PSYCHOSES,1997,6705.0
MS,895 - ALCOHOL/DRUG ABUSE OR DEPENDENCE W REHABILITATION THERAPY,151,7635.0
MS,065 - INTRACRANIAL HEMORRHAGE OR CEREBRAL INFARCTION W CC OR TPA IN 24 HRS,1543,6627.0
MS,100 - SEIZURES W MCC,245,10166.0
MS,101 - SEIZURES W/O MCC,413,5099.0
MS,177 - RESPIRATORY INFECTIONS & INFLAMMATIONS W MCC,1036,11151.0
MS,178 - RESPIRATORY INFECTIONS & INFLAMMATIONS W CC,523,8198.0
MS,193 - SIMPLE PNEUMONIA & PLEURISY W MCC,2014,8567.0
MS,202 - BRONCHITIS & ASTHMA W CC/MCC,531,5352.0
MS,208 - RESPIRATORY SYSTEM DIAGNOSIS W VENTILATOR SUPPORT <96 HOURS,1102,14360.0
MS,"280 - ACUTE MYOCARDIAL INFARCTION, DISCHARGED ALIVE W MCC",616,10218.0
MS,"281 - ACUTE MYOCARDIAL INFARCTION, DISCHARGED ALIVE W CC",392,6417.0
MS,"287 - CIRCULATORY DISORDERS EXCEPT AMI, W CARD CATH W/O MCC",1143,7118.0
MS,291 - HEART FAILURE & SHOCK W MCC,3198,9030.0
MS,308 - CARDIAC ARRHYTHMIA & CONDUCTION DISORDERS W MCC,815,7476.0
MS,309 - CARDIAC ARRHYTHMIA & CONDUCTION DISORDERS W CC,989,5186.0
MS,312 - SYNCOPE & COLLAPSE,900,4928.0
MS,313 - CHEST PAIN,614,4110.0
MS,377 - G.I. HEMORRHAGE W MCC,800,10724.0
MS,378 - G.I. HEMORRHAGE W CC,2108,6295.0
MS,439 - DISORDERS OF PANCREAS EXCEPT MALIGNANCY W CC,265,6202.0
MS,638 - DIABETES W CC,664,5333.0
MS,682 - RENAL FAILURE W MCC,1892,9305.0
MS,683 - RENAL FAILURE W CC,2030,6036.0
MS,689 - KIDNEY & URINARY TRACT INFECTIONS W MCC,1313,6638.0
MS,698 - OTHER KIDNEY & URINARY TRACT DIAGNOSES W MCC,443,10052.0
MS,853 - INFECTIOUS & PARASITIC DISEASES W O.R. PROCEDURE W MCC,806,30300.0
MS,195 - SIMPLE PNEUMONIA & PLEURISY W/O CC/MCC,986,4524.0
MS,203 - BRONCHITIS & ASTHMA W/O CC/MCC,231,4252.0
MS,069 - TRANSIENT ISCHEMIA,600,4651.0
MS,470 - MAJOR JOINT REPLACEMENT OR REATTACHMENT OF LOWER EXTREMITY W/O MCC,4741,12194.0
MS,"004 - TRACH W MV 96+ HRS OR PDX EXC FACE, MOUTH & NECK W/O MAJ O.R.",227,66678.0
MS,039 - EXTRACRANIAL PROCEDURES W/O CC/MCC,514,6450.0
MS,064 - INTRACRANIAL HEMORRHAGE OR CEREBRAL INFARCTION W MCC,920,11741.0
MS,066 - INTRACRANIAL HEMORRHAGE OR CEREBRAL INFARCTION W/O CC/MCC,630,5153.0
MS,166 - OTHER RESP SYSTEM O.R. PROCEDURES W MCC,217,22226.0
MS,176 - PULMONARY EMBOLISM W/O MCC,375,6154.0
MS,180 - RESPIRATORY NEOPLASMS W MCC,169,11435.0
MS,207 - RESPIRATORY SYSTEM DIAGNOSIS W VENTILATOR SUPPORT 96+ HOURS,334,30954.0
MS,236 - CORONARY BYPASS W/O CARDIAC CATH W/O MCC,370,21567.0
MS,238 - MAJOR CARDIOVASC PROCEDURES W/O MCC,416,20335.0
MS,246 - PERC CARDIOVASC PROC W DRUG-ELUTING STENT W MCC OR 4+ VESSELS/STENTS,368,19770.0
MS,247 - PERC CARDIOVASC PROC W DRUG-ELUTING STENT W/O MCC,1001,12605.0
MS,252 - OTHER VASCULAR PROCEDURES W MCC,317,20509.0
MS,253 - OTHER VASCULAR PROCEDURES W CC,453,15817.0
MS,254 - OTHER VASCULAR PROCEDURES W/O CC/MCC,170,10276.0
MS,"282 - ACUTE MYOCARDIAL INFARCTION, DISCHARGED ALIVE W/O CC/MCC",210,4839.0
MS,299 - PERIPHERAL VASCULAR DISORDERS W MCC,146,9008.0
MS,300 - PERIPHERAL VASCULAR DISORDERS W CC,326,6168.0
MS,305 - HYPERTENSION W/O MCC,221,4005.0
MS,310 - CARDIAC ARRHYTHMIA & CONDUCTION DISORDERS W/O CC/MCC,843,3729.0
MS,314 - OTHER CIRCULATORY SYSTEM DIAGNOSES W MCC,541,11984.0
MS,329 - MAJOR SMALL & LARGE BOWEL PROCEDURES W MCC,357,29704.0
MS,330 - MAJOR SMALL & LARGE BOWEL PROCEDURES W CC,565,14863.0
MS,331 - MAJOR SMALL & LARGE BOWEL PROCEDURES W/O CC/MCC,292,9456.0
MS,389 - G.I. OBSTRUCTION W CC,475,5635.0
MS,390 - G.I. OBSTRUCTION W/O CC/MCC,280,4184.0
MS,460 - SPINAL FUSION EXCEPT CERVICAL W/O MCC,769,22487.0
MS,469 - MAJOR JOINT REPLACEMENT OR REATTACHMENT OF LOWER EXTREMITY W MCC,223,17768.0
MS,480 - HIP & FEMUR PROCEDURES EXCEPT MAJOR JOINT W MCC,267,16897.0
MS,481 - HIP & FEMUR PROCEDURES EXCEPT MAJOR JOINT W CC,970,11567.0
MS,482 - HIP & FEMUR PROCEDURES EXCEPT MAJOR JOINT W/O CC/MCC,367,9505.0
MS,602 - CELLULITIS W MCC,188,8391.0
MS,621 - O.R. PROCEDURES FOR OBESITY W/O CC/MCC,76,9198.0
MS,637 - DIABETES W MCC,285,8721.0
MS,"640 - MISC DISORDERS OF NUTRITION,METABOLISM,FLUIDS/ELECTROLYTES W MCC",760,7180.0
MS,684 - RENAL FAILURE W/O CC/MCC,422,4035.0
MS,811 - RED BLOOD CELL DISORDERS W MCC,378,8164.0
MS,870 - SEPTICEMIA OR SEVERE SEPSIS W MV >96 HOURS,457,34705.0
MS,917 - POISONING & TOXIC EFFECTS OF DRUGS W MCC,296,8741.0
MS,057 - DEGENERATIVE NERVOUS SYSTEM DISORDERS W/O MCC,292,6350.0
MS,070 - NONSPECIFIC CEREBROVASCULAR DISORDERS W MCC,58,15334.0
MS,073 - CRANIAL & PERIPHERAL NERVE DISORDERS W MCC,57,7981.0
MS,074 - CRANIAL & PERIPHERAL NERVE DISORDERS W/O MCC,274,5790.0
MS,091 - OTHER DISORDERS OF NERVOUS SYSTEM W MCC,118,9318.0
MS,092 - OTHER DISORDERS OF NERVOUS SYSTEM W CC,171,5701.0
MS,175 - PULMONARY EMBOLISM W MCC,161,9332.0
MS,186 - PLEURAL EFFUSION W MCC,67,8851.0
MS,219 - CARDIAC VALVE & OTH MAJ CARDIOTHORACIC PROC W/O CARD CATH W MCC,132,48558.0
MS,220 - CARDIAC VALVE & OTH MAJ CARDIOTHORACIC PROC W/O CARD CATH W CC,174,28947.0
MS,233 - CORONARY BYPASS W CARDIAC CATH W MCC,125,42275.0
MS,234 - CORONARY BYPASS W CARDIAC CATH W/O MCC,290,27885.0
MS,235 - CORONARY BYPASS W/O CARDIAC CATH W MCC,84,34482.0
MS,237 - MAJOR CARDIOVASC PROCEDURES W MCC,136,34534.0
MS,242 - PERMANENT CARDIAC PACEMAKER IMPLANT W MCC,125,21420.0
MS,243 - PERMANENT CARDIAC PACEMAKER IMPLANT W CC,202,15009.0
MS,244 - PERMANENT CARDIAC PACEMAKER IMPLANT W/O CC/MCC,169,12328.0
MS,249 - PERC CARDIOVASC PROC W NON-DRUG-ELUTING STENT W/O MCC,221,11517.0
MS,251 - PERC CARDIOVASC PROC W/O CORONARY ARTERY STENT W/O MCC,202,12224.0
MS,"286 - CIRCULATORY DISORDERS EXCEPT AMI, W CARD CATH W MCC",328,13326.0
MS,315 - OTHER CIRCULATORY SYSTEM DIAGNOSES W CC,139,6475.0
MS,371 - MAJOR GASTROINTESTINAL DISORDERS & PERITONEAL INFECTIONS W MCC,206,11019.0
MS,372 - MAJOR GASTROINTESTINAL DISORDERS & PERITONEAL INFECTIONS W CC,282,7514.0
MS,375 - DIGESTIVE MALIGNANCY W CC,89,7567.0
MS,379 - G.I. HEMORRHAGE W/O CC/MCC,281,4619.0
MS,386 - INFLAMMATORY BOWEL DISEASE W CC,46,7635.0
MS,388 - G.I. OBSTRUCTION W MCC,123,9225.0
MS,"391 - ESOPHAGITIS, GASTROENT & MISC DIGEST DISORDERS W MCC",485,7397.0
MS,393 - OTHER DIGESTIVE SYSTEM DIAGNOSES W MCC,135,9926.0
MS,394 - OTHER DIGESTIVE SYSTEM DIAGNOSES W CC,347,6246.0
MS,417 - LAPAROSCOPIC CHOLECYSTECTOMY W/O C.D.E. W MCC,44,14405.0
MS,418 - LAPAROSCOPIC CHOLECYSTECTOMY W/O C.D.E. W CC,193,9396.0
MS,435 - MALIGNANCY OF HEPATOBILIARY SYSTEM OR PANCREAS W MCC,63,10002.0
MS,438 - DISORDERS OF PANCREAS EXCEPT MALIGNANCY W MCC,92,10838.0
MS,"441 - DISORDERS OF LIVER EXCEPT MALIG,CIRR,ALC HEPA W MCC",151,14244.0
MS,445 - DISORDERS OF THE BILIARY TRACT W CC,73,7431.0
MS,"493 - LOWER EXTREM & HUMER PROC EXCEPT HIP,FOOT,FEMUR W CC",187,12822.0
MS,536 - FRACTURES OF HIP & PELVIS W/O MCC,174,4785.0
MS,552 - MEDICAL BACK PROBLEMS W/O MCC,354,6058.0
MS,556 - SIGNS & SYMPTOMS OF MUSCULOSKELETAL SYSTEM & CONN TISSUE W/O MCC,43,4412.0
MS,699 - OTHER KIDNEY & URINARY TRACT DIAGNOSES W CC,190,8792.0
MS,884 - ORGANIC DISTURBANCES & MENTAL RETARDATION,228,6608.0
MS,919 - COMPLICATIONS OF TREATMENT W MCC,104,11725.0
MS,948 - SIGNS & SYMPTOMS W/O MCC,441,4758.0
MS,981 - EXTENSIVE O.R. PROCEDURE UNRELATED TO PRINCIPAL DIAGNOSIS W MCC,230,29900.0
MS,153 - OTITIS MEDIA & URI W/O MCC,188,4488.0
MS,639 - DIABETES W/O CC/MCC,88,4901.0
MS,897 - ALCOHOL/DRUG ABUSE OR DEPENDENCE W/O REHABILITATION THERAPY W/O MCC,581,11039.0
MS,"003 - ECMO OR TRACH W MV >96 HRS OR PDX EXC FACE, MOUTH & NECK W MAJ O.R.",147,94356.0
MS,025 - CRANIOTOMY & ENDOVASCULAR INTRACRANIAL PROCEDURES W MCC,121,29139.0
MS,038 - EXTRACRANIAL PROCEDURES W CC,111,9227.0
MS,054 - NERVOUS SYSTEM NEOPLASMS W MCC,62,9338.0
MS,071 - NONSPECIFIC CEREBROVASCULAR DISORDERS W CC,110,5554.0
MS,"085 - TRAUMATIC STUPOR & COMA, COMA <1 HR W MCC",66,14368.0
MS,"086 - TRAUMATIC STUPOR & COMA, COMA <1 HR W CC",104,7935.0
MS,"087 - TRAUMATIC STUPOR & COMA, COMA <1 HR W/O CC/MCC",86,5733.0
MS,103 - HEADACHES W/O MCC,51,4343.0
MS,164 - MAJOR CHEST PROCEDURES W CC,79,16877.0
MS,167 - OTHER RESP SYSTEM O.R. PROCEDURES W CC,87,11540.0
MS,181 - RESPIRATORY NEOPLASMS W CC,138,7771.0
MS,239 - AMPUTATION FOR CIRC SYS DISORDERS EXC UPPER LIMB & TOE W MCC,65,22839.0
MS,248 - PERC CARDIOVASC PROC W NON-DRUG-ELUTING STENT W MCC OR 4+ VES/STENTS,83,18677.0
MS,250 - PERC CARDIOVASC PROC W/O CORONARY ARTERY STENT W MCC,85,18168.0
MS,264 - OTHER CIRCULATORY SYSTEM O.R. PROCEDURES,96,16853.0
MS,"328 - STOMACH, ESOPHAGEAL & DUODENAL PROC W/O CC/MCC",52,8561.0
MS,419 - LAPAROSCOPIC CHOLECYSTECTOMY W/O C.D.E. W/O CC/MCC,130,7227.0
MS,440 - DISORDERS OF PANCREAS EXCEPT MALIGNANCY W/O CC/MCC,102,4034.0
MS,"442 - DISORDERS OF LIVER EXCEPT MALIG,CIRR,ALC HEPA W CC",161,6381.0
MS,467 - REVISION OF HIP OR KNEE REPLACEMENT W CC,113,19659.0
MS,468 - REVISION OF HIP OR KNEE REPLACEMENT W/O CC/MCC,120,16031.0
MS,472 - CERVICAL SPINAL FUSION W CC,103,17890.0
MS,473 - CERVICAL SPINAL FUSION W/O CC/MCC,409,12886.0
MS,483 - MAJOR JOINT/LIMB REATTACHMENT PROCEDURE OF UPPER EXTREMITIES,390,14545.0
MS,"494 - LOWER EXTREM & HUMER PROC EXCEPT HIP,FOOT,FEMUR W/O CC/MCC",130,9900.0
MS,516 - OTHER MUSCULOSKELET SYS & CONN TISS O.R. PROC W CC,49,14779.0
MS,520 - BACK & NECK PROC EXC SPINAL FUSION W/O CC/MCC,118,7692.0
MS,551 - MEDICAL BACK PROBLEMS W MCC,60,8786.0
MS,554 - BONE DISEASES & ARTHROPATHIES W/O MCC,43,4398.0
MS,"563 - FX, SPRN, STRN & DISL EXCEPT FEMUR, HIP, PELVIS & THIGH W/O MCC",114,5404.0
MS,"617 - AMPUTAT OF LOWER LIMB FOR ENDOCRINE,NUTRIT,& METABOL DIS W CC",84,12301.0
MS,658 - KIDNEY & URETER PROCEDURES FOR NEOPLASM W/O CC/MCC,54,9579.0
MS,669 - TRANSURETHRAL PROCEDURES W CC,48,7237.0
MS,673 - OTHER KIDNEY & URINARY TRACT PROCEDURES W MCC,86,21737.0
MS,708 - MAJOR MALE PELVIC PROCEDURES W/O CC/MCC,154,8084.0
MS,809 - MAJOR HEMATOL/IMMUN DIAG EXC SICKLE CELL CRISIS & COAGUL W CC,84,8752.0
MS,847 - CHEMOTHERAPY W/O ACUTE LEUKEMIA AS SECONDARY DIAGNOSIS W CC,184,9628.0
MS,854 - INFECTIOUS & PARASITIC DISEASES W O.R. PROCEDURE W CC,73,12822.0
MS,862 - POSTOPERATIVE & POST-TRAUMATIC INFECTIONS W MCC,47,10619.0
MS,863 - POSTOPERATIVE & POST-TRAUMATIC INFECTIONS W/O MCC,75,6679.0
MS,907 - OTHER O.R. PROCEDURES FOR INJURIES W MCC,95,24000.0
MS,918 - POISONING & TOXIC EFFECTS OF DRUGS W/O MCC,134,4931.0
MS,920 - COMPLICATIONS OF TREATMENT W CC,74,7950.0
MS,982 - EXTENSIVE O.R. PROCEDURE UNRELATED TO PRINCIPAL DIAGNOSIS W CC,76,17598.0
MS,303 - ATHEROSCLEROSIS W/O MCC,80,3941.0
MS,947 - SIGNS & SYMPTOMS W MCC,55,8082.0
MS,"894 - ALCOHOL/DRUG ABUSE OR DEPENDENCE, LEFT AMA",46,3242.0
MS,"326 - STOMACH, ESOPHAGEAL & DUODENAL PROC W MCC",51,33903.0
MS,432 - CIRRHOSIS & ALCOHOLIC HEPATITIS W MCC,62,9185.0
MS,436 - MALIGNANCY OF HEPATOBILIARY SYSTEM OR PANCREAS W CC,56,7830.0
MS,935 - NON-EXTENSIVE BURNS,44,11797.0
MS,023 - CRANIO W MAJOR DEV IMPL/ACUTE COMPLEX CNS PDX W MCC OR CHEMO IMPLANT,55,38157.0
MS,026 - CRANIOTOMY & ENDOVASCULAR INTRACRANIAL PROCEDURES W CC,60,20522.0
MS,027 - CRANIOTOMY & ENDOVASCULAR INTRACRANIAL PROCEDURES W/O CC/MCC,57,16811.0
MS,652 - KIDNEY TRANSPLANT,63,31934.0
MS,964 - OTHER MULTIPLE SIGNIFICANT TRAUMA W CC,21,15326.0
MS,974 - HIV W MAJOR RELATED CONDITION W MCC,21,28156.0
MS,881 - DEPRESSIVE NEUROSES,149,3990.0
KY,177 - RESPIRATORY INFECTIONS & INFLAMMATIONS W MCC,1551,11956.0
KY,189 - PULMONARY EDEMA & RESPIRATORY FAILURE,3661,8027.0
KY,193 - SIMPLE PNEUMONIA & PLEURISY W MCC,4238,8989.0
KY,194 - SIMPLE PNEUMONIA & PLEURISY W CC,3492,6220.0
KY,208 - RESPIRATORY SYSTEM DIAGNOSIS W VENTILATOR SUPPORT <96 HOURS,1596,14858.0
KY,"280 - ACUTE MYOCARDIAL INFARCTION, DISCHARGED ALIVE W MCC",1447,11054.0
KY,291 - HEART FAILURE & SHOCK W MCC,4770,9492.0
KY,292 - HEART FAILURE & SHOCK W CC,3606,6408.0
KY,308 - CARDIAC ARRHYTHMIA & CONDUCTION DISORDERS W MCC,1512,7938.0
KY,309 - CARDIAC ARRHYTHMIA & CONDUCTION DISORDERS W CC,1723,5318.0
KY,310 - CARDIAC ARRHYTHMIA & CONDUCTION DISORDERS W/O CC/MCC,1465,3820.0
KY,377 - G.I. HEMORRHAGE W MCC,1049,11953.0
KY,378 - G.I. HEMORRHAGE W CC,2507,6689.0
KY,469 - MAJOR JOINT REPLACEMENT OR REATTACHMENT OF LOWER EXTREMITY W MCC,463,20766.0
KY,470 - MAJOR JOINT REPLACEMENT OR REATTACHMENT OF LOWER EXTREMITY W/O MCC,6929,13276.0
KY,480 - HIP & FEMUR PROCEDURES EXCEPT MAJOR JOINT W MCC,456,19516.0
KY,483 - MAJOR JOINT/LIMB REATTACHMENT PROCEDURE OF UPPER EXTREMITIES,804,15254.0
KY,682 - RENAL FAILURE W MCC,2594,9899.0
KY,683 - RENAL FAILURE W CC,3117,6357.0
KY,689 - KIDNEY & URINARY TRACT INFECTIONS W MCC,1499,7183.0
KY,853 - INFECTIOUS & PARASITIC DISEASES W O.R. PROCEDURE W MCC,1098,35776.0
KY,871 - SEPTICEMIA OR SEVERE SEPSIS W/O MV 96+ HOURS W MCC,9442,11603.0
KY,872 - SEPTICEMIA OR SEVERE SEPSIS W/O MV >96 HOURS W/O MCC,2229,6965.0
KY,190 - CHRONIC OBSTRUCTIVE PULMONARY DISEASE W MCC,3961,7503.0
KY,"392 - ESOPHAGITIS, GASTROENT & MISC DIGEST DISORDERS W/O MCC",3489,5151.0
KY,481 - HIP & FEMUR PROCEDURES EXCEPT MAJOR JOINT W CC,1354,12385.0
KY,690 - KIDNEY & URINARY TRACT INFECTIONS W/O MCC,2825,5228.0
KY,192 - CHRONIC OBSTRUCTIVE PULMONARY DISEASE W/O CC/MCC,2169,4805.0
KY,195 - SIMPLE PNEUMONIA & PLEURISY W/O CC/MCC,1264,4660.0
KY,"641 - MISC DISORDERS OF NUTRITION,METABOLISM,FLUIDS/ELECTROLYTES W/O MCC",2046,4871.0
KY,191 - CHRONIC OBSTRUCTIVE PULMONARY DISEASE W CC,3187,6069.0
KY,"003 - ECMO OR TRACH W MV >96 HRS OR PDX EXC FACE, MOUTH & NECK W MAJ O.R.",230,137897.0
KY,"004 - TRACH W MV 96+ HRS OR PDX EXC FACE, MOUTH & NECK W/O MAJ O.R.",257,75878.0
KY,025 - CRANIOTOMY & ENDOVASCULAR INTRACRANIAL PROCEDURES W MCC,292,30006.0
KY,038 - EXTRACRANIAL PROCEDURES W CC,121,10592.0
KY,039 - EXTRACRANIAL PROCEDURES W/O CC/MCC,540,7133.0
KY,041 - PERIPH/CRANIAL NERVE & OTHER NERV SYST PROC W CC OR PERIPH NEUROSTIM,116,13811.0
KY,057 - DEGENERATIVE NERVOUS SYSTEM DISORDERS W/O MCC,238,7472.0
KY,064 - INTRACRANIAL HEMORRHAGE OR CEREBRAL INFARCTION W MCC,1364,12239.0
KY,065 - INTRACRANIAL HEMORRHAGE OR CEREBRAL INFARCTION W CC OR TPA IN 24 HRS,1735,7565.0
KY,066 - INTRACRANIAL HEMORRHAGE OR CEREBRAL INFARCTION W/O CC/MCC,839,5533.0
KY,069 - TRANSIENT ISCHEMIA,912,4990.0
KY,074 - CRANIAL & PERIPHERAL NERVE DISORDERS W/O MCC,171,6656.0
KY,091 - OTHER DISORDERS OF NERVOUS SYSTEM W MCC,152,9696.0
KY,092 - OTHER DISORDERS OF NERVOUS SYSTEM W CC,224,6223.0
KY,100 - SEIZURES W MCC,335,11122.0
KY,101 - SEIZURES W/O MCC,657,5778.0
KY,103 - HEADACHES W/O MCC,93,5454.0
KY,149 - DYSEQUILIBRIUM,84,4399.0
KY,152 - OTITIS MEDIA & URI W MCC,54,6568.0
KY,153 - OTITIS MEDIA & URI W/O MCC,217,4877.0
KY,163 - MAJOR CHEST PROCEDURES W MCC,181,32722.0
KY,164 - MAJOR CHEST PROCEDURES W CC,323,17063.0
KY,165 - MAJOR CHEST PROCEDURES W/O CC/MCC,179,12273.0
KY,166 - OTHER RESP SYSTEM O.R. PROCEDURES W MCC,301,24848.0
KY,167 - OTHER RESP SYSTEM O.R. PROCEDURES W CC,102,14181.0
KY,175 - PULMONARY EMBOLISM W MCC,263,10120.0
KY,176 - PULMONARY EMBOLISM W/O MCC,477,6671.0
KY,178 - RESPIRATORY INFECTIONS & INFLAMMATIONS W CC,619,8867.0
KY,180 - RESPIRATORY NEOPLASMS W MCC,291,11732.0
KY,181 - RESPIRATORY NEOPLASMS W CC,112,8394.0
KY,186 - PLEURAL EFFUSION W MCC,92,9801.0
KY,202 - BRONCHITIS & ASTHMA W CC/MCC,289,5769.0
KY,204 - RESPIRATORY SIGNS & SYMPTOMS,95,5344.0
KY,206 - OTHER RESPIRATORY SYSTEM DIAGNOSES W/O MCC,83,7048.0
KY,207 - RESPIRATORY SYSTEM DIAGNOSIS W VENTILATOR SUPPORT 96+ HOURS,500,34347.0
KY,216 - CARDIAC VALVE & OTH MAJ CARDIOTHORACIC PROC W CARD CATH W MCC,90,61330.0
KY,219 - CARDIAC VALVE & OTH MAJ CARDIOTHORACIC PROC W/O CARD CATH W MCC,185,55600.0
KY,220 - CARDIAC VALVE & OTH MAJ CARDIOTHORACIC PROC W/O CARD CATH W CC,210,35060.0
KY,226 - CARDIAC DEFIBRILLATOR IMPLANT W/O CARDIAC CATH W MCC,49,47009.0
KY,227 - CARDIAC DEFIBRILLATOR IMPLANT W/O CARDIAC CATH W/O MCC,93,37556.0
KY,233 - CORONARY BYPASS W CARDIAC CATH W MCC,118,45829.0
KY,234 - CORONARY BYPASS W CARDIAC CATH W/O MCC,343,30216.0
KY,235 - CORONARY BYPASS W/O CARDIAC CATH W MCC,99,39146.0
KY,236 - CORONARY BYPASS W/O CARDIAC CATH W/O MCC,432,23711.0
KY,237 - MAJOR CARDIOVASC PROCEDURES W MCC,254,34892.0
KY,238 - MAJOR CARDIOVASC PROCEDURES W/O MCC,528,22444.0
KY,240 - AMPUTATION FOR CIRC SYS DISORDERS EXC UPPER LIMB & TOE W CC,73,15545.0
KY,242 - PERMANENT CARDIAC PACEMAKER IMPLANT W MCC,187,25686.0
KY,243 - PERMANENT CARDIAC PACEMAKER IMPLANT W CC,316,16905.0
KY,244 - PERMANENT CARDIAC PACEMAKER IMPLANT W/O CC/MCC,273,13564.0
KY,246 - PERC CARDIOVASC PROC W DRUG-ELUTING STENT W MCC OR 4+ VESSELS/STENTS,650,21606.0
KY,247 - PERC CARDIOVASC PROC W DRUG-ELUTING STENT W/O MCC,1869,13658.0
KY,249 - PERC CARDIOVASC PROC W NON-DRUG-ELUTING STENT W/O MCC,144,12358.0
KY,250 - PERC CARDIOVASC PROC W/O CORONARY ARTERY STENT W MCC,123,21926.0
KY,251 - PERC CARDIOVASC PROC W/O CORONARY ARTERY STENT W/O MCC,278,14790.0
KY,252 - OTHER VASCULAR PROCEDURES W MCC,425,23559.0
KY,253 - OTHER VASCULAR PROCEDURES W CC,583,17061.0
KY,254 - OTHER VASCULAR PROCEDURES W/O CC/MCC,251,11183.0
KY,264 - OTHER CIRCULATORY SYSTEM O.R. PROCEDURES,147,19451.0
KY,266 - ENDOVASCULAR CARDIAC VALVE REPLACEMENT W MCC,53,54485.0
KY,"281 - ACUTE MYOCARDIAL INFARCTION, DISCHARGED ALIVE W CC",780,7141.0
KY,"282 - ACUTE MYOCARDIAL INFARCTION, DISCHARGED ALIVE W/O CC/MCC",310,5514.0
KY,"283 - ACUTE MYOCARDIAL INFARCTION, EXPIRED W MCC",80,10701.0
KY,"286 - CIRCULATORY DISORDERS EXCEPT AMI, W CARD CATH W MCC",514,14500.0
KY,"287 - CIRCULATORY DISORDERS EXCEPT AMI, W CARD CATH W/O MCC",1626,7589.0
KY,293 - HEART FAILURE & SHOCK W/O CC/MCC,1091,4647.0
KY,299 - PERIPHERAL VASCULAR DISORDERS W MCC,126,10585.0
KY,300 - PERIPHERAL VASCULAR DISORDERS W CC,368,7013.0
KY,301 - PERIPHERAL VASCULAR DISORDERS W/O CC/MCC,74,5811.0
KY,303 - ATHEROSCLEROSIS W/O MCC,172,4382.0
KY,305 - HYPERTENSION W/O MCC,253,4573.0
KY,312 - SYNCOPE & COLLAPSE,1286,5350.0
KY,313 - CHEST PAIN,1209,4522.0
KY,314 - OTHER CIRCULATORY SYSTEM DIAGNOSES W MCC,632,13323.0
KY,315 - OTHER CIRCULATORY SYSTEM DIAGNOSES W CC,270,7270.0
KY,"326 - STOMACH, ESOPHAGEAL & DUODENAL PROC W MCC",80,37879.0
KY,"327 - STOMACH, ESOPHAGEAL & DUODENAL PROC W CC",89,18548.0
KY,"328 - STOMACH, ESOPHAGEAL & DUODENAL PROC W/O CC/MCC",127,10673.0
KY,329 - MAJOR SMALL & LARGE BOWEL PROCEDURES W MCC,545,36531.0
KY,330 - MAJOR SMALL & LARGE BOWEL PROCEDURES W CC,716,16824.0
KY,354 - HERNIA PROCEDURES EXCEPT INGUINAL & FEMORAL W CC,80,12708.0
KY,371 - MAJOR GASTROINTESTINAL DISORDERS & PERITONEAL INFECTIONS W MCC,219,13365.0
KY,372 - MAJOR GASTROINTESTINAL DISORDERS & PERITONEAL INFECTIONS W CC,414,7682.0
KY,375 - DIGESTIVE MALIGNANCY W CC,74,9427.0
KY,379 - G.I. HEMORRHAGE W/O CC/MCC,254,5101.0
KY,386 - INFLAMMATORY BOWEL DISEASE W CC,58,7941.0
KY,388 - G.I. OBSTRUCTION W MCC,144,11758.0
KY,389 - G.I. OBSTRUCTION W CC,768,5974.0
KY,390 - G.I. OBSTRUCTION W/O CC/MCC,434,4366.0
KY,"391 - ESOPHAGITIS, GASTROENT & MISC DIGEST DISORDERS W MCC",640,8521.0
KY,393 - OTHER DIGESTIVE SYSTEM DIAGNOSES W MCC,187,11761.0
KY,394 - OTHER DIGESTIVE SYSTEM DIAGNOSES W CC,544,6884.0
KY,395 - OTHER DIGESTIVE SYSTEM DIAGNOSES W/O CC/MCC,58,6043.0
KY,"405 - PANCREAS, LIVER & SHUNT PROCEDURES W MCC",49,41349.0
KY,"406 - PANCREAS, LIVER & SHUNT PROCEDURES W CC",67,20768.0
KY,417 - LAPAROSCOPIC CHOLECYSTECTOMY W/O C.D.E. W MCC,101,16513.0
KY,418 - LAPAROSCOPIC CHOLECYSTECTOMY W/O C.D.E. W CC,262,10613.0
KY,419 - LAPAROSCOPIC CHOLECYSTECTOMY W/O C.D.E. W/O CC/MCC,145,7779.0
KY,432 - CIRRHOSIS & ALCOHOLIC HEPATITIS W MCC,159,13132.0
KY,435 - MALIGNANCY OF HEPATOBILIARY SYSTEM OR PANCREAS W MCC,90,12530.0
KY,438 - DISORDERS OF PANCREAS EXCEPT MALIGNANCY W MCC,100,15354.0
KY,439 - DISORDERS OF PANCREAS EXCEPT MALIGNANCY W CC,479,6533.0
KY,440 - DISORDERS OF PANCREAS EXCEPT MALIGNANCY W/O CC/MCC,311,4874.0
KY,"441 - DISORDERS OF LIVER EXCEPT MALIG,CIRR,ALC HEPA W MCC",259,15146.0
KY,"442 - DISORDERS OF LIVER EXCEPT MALIG,CIRR,ALC HEPA W CC",324,6979.0
KY,444 - DISORDERS OF THE BILIARY TRACT W MCC,51,14907.0
KY,445 - DISORDERS OF THE BILIARY TRACT W CC,101,7959.0
KY,460 - SPINAL FUSION EXCEPT CERVICAL W/O MCC,993,25818.0
KY,"464 - WND DEBRID & SKN GRFT EXC HAND, FOR MUSCULO-CONN TISS DIS W CC",53,16504.0
KY,467 - REVISION OF HIP OR KNEE REPLACEMENT W CC,265,21760.0
KY,468 - REVISION OF HIP OR KNEE REPLACEMENT W/O CC/MCC,232,17518.0
KY,473 - CERVICAL SPINAL FUSION W/O CC/MCC,435,14310.0
KY,"493 - LOWER EXTREM & HUMER PROC EXCEPT HIP,FOOT,FEMUR W CC",346,14308.0
KY,"494 - LOWER EXTREM & HUMER PROC EXCEPT HIP,FOOT,FEMUR W/O CC/MCC",246,11087.0
KY,516 - OTHER MUSCULOSKELET SYS & CONN TISS O.R. PROC W CC,107,13622.0
KY,520 - BACK & NECK PROC EXC SPINAL FUSION W/O CC/MCC,185,8012.0
KY,536 - FRACTURES OF HIP & PELVIS W/O MCC,228,5061.0
KY,551 - MEDICAL BACK PROBLEMS W MCC,103,11779.0
KY,552 - MEDICAL BACK PROBLEMS W/O MCC,752,8172.0
KY,556 - SIGNS & SYMPTOMS OF MUSCULOSKELETAL SYSTEM & CONN TISSUE W/O MCC,83,5213.0
KY,"558 - TENDONITIS, MYOSITIS & BURSITIS W/O MCC",67,5899.0
KY,"563 - FX, SPRN, STRN & DISL EXCEPT FEMUR, HIP, PELVIS & THIGH W/O MCC",176,5556.0
KY,"580 - OTHER SKIN, SUBCUT TISS & BREAST PROC W CC",52,11071.0
KY,602 - CELLULITIS W MCC,325,9590.0
KY,603 - CELLULITIS W/O MCC,2172,5699.0
KY,"617 - AMPUTAT OF LOWER LIMB FOR ENDOCRINE,NUTRIT,& METABOL DIS W CC",129,13608.0
KY,637 - DIABETES W MCC,357,9495.0
KY,638 - DIABETES W CC,828,5668.0
KY,"640 - MISC DISORDERS OF NUTRITION,METABOLISM,FLUIDS/ELECTROLYTES W MCC",1024,7609.0
KY,644 - ENDOCRINE DISORDERS W CC,53,7376.0
KY,652 - KIDNEY TRANSPLANT,86,29631.0
KY,669 - TRANSURETHRAL PROCEDURES W CC,161,8751.0
KY,673 - OTHER KIDNEY & URINARY TRACT PROCEDURES W MCC,85,25936.0
KY,684 - RENAL FAILURE W/O CC/MCC,367,4339.0
KY,698 - OTHER KIDNEY & URINARY TRACT DIAGNOSES W MCC,516,11075.0
KY,699 - OTHER KIDNEY & URINARY TRACT DIAGNOSES W CC,292,8267.0
KY,809 - MAJOR HEMATOL/IMMUN DIAG EXC SICKLE CELL CRISIS & COAGUL W CC,163,8944.0
KY,811 - RED BLOOD CELL DISORDERS W MCC,372,8924.0
KY,812 - RED BLOOD CELL DISORDERS W/O MCC,1224,5678.0
KY,862 - POSTOPERATIVE & POST-TRAUMATIC INFECTIONS W MCC,46,22538.0
KY,863 - POSTOPERATIVE & POST-TRAUMATIC INFECTIONS W/O MCC,153,7582.0
KY,870 - SEPTICEMIA OR SEVERE SEPSIS W MV >96 HOURS,479,42373.0
KY,881 - DEPRESSIVE NEUROSES,242,4678.0
KY,882 - NEUROSES EXCEPT DEPRESSIVE,33,5266.0
KY,884 - ORGANIC DISTURBANCES & MENTAL RETARDATION,199,7088.0
KY,885 - PSYCHOSES,2535,7295.0
KY,"894 - ALCOHOL/DRUG ABUSE OR DEPENDENCE, LEFT AMA",58,3270.0
KY,897 - ALCOHOL/DRUG ABUSE OR DEPENDENCE W/O REHABILITATION THERAPY W/O MCC,654,5298.0
KY,917 - POISONING & TOXIC EFFECTS OF DRUGS W MCC,542,10036.0
KY,918 - POISONING & TOXIC EFFECTS OF DRUGS W/O MCC,318,5173.0
KY,919 - COMPLICATIONS OF TREATMENT W MCC,73,13954.0
KY,920 - COMPLICATIONS OF TREATMENT W CC,64,7897.0
KY,947 - SIGNS & SYMPTOMS W MCC,84,9293.0
KY,948 - SIGNS & SYMPTOMS W/O MCC,640,5285.0
KY,981 - EXTENSIVE O.R. PROCEDURE UNRELATED TO PRINCIPAL DIAGNOSIS W MCC,368,35376.0
KY,982 - EXTENSIVE O.R. PROCEDURE UNRELATED TO PRINCIPAL DIAGNOSIS W CC,156,19016.0
KY,987 - NON-EXTENSIVE O.R. PROC UNRELATED TO PRINCIPAL DIAGNOSIS W MCC,75,21847.0
KY,988 - NON-EXTENSIVE O.R. PROC UNRELATED TO PRINCIPAL DIAGNOSIS W CC,48,10448.0
KY,023 - CRANIO W MAJOR DEV IMPL/ACUTE COMPLEX CNS PDX W MCC OR CHEMO IMPLANT,91,40498.0
KY,027 - CRANIOTOMY & ENDOVASCULAR INTRACRANIAL PROCEDURES W/O CC/MCC,98,19575.0
KY,054 - NERVOUS SYSTEM NEOPLASMS W MCC,90,10370.0
KY,070 - NONSPECIFIC CEREBROVASCULAR DISORDERS W MCC,157,12488.0
KY,071 - NONSPECIFIC CEREBROVASCULAR DISORDERS W CC,115,7116.0
KY,"085 - TRAUMATIC STUPOR & COMA, COMA <1 HR W MCC",112,15318.0
KY,"086 - TRAUMATIC STUPOR & COMA, COMA <1 HR W CC",201,8468.0
KY,093 - OTHER DISORDERS OF NERVOUS SYSTEM W/O CC/MCC,21,5515.0
KY,203 - BRONCHITIS & ASTHMA W/O CC/MCC,94,4512.0
KY,239 - AMPUTATION FOR CIRC SYS DISORDERS EXC UPPER LIMB & TOE W MCC,56,29249.0
KY,248 - PERC CARDIOVASC PROC W NON-DRUG-ELUTING STENT W MCC OR 4+ VES/STENTS,63,20441.0
KY,331 - MAJOR SMALL & LARGE BOWEL PROCEDURES W/O CC/MCC,259,11438.0
KY,336 - PERITONEAL ADHESIOLYSIS W CC,59,18217.0
KY,355 - HERNIA PROCEDURES EXCEPT INGUINAL & FEMORAL W/O CC/MCC,54,9714.0
KY,373 - MAJOR GASTROINTESTINAL DISORDERS & PERITONEAL INFECTIONS W/O CC/MCC,59,6023.0
KY,454 - COMBINED ANTERIOR/POSTERIOR SPINAL FUSION W CC,96,54666.0
KY,459 - SPINAL FUSION EXCEPT CERVICAL W MCC,57,37945.0
KY,472 - CERVICAL SPINAL FUSION W CC,110,18411.0
KY,482 - HIP & FEMUR PROCEDURES EXCEPT MAJOR JOINT W/O CC/MCC,243,11021.0
KY,"492 - LOWER EXTREM & HUMER PROC EXCEPT HIP,FOOT,FEMUR W MCC",61,26988.0
KY,519 - BACK & NECK PROC EXC SPINAL FUSION W CC,113,10172.0
KY,543 - PATHOLOGICAL FRACTURES & MUSCULOSKELET & CONN TISS MALIG W CC,55,8876.0
KY,"605 - TRAUMA TO THE SKIN, SUBCUT TISS & BREAST W/O MCC",43,5233.0
KY,621 - O.R. PROCEDURES FOR OBESITY W/O CC/MCC,249,9917.0
KY,639 - DIABETES W/O CC/MCC,112,4707.0
KY,643 - ENDOCRINE DISORDERS W MCC,47,9591.0
KY,657 - KIDNEY & URETER PROCEDURES FOR NEOPLASM W CC,53,15238.0
KY,660 - KIDNEY & URETER PROCEDURES FOR NON-NEOPLASM W CC,52,14730.0
KY,694 - URINARY STONES W/O ESW LITHOTRIPSY W/O MCC,96,4597.0
KY,708 - MAJOR MALE PELVIC PROCEDURES W/O CC/MCC,84,8798.0
KY,743 - UTERINE & ADNEXA PROC FOR NON-MALIGNANCY W/O CC/MCC,67,8102.0
KY,775 - VAGINAL DELIVERY W/O COMPLICATING DIAGNOSES,21,4960.0
KY,847 - CHEMOTHERAPY W/O ACUTE LEUKEMIA AS SECONDARY DIAGNOSIS W CC,276,9522.0
KY,854 - INFECTIOUS & PARASITIC DISEASES W O.R. PROCEDURE W CC,116,17875.0
KY,857 - POSTOPERATIVE OR POST-TRAUMATIC INFECTIONS W O.R. PROC W CC,46,12942.0
KY,864 - FEVER,47,6932.0
KY,908 - OTHER O.R. PROCEDURES FOR INJURIES W CC,55,15289.0
KY,062 - ACUTE ISCHEMIC STROKE W USE OF THROMBOLYTIC AGENT W CC,49,13499.0
KY,"082 - TRAUMATIC STUPOR & COMA, COMA >1 HR W MCC",44,16867.0
KY,"087 - TRAUMATIC STUPOR & COMA, COMA <1 HR W/O CC/MCC",89,6775.0
KY,462 - BILATERAL OR MULTIPLE MAJOR JOINT PROCS OF LOWER EXTREMITY W/O MCC,51,21723.0
KY,895 - ALCOHOL/DRUG ABUSE OR DEPENDENCE W REHABILITATION THERAPY,85,7485.0
OH,177 - RESPIRATORY INFECTIONS & INFLAMMATIONS W MCC,3253,12257.0
OH,189 - PULMONARY EDEMA & RESPIRATORY FAILURE,5803,8410.0
OH,190 - CHRONIC OBSTRUCTIVE PULMONARY DISEASE W MCC,6738,7844.0
OH,191 - CHRONIC OBSTRUCTIVE PULMONARY DISEASE W CC,5479,6423.0
OH,193 - SIMPLE PNEUMONIA & PLEURISY W MCC,6240,9347.0
OH,194 - SIMPLE PNEUMONIA & PLEURISY W CC,5426,6554.0
OH,291 - HEART FAILURE & SHOCK W MCC,9354,9978.0
OH,292 - HEART FAILURE & SHOCK W CC,8141,6895.0
OH,309 - CARDIAC ARRHYTHMIA & CONDUCTION DISORDERS W CC,3879,5749.0
OH,310 - CARDIAC ARRHYTHMIA & CONDUCTION DISORDERS W/O CC/MCC,2904,4172.0
OH,378 - G.I. HEMORRHAGE W CC,5602,6948.0
OH,"392 - ESOPHAGITIS, GASTROENT & MISC DIGEST DISORDERS W/O MCC",6754,5444.0
OH,470 - MAJOR JOINT REPLACEMENT OR REATTACHMENT OF LOWER EXTREMITY W/O MCC,16219,13911.0
OH,638 - DIABETES W CC,1700,6271.0
OH,682 - RENAL FAILURE W MCC,4967,10314.0
OH,683 - RENAL FAILURE W CC,6180,6630.0
OH,871 - SEPTICEMIA OR SEVERE SEPSIS W/O MV 96+ HOURS W MCC,16367,12125.0
OH,202 - BRONCHITIS & ASTHMA W CC/MCC,823,6301.0
OH,308 - CARDIAC ARRHYTHMIA & CONDUCTION DISORDERS W MCC,3219,8396.0
OH,330 - MAJOR SMALL & LARGE BOWEL PROCEDURES W CC,1679,17796.0
OH,460 - SPINAL FUSION EXCEPT CERVICAL W/O MCC,2989,27031.0
OH,473 - CERVICAL SPINAL FUSION W/O CC/MCC,943,15642.0
OH,483 - MAJOR JOINT/LIMB REATTACHMENT PROCEDURE OF UPPER EXTREMITIES,1703,15611.0
OH,520 - BACK & NECK PROC EXC SPINAL FUSION W/O CC/MCC,566,8252.0
OH,603 - CELLULITIS W/O MCC,4727,5924.0
OH,"641 - MISC DISORDERS OF NUTRITION,METABOLISM,FLUIDS/ELECTROLYTES W/O MCC",3991,5124.0
OH,658 - KIDNEY & URETER PROCEDURES FOR NEOPLASM W/O CC/MCC,82,12075.0
OH,690 - KIDNEY & URINARY TRACT INFECTIONS W/O MCC,5590,5429.0
OH,708 - MAJOR MALE PELVIC PROCEDURES W/O CC/MCC,297,10499.0
OH,872 - SEPTICEMIA OR SEVERE SEPSIS W/O MV >96 HOURS W/O MCC,4123,7230.0
OH,246 - PERC CARDIOVASC PROC W DRUG-ELUTING STENT W MCC OR 4+ VESSELS/STENTS,1197,22873.0
OH,247 - PERC CARDIOVASC PROC W DRUG-ELUTING STENT W/O MCC,3317,14186.0
OH,"280 - ACUTE MYOCARDIAL INFARCTION, DISCHARGED ALIVE W MCC",2626,11441.0
OH,"287 - CIRCULATORY DISORDERS EXCEPT AMI, W CARD CATH W/O MCC",3127,8484.0
OH,293 - HEART FAILURE & SHOCK W/O CC/MCC,2081,4783.0
OH,312 - SYNCOPE & COLLAPSE,2856,5400.0
OH,313 - CHEST PAIN,1974,4763.0
OH,390 - G.I. OBSTRUCTION W/O CC/MCC,950,4561.0
OH,481 - HIP & FEMUR PROCEDURES EXCEPT MAJOR JOINT W CC,2464,12713.0
OH,689 - KIDNEY & URINARY TRACT INFECTIONS W MCC,2920,7419.0
OH,812 - RED BLOOD CELL DISORDERS W/O MCC,2309,6262.0
OH,897 - ALCOHOL/DRUG ABUSE OR DEPENDENCE W/O REHABILITATION THERAPY W/O MCC,1298,5273.0
OH,"464 - WND DEBRID & SKN GRFT EXC HAND, FOR MUSCULO-CONN TISS DIS W CC",143,21257.0
OH,467 - REVISION OF HIP OR KNEE REPLACEMENT W CC,518,23921.0
OH,468 - REVISION OF HIP OR KNEE REPLACEMENT W/O CC/MCC,417,19658.0
OH,472 - CERVICAL SPINAL FUSION W CC,345,20147.0
OH,065 - INTRACRANIAL HEMORRHAGE OR CEREBRAL INFARCTION W CC OR TPA IN 24 HRS,3503,7533.0
OH,066 - INTRACRANIAL HEMORRHAGE OR CEREBRAL INFARCTION W/O CC/MCC,1629,5474.0
OH,153 - OTITIS MEDIA & URI W/O MCC,547,5097.0
OH,176 - PULMONARY EMBOLISM W/O MCC,1068,6956.0
OH,192 - CHRONIC OBSTRUCTIVE PULMONARY DISEASE W/O CC/MCC,2553,5090.0
OH,195 - SIMPLE PNEUMONIA & PLEURISY W/O CC/MCC,1668,4850.0
OH,203 - BRONCHITIS & ASTHMA W/O CC/MCC,117,4398.0
OH,208 - RESPIRATORY SYSTEM DIAGNOSIS W VENTILATOR SUPPORT <96 HOURS,2679,15760.0
OH,"281 - ACUTE MYOCARDIAL INFARCTION, DISCHARGED ALIVE W CC",1583,7235.0
OH,"282 - ACUTE MYOCARDIAL INFARCTION, DISCHARGED ALIVE W/O CC/MCC",477,5268.0
OH,315 - OTHER CIRCULATORY SYSTEM DIAGNOSES W CC,606,7875.0
OH,389 - G.I. OBSTRUCTION W CC,1708,6487.0
OH,480 - HIP & FEMUR PROCEDURES EXCEPT MAJOR JOINT W MCC,658,19698.0
OH,482 - HIP & FEMUR PROCEDURES EXCEPT MAJOR JOINT W/O CC/MCC,374,10886.0
OH,639 - DIABETES W/O CC/MCC,115,4632.0
OH,"640 - MISC DISORDERS OF NUTRITION,METABOLISM,FLUIDS/ELECTROLYTES W MCC",2280,7934.0
OH,694 - URINARY STONES W/O ESW LITHOTRIPSY W/O MCC,219,4994.0
OH,853 - INFECTIOUS & PARASITIC DISEASES W O.R. PROCEDURE W MCC,2209,34809.0
OH,885 - PSYCHOSES,2171,7361.0
OH,948 - SIGNS & SYMPTOMS W/O MCC,1134,5498.0
OH,"004 - TRACH W MV 96+ HRS OR PDX EXC FACE, MOUTH & NECK W/O MAJ O.R.",489,67621.0
OH,057 - DEGENERATIVE NERVOUS SYSTEM DISORDERS W/O MCC,663,7957.0
OH,064 - INTRACRANIAL HEMORRHAGE OR CEREBRAL INFARCTION W MCC,2548,12772.0
OH,069 - TRANSIENT ISCHEMIA,1716,5064.0
OH,070 - NONSPECIFIC CEREBROVASCULAR DISORDERS W MCC,411,12739.0
OH,100 - SEIZURES W MCC,703,12441.0
OH,101 - SEIZURES W/O MCC,1446,6555.0
OH,178 - RESPIRATORY INFECTIONS & INFLAMMATIONS W CC,1326,8908.0
OH,207 - RESPIRATORY SYSTEM DIAGNOSIS W VENTILATOR SUPPORT 96+ HOURS,810,36882.0
OH,237 - MAJOR CARDIOVASC PROCEDURES W MCC,557,40455.0
OH,238 - MAJOR CARDIOVASC PROCEDURES W/O MCC,1179,24340.0
OH,252 - OTHER VASCULAR PROCEDURES W MCC,996,24377.0
OH,253 - OTHER VASCULAR PROCEDURES W CC,1093,18239.0
OH,300 - PERIPHERAL VASCULAR DISORDERS W CC,1073,7357.0
OH,314 - OTHER CIRCULATORY SYSTEM DIAGNOSES W MCC,1843,13770.0
OH,329 - MAJOR SMALL & LARGE BOWEL PROCEDURES W MCC,1258,34971.0
OH,372 - MAJOR GASTROINTESTINAL DISORDERS & PERITONEAL INFECTIONS W CC,905,8000.0
OH,377 - G.I. HEMORRHAGE W MCC,2252,12150.0
OH,379 - G.I. HEMORRHAGE W/O CC/MCC,573,4876.0
OH,388 - G.I. OBSTRUCTION W MCC,385,11681.0
OH,"391 - ESOPHAGITIS, GASTROENT & MISC DIGEST DISORDERS W MCC",1456,8794.0
OH,394 - OTHER DIGESTIVE SYSTEM DIAGNOSES W CC,1346,7089.0
OH,418 - LAPAROSCOPIC CHOLECYSTECTOMY W/O C.D.E. W CC,412,10937.0
OH,438 - DISORDERS OF PANCREAS EXCEPT MALIGNANCY W MCC,273,14656.0
OH,552 - MEDICAL BACK PROBLEMS W/O MCC,2005,6362.0
OH,"563 - FX, SPRN, STRN & DISL EXCEPT FEMUR, HIP, PELVIS & THIGH W/O MCC",626,5710.0
OH,602 - CELLULITIS W MCC,752,9875.0
OH,637 - DIABETES W MCC,690,10405.0
OH,698 - OTHER KIDNEY & URINARY TRACT DIAGNOSES W MCC,1497,11057.0
OH,699 - OTHER KIDNEY & URINARY TRACT DIAGNOSES W CC,1019,7944.0
OH,870 - SEPTICEMIA OR SEVERE SEPSIS W MV >96 HOURS,1032,38842.0
OH,884 - ORGANIC DISTURBANCES & MENTAL RETARDATION,259,7658.0
OH,917 - POISONING & TOXIC EFFECTS OF DRUGS W MCC,777,10599.0
OH,039 - EXTRACRANIAL PROCEDURES W/O CC/MCC,760,7487.0
OH,103 - HEADACHES W/O MCC,166,6191.0
OH,163 - MAJOR CHEST PROCEDURES W MCC,274,34087.0
OH,164 - MAJOR CHEST PROCEDURES W CC,387,19811.0
OH,233 - CORONARY BYPASS W CARDIAC CATH W MCC,410,46228.0
OH,234 - CORONARY BYPASS W CARDIAC CATH W/O MCC,533,33204.0
OH,243 - PERMANENT CARDIAC PACEMAKER IMPLANT W CC,726,17534.0
OH,244 - PERMANENT CARDIAC PACEMAKER IMPLANT W/O CC/MCC,372,14070.0
OH,249 - PERC CARDIOVASC PROC W NON-DRUG-ELUTING STENT W/O MCC,326,13401.0
OH,"286 - CIRCULATORY DISORDERS EXCEPT AMI, W CARD CATH W MCC",1121,17175.0
OH,439 - DISORDERS OF PANCREAS EXCEPT MALIGNANCY W CC,595,7020.0
OH,440 - DISORDERS OF PANCREAS EXCEPT MALIGNANCY W/O CC/MCC,214,4796.0
OH,621 - O.R. PROCEDURES FOR OBESITY W/O CC/MCC,436,11274.0
OH,684 - RENAL FAILURE W/O CC/MCC,608,4644.0
OH,809 - MAJOR HEMATOL/IMMUN DIAG EXC SICKLE CELL CRISIS & COAGUL W CC,230,9392.0
OH,981 - EXTENSIVE O.R. PROCEDURE UNRELATED TO PRINCIPAL DIAGNOSIS W MCC,480,34419.0
OH,"003 - ECMO OR TRACH W MV >96 HRS OR PDX EXC FACE, MOUTH & NECK W MAJ O.R.",501,126288.0
OH,023 - CRANIO W MAJOR DEV IMPL/ACUTE COMPLEX CNS PDX W MCC OR CHEMO IMPLANT,210,43230.0
OH,024 - CRANIO W MAJOR DEV IMPL/ACUTE COMPLEX CNS PDX W/O MCC,52,26382.0
OH,025 - CRANIOTOMY & ENDOVASCULAR INTRACRANIAL PROCEDURES W MCC,557,33416.0
OH,026 - CRANIOTOMY & ENDOVASCULAR INTRACRANIAL PROCEDURES W CC,171,25340.0
OH,027 - CRANIOTOMY & ENDOVASCULAR INTRACRANIAL PROCEDURES W/O CC/MCC,250,18546.0
OH,038 - EXTRACRANIAL PROCEDURES W CC,108,11588.0
OH,040 - PERIPH/CRANIAL NERVE & OTHER NERV SYST PROC W MCC,74,27944.0
OH,041 - PERIPH/CRANIAL NERVE & OTHER NERV SYST PROC W CC OR PERIPH NEUROSTIM,142,15508.0
OH,056 - DEGENERATIVE NERVOUS SYSTEM DISORDERS W MCC,144,14217.0
OH,062 - ACUTE ISCHEMIC STROKE W USE OF THROMBOLYTIC AGENT W CC,64,14083.0
OH,071 - NONSPECIFIC CEREBROVASCULAR DISORDERS W CC,358,7378.0
OH,074 - CRANIAL & PERIPHERAL NERVE DISORDERS W/O MCC,562,7127.0
OH,"085 - TRAUMATIC STUPOR & COMA, COMA <1 HR W MCC",324,14935.0
OH,091 - OTHER DISORDERS OF NERVOUS SYSTEM W MCC,139,12776.0
OH,092 - OTHER DISORDERS OF NERVOUS SYSTEM W CC,361,7443.0
OH,149 - DYSEQUILIBRIUM,327,4798.0
OH,166 - OTHER RESP SYSTEM O.R. PROCEDURES W MCC,469,25597.0
OH,175 - PULMONARY EMBOLISM W MCC,512,10909.0
OH,186 - PLEURAL EFFUSION W MCC,121,12168.0
OH,204 - RESPIRATORY SIGNS & SYMPTOMS,175,6663.0
OH,206 - OTHER RESPIRATORY SYSTEM DIAGNOSES W/O MCC,146,7497.0
OH,216 - CARDIAC VALVE & OTH MAJ CARDIOTHORACIC PROC W CARD CATH W MCC,241,75805.0
OH,219 - CARDIAC VALVE & OTH MAJ CARDIOTHORACIC PROC W/O CARD CATH W MCC,625,62049.0
OH,220 - CARDIAC VALVE & OTH MAJ CARDIOTHORACIC PROC W/O CARD CATH W CC,818,39673.0
OH,227 - CARDIAC DEFIBRILLATOR IMPLANT W/O CARDIAC CATH W/O MCC,144,38085.0
OH,235 - CORONARY BYPASS W/O CARDIAC CATH W MCC,228,43899.0
OH,239 - AMPUTATION FOR CIRC SYS DISORDERS EXC UPPER LIMB & TOE W MCC,95,36713.0
OH,242 - PERMANENT CARDIAC PACEMAKER IMPLANT W MCC,401,25324.0
OH,248 - PERC CARDIOVASC PROC W NON-DRUG-ELUTING STENT W MCC OR 4+ VES/STENTS,104,21564.0
OH,250 - PERC CARDIOVASC PROC W/O CORONARY ARTERY STENT W MCC,204,25463.0
OH,251 - PERC CARDIOVASC PROC W/O CORONARY ARTERY STENT W/O MCC,718,16450.0
OH,254 - OTHER VASCULAR PROCEDURES W/O CC/MCC,245,12743.0
OH,260 - CARDIAC PACEMAKER REVISION EXCEPT DEVICE REPLACEMENT W MCC,33,34643.0
OH,264 - OTHER CIRCULATORY SYSTEM O.R. PROCEDURES,239,20498.0
OH,266 - ENDOVASCULAR CARDIAC VALVE REPLACEMENT W MCC,273,61236.0
OH,267 - ENDOVASCULAR CARDIAC VALVE REPLACEMENT W/O MCC,398,44927.0
OH,"283 - ACUTE MYOCARDIAL INFARCTION, EXPIRED W MCC",69,16198.0
OH,303 - ATHEROSCLEROSIS W/O MCC,208,5222.0
OH,305 - HYPERTENSION W/O MCC,516,5033.0
OH,"326 - STOMACH, ESOPHAGEAL & DUODENAL PROC W MCC",186,41292.0
OH,"327 - STOMACH, ESOPHAGEAL & DUODENAL PROC W CC",162,21600.0
OH,"328 - STOMACH, ESOPHAGEAL & DUODENAL PROC W/O CC/MCC",165,12507.0
OH,331 - MAJOR SMALL & LARGE BOWEL PROCEDURES W/O CC/MCC,408,12171.0
OH,335 - PERITONEAL ADHESIOLYSIS W MCC,75,33200.0
OH,336 - PERITONEAL ADHESIOLYSIS W CC,146,17861.0
OH,354 - HERNIA PROCEDURES EXCEPT INGUINAL & FEMORAL W CC,76,13670.0
OH,356 - OTHER DIGESTIVE SYSTEM O.R. PROCEDURES W MCC,64,37726.0
OH,371 - MAJOR GASTROINTESTINAL DISORDERS & PERITONEAL INFECTIONS W MCC,418,12578.0
OH,386 - INFLAMMATORY BOWEL DISEASE W CC,80,8050.0
OH,393 - OTHER DIGESTIVE SYSTEM DIAGNOSES W MCC,473,14337.0
OH,395 - OTHER DIGESTIVE SYSTEM DIAGNOSES W/O CC/MCC,138,4882.0
OH,417 - LAPAROSCOPIC CHOLECYSTECTOMY W/O C.D.E. W MCC,146,16389.0
OH,432 - CIRRHOSIS & ALCOHOLIC HEPATITIS W MCC,187,14686.0
OH,433 - CIRRHOSIS & ALCOHOLIC HEPATITIS W CC,57,7937.0
OH,"441 - DISORDERS OF LIVER EXCEPT MALIG,CIRR,ALC HEPA W MCC",441,15663.0
OH,"442 - DISORDERS OF LIVER EXCEPT MALIG,CIRR,ALC HEPA W CC",348,7628.0
OH,444 - DISORDERS OF THE BILIARY TRACT W MCC,193,11777.0
OH,445 - DISORDERS OF THE BILIARY TRACT W CC,375,7774.0
OH,"463 - WND DEBRID & SKN GRFT EXC HAND, FOR MUSCULO-CONN TISS DIS W MCC",58,38364.0
OH,469 - MAJOR JOINT REPLACEMENT OR REATTACHMENT OF LOWER EXTREMITY W MCC,561,20438.0
OH,"493 - LOWER EXTREM & HUMER PROC EXCEPT HIP,FOOT,FEMUR W CC",370,15046.0
OH,516 - OTHER MUSCULOSKELET SYS & CONN TISS O.R. PROC W CC,105,14485.0
OH,551 - MEDICAL BACK PROBLEMS W MCC,260,10965.0
OH,554 - BONE DISEASES & ARTHROPATHIES W/O MCC,162,5907.0
OH,556 - SIGNS & SYMPTOMS OF MUSCULOSKELETAL SYSTEM & CONN TISSUE W/O MCC,219,6441.0
OH,"605 - TRAUMA TO THE SKIN, SUBCUT TISS & BREAST W/O MCC",165,6183.0
OH,607 - MINOR SKIN DISORDERS W/O MCC,44,7371.0
OH,"617 - AMPUTAT OF LOWER LIMB FOR ENDOCRINE,NUTRIT,& METABOL DIS W CC",95,15950.0
OH,620 - O.R. PROCEDURES FOR OBESITY W CC,74,14732.0
OH,644 - ENDOCRINE DISORDERS W CC,131,7954.0
OH,652 - KIDNEY TRANSPLANT,339,35529.0
OH,659 - KIDNEY & URETER PROCEDURES FOR NON-NEOPLASM W MCC,66,30009.0
OH,660 - KIDNEY & URETER PROCEDURES FOR NON-NEOPLASM W CC,145,16364.0
OH,811 - RED BLOOD CELL DISORDERS W MCC,807,9330.0
OH,854 - INFECTIOUS & PARASITIC DISEASES W O.R. PROCEDURE W CC,155,15937.0
OH,857 - POSTOPERATIVE OR POST-TRAUMATIC INFECTIONS W O.R. PROC W CC,54,16421.0
OH,862 - POSTOPERATIVE & POST-TRAUMATIC INFECTIONS W MCC,134,15417.0
OH,863 - POSTOPERATIVE & POST-TRAUMATIC INFECTIONS W/O MCC,277,8162.0
OH,880 - ACUTE ADJUSTMENT REACTION & PSYCHOSOCIAL DYSFUNCTION,52,6062.0
OH,895 - ALCOHOL/DRUG ABUSE OR DEPENDENCE W REHABILITATION THERAPY,308,10827.0
OH,896 - ALCOHOL/DRUG ABUSE OR DEPENDENCE W/O REHABILITATION THERAPY W MCC,75,13142.0
OH,907 - OTHER O.R. PROCEDURES FOR INJURIES W MCC,105,39117.0
OH,908 - OTHER O.R. PROCEDURES FOR INJURIES W CC,86,17267.0
OH,918 - POISONING & TOXIC EFFECTS OF DRUGS W/O MCC,579,5159.0
OH,919 - COMPLICATIONS OF TREATMENT W MCC,213,14180.0
OH,920 - COMPLICATIONS OF TREATMENT W CC,206,8066.0
OH,974 - HIV W MAJOR RELATED CONDITION W MCC,33,24196.0
OH,982 - EXTENSIVE O.R. PROCEDURE UNRELATED TO PRINCIPAL DIAGNOSIS W CC,174,20242.0
OH,987 - NON-EXTENSIVE O.R. PROC UNRELATED TO PRINCIPAL DIAGNOSIS W MCC,43,31820.0
OH,036 - CAROTID ARTERY STENT PROCEDURE W/O CC/MCC,53,11812.0
OH,054 - NERVOUS SYSTEM NEOPLASMS W MCC,264,10613.0
OH,055 - NERVOUS SYSTEM NEOPLASMS W/O MCC,52,8561.0
OH,073 - CRANIAL & PERIPHERAL NERVE DISORDERS W MCC,61,9374.0
OH,"082 - TRAUMATIC STUPOR & COMA, COMA >1 HR W MCC",54,16019.0
OH,"083 - TRAUMATIC STUPOR & COMA, COMA >1 HR W CC",69,10457.0
OH,"086 - TRAUMATIC STUPOR & COMA, COMA <1 HR W CC",515,8864.0
OH,"087 - TRAUMATIC STUPOR & COMA, COMA <1 HR W/O CC/MCC",361,6246.0
OH,093 - OTHER DISORDERS OF NERVOUS SYSTEM W/O CC/MCC,65,5480.0
OH,152 - OTITIS MEDIA & URI W MCC,79,7090.0
OH,180 - RESPIRATORY NEOPLASMS W MCC,420,11803.0
OH,181 - RESPIRATORY NEOPLASMS W CC,144,9587.0
OH,184 - MAJOR CHEST TRAUMA W CC,106,8475.0
OH,187 - PLEURAL EFFUSION W CC,44,8908.0
OH,200 - PNEUMOTHORAX W CC,76,8965.0
OH,236 - CORONARY BYPASS W/O CARDIAC CATH W/O MCC,449,28228.0
OH,299 - PERIPHERAL VASCULAR DISORDERS W MCC,427,10257.0
OH,301 - PERIPHERAL VASCULAR DISORDERS W/O CC/MCC,179,5481.0
OH,355 - HERNIA PROCEDURES EXCEPT INGUINAL & FEMORAL W/O CC/MCC,56,10500.0
OH,374 - DIGESTIVE MALIGNANCY W MCC,96,16290.0
OH,375 - DIGESTIVE MALIGNANCY W CC,157,9414.0
OH,"405 - PANCREAS, LIVER & SHUNT PROCEDURES W MCC",78,43693.0
OH,"406 - PANCREAS, LIVER & SHUNT PROCEDURES W CC",115,27006.0
OH,419 - LAPAROSCOPIC CHOLECYSTECTOMY W/O C.D.E. W/O CC/MCC,138,8192.0
OH,435 - MALIGNANCY OF HEPATOBILIARY SYSTEM OR PANCREAS W MCC,185,13892.0
OH,436 - MALIGNANCY OF HEPATOBILIARY SYSTEM OR PANCREAS W CC,80,9169.0
OH,446 - DISORDERS OF THE BILIARY TRACT W/O CC/MCC,51,5640.0
OH,"494 - LOWER EXTREM & HUMER PROC EXCEPT HIP,FOOT,FEMUR W/O CC/MCC",225,11274.0
OH,519 - BACK & NECK PROC EXC SPINAL FUSION W CC,311,11981.0
OH,536 - FRACTURES OF HIP & PELVIS W/O MCC,469,4992.0
OH,543 - PATHOLOGICAL FRACTURES & MUSCULOSKELET & CONN TISS MALIG W CC,150,8708.0
OH,"558 - TENDONITIS, MYOSITIS & BURSITIS W/O MCC",209,5390.0
OH,657 - KIDNEY & URETER PROCEDURES FOR NEOPLASM W CC,161,16000.0
OH,669 - TRANSURETHRAL PROCEDURES W CC,246,9093.0
OH,696 - KIDNEY & URINARY TRACT SIGNS & SYMPTOMS W/O MCC,49,4514.0
OH,742 - UTERINE & ADNEXA PROC FOR NON-MALIGNANCY W CC/MCC,52,12517.0
OH,743 - UTERINE & ADNEXA PROC FOR NON-MALIGNANCY W/O CC/MCC,113,9152.0
OH,808 - MAJOR HEMATOL/IMMUN DIAG EXC SICKLE CELL CRISIS & COAGUL W MCC,94,19204.0
OH,840 - LYMPHOMA & NON-ACUTE LEUKEMIA W MCC,73,24746.0
OH,847 - CHEMOTHERAPY W/O ACUTE LEUKEMIA AS SECONDARY DIAGNOSIS W CC,245,9289.0
OH,864 - FEVER,81,7932.0
OH,165 - MAJOR CHEST PROCEDURES W/O CC/MCC,112,15136.0
OH,167 - OTHER RESP SYSTEM O.R. PROCEDURES W CC,162,15165.0
OH,673 - OTHER KIDNEY & URINARY TRACT PROCEDURES W MCC,72,26558.0
OH,462 - BILATERAL OR MULTIPLE MAJOR JOINT PROCS OF LOWER EXTREMITY W/O MCC,130,22868.0
OH,881 - DEPRESSIVE NEUROSES,100,4455.0
OH,"894 - ALCOHOL/DRUG ABUSE OR DEPENDENCE, LEFT AMA",49,4963.0
OH,"011 - TRACHEOSTOMY FOR FACE,MOUTH & NECK DIAGNOSES W MCC",60,41843.0
OH,654 - MAJOR BLADDER PROCEDURES W CC,75,24783.0
OH,841 - LYMPHOMA & NON-ACUTE LEUKEMIA W CC,61,12025.0
OH,947 - SIGNS & SYMPTOMS W MCC,147,10081.0
OH,179 - RESPIRATORY INFECTIONS & INFLAMMATIONS W/O CC/MCC,44,5872.0
OH,707 - MAJOR MALE PELVIC PROCEDURES W CC/MCC,81,13405.0
OH,032 - VENTRICULAR SHUNT PROCEDURES W CC,21,17891.0
OH,217 - CARDIAC VALVE & OTH MAJ CARDIOTHORACIC PROC W CARD CATH W CC,136,46748.0
OH,345 - MINOR SMALL & LARGE BOWEL PROCEDURES W CC,43,14015.0
OH,656 - KIDNEY & URETER PROCEDURES FOR NEOPLASM W MCC,21,32337.0
OH,846 - CHEMOTHERAPY W/O ACUTE LEUKEMIA AS SECONDARY DIAGNOSIS W MCC,51,20977.0
IN,064 - INTRACRANIAL HEMORRHAGE OR CEREBRAL INFARCTION W MCC,1738,12000.0
IN,065 - INTRACRANIAL HEMORRHAGE OR CEREBRAL INFARCTION W CC OR TPA IN 24 HRS,2710,7041.0
IN,066 - INTRACRANIAL HEMORRHAGE OR CEREBRAL INFARCTION W/O CC/MCC,1256,5320.0
IN,069 - TRANSIENT ISCHEMIA,1335,4866.0
IN,176 - PULMONARY EMBOLISM W/O MCC,780,6530.0
IN,177 - RESPIRATORY INFECTIONS & INFLAMMATIONS W MCC,1870,12084.0
IN,189 - PULMONARY EDEMA & RESPIRATORY FAILURE,4525,8261.0
IN,190 - CHRONIC OBSTRUCTIVE PULMONARY DISEASE W MCC,4554,7626.0
IN,191 - CHRONIC OBSTRUCTIVE PULMONARY DISEASE W CC,3474,6306.0
IN,192 - CHRONIC OBSTRUCTIVE PULMONARY DISEASE W/O CC/MCC,1684,4967.0
IN,193 - SIMPLE PNEUMONIA & PLEURISY W MCC,4675,9183.0
IN,194 - SIMPLE PNEUMONIA & PLEURISY W CC,3698,6406.0
IN,195 - SIMPLE PNEUMONIA & PLEURISY W/O CC/MCC,1276,4771.0
IN,202 - BRONCHITIS & ASTHMA W CC/MCC,518,6032.0
IN,208 - RESPIRATORY SYSTEM DIAGNOSIS W VENTILATOR SUPPORT <96 HOURS,1930,15236.0
IN,247 - PERC CARDIOVASC PROC W DRUG-ELUTING STENT W/O MCC,2536,14132.0
IN,"280 - ACUTE MYOCARDIAL INFARCTION, DISCHARGED ALIVE W MCC",1702,11115.0
IN,"281 - ACUTE MYOCARDIAL INFARCTION, DISCHARGED ALIVE W CC",865,7167.0
IN,"286 - CIRCULATORY DISORDERS EXCEPT AMI, W CARD CATH W MCC",660,14361.0
IN,"287 - CIRCULATORY DISORDERS EXCEPT AMI, W CARD CATH W/O MCC",2228,7497.0
IN,291 - HEART FAILURE & SHOCK W MCC,6119,9643.0
IN,292 - HEART FAILURE & SHOCK W CC,4826,6586.0
IN,293 - HEART FAILURE & SHOCK W/O CC/MCC,1445,4674.0
IN,308 - CARDIAC ARRHYTHMIA & CONDUCTION DISORDERS W MCC,2027,8040.0
IN,309 - CARDIAC ARRHYTHMIA & CONDUCTION DISORDERS W CC,2375,5319.0
IN,310 - CARDIAC ARRHYTHMIA & CONDUCTION DISORDERS W/O CC/MCC,2054,3822.0
IN,312 - SYNCOPE & COLLAPSE,1803,5226.0
IN,313 - CHEST PAIN,1034,4449.0
IN,314 - OTHER CIRCULATORY SYSTEM DIAGNOSES W MCC,1004,12886.0
IN,377 - G.I. HEMORRHAGE W MCC,1525,12026.0
IN,378 - G.I. HEMORRHAGE W CC,3464,6724.0
IN,389 - G.I. OBSTRUCTION W CC,1215,6015.0
IN,"392 - ESOPHAGITIS, GASTROENT & MISC DIGEST DISORDERS W/O MCC",4362,5226.0
IN,460 - SPINAL FUSION EXCEPT CERVICAL W/O MCC,2057,28970.0
IN,469 - MAJOR JOINT REPLACEMENT OR REATTACHMENT OF LOWER EXTREMITY W MCC,538,20301.0
IN,470 - MAJOR JOINT REPLACEMENT OR REATTACHMENT OF LOWER EXTREMITY W/O MCC,12246,13768.0
IN,473 - CERVICAL SPINAL FUSION W/O CC/MCC,703,14887.0
IN,481 - HIP & FEMUR PROCEDURES EXCEPT MAJOR JOINT W CC,1957,12404.0
IN,603 - CELLULITIS W/O MCC,3094,5738.0
IN,638 - DIABETES W CC,1112,5908.0
IN,"640 - MISC DISORDERS OF NUTRITION,METABOLISM,FLUIDS/ELECTROLYTES W MCC",1643,7768.0
IN,"641 - MISC DISORDERS OF NUTRITION,METABOLISM,FLUIDS/ELECTROLYTES W/O MCC",2679,4890.0
IN,682 - RENAL FAILURE W MCC,3317,10314.0
IN,683 - RENAL FAILURE W CC,4179,6440.0
IN,689 - KIDNEY & URINARY TRACT INFECTIONS W MCC,2093,7137.0
IN,690 - KIDNEY & URINARY TRACT INFECTIONS W/O MCC,3747,5253.0
IN,698 - OTHER KIDNEY & URINARY TRACT DIAGNOSES W MCC,1024,10396.0
IN,812 - RED BLOOD CELL DISORDERS W/O MCC,1403,5788.0
IN,853 - INFECTIOUS & PARASITIC DISEASES W O.R. PROCEDURE W MCC,1702,35105.0
IN,871 - SEPTICEMIA OR SEVERE SEPSIS W/O MV 96+ HOURS W MCC,13550,11697.0
IN,872 - SEPTICEMIA OR SEVERE SEPSIS W/O MV >96 HOURS W/O MCC,3428,7119.0
IN,917 - POISONING & TOXIC EFFECTS OF DRUGS W MCC,699,10316.0
IN,948 - SIGNS & SYMPTOMS W/O MCC,596,5179.0
IN,178 - RESPIRATORY INFECTIONS & INFLAMMATIONS W CC,627,8649.0
IN,379 - G.I. HEMORRHAGE W/O CC/MCC,312,4806.0
IN,390 - G.I. OBSTRUCTION W/O CC/MCC,632,4380.0
IN,"391 - ESOPHAGITIS, GASTROENT & MISC DIGEST DISORDERS W MCC",1029,8514.0
IN,394 - OTHER DIGESTIVE SYSTEM DIAGNOSES W CC,867,6636.0
IN,482 - HIP & FEMUR PROCEDURES EXCEPT MAJOR JOINT W/O CC/MCC,501,10362.0
IN,552 - MEDICAL BACK PROBLEMS W/O MCC,1017,5959.0
IN,602 - CELLULITIS W MCC,563,9510.0
IN,639 - DIABETES W/O CC/MCC,131,4475.0
IN,684 - RENAL FAILURE W/O CC/MCC,458,4378.0
IN,885 - PSYCHOSES,2338,7326.0
IN,897 - ALCOHOL/DRUG ABUSE OR DEPENDENCE W/O REHABILITATION THERAPY W/O MCC,539,4908.0
IN,918 - POISONING & TOXIC EFFECTS OF DRUGS W/O MCC,345,4992.0
IN,"327 - STOMACH, ESOPHAGEAL & DUODENAL PROC W CC",134,21605.0
IN,"328 - STOMACH, ESOPHAGEAL & DUODENAL PROC W/O CC/MCC",91,12145.0
IN,330 - MAJOR SMALL & LARGE BOWEL PROCEDURES W CC,1044,16711.0
IN,331 - MAJOR SMALL & LARGE BOWEL PROCEDURES W/O CC/MCC,403,11401.0
IN,483 - MAJOR JOINT/LIMB REATTACHMENT PROCEDURE OF UPPER EXTREMITIES,1148,15647.0
IN,520 - BACK & NECK PROC EXC SPINAL FUSION W/O CC/MCC,306,7673.0
IN,620 - O.R. PROCEDURES FOR OBESITY W CC,69,11674.0
IN,621 - O.R. PROCEDURES FOR OBESITY W/O CC/MCC,168,9928.0
IN,329 - MAJOR SMALL & LARGE BOWEL PROCEDURES W MCC,802,33765.0
IN,708 - MAJOR MALE PELVIC PROCEDURES W/O CC/MCC,215,10588.0
IN,536 - FRACTURES OF HIP & PELVIS W/O MCC,354,4700.0
IN,468 - REVISION OF HIP OR KNEE REPLACEMENT W/O CC/MCC,269,18144.0
IN,870 - SEPTICEMIA OR SEVERE SEPSIS W MV >96 HOURS,829,38727.0
IN,207 - RESPIRATORY SYSTEM DIAGNOSIS W VENTILATOR SUPPORT 96+ HOURS,622,34164.0
IN,372 - MAJOR GASTROINTESTINAL DISORDERS & PERITONEAL INFECTIONS W CC,647,7736.0
IN,699 - OTHER KIDNEY & URINARY TRACT DIAGNOSES W CC,613,7809.0
IN,091 - OTHER DISORDERS OF NERVOUS SYSTEM W MCC,242,11315.0
IN,092 - OTHER DISORDERS OF NERVOUS SYSTEM W CC,380,6333.0
IN,439 - DISORDERS OF PANCREAS EXCEPT MALIGNANCY W CC,595,6562.0
IN,467 - REVISION OF HIP OR KNEE REPLACEMENT W CC,297,24772.0
IN,462 - BILATERAL OR MULTIPLE MAJOR JOINT PROCS OF LOWER EXTREMITY W/O MCC,184,23304.0
IN,"464 - WND DEBRID & SKN GRFT EXC HAND, FOR MUSCULO-CONN TISS DIS W CC",63,26740.0
IN,025 - CRANIOTOMY & ENDOVASCULAR INTRACRANIAL PROCEDURES W MCC,216,31849.0
IN,070 - NONSPECIFIC CEREBROVASCULAR DISORDERS W MCC,276,12239.0
IN,071 - NONSPECIFIC CEREBROVASCULAR DISORDERS W CC,282,7261.0
IN,100 - SEIZURES W MCC,524,10842.0
IN,101 - SEIZURES W/O MCC,813,5787.0
IN,180 - RESPIRATORY NEOPLASMS W MCC,353,13213.0
IN,252 - OTHER VASCULAR PROCEDURES W MCC,629,23400.0
IN,300 - PERIPHERAL VASCULAR DISORDERS W CC,629,6824.0
IN,438 - DISORDERS OF PANCREAS EXCEPT MALIGNANCY W MCC,148,14384.0
IN,"441 - DISORDERS OF LIVER EXCEPT MALIG,CIRR,ALC HEPA W MCC",409,17963.0
IN,"442 - DISORDERS OF LIVER EXCEPT MALIG,CIRR,ALC HEPA W CC",308,7165.0
IN,480 - HIP & FEMUR PROCEDURES EXCEPT MAJOR JOINT W MCC,543,19002.0
IN,637 - DIABETES W MCC,479,9502.0
IN,"003 - ECMO OR TRACH W MV >96 HRS OR PDX EXC FACE, MOUTH & NECK W MAJ O.R.",229,126579.0
IN,"004 - TRACH W MV 96+ HRS OR PDX EXC FACE, MOUTH & NECK W/O MAJ O.R.",263,65021.0
IN,016 - AUTOLOGOUS BONE MARROW TRANSPLANT W CC/MCC,43,54698.0
IN,023 - CRANIO W MAJOR DEV IMPL/ACUTE COMPLEX CNS PDX W MCC OR CHEMO IMPLANT,49,42847.0
IN,026 - CRANIOTOMY & ENDOVASCULAR INTRACRANIAL PROCEDURES W CC,61,25942.0
IN,027 - CRANIOTOMY & ENDOVASCULAR INTRACRANIAL PROCEDURES W/O CC/MCC,67,22764.0
IN,039 - EXTRACRANIAL PROCEDURES W/O CC/MCC,826,7136.0
IN,041 - PERIPH/CRANIAL NERVE & OTHER NERV SYST PROC W CC OR PERIPH NEUROSTIM,55,14594.0
IN,054 - NERVOUS SYSTEM NEOPLASMS W MCC,183,9473.0
IN,056 - DEGENERATIVE NERVOUS SYSTEM DISORDERS W MCC,80,13266.0
IN,057 - DEGENERATIVE NERVOUS SYSTEM DISORDERS W/O MCC,384,6754.0
IN,073 - CRANIAL & PERIPHERAL NERVE DISORDERS W MCC,111,10600.0
IN,074 - CRANIAL & PERIPHERAL NERVE DISORDERS W/O MCC,376,6526.0
IN,"085 - TRAUMATIC STUPOR & COMA, COMA <1 HR W MCC",162,15393.0
IN,"086 - TRAUMATIC STUPOR & COMA, COMA <1 HR W CC",241,8298.0
IN,"087 - TRAUMATIC STUPOR & COMA, COMA <1 HR W/O CC/MCC",187,6122.0
IN,093 - OTHER DISORDERS OF NERVOUS SYSTEM W/O CC/MCC,57,5665.0
IN,149 - DYSEQUILIBRIUM,263,4498.0
IN,152 - OTITIS MEDIA & URI W MCC,79,7250.0
IN,153 - OTITIS MEDIA & URI W/O MCC,272,4793.0
IN,163 - MAJOR CHEST PROCEDURES W MCC,135,37023.0
IN,164 - MAJOR CHEST PROCEDURES W CC,210,18409.0
IN,165 - MAJOR CHEST PROCEDURES W/O CC/MCC,129,15898.0
IN,166 - OTHER RESP SYSTEM O.R. PROCEDURES W MCC,356,24784.0
IN,167 - OTHER RESP SYSTEM O.R. PROCEDURES W CC,103,13812.0
IN,175 - PULMONARY EMBOLISM W MCC,376,10053.0
IN,181 - RESPIRATORY NEOPLASMS W CC,139,8223.0
IN,184 - MAJOR CHEST TRAUMA W CC,74,8446.0
IN,186 - PLEURAL EFFUSION W MCC,92,10626.0
IN,206 - OTHER RESPIRATORY SYSTEM DIAGNOSES W/O MCC,116,6825.0
IN,216 - CARDIAC VALVE & OTH MAJ CARDIOTHORACIC PROC W CARD CATH W MCC,65,65573.0
IN,219 - CARDIAC VALVE & OTH MAJ CARDIOTHORACIC PROC W/O CARD CATH W MCC,350,52709.0
IN,220 - CARDIAC VALVE & OTH MAJ CARDIOTHORACIC PROC W/O CARD CATH W CC,411,34776.0
IN,235 - CORONARY BYPASS W/O CARDIAC CATH W MCC,102,45355.0
IN,236 - CORONARY BYPASS W/O CARDIAC CATH W/O MCC,474,25330.0
IN,237 - MAJOR CARDIOVASC PROCEDURES W MCC,368,38786.0
IN,238 - MAJOR CARDIOVASC PROCEDURES W/O MCC,823,24918.0
IN,239 - AMPUTATION FOR CIRC SYS DISORDERS EXC UPPER LIMB & TOE W MCC,94,30860.0
IN,242 - PERMANENT CARDIAC PACEMAKER IMPLANT W MCC,284,23936.0
IN,243 - PERMANENT CARDIAC PACEMAKER IMPLANT W CC,521,16886.0
IN,244 - PERMANENT CARDIAC PACEMAKER IMPLANT W/O CC/MCC,435,13737.0
IN,246 - PERC CARDIOVASC PROC W DRUG-ELUTING STENT W MCC OR 4+ VESSELS/STENTS,856,21473.0
IN,248 - PERC CARDIOVASC PROC W NON-DRUG-ELUTING STENT W MCC OR 4+ VES/STENTS,116,22253.0
IN,249 - PERC CARDIOVASC PROC W NON-DRUG-ELUTING STENT W/O MCC,259,12097.0
IN,250 - PERC CARDIOVASC PROC W/O CORONARY ARTERY STENT W MCC,106,21110.0
IN,251 - PERC CARDIOVASC PROC W/O CORONARY ARTERY STENT W/O MCC,447,14737.0
IN,253 - OTHER VASCULAR PROCEDURES W CC,822,18109.0
IN,254 - OTHER VASCULAR PROCEDURES W/O CC/MCC,247,12290.0
IN,264 - OTHER CIRCULATORY SYSTEM O.R. PROCEDURES,224,19474.0
IN,266 - ENDOVASCULAR CARDIAC VALVE REPLACEMENT W MCC,111,55527.0
IN,267 - ENDOVASCULAR CARDIAC VALVE REPLACEMENT W/O MCC,168,40693.0
IN,"282 - ACUTE MYOCARDIAL INFARCTION, DISCHARGED ALIVE W/O CC/MCC",350,5098.0
IN,299 - PERIPHERAL VASCULAR DISORDERS W MCC,233,10138.0
IN,301 - PERIPHERAL VASCULAR DISORDERS W/O CC/MCC,128,4949.0
IN,303 - ATHEROSCLEROSIS W/O MCC,216,4429.0
IN,305 - HYPERTENSION W/O MCC,360,4554.0
IN,315 - OTHER CIRCULATORY SYSTEM DIAGNOSES W CC,363,7018.0
IN,"326 - STOMACH, ESOPHAGEAL & DUODENAL PROC W MCC",98,41615.0
IN,336 - PERITONEAL ADHESIOLYSIS W CC,103,17178.0
IN,354 - HERNIA PROCEDURES EXCEPT INGUINAL & FEMORAL W CC,69,15252.0
IN,355 - HERNIA PROCEDURES EXCEPT INGUINAL & FEMORAL W/O CC/MCC,62,9920.0
IN,371 - MAJOR GASTROINTESTINAL DISORDERS & PERITONEAL INFECTIONS W MCC,417,12918.0
IN,374 - DIGESTIVE MALIGNANCY W MCC,54,14221.0
IN,375 - DIGESTIVE MALIGNANCY W CC,113,9136.0
IN,386 - INFLAMMATORY BOWEL DISEASE W CC,59,8342.0
IN,388 - G.I. OBSTRUCTION W MCC,223,10959.0
IN,393 - OTHER DIGESTIVE SYSTEM DIAGNOSES W MCC,410,12758.0
IN,395 - OTHER DIGESTIVE SYSTEM DIAGNOSES W/O CC/MCC,126,4900.0
IN,"405 - PANCREAS, LIVER & SHUNT PROCEDURES W MCC",63,58037.0
IN,"406 - PANCREAS, LIVER & SHUNT PROCEDURES W CC",91,25752.0
IN,417 - LAPAROSCOPIC CHOLECYSTECTOMY W/O C.D.E. W MCC,244,16337.0
IN,418 - LAPAROSCOPIC CHOLECYSTECTOMY W/O C.D.E. W CC,380,10829.0
IN,419 - LAPAROSCOPIC CHOLECYSTECTOMY W/O C.D.E. W/O CC/MCC,172,8357.0
IN,432 - CIRRHOSIS & ALCOHOLIC HEPATITIS W MCC,144,12589.0
IN,433 - CIRRHOSIS & ALCOHOLIC HEPATITIS W CC,51,7289.0
IN,435 - MALIGNANCY OF HEPATOBILIARY SYSTEM OR PANCREAS W MCC,161,13098.0
IN,436 - MALIGNANCY OF HEPATOBILIARY SYSTEM OR PANCREAS W CC,79,9024.0
IN,440 - DISORDERS OF PANCREAS EXCEPT MALIGNANCY W/O CC/MCC,228,4874.0
IN,444 - DISORDERS OF THE BILIARY TRACT W MCC,84,12504.0
IN,445 - DISORDERS OF THE BILIARY TRACT W CC,228,8007.0
IN,472 - CERVICAL SPINAL FUSION W CC,81,22667.0
IN,"492 - LOWER EXTREM & HUMER PROC EXCEPT HIP,FOOT,FEMUR W MCC",52,27213.0
IN,"493 - LOWER EXTREM & HUMER PROC EXCEPT HIP,FOOT,FEMUR W CC",324,13715.0
IN,"494 - LOWER EXTREM & HUMER PROC EXCEPT HIP,FOOT,FEMUR W/O CC/MCC",178,10486.0
IN,519 - BACK & NECK PROC EXC SPINAL FUSION W CC,111,11712.0
IN,543 - PATHOLOGICAL FRACTURES & MUSCULOSKELET & CONN TISS MALIG W CC,95,7722.0
IN,551 - MEDICAL BACK PROBLEMS W MCC,144,10568.0
IN,556 - SIGNS & SYMPTOMS OF MUSCULOSKELETAL SYSTEM & CONN TISSUE W/O MCC,195,5351.0
IN,"558 - TENDONITIS, MYOSITIS & BURSITIS W/O MCC",113,6027.0
IN,"563 - FX, SPRN, STRN & DISL EXCEPT FEMUR, HIP, PELVIS & THIGH W/O MCC",298,5409.0
IN,"617 - AMPUTAT OF LOWER LIMB FOR ENDOCRINE,NUTRIT,& METABOL DIS W CC",90,14493.0
IN,652 - KIDNEY TRANSPLANT,175,31025.0
IN,654 - MAJOR BLADDER PROCEDURES W CC,61,25860.0
IN,657 - KIDNEY & URETER PROCEDURES FOR NEOPLASM W CC,112,15242.0
IN,658 - KIDNEY & URETER PROCEDURES FOR NEOPLASM W/O CC/MCC,59,13431.0
IN,660 - KIDNEY & URETER PROCEDURES FOR NON-NEOPLASM W CC,61,20168.0
IN,661 - KIDNEY & URETER PROCEDURES FOR NON-NEOPLASM W/O CC/MCC,54,11953.0
IN,673 - OTHER KIDNEY & URINARY TRACT PROCEDURES W MCC,138,24782.0
IN,674 - OTHER KIDNEY & URINARY TRACT PROCEDURES W CC,51,18198.0
IN,743 - UTERINE & ADNEXA PROC FOR NON-MALIGNANCY W/O CC/MCC,80,8419.0
IN,808 - MAJOR HEMATOL/IMMUN DIAG EXC SICKLE CELL CRISIS & COAGUL W MCC,54,19989.0
IN,809 - MAJOR HEMATOL/IMMUN DIAG EXC SICKLE CELL CRISIS & COAGUL W CC,237,8617.0
IN,811 - RED BLOOD CELL DISORDERS W MCC,472,8627.0
IN,847 - CHEMOTHERAPY W/O ACUTE LEUKEMIA AS SECONDARY DIAGNOSIS W CC,176,9606.0
IN,854 - INFECTIOUS & PARASITIC DISEASES W O.R. PROCEDURE W CC,210,16014.0
IN,857 - POSTOPERATIVE OR POST-TRAUMATIC INFECTIONS W O.R. PROC W CC,75,14519.0
IN,862 - POSTOPERATIVE & POST-TRAUMATIC INFECTIONS W MCC,108,12700.0
IN,863 - POSTOPERATIVE & POST-TRAUMATIC INFECTIONS W/O MCC,175,7215.0
IN,864 - FEVER,110,7341.0
IN,884 - ORGANIC DISTURBANCES & MENTAL RETARDATION,143,7358.0
IN,896 - ALCOHOL/DRUG ABUSE OR DEPENDENCE W/O REHABILITATION THERAPY W MCC,47,12034.0
IN,907 - OTHER O.R. PROCEDURES FOR INJURIES W MCC,70,33442.0
IN,908 - OTHER O.R. PROCEDURES FOR INJURIES W CC,80,15457.0
IN,919 - COMPLICATIONS OF TREATMENT W MCC,148,16665.0
IN,920 - COMPLICATIONS OF TREATMENT W CC,110,7984.0
IN,947 - SIGNS & SYMPTOMS W MCC,110,10461.0
IN,981 - EXTENSIVE O.R. PROCEDURE UNRELATED TO PRINCIPAL DIAGNOSIS W MCC,440,31936.0
IN,982 - EXTENSIVE O.R. PROCEDURE UNRELATED TO PRINCIPAL DIAGNOSIS W CC,159,20109.0
IN,038 - EXTRACRANIAL PROCEDURES W CC,154,10321.0
IN,227 - CARDIAC DEFIBRILLATOR IMPLANT W/O CARDIAC CATH W/O MCC,133,35961.0
IN,234 - CORONARY BYPASS W CARDIAC CATH W/O MCC,388,32853.0
IN,240 - AMPUTATION FOR CIRC SYS DISORDERS EXC UPPER LIMB & TOE W CC,59,15924.0
IN,881 - DEPRESSIVE NEUROSES,147,4613.0
IN,233 - CORONARY BYPASS W CARDIAC CATH W MCC,139,47420.0
IN,694 - URINARY STONES W/O ESW LITHOTRIPSY W/O MCC,181,4763.0
IN,103 - HEADACHES W/O MCC,67,5283.0
IN,"894 - ALCOHOL/DRUG ABUSE OR DEPENDENCE, LEFT AMA",66,2929.0
IN,895 - ALCOHOL/DRUG ABUSE OR DEPENDENCE W REHABILITATION THERAPY,293,7439.0
IN,204 - RESPIRATORY SIGNS & SYMPTOMS,111,4966.0
IN,221 - CARDIAC VALVE & OTH MAJ CARDIOTHORACIC PROC W/O CARD CATH W/O CC/MCC,77,30538.0
IN,516 - OTHER MUSCULOSKELET SYS & CONN TISS O.R. PROC W CC,119,12133.0
IN,517 - OTHER MUSCULOSKELET SYS & CONN TISS O.R. PROC W/O CC/MCC,67,11393.0
IN,"605 - TRAUMA TO THE SKIN, SUBCUT TISS & BREAST W/O MCC",66,5667.0
IN,644 - ENDOCRINE DISORDERS W CC,57,7267.0
IN,669 - TRANSURETHRAL PROCEDURES W CC,197,8095.0
IN,714 - TRANSURETHRAL PROSTATECTOMY W/O CC/MCC,56,5698.0
IN,229 - OTHER CARDIOTHORACIC PROCEDURES W CC,54,25561.0
IN,554 - BONE DISEASES & ARTHROPATHIES W/O MCC,57,5126.0
IN,203 - BRONCHITIS & ASTHMA W/O CC/MCC,127,4559.0
IN,373 - MAJOR GASTROINTESTINAL DISORDERS & PERITONEAL INFECTIONS W/O CC/MCC,47,5176.0
IN,030 - SPINAL PROCEDURES W/O CC/MCC,21,11073.0
MI,945 - REHABILITATION W CC/MCC,498,6942.0
MI,946 - REHABILITATION W/O CC/MCC,229,6088.0
MI,025 - CRANIOTOMY & ENDOVASCULAR INTRACRANIAL PROCEDURES W MCC,581,35659.0
MI,039 - EXTRACRANIAL PROCEDURES W/O CC/MCC,835,7730.0
MI,054 - NERVOUS SYSTEM NEOPLASMS W MCC,344,10195.0
MI,064 - INTRACRANIAL HEMORRHAGE OR CEREBRAL INFARCTION W MCC,2804,12959.0
MI,065 - INTRACRANIAL HEMORRHAGE OR CEREBRAL INFARCTION W CC OR TPA IN 24 HRS,3877,7889.0
MI,066 - INTRACRANIAL HEMORRHAGE OR CEREBRAL INFARCTION W/O CC/MCC,1523,5921.0
MI,069 - TRANSIENT ISCHEMIA,2611,5360.0
MI,070 - NONSPECIFIC CEREBROVASCULAR DISORDERS W MCC,659,12528.0
MI,071 - NONSPECIFIC CEREBROVASCULAR DISORDERS W CC,751,7607.0
MI,074 - CRANIAL & PERIPHERAL NERVE DISORDERS W/O MCC,1104,7014.0
MI,"085 - TRAUMATIC STUPOR & COMA, COMA <1 HR W MCC",301,15050.0
MI,"086 - TRAUMATIC STUPOR & COMA, COMA <1 HR W CC",423,8543.0
MI,"087 - TRAUMATIC STUPOR & COMA, COMA <1 HR W/O CC/MCC",251,6157.0
MI,092 - OTHER DISORDERS OF NERVOUS SYSTEM W CC,943,6976.0
MI,100 - SEIZURES W MCC,939,12253.0
MI,101 - SEIZURES W/O MCC,1958,6323.0
MI,149 - DYSEQUILIBRIUM,803,4969.0
MI,166 - OTHER RESP SYSTEM O.R. PROCEDURES W MCC,547,27762.0
MI,175 - PULMONARY EMBOLISM W MCC,645,11085.0
MI,176 - PULMONARY EMBOLISM W/O MCC,1175,7446.0
MI,177 - RESPIRATORY INFECTIONS & INFLAMMATIONS W MCC,2737,13332.0
MI,178 - RESPIRATORY INFECTIONS & INFLAMMATIONS W CC,1008,10032.0
MI,181 - RESPIRATORY NEOPLASMS W CC,373,9232.0
MI,184 - MAJOR CHEST TRAUMA W CC,97,7497.0
MI,189 - PULMONARY EDEMA & RESPIRATORY FAILURE,6344,9030.0
MI,190 - CHRONIC OBSTRUCTIVE PULMONARY DISEASE W MCC,6436,8422.0
MI,191 - CHRONIC OBSTRUCTIVE PULMONARY DISEASE W CC,5322,6917.0
MI,192 - CHRONIC OBSTRUCTIVE PULMONARY DISEASE W/O CC/MCC,2361,5530.0
MI,193 - SIMPLE PNEUMONIA & PLEURISY W MCC,5318,10337.0
MI,194 - SIMPLE PNEUMONIA & PLEURISY W CC,4290,7129.0
MI,195 - SIMPLE PNEUMONIA & PLEURISY W/O CC/MCC,1306,5571.0
MI,202 - BRONCHITIS & ASTHMA W CC/MCC,1334,6861.0
MI,206 - OTHER RESPIRATORY SYSTEM DIAGNOSES W/O MCC,397,6587.0
MI,207 - RESPIRATORY SYSTEM DIAGNOSIS W VENTILATOR SUPPORT 96+ HOURS,816,39186.0
MI,208 - RESPIRATORY SYSTEM DIAGNOSIS W VENTILATOR SUPPORT <96 HOURS,2683,16804.0
MI,227 - CARDIAC DEFIBRILLATOR IMPLANT W/O CARDIAC CATH W/O MCC,208,40815.0
MI,234 - CORONARY BYPASS W CARDIAC CATH W/O MCC,507,33056.0
MI,236 - CORONARY BYPASS W/O CARDIAC CATH W/O MCC,455,28391.0
MI,238 - MAJOR CARDIOVASC PROCEDURES W/O MCC,1196,25611.0
MI,242 - PERMANENT CARDIAC PACEMAKER IMPLANT W MCC,629,26544.0
MI,243 - PERMANENT CARDIAC PACEMAKER IMPLANT W CC,927,18660.0
MI,244 - PERMANENT CARDIAC PACEMAKER IMPLANT W/O CC/MCC,446,15183.0
MI,246 - PERC CARDIOVASC PROC W DRUG-ELUTING STENT W MCC OR 4+ VESSELS/STENTS,1347,23664.0
MI,247 - PERC CARDIOVASC PROC W DRUG-ELUTING STENT W/O MCC,3428,15287.0
MI,248 - PERC CARDIOVASC PROC W NON-DRUG-ELUTING STENT W MCC OR 4+ VES/STENTS,219,21553.0
MI,249 - PERC CARDIOVASC PROC W NON-DRUG-ELUTING STENT W/O MCC,471,13557.0
MI,251 - PERC CARDIOVASC PROC W/O CORONARY ARTERY STENT W/O MCC,798,16392.0
MI,253 - OTHER VASCULAR PROCEDURES W CC,1359,19533.0
MI,"280 - ACUTE MYOCARDIAL INFARCTION, DISCHARGED ALIVE W MCC",3223,12240.0
MI,"281 - ACUTE MYOCARDIAL INFARCTION, DISCHARGED ALIVE W CC",1913,7671.0
MI,"282 - ACUTE MYOCARDIAL INFARCTION, DISCHARGED ALIVE W/O CC/MCC",698,5553.0
MI,"286 - CIRCULATORY DISORDERS EXCEPT AMI, W CARD CATH W MCC",1246,17104.0
MI,"287 - CIRCULATORY DISORDERS EXCEPT AMI, W CARD CATH W/O MCC",3308,8884.0
MI,291 - HEART FAILURE & SHOCK W MCC,10830,10788.0
MI,292 - HEART FAILURE & SHOCK W CC,7135,7412.0
MI,293 - HEART FAILURE & SHOCK W/O CC/MCC,1816,5235.0
MI,299 - PERIPHERAL VASCULAR DISORDERS W MCC,901,10893.0
MI,300 - PERIPHERAL VASCULAR DISORDERS W CC,1866,7472.0
MI,301 - PERIPHERAL VASCULAR DISORDERS W/O CC/MCC,506,5352.0
MI,308 - CARDIAC ARRHYTHMIA & CONDUCTION DISORDERS W MCC,3277,9092.0
MI,309 - CARDIAC ARRHYTHMIA & CONDUCTION DISORDERS W CC,4171,6038.0
MI,310 - CARDIAC ARRHYTHMIA & CONDUCTION DISORDERS W/O CC/MCC,2805,4375.0
MI,312 - SYNCOPE & COLLAPSE,3754,5719.0
MI,313 - CHEST PAIN,2510,4908.0
MI,314 - OTHER CIRCULATORY SYSTEM DIAGNOSES W MCC,1919,15152.0
MI,315 - OTHER CIRCULATORY SYSTEM DIAGNOSES W CC,787,7936.0
MI,329 - MAJOR SMALL & LARGE BOWEL PROCEDURES W MCC,1233,37237.0
MI,330 - MAJOR SMALL & LARGE BOWEL PROCEDURES W CC,1495,18651.0
MI,371 - MAJOR GASTROINTESTINAL DISORDERS & PERITONEAL INFECTIONS W MCC,598,14017.0
MI,372 - MAJOR GASTROINTESTINAL DISORDERS & PERITONEAL INFECTIONS W CC,1030,8310.0
MI,373 - MAJOR GASTROINTESTINAL DISORDERS & PERITONEAL INFECTIONS W/O CC/MCC,105,6371.0
MI,375 - DIGESTIVE MALIGNANCY W CC,301,9879.0
MI,377 - G.I. HEMORRHAGE W MCC,2687,12941.0
MI,378 - G.I. HEMORRHAGE W CC,6024,7437.0
MI,379 - G.I. HEMORRHAGE W/O CC/MCC,761,5330.0
MI,388 - G.I. OBSTRUCTION W MCC,542,12490.0
MI,389 - G.I. OBSTRUCTION W CC,2015,6719.0
MI,390 - G.I. OBSTRUCTION W/O CC/MCC,1037,4809.0
MI,"391 - ESOPHAGITIS, GASTROENT & MISC DIGEST DISORDERS W MCC",2000,9221.0
MI,"392 - ESOPHAGITIS, GASTROENT & MISC DIGEST DISORDERS W/O MCC",8294,5736.0
MI,393 - OTHER DIGESTIVE SYSTEM DIAGNOSES W MCC,736,13691.0
MI,394 - OTHER DIGESTIVE SYSTEM DIAGNOSES W CC,1701,7434.0
MI,417 - LAPAROSCOPIC CHOLECYSTECTOMY W/O C.D.E. W MCC,287,18400.0
MI,418 - LAPAROSCOPIC CHOLECYSTECTOMY W/O C.D.E. W CC,522,12282.0
MI,438 - DISORDERS OF PANCREAS EXCEPT MALIGNANCY W MCC,368,14068.0
MI,439 - DISORDERS OF PANCREAS EXCEPT MALIGNANCY W CC,982,7182.0
MI,440 - DISORDERS OF PANCREAS EXCEPT MALIGNANCY W/O CC/MCC,456,5415.0
MI,"441 - DISORDERS OF LIVER EXCEPT MALIG,CIRR,ALC HEPA W MCC",604,16958.0
MI,459 - SPINAL FUSION EXCEPT CERVICAL W MCC,111,45826.0
MI,460 - SPINAL FUSION EXCEPT CERVICAL W/O MCC,3135,28329.0
MI,467 - REVISION OF HIP OR KNEE REPLACEMENT W CC,538,24006.0
MI,468 - REVISION OF HIP OR KNEE REPLACEMENT W/O CC/MCC,468,19697.0
MI,469 - MAJOR JOINT REPLACEMENT OR REATTACHMENT OF LOWER EXTREMITY W MCC,720,22369.0
MI,470 - MAJOR JOINT REPLACEMENT OR REATTACHMENT OF LOWER EXTREMITY W/O MCC,16302,14829.0
MI,472 - CERVICAL SPINAL FUSION W CC,335,21147.0
MI,473 - CERVICAL SPINAL FUSION W/O CC/MCC,972,16542.0
MI,480 - HIP & FEMUR PROCEDURES EXCEPT MAJOR JOINT W MCC,758,20866.0
MI,481 - HIP & FEMUR PROCEDURES EXCEPT MAJOR JOINT W CC,2313,13682.0
MI,482 - HIP & FEMUR PROCEDURES EXCEPT MAJOR JOINT W/O CC/MCC,394,11611.0
MI,483 - MAJOR JOINT/LIMB REATTACHMENT PROCEDURE OF UPPER EXTREMITIES,1573,17208.0
MI,"493 - LOWER EXTREM & HUMER PROC EXCEPT HIP,FOOT,FEMUR W CC",464,15714.0
MI,520 - BACK & NECK PROC EXC SPINAL FUSION W/O CC/MCC,697,8841.0
MI,536 - FRACTURES OF HIP & PELVIS W/O MCC,550,5393.0
MI,551 - MEDICAL BACK PROBLEMS W MCC,435,11444.0
MI,552 - MEDICAL BACK PROBLEMS W/O MCC,2534,6536.0
MI,"558 - TENDONITIS, MYOSITIS & BURSITIS W/O MCC",325,6326.0
MI,"563 - FX, SPRN, STRN & DISL EXCEPT FEMUR, HIP, PELVIS & THIGH W/O MCC",923,5851.0
MI,602 - CELLULITIS W MCC,947,10537.0
MI,603 - CELLULITIS W/O MCC,4927,6335.0
MI,"605 - TRAUMA TO THE SKIN, SUBCUT TISS & BREAST W/O MCC",437,6026.0
MI,637 - DIABETES W MCC,956,10730.0
MI,638 - DIABETES W CC,1869,6491.0
MI,"640 - MISC DISORDERS OF NUTRITION,METABOLISM,FLUIDS/ELECTROLYTES W MCC",2770,8612.0
MI,"641 - MISC DISORDERS OF NUTRITION,METABOLISM,FLUIDS/ELECTROLYTES W/O MCC",3962,5518.0
MI,669 - TRANSURETHRAL PROCEDURES W CC,420,9488.0
MI,682 - RENAL FAILURE W MCC,5409,11115.0
MI,683 - RENAL FAILURE W CC,6111,7161.0
MI,684 - RENAL FAILURE W/O CC/MCC,690,4916.0
MI,689 - KIDNEY & URINARY TRACT INFECTIONS W MCC,3507,8025.0
MI,690 - KIDNEY & URINARY TRACT INFECTIONS W/O MCC,5015,5829.0
MI,694 - URINARY STONES W/O ESW LITHOTRIPSY W/O MCC,568,5236.0
MI,698 - OTHER KIDNEY & URINARY TRACT DIAGNOSES W MCC,1790,11802.0
MI,699 - OTHER KIDNEY & URINARY TRACT DIAGNOSES W CC,989,8407.0
MI,808 - MAJOR HEMATOL/IMMUN DIAG EXC SICKLE CELL CRISIS & COAGUL W MCC,103,18121.0
MI,809 - MAJOR HEMATOL/IMMUN DIAG EXC SICKLE CELL CRISIS & COAGUL W CC,323,9487.0
MI,811 - RED BLOOD CELL DISORDERS W MCC,1183,10086.0
MI,812 - RED BLOOD CELL DISORDERS W/O MCC,2659,6482.0
MI,847 - CHEMOTHERAPY W/O ACUTE LEUKEMIA AS SECONDARY DIAGNOSIS W CC,321,10265.0
MI,853 - INFECTIOUS & PARASITIC DISEASES W O.R. PROCEDURE W MCC,2700,37032.0
MI,854 - INFECTIOUS & PARASITIC DISEASES W O.R. PROCEDURE W CC,463,17437.0
MI,865 - VIRAL ILLNESS W MCC,144,11673.0
MI,870 - SEPTICEMIA OR SEVERE SEPSIS W MV >96 HOURS,1396,43894.0
MI,871 - SEPTICEMIA OR SEVERE SEPSIS W/O MV 96+ HOURS W MCC,22353,12901.0
MI,872 - SEPTICEMIA OR SEVERE SEPSIS W/O MV >96 HOURS W/O MCC,5900,7735.0
MI,884 - ORGANIC DISTURBANCES & MENTAL RETARDATION,483,8061.0
MI,914 - TRAUMATIC INJURY W/O MCC,82,5287.0
MI,917 - POISONING & TOXIC EFFECTS OF DRUGS W MCC,1411,10668.0
MI,919 - COMPLICATIONS OF TREATMENT W MCC,314,16459.0
MI,948 - SIGNS & SYMPTOMS W/O MCC,1526,5796.0
MI,981 - EXTENSIVE O.R. PROCEDURE UNRELATED TO PRINCIPAL DIAGNOSIS W MCC,748,35829.0
MI,"004 - TRACH W MV 96+ HRS OR PDX EXC FACE, MOUTH & NECK W/O MAJ O.R.",579,84282.0
MI,038 - EXTRACRANIAL PROCEDURES W CC,310,11988.0
MI,056 - DEGENERATIVE NERVOUS SYSTEM DISORDERS W MCC,360,13041.0
MI,057 - DEGENERATIVE NERVOUS SYSTEM DISORDERS W/O MCC,828,7943.0
MI,180 - RESPIRATORY NEOPLASMS W MCC,585,12753.0
MI,186 - PLEURAL EFFUSION W MCC,193,11579.0
MI,237 - MAJOR CARDIOVASC PROCEDURES W MCC,696,39452.0
MI,252 - OTHER VASCULAR PROCEDURES W MCC,1372,25228.0
MI,254 - OTHER VASCULAR PROCEDURES W/O CC/MCC,400,13045.0
MI,305 - HYPERTENSION W/O MCC,844,5076.0
MI,386 - INFLAMMATORY BOWEL DISEASE W CC,214,8390.0
MI,"442 - DISORDERS OF LIVER EXCEPT MALIG,CIRR,ALC HEPA W CC",437,7909.0
MI,"463 - WND DEBRID & SKN GRFT EXC HAND, FOR MUSCULO-CONN TISS DIS W MCC",68,38161.0
MI,"494 - LOWER EXTREM & HUMER PROC EXCEPT HIP,FOOT,FEMUR W/O CC/MCC",261,12011.0
MI,556 - SIGNS & SYMPTOMS OF MUSCULOSKELETAL SYSTEM & CONN TISSUE W/O MCC,591,5986.0
MI,621 - O.R. PROCEDURES FOR OBESITY W/O CC/MCC,764,11682.0
MI,643 - ENDOCRINE DISORDERS W MCC,199,12559.0
MI,644 - ENDOCRINE DISORDERS W CC,250,7454.0
MI,885 - PSYCHOSES,610,7002.0
MI,896 - ALCOHOL/DRUG ABUSE OR DEPENDENCE W/O REHABILITATION THERAPY W MCC,141,12452.0
MI,897 - ALCOHOL/DRUG ABUSE OR DEPENDENCE W/O REHABILITATION THERAPY W/O MCC,1101,6670.0
MI,153 - OTITIS MEDIA & URI W/O MCC,828,5446.0
MI,"283 - ACUTE MYOCARDIAL INFARCTION, EXPIRED W MCC",144,13566.0
MI,303 - ATHEROSCLEROSIS W/O MCC,604,4974.0
MI,445 - DISORDERS OF THE BILIARY TRACT W CC,384,8368.0
MI,"003 - ECMO OR TRACH W MV >96 HRS OR PDX EXC FACE, MOUTH & NECK W MAJ O.R.",515,135789.0
MI,023 - CRANIO W MAJOR DEV IMPL/ACUTE COMPLEX CNS PDX W MCC OR CHEMO IMPLANT,106,39384.0
MI,026 - CRANIOTOMY & ENDOVASCULAR INTRACRANIAL PROCEDURES W CC,177,24221.0
MI,027 - CRANIOTOMY & ENDOVASCULAR INTRACRANIAL PROCEDURES W/O CC/MCC,244,19078.0
MI,041 - PERIPH/CRANIAL NERVE & OTHER NERV SYST PROC W CC OR PERIPH NEUROSTIM,125,15254.0
MI,072 - NONSPECIFIC CEREBROVASCULAR DISORDERS W/O CC/MCC,59,5768.0
MI,073 - CRANIAL & PERIPHERAL NERVE DISORDERS W MCC,197,10473.0
MI,091 - OTHER DISORDERS OF NERVOUS SYSTEM W MCC,464,12610.0
MI,093 - OTHER DISORDERS OF NERVOUS SYSTEM W/O CC/MCC,197,5408.0
MI,103 - HEADACHES W/O MCC,293,6079.0
MI,125 - OTHER DISORDERS OF THE EYE W/O MCC,51,6663.0
MI,152 - OTITIS MEDIA & URI W MCC,301,7729.0
MI,163 - MAJOR CHEST PROCEDURES W MCC,199,37028.0
MI,164 - MAJOR CHEST PROCEDURES W CC,314,20311.0
MI,165 - MAJOR CHEST PROCEDURES W/O CC/MCC,209,14879.0
MI,167 - OTHER RESP SYSTEM O.R. PROCEDURES W CC,206,16177.0
MI,187 - PLEURAL EFFUSION W CC,108,8412.0
MI,196 - INTERSTITIAL LUNG DISEASE W MCC,101,14333.0
MI,200 - PNEUMOTHORAX W CC,82,7694.0
MI,203 - BRONCHITIS & ASTHMA W/O CC/MCC,346,5040.0
MI,204 - RESPIRATORY SIGNS & SYMPTOMS,380,5721.0
MI,205 - OTHER RESPIRATORY SYSTEM DIAGNOSES W MCC,163,13812.0
MI,216 - CARDIAC VALVE & OTH MAJ CARDIOTHORACIC PROC W CARD CATH W MCC,322,72228.0
MI,219 - CARDIAC VALVE & OTH MAJ CARDIOTHORACIC PROC W/O CARD CATH W MCC,605,62552.0
MI,220 - CARDIAC VALVE & OTH MAJ CARDIOTHORACIC PROC W/O CARD CATH W CC,574,40374.0
MI,233 - CORONARY BYPASS W CARDIAC CATH W MCC,329,49100.0
MI,239 - AMPUTATION FOR CIRC SYS DISORDERS EXC UPPER LIMB & TOE W MCC,149,35396.0
MI,250 - PERC CARDIOVASC PROC W/O CORONARY ARTERY STENT W MCC,359,26683.0
MI,264 - OTHER CIRCULATORY SYSTEM O.R. PROCEDURES,354,22650.0
MI,266 - ENDOVASCULAR CARDIAC VALVE REPLACEMENT W MCC,243,69182.0
MI,267 - ENDOVASCULAR CARDIAC VALVE REPLACEMENT W/O MCC,484,52479.0
MI,302 - ATHEROSCLEROSIS W MCC,53,7738.0
MI,311 - ANGINA PECTORIS,63,5165.0
MI,"326 - STOMACH, ESOPHAGEAL & DUODENAL PROC W MCC",196,46053.0
MI,"327 - STOMACH, ESOPHAGEAL & DUODENAL PROC W CC",154,21660.0
MI,"328 - STOMACH, ESOPHAGEAL & DUODENAL PROC W/O CC/MCC",140,13121.0
MI,331 - MAJOR SMALL & LARGE BOWEL PROCEDURES W/O CC/MCC,510,12390.0
MI,336 - PERITONEAL ADHESIOLYSIS W CC,196,18275.0
MI,354 - HERNIA PROCEDURES EXCEPT INGUINAL & FEMORAL W CC,121,14719.0
MI,355 - HERNIA PROCEDURES EXCEPT INGUINAL & FEMORAL W/O CC/MCC,113,9806.0
MI,356 - OTHER DIGESTIVE SYSTEM O.R. PROCEDURES W MCC,111,33087.0
MI,374 - DIGESTIVE MALIGNANCY W MCC,158,18440.0
MI,384 - UNCOMPLICATED PEPTIC ULCER W/O MCC,64,6751.0
MI,395 - OTHER DIGESTIVE SYSTEM DIAGNOSES W/O CC/MCC,228,5308.0
MI,"406 - PANCREAS, LIVER & SHUNT PROCEDURES W CC",87,23866.0
MI,419 - LAPAROSCOPIC CHOLECYSTECTOMY W/O C.D.E. W/O CC/MCC,190,9280.0
MI,432 - CIRRHOSIS & ALCOHOLIC HEPATITIS W MCC,250,16284.0
MI,433 - CIRRHOSIS & ALCOHOLIC HEPATITIS W CC,80,8221.0
MI,435 - MALIGNANCY OF HEPATOBILIARY SYSTEM OR PANCREAS W MCC,302,15037.0
MI,436 - MALIGNANCY OF HEPATOBILIARY SYSTEM OR PANCREAS W CC,138,9747.0
MI,444 - DISORDERS OF THE BILIARY TRACT W MCC,224,13591.0
MI,446 - DISORDERS OF THE BILIARY TRACT W/O CC/MCC,71,5844.0
MI,457 - SPINAL FUS EXC CERV W SPINAL CURV/MALIG/INFEC OR EXT FUS W CC,96,53175.0
MI,462 - BILATERAL OR MULTIPLE MAJOR JOINT PROCS OF LOWER EXTREMITY W/O MCC,71,24153.0
MI,"464 - WND DEBRID & SKN GRFT EXC HAND, FOR MUSCULO-CONN TISS DIS W CC",126,21211.0
MI,478 - BIOPSIES OF MUSCULOSKELETAL SYSTEM & CONNECTIVE TISSUE W CC,113,15164.0
MI,489 - KNEE PROCEDURES W/O PDX OF INFECTION W/O CC/MCC,54,8858.0
MI,501 - SOFT TISSUE PROCEDURES W CC,49,13120.0
MI,515 - OTHER MUSCULOSKELET SYS & CONN TISS O.R. PROC W MCC,66,22304.0
MI,516 - OTHER MUSCULOSKELET SYS & CONN TISS O.R. PROC W CC,291,14181.0
MI,517 - OTHER MUSCULOSKELET SYS & CONN TISS O.R. PROC W/O CC/MCC,111,11945.0
MI,518 - BACK & NECK PROC EXC SPINAL FUSION W MCC OR DISC DEVICE/NEUROSTIM,48,22211.0
MI,519 - BACK & NECK PROC EXC SPINAL FUSION W CC,389,12363.0
MI,535 - FRACTURES OF HIP & PELVIS W MCC,55,8339.0
MI,542 - PATHOLOGICAL FRACTURES & MUSCULOSKELET & CONN TISS MALIG W MCC,81,14747.0
MI,543 - PATHOLOGICAL FRACTURES & MUSCULOSKELET & CONN TISS MALIG W CC,312,8985.0
MI,546 - CONNECTIVE TISSUE DISORDERS W CC,61,12260.0
MI,554 - BONE DISEASES & ARTHROPATHIES W/O MCC,405,6049.0
MI,"562 - FX, SPRN, STRN & DISL EXCEPT FEMUR, HIP, PELVIS & THIGH W MCC",76,9355.0
MI,596 - MAJOR SKIN DISORDERS W/O MCC,60,11153.0
MI,607 - MINOR SKIN DISORDERS W/O MCC,156,6302.0
MI,652 - KIDNEY TRANSPLANT,338,32980.0
MI,657 - KIDNEY & URETER PROCEDURES FOR NEOPLASM W CC,106,20726.0
MI,658 - KIDNEY & URETER PROCEDURES FOR NEOPLASM W/O CC/MCC,84,14170.0
MI,659 - KIDNEY & URETER PROCEDURES FOR NON-NEOPLASM W MCC,44,29270.0
MI,660 - KIDNEY & URETER PROCEDURES FOR NON-NEOPLASM W CC,117,19110.0
MI,673 - OTHER KIDNEY & URINARY TRACT PROCEDURES W MCC,134,26416.0
MI,696 - KIDNEY & URINARY TRACT SIGNS & SYMPTOMS W/O MCC,182,5002.0
MI,708 - MAJOR MALE PELVIC PROCEDURES W/O CC/MCC,434,12422.0
MI,742 - UTERINE & ADNEXA PROC FOR NON-MALIGNANCY W CC/MCC,121,12778.0
MI,743 - UTERINE & ADNEXA PROC FOR NON-MALIGNANCY W/O CC/MCC,135,7782.0
MI,813 - COAGULATION DISORDERS,59,17271.0
MI,840 - LYMPHOMA & NON-ACUTE LEUKEMIA W MCC,116,26280.0
MI,841 - LYMPHOMA & NON-ACUTE LEUKEMIA W CC,97,15232.0
MI,856 - POSTOPERATIVE OR POST-TRAUMATIC INFECTIONS W O.R. PROC W MCC,72,39060.0
MI,857 - POSTOPERATIVE OR POST-TRAUMATIC INFECTIONS W O.R. PROC W CC,111,16774.0
MI,862 - POSTOPERATIVE & POST-TRAUMATIC INFECTIONS W MCC,288,14629.0
MI,863 - POSTOPERATIVE & POST-TRAUMATIC INFECTIONS W/O MCC,388,7948.0
MI,864 - FEVER,154,8015.0
MI,866 - VIRAL ILLNESS W/O MCC,48,7266.0
MI,880 - ACUTE ADJUSTMENT REACTION & PSYCHOSOCIAL DYSFUNCTION,69,5611.0
MI,907 - OTHER O.R. PROCEDURES FOR INJURIES W MCC,128,37108.0
MI,908 - OTHER O.R. PROCEDURES FOR INJURIES W CC,82,19930.0
MI,916 - ALLERGIC REACTIONS W/O MCC,43,4766.0
MI,918 - POISONING & TOXIC EFFECTS OF DRUGS W/O MCC,898,5222.0
MI,920 - COMPLICATIONS OF TREATMENT W CC,364,8752.0
MI,947 - SIGNS & SYMPTOMS W MCC,332,9857.0
MI,982 - EXTENSIVE O.R. PROCEDURE UNRELATED TO PRINCIPAL DIAGNOSIS W CC,371,20776.0
MI,987 - NON-EXTENSIVE O.R. PROC UNRELATED TO PRINCIPAL DIAGNOSIS W MCC,70,31460.0
MI,988 - NON-EXTENSIVE O.R. PROC UNRELATED TO PRINCIPAL DIAGNOSIS W CC,67,12484.0
MI,036 - CAROTID ARTERY STENT PROCEDURE W/O CC/MCC,52,13707.0
MI,235 - CORONARY BYPASS W/O CARDIAC CATH W MCC,172,38999.0
MI,357 - OTHER DIGESTIVE SYSTEM O.R. PROCEDURES W CC,52,16366.0
MI,"405 - PANCREAS, LIVER & SHUNT PROCEDURES W MCC",71,47646.0
MI,"617 - AMPUTAT OF LOWER LIMB FOR ENDOCRINE,NUTRIT,& METABOL DIS W CC",159,14332.0
MI,639 - DIABETES W/O CC/MCC,256,5547.0
MI,620 - O.R. PROCEDURES FOR OBESITY W CC,123,15328.0
MI,001 - HEART TRANSPLANT OR IMPLANT OF HEART ASSIST SYSTEM W MCC,71,254352.0
MI,"012 - TRACHEOSTOMY FOR FACE,MOUTH & NECK DIAGNOSES W CC",65,37040.0
MI,016 - AUTOLOGOUS BONE MARROW TRANSPLANT W CC/MCC,71,51274.0
MI,221 - CARDIAC VALVE & OTH MAJ CARDIOTHORACIC PROC W/O CARD CATH W/O CC/MCC,48,39462.0
MI,226 - CARDIAC DEFIBRILLATOR IMPLANT W/O CARDIAC CATH W MCC,53,57287.0
MI,765 - CESAREAN SECTION W CC/MCC,51,14760.0
MI,834 - ACUTE LEUKEMIA W/O MAJOR O.R. PROCEDURE W MCC,44,72700.0
MI,935 - NON-EXTENSIVE BURNS,52,16426.0
MI,895 - ALCOHOL/DRUG ABUSE OR DEPENDENCE W REHABILITATION THERAPY,334,9705.0
MI,781 - OTHER ANTEPARTUM DIAGNOSES W MEDICAL COMPLICATIONS,60,8378.0
MI,"894 - ALCOHOL/DRUG ABUSE OR DEPENDENCE, LEFT AMA",84,7960.0
MI,775 - VAGINAL DELIVERY W/O COMPLICATING DIAGNOSES,108,5388.0
MI,089 - CONCUSSION W CC,21,7976.0
IA,064 - INTRACRANIAL HEMORRHAGE OR CEREBRAL INFARCTION W MCC,683,11774.0
IA,065 - INTRACRANIAL HEMORRHAGE OR CEREBRAL INFARCTION W CC OR TPA IN 24 HRS,1094,7432.0
IA,066 - INTRACRANIAL HEMORRHAGE OR CEREBRAL INFARCTION W/O CC/MCC,553,5548.0
IA,101 - SEIZURES W/O MCC,243,6072.0
IA,153 - OTITIS MEDIA & URI W/O MCC,210,4628.0
IA,164 - MAJOR CHEST PROCEDURES W CC,123,18333.0
IA,167 - OTHER RESP SYSTEM O.R. PROCEDURES W CC,60,14319.0
IA,175 - PULMONARY EMBOLISM W MCC,240,9809.0
IA,176 - PULMONARY EMBOLISM W/O MCC,398,6291.0
IA,177 - RESPIRATORY INFECTIONS & INFLAMMATIONS W MCC,789,11586.0
IA,178 - RESPIRATORY INFECTIONS & INFLAMMATIONS W CC,318,8767.0
IA,189 - PULMONARY EDEMA & RESPIRATORY FAILURE,1559,7987.0
IA,190 - CHRONIC OBSTRUCTIVE PULMONARY DISEASE W MCC,1289,7425.0
IA,191 - CHRONIC OBSTRUCTIVE PULMONARY DISEASE W CC,917,6046.0
IA,193 - SIMPLE PNEUMONIA & PLEURISY W MCC,1943,8923.0
IA,194 - SIMPLE PNEUMONIA & PLEURISY W CC,1952,6288.0
IA,195 - SIMPLE PNEUMONIA & PLEURISY W/O CC/MCC,540,4555.0
IA,202 - BRONCHITIS & ASTHMA W CC/MCC,146,5594.0
IA,208 - RESPIRATORY SYSTEM DIAGNOSIS W VENTILATOR SUPPORT <96 HOURS,541,15388.0
IA,247 - PERC CARDIOVASC PROC W DRUG-ELUTING STENT W/O MCC,1184,12984.0
IA,"280 - ACUTE MYOCARDIAL INFARCTION, DISCHARGED ALIVE W MCC",638,10876.0
IA,"281 - ACUTE MYOCARDIAL INFARCTION, DISCHARGED ALIVE W CC",419,6566.0
IA,"282 - ACUTE MYOCARDIAL INFARCTION, DISCHARGED ALIVE W/O CC/MCC",157,4835.0
IA,"287 - CIRCULATORY DISORDERS EXCEPT AMI, W CARD CATH W/O MCC",909,7789.0
IA,291 - HEART FAILURE & SHOCK W MCC,2114,9404.0
IA,292 - HEART FAILURE & SHOCK W CC,1800,6528.0
IA,299 - PERIPHERAL VASCULAR DISORDERS W MCC,102,9969.0
IA,308 - CARDIAC ARRHYTHMIA & CONDUCTION DISORDERS W MCC,756,7843.0
IA,309 - CARDIAC ARRHYTHMIA & CONDUCTION DISORDERS W CC,929,5280.0
IA,310 - CARDIAC ARRHYTHMIA & CONDUCTION DISORDERS W/O CC/MCC,749,3877.0
IA,312 - SYNCOPE & COLLAPSE,531,5171.0
IA,314 - OTHER CIRCULATORY SYSTEM DIAGNOSES W MCC,236,13178.0
IA,329 - MAJOR SMALL & LARGE BOWEL PROCEDURES W MCC,362,31659.0
IA,330 - MAJOR SMALL & LARGE BOWEL PROCEDURES W CC,534,16183.0
IA,331 - MAJOR SMALL & LARGE BOWEL PROCEDURES W/O CC/MCC,238,10445.0
IA,372 - MAJOR GASTROINTESTINAL DISORDERS & PERITONEAL INFECTIONS W CC,285,7314.0
IA,377 - G.I. HEMORRHAGE W MCC,512,11245.0
IA,378 - G.I. HEMORRHAGE W CC,1446,6546.0
IA,389 - G.I. OBSTRUCTION W CC,640,5791.0
IA,390 - G.I. OBSTRUCTION W/O CC/MCC,351,4045.0
IA,"391 - ESOPHAGITIS, GASTROENT & MISC DIGEST DISORDERS W MCC",352,8004.0
IA,"392 - ESOPHAGITIS, GASTROENT & MISC DIGEST DISORDERS W/O MCC",1605,5038.0
IA,394 - OTHER DIGESTIVE SYSTEM DIAGNOSES W CC,322,6781.0
IA,417 - LAPAROSCOPIC CHOLECYSTECTOMY W/O C.D.E. W MCC,115,16058.0
IA,418 - LAPAROSCOPIC CHOLECYSTECTOMY W/O C.D.E. W CC,108,10912.0
IA,439 - DISORDERS OF PANCREAS EXCEPT MALIGNANCY W CC,162,6267.0
IA,460 - SPINAL FUSION EXCEPT CERVICAL W/O MCC,818,24463.0
IA,469 - MAJOR JOINT REPLACEMENT OR REATTACHMENT OF LOWER EXTREMITY W MCC,385,19043.0
IA,470 - MAJOR JOINT REPLACEMENT OR REATTACHMENT OF LOWER EXTREMITY W/O MCC,7244,13313.0
IA,480 - HIP & FEMUR PROCEDURES EXCEPT MAJOR JOINT W MCC,304,17967.0
IA,481 - HIP & FEMUR PROCEDURES EXCEPT MAJOR JOINT W CC,1058,12303.0
IA,483 - MAJOR JOINT/LIMB REATTACHMENT PROCEDURE OF UPPER EXTREMITIES,713,15045.0
IA,552 - MEDICAL BACK PROBLEMS W/O MCC,566,5941.0
IA,603 - CELLULITIS W/O MCC,1255,5656.0
IA,"640 - MISC DISORDERS OF NUTRITION,METABOLISM,FLUIDS/ELECTROLYTES W MCC",477,7461.0
IA,"641 - MISC DISORDERS OF NUTRITION,METABOLISM,FLUIDS/ELECTROLYTES W/O MCC",1011,4904.0
IA,682 - RENAL FAILURE W MCC,961,9743.0
IA,683 - RENAL FAILURE W CC,1475,6244.0
IA,689 - KIDNEY & URINARY TRACT INFECTIONS W MCC,522,6968.0
IA,690 - KIDNEY & URINARY TRACT INFECTIONS W/O MCC,1274,5170.0
IA,698 - OTHER KIDNEY & URINARY TRACT DIAGNOSES W MCC,460,10264.0
IA,699 - OTHER KIDNEY & URINARY TRACT DIAGNOSES W CC,197,7424.0
IA,809 - MAJOR HEMATOL/IMMUN DIAG EXC SICKLE CELL CRISIS & COAGUL W CC,105,8492.0
IA,811 - RED BLOOD CELL DISORDERS W MCC,94,8743.0
IA,812 - RED BLOOD CELL DISORDERS W/O MCC,411,5541.0
IA,847 - CHEMOTHERAPY W/O ACUTE LEUKEMIA AS SECONDARY DIAGNOSIS W CC,227,8878.0
IA,853 - INFECTIOUS & PARASITIC DISEASES W O.R. PROCEDURE W MCC,528,36925.0
IA,871 - SEPTICEMIA OR SEVERE SEPSIS W/O MV 96+ HOURS W MCC,5503,11498.0
IA,872 - SEPTICEMIA OR SEVERE SEPSIS W/O MV >96 HOURS W/O MCC,1740,6986.0
IA,192 - CHRONIC OBSTRUCTIVE PULMONARY DISEASE W/O CC/MCC,389,4699.0
IA,293 - HEART FAILURE & SHOCK W/O CC/MCC,497,4555.0
IA,621 - O.R. PROCEDURES FOR OBESITY W/O CC/MCC,60,11379.0
IA,379 - G.I. HEMORRHAGE W/O CC/MCC,119,5319.0
IA,948 - SIGNS & SYMPTOMS W/O MCC,331,5254.0
IA,"003 - ECMO OR TRACH W MV >96 HRS OR PDX EXC FACE, MOUTH & NECK W MAJ O.R.",82,112558.0
IA,025 - CRANIOTOMY & ENDOVASCULAR INTRACRANIAL PROCEDURES W MCC,205,31535.0
IA,026 - CRANIOTOMY & ENDOVASCULAR INTRACRANIAL PROCEDURES W CC,72,24028.0
IA,027 - CRANIOTOMY & ENDOVASCULAR INTRACRANIAL PROCEDURES W/O CC/MCC,90,18834.0
IA,038 - EXTRACRANIAL PROCEDURES W CC,110,10603.0
IA,039 - EXTRACRANIAL PROCEDURES W/O CC/MCC,362,7323.0
IA,054 - NERVOUS SYSTEM NEOPLASMS W MCC,65,10690.0
IA,055 - NERVOUS SYSTEM NEOPLASMS W/O MCC,43,7959.0
IA,057 - DEGENERATIVE NERVOUS SYSTEM DISORDERS W/O MCC,143,7563.0
IA,069 - TRANSIENT ISCHEMIA,339,4789.0
IA,"085 - TRAUMATIC STUPOR & COMA, COMA <1 HR W MCC",76,17370.0
IA,"086 - TRAUMATIC STUPOR & COMA, COMA <1 HR W CC",127,9031.0
IA,"087 - TRAUMATIC STUPOR & COMA, COMA <1 HR W/O CC/MCC",97,6724.0
IA,091 - OTHER DISORDERS OF NERVOUS SYSTEM W MCC,58,13798.0
IA,092 - OTHER DISORDERS OF NERVOUS SYSTEM W CC,88,6547.0
IA,100 - SEIZURES W MCC,126,11383.0
IA,149 - DYSEQUILIBRIUM,59,4158.0
IA,166 - OTHER RESP SYSTEM O.R. PROCEDURES W MCC,100,25088.0
IA,180 - RESPIRATORY NEOPLASMS W MCC,112,11987.0
IA,181 - RESPIRATORY NEOPLASMS W CC,74,9987.0
IA,204 - RESPIRATORY SIGNS & SYMPTOMS,69,7058.0
IA,206 - OTHER RESPIRATORY SYSTEM DIAGNOSES W/O MCC,43,6676.0
IA,219 - CARDIAC VALVE & OTH MAJ CARDIOTHORACIC PROC W/O CARD CATH W MCC,152,52202.0
IA,220 - CARDIAC VALVE & OTH MAJ CARDIOTHORACIC PROC W/O CARD CATH W CC,200,32413.0
IA,234 - CORONARY BYPASS W CARDIAC CATH W/O MCC,131,28353.0
IA,236 - CORONARY BYPASS W/O CARDIAC CATH W/O MCC,269,22701.0
IA,237 - MAJOR CARDIOVASC PROCEDURES W MCC,220,39850.0
IA,238 - MAJOR CARDIOVASC PROCEDURES W/O MCC,372,22951.0
IA,242 - PERMANENT CARDIAC PACEMAKER IMPLANT W MCC,146,24008.0
IA,243 - PERMANENT CARDIAC PACEMAKER IMPLANT W CC,187,16643.0
IA,244 - PERMANENT CARDIAC PACEMAKER IMPLANT W/O CC/MCC,131,13018.0
IA,246 - PERC CARDIOVASC PROC W DRUG-ELUTING STENT W MCC OR 4+ VESSELS/STENTS,426,21170.0
IA,249 - PERC CARDIOVASC PROC W NON-DRUG-ELUTING STENT W/O MCC,162,11241.0
IA,251 - PERC CARDIOVASC PROC W/O CORONARY ARTERY STENT W/O MCC,130,14160.0
IA,252 - OTHER VASCULAR PROCEDURES W MCC,170,25457.0
IA,253 - OTHER VASCULAR PROCEDURES W CC,295,17509.0
IA,254 - OTHER VASCULAR PROCEDURES W/O CC/MCC,46,12168.0
IA,"286 - CIRCULATORY DISORDERS EXCEPT AMI, W CARD CATH W MCC",258,16163.0
IA,300 - PERIPHERAL VASCULAR DISORDERS W CC,188,6806.0
IA,303 - ATHEROSCLEROSIS W/O MCC,71,5400.0
IA,305 - HYPERTENSION W/O MCC,83,4908.0
IA,313 - CHEST PAIN,337,4452.0
IA,315 - OTHER CIRCULATORY SYSTEM DIAGNOSES W CC,116,7943.0
IA,"327 - STOMACH, ESOPHAGEAL & DUODENAL PROC W CC",53,22416.0
IA,371 - MAJOR GASTROINTESTINAL DISORDERS & PERITONEAL INFECTIONS W MCC,119,12755.0
IA,375 - DIGESTIVE MALIGNANCY W CC,52,9210.0
IA,388 - G.I. OBSTRUCTION W MCC,154,11033.0
IA,393 - OTHER DIGESTIVE SYSTEM DIAGNOSES W MCC,74,13037.0
IA,435 - MALIGNANCY OF HEPATOBILIARY SYSTEM OR PANCREAS W MCC,73,15093.0
IA,438 - DISORDERS OF PANCREAS EXCEPT MALIGNANCY W MCC,48,13853.0
IA,440 - DISORDERS OF PANCREAS EXCEPT MALIGNANCY W/O CC/MCC,52,5353.0
IA,"441 - DISORDERS OF LIVER EXCEPT MALIG,CIRR,ALC HEPA W MCC",100,14082.0
IA,"442 - DISORDERS OF LIVER EXCEPT MALIG,CIRR,ALC HEPA W CC",74,7175.0
IA,445 - DISORDERS OF THE BILIARY TRACT W CC,132,8059.0
IA,462 - BILATERAL OR MULTIPLE MAJOR JOINT PROCS OF LOWER EXTREMITY W/O MCC,84,21012.0
IA,467 - REVISION OF HIP OR KNEE REPLACEMENT W CC,226,24485.0
IA,468 - REVISION OF HIP OR KNEE REPLACEMENT W/O CC/MCC,100,16945.0
IA,473 - CERVICAL SPINAL FUSION W/O CC/MCC,168,14764.0
IA,482 - HIP & FEMUR PROCEDURES EXCEPT MAJOR JOINT W/O CC/MCC,153,10176.0
IA,"493 - LOWER EXTREM & HUMER PROC EXCEPT HIP,FOOT,FEMUR W CC",189,13916.0
IA,"494 - LOWER EXTREM & HUMER PROC EXCEPT HIP,FOOT,FEMUR W/O CC/MCC",98,9462.0
IA,516 - OTHER MUSCULOSKELET SYS & CONN TISS O.R. PROC W CC,59,12993.0
IA,519 - BACK & NECK PROC EXC SPINAL FUSION W CC,102,10412.0
IA,520 - BACK & NECK PROC EXC SPINAL FUSION W/O CC/MCC,205,7592.0
IA,536 - FRACTURES OF HIP & PELVIS W/O MCC,173,5431.0
IA,543 - PATHOLOGICAL FRACTURES & MUSCULOSKELET & CONN TISS MALIG W CC,61,8440.0
IA,551 - MEDICAL BACK PROBLEMS W MCC,54,9781.0
IA,556 - SIGNS & SYMPTOMS OF MUSCULOSKELETAL SYSTEM & CONN TISSUE W/O MCC,114,5197.0
IA,"558 - TENDONITIS, MYOSITIS & BURSITIS W/O MCC",58,6338.0
IA,"563 - FX, SPRN, STRN & DISL EXCEPT FEMUR, HIP, PELVIS & THIGH W/O MCC",147,5466.0
IA,602 - CELLULITIS W MCC,208,9126.0
IA,"605 - TRAUMA TO THE SKIN, SUBCUT TISS & BREAST W/O MCC",47,6439.0
IA,637 - DIABETES W MCC,116,9726.0
IA,638 - DIABETES W CC,308,5812.0
IA,652 - KIDNEY TRANSPLANT,97,30673.0
IA,657 - KIDNEY & URETER PROCEDURES FOR NEOPLASM W CC,66,15979.0
IA,660 - KIDNEY & URETER PROCEDURES FOR NON-NEOPLASM W CC,55,14399.0
IA,684 - RENAL FAILURE W/O CC/MCC,93,4187.0
IA,694 - URINARY STONES W/O ESW LITHOTRIPSY W/O MCC,51,4689.0
IA,708 - MAJOR MALE PELVIC PROCEDURES W/O CC/MCC,119,8371.0
IA,854 - INFECTIOUS & PARASITIC DISEASES W O.R. PROCEDURE W CC,63,16014.0
IA,863 - POSTOPERATIVE & POST-TRAUMATIC INFECTIONS W/O MCC,77,7957.0
IA,864 - FEVER,57,7269.0
IA,870 - SEPTICEMIA OR SEVERE SEPSIS W MV >96 HOURS,146,40000.0
IA,917 - POISONING & TOXIC EFFECTS OF DRUGS W MCC,174,9232.0
IA,918 - POISONING & TOXIC EFFECTS OF DRUGS W/O MCC,271,4611.0
IA,919 - COMPLICATIONS OF TREATMENT W MCC,84,14190.0
IA,920 - COMPLICATIONS OF TREATMENT W CC,70,8052.0
IA,981 - EXTENSIVE O.R. PROCEDURE UNRELATED TO PRINCIPAL DIAGNOSIS W MCC,83,34700.0
IA,982 - EXTENSIVE O.R. PROCEDURE UNRELATED TO PRINCIPAL DIAGNOSIS W CC,77,24044.0
IA,"004 - TRACH W MV 96+ HRS OR PDX EXC FACE, MOUTH & NECK W/O MAJ O.R.",66,84749.0
IA,023 - CRANIO W MAJOR DEV IMPL/ACUTE COMPLEX CNS PDX W MCC OR CHEMO IMPLANT,53,67744.0
IA,062 - ACUTE ISCHEMIC STROKE W USE OF THROMBOLYTIC AGENT W CC,33,11671.0
IA,070 - NONSPECIFIC CEREBROVASCULAR DISORDERS W MCC,104,12061.0
IA,071 - NONSPECIFIC CEREBROVASCULAR DISORDERS W CC,106,6704.0
IA,074 - CRANIAL & PERIPHERAL NERVE DISORDERS W/O MCC,62,6322.0
IA,163 - MAJOR CHEST PROCEDURES W MCC,66,38304.0
IA,207 - RESPIRATORY SYSTEM DIAGNOSIS W VENTILATOR SUPPORT 96+ HOURS,97,32996.0
IA,235 - CORONARY BYPASS W/O CARDIAC CATH W MCC,109,39540.0
IA,250 - PERC CARDIOVASC PROC W/O CORONARY ARTERY STENT W MCC,51,23001.0
IA,266 - ENDOVASCULAR CARDIAC VALVE REPLACEMENT W MCC,77,58719.0
IA,267 - ENDOVASCULAR CARDIAC VALVE REPLACEMENT W/O MCC,90,45333.0
IA,374 - DIGESTIVE MALIGNANCY W MCC,33,16455.0
IA,446 - DISORDERS OF THE BILIARY TRACT W/O CC/MCC,43,6203.0
IA,472 - CERVICAL SPINAL FUSION W CC,70,20850.0
IA,884 - ORGANIC DISTURBANCES & MENTAL RETARDATION,71,8190.0
IA,885 - PSYCHOSES,2334,7259.0
IA,897 - ALCOHOL/DRUG ABUSE OR DEPENDENCE W/O REHABILITATION THERAPY W/O MCC,353,5243.0
IA,881 - DEPRESSIVE NEUROSES,82,5424.0
WI,038 - EXTRACRANIAL PROCEDURES W CC,138,11652.0
WI,039 - EXTRACRANIAL PROCEDURES W/O CC/MCC,414,7522.0
WI,064 - INTRACRANIAL HEMORRHAGE OR CEREBRAL INFARCTION W MCC,1017,13151.0
WI,065 - INTRACRANIAL HEMORRHAGE OR CEREBRAL INFARCTION W CC OR TPA IN 24 HRS,1581,7617.0
WI,066 - INTRACRANIAL HEMORRHAGE OR CEREBRAL INFARCTION W/O CC/MCC,581,5982.0
WI,069 - TRANSIENT ISCHEMIA,395,5295.0
WI,153 - OTITIS MEDIA & URI W/O MCC,363,5386.0
WI,164 - MAJOR CHEST PROCEDURES W CC,237,19875.0
WI,177 - RESPIRATORY INFECTIONS & INFLAMMATIONS W MCC,1070,13370.0
WI,189 - PULMONARY EDEMA & RESPIRATORY FAILURE,2286,8540.0
WI,190 - CHRONIC OBSTRUCTIVE PULMONARY DISEASE W MCC,1946,8126.0
WI,191 - CHRONIC OBSTRUCTIVE PULMONARY DISEASE W CC,1396,6624.0
WI,192 - CHRONIC OBSTRUCTIVE PULMONARY DISEASE W/O CC/MCC,501,5305.0
WI,193 - SIMPLE PNEUMONIA & PLEURISY W MCC,2455,9858.0
WI,194 - SIMPLE PNEUMONIA & PLEURISY W CC,2461,6769.0
WI,195 - SIMPLE PNEUMONIA & PLEURISY W/O CC/MCC,535,5065.0
WI,238 - MAJOR CARDIOVASC PROCEDURES W/O MCC,639,25309.0
WI,243 - PERMANENT CARDIAC PACEMAKER IMPLANT W CC,296,18440.0
WI,246 - PERC CARDIOVASC PROC W DRUG-ELUTING STENT W MCC OR 4+ VESSELS/STENTS,543,22976.0
WI,247 - PERC CARDIOVASC PROC W DRUG-ELUTING STENT W/O MCC,1388,14875.0
WI,253 - OTHER VASCULAR PROCEDURES W CC,555,19143.0
WI,"280 - ACUTE MYOCARDIAL INFARCTION, DISCHARGED ALIVE W MCC",802,12458.0
WI,"287 - CIRCULATORY DISORDERS EXCEPT AMI, W CARD CATH W/O MCC",1127,8670.0
WI,291 - HEART FAILURE & SHOCK W MCC,3362,10304.0
WI,292 - HEART FAILURE & SHOCK W CC,3078,7058.0
WI,308 - CARDIAC ARRHYTHMIA & CONDUCTION DISORDERS W MCC,1101,8579.0
WI,309 - CARDIAC ARRHYTHMIA & CONDUCTION DISORDERS W CC,1456,5771.0
WI,310 - CARDIAC ARRHYTHMIA & CONDUCTION DISORDERS W/O CC/MCC,942,4259.0
WI,312 - SYNCOPE & COLLAPSE,737,5770.0
WI,313 - CHEST PAIN,493,4707.0
WI,330 - MAJOR SMALL & LARGE BOWEL PROCEDURES W CC,768,19018.0
WI,377 - G.I. HEMORRHAGE W MCC,723,12754.0
WI,378 - G.I. HEMORRHAGE W CC,2476,7081.0
WI,389 - G.I. OBSTRUCTION W CC,832,6447.0
WI,390 - G.I. OBSTRUCTION W/O CC/MCC,326,4852.0
WI,"391 - ESOPHAGITIS, GASTROENT & MISC DIGEST DISORDERS W MCC",490,9700.0
WI,"392 - ESOPHAGITIS, GASTROENT & MISC DIGEST DISORDERS W/O MCC",2571,5599.0
WI,460 - SPINAL FUSION EXCEPT CERVICAL W/O MCC,855,29543.0
WI,467 - REVISION OF HIP OR KNEE REPLACEMENT W CC,326,24099.0
WI,470 - MAJOR JOINT REPLACEMENT OR REATTACHMENT OF LOWER EXTREMITY W/O MCC,9713,14404.0
WI,481 - HIP & FEMUR PROCEDURES EXCEPT MAJOR JOINT W CC,1325,12987.0
WI,483 - MAJOR JOINT/LIMB REATTACHMENT PROCEDURE OF UPPER EXTREMITIES,904,16677.0
WI,552 - MEDICAL BACK PROBLEMS W/O MCC,760,6712.0
WI,603 - CELLULITIS W/O MCC,2018,6104.0
WI,638 - DIABETES W CC,523,6271.0
WI,"641 - MISC DISORDERS OF NUTRITION,METABOLISM,FLUIDS/ELECTROLYTES W/O MCC",1323,5426.0
WI,682 - RENAL FAILURE W MCC,1509,11041.0
WI,683 - RENAL FAILURE W CC,2196,6766.0
WI,689 - KIDNEY & URINARY TRACT INFECTIONS W MCC,711,7803.0
WI,690 - KIDNEY & URINARY TRACT INFECTIONS W/O MCC,1961,5619.0
WI,708 - MAJOR MALE PELVIC PROCEDURES W/O CC/MCC,190,12195.0
WI,871 - SEPTICEMIA OR SEVERE SEPSIS W/O MV 96+ HOURS W MCC,7506,12768.0
WI,872 - SEPTICEMIA OR SEVERE SEPSIS W/O MV >96 HOURS W/O MCC,2657,7441.0
WI,947 - SIGNS & SYMPTOMS W MCC,142,9736.0
WI,948 - SIGNS & SYMPTOMS W/O MCC,691,5690.0
WI,092 - OTHER DISORDERS OF NERVOUS SYSTEM W CC,106,8190.0
WI,175 - PULMONARY EMBOLISM W MCC,206,11339.0
WI,208 - RESPIRATORY SYSTEM DIAGNOSIS W VENTILATOR SUPPORT <96 HOURS,591,17785.0
WI,236 - CORONARY BYPASS W/O CARDIAC CATH W/O MCC,335,28546.0
WI,314 - OTHER CIRCULATORY SYSTEM DIAGNOSES W MCC,508,15955.0
WI,329 - MAJOR SMALL & LARGE BOWEL PROCEDURES W MCC,475,39397.0
WI,394 - OTHER DIGESTIVE SYSTEM DIAGNOSES W CC,535,7386.0
WI,462 - BILATERAL OR MULTIPLE MAJOR JOINT PROCS OF LOWER EXTREMITY W/O MCC,69,22397.0
WI,468 - REVISION OF HIP OR KNEE REPLACEMENT W/O CC/MCC,146,21703.0
WI,469 - MAJOR JOINT REPLACEMENT OR REATTACHMENT OF LOWER EXTREMITY W MCC,314,21535.0
WI,"640 - MISC DISORDERS OF NUTRITION,METABOLISM,FLUIDS/ELECTROLYTES W MCC",713,8866.0
WI,698 - OTHER KIDNEY & URINARY TRACT DIAGNOSES W MCC,808,11793.0
WI,811 - RED BLOOD CELL DISORDERS W MCC,158,10137.0
WI,812 - RED BLOOD CELL DISORDERS W/O MCC,591,6414.0
WI,853 - INFECTIOUS & PARASITIC DISEASES W O.R. PROCEDURE W MCC,919,39878.0
WI,884 - ORGANIC DISTURBANCES & MENTAL RETARDATION,129,7842.0
WI,897 - ALCOHOL/DRUG ABUSE OR DEPENDENCE W/O REHABILITATION THERAPY W/O MCC,765,5168.0
WI,885 - PSYCHOSES,2152,7236.0
WI,176 - PULMONARY EMBOLISM W/O MCC,539,7087.0
WI,536 - FRACTURES OF HIP & PELVIS W/O MCC,193,5726.0
WI,"563 - FX, SPRN, STRN & DISL EXCEPT FEMUR, HIP, PELVIS & THIGH W/O MCC",228,6532.0
WI,865 - VIRAL ILLNESS W MCC,81,14055.0
WI,178 - RESPIRATORY INFECTIONS & INFLAMMATIONS W CC,487,10226.0
WI,242 - PERMANENT CARDIAC PACEMAKER IMPLANT W MCC,170,26064.0
WI,"281 - ACUTE MYOCARDIAL INFARCTION, DISCHARGED ALIVE W CC",461,7655.0
WI,293 - HEART FAILURE & SHOCK W/O CC/MCC,594,5087.0
WI,"558 - TENDONITIS, MYOSITIS & BURSITIS W/O MCC",114,6515.0
WI,881 - DEPRESSIVE NEUROSES,121,4641.0
WI,101 - SEIZURES W/O MCC,430,6564.0
WI,074 - CRANIAL & PERIPHERAL NERVE DISORDERS W/O MCC,106,8359.0
WI,202 - BRONCHITIS & ASTHMA W CC/MCC,290,6902.0
WI,207 - RESPIRATORY SYSTEM DIAGNOSIS W VENTILATOR SUPPORT 96+ HOURS,120,37313.0
WI,234 - CORONARY BYPASS W CARDIAC CATH W/O MCC,279,35409.0
WI,300 - PERIPHERAL VASCULAR DISORDERS W CC,229,7771.0
WI,372 - MAJOR GASTROINTESTINAL DISORDERS & PERITONEAL INFECTIONS W CC,354,8583.0
WI,379 - G.I. HEMORRHAGE W/O CC/MCC,129,5812.0
WI,418 - LAPAROSCOPIC CHOLECYSTECTOMY W/O C.D.E. W CC,247,13365.0
WI,419 - LAPAROSCOPIC CHOLECYSTECTOMY W/O C.D.E. W/O CC/MCC,74,9269.0
WI,440 - DISORDERS OF PANCREAS EXCEPT MALIGNANCY W/O CC/MCC,63,5433.0
WI,"493 - LOWER EXTREM & HUMER PROC EXCEPT HIP,FOOT,FEMUR W CC",152,18231.0
WI,602 - CELLULITIS W MCC,320,10704.0
WI,918 - POISONING & TOXIC EFFECTS OF DRUGS W/O MCC,226,5614.0
WI,057 - DEGENERATIVE NERVOUS SYSTEM DISORDERS W/O MCC,192,8458.0
WI,"085 - TRAUMATIC STUPOR & COMA, COMA <1 HR W MCC",118,15912.0
WI,100 - SEIZURES W MCC,145,13628.0
WI,149 - DYSEQUILIBRIUM,122,5273.0
WI,152 - OTITIS MEDIA & URI W MCC,58,8907.0
WI,204 - RESPIRATORY SIGNS & SYMPTOMS,103,6050.0
WI,237 - MAJOR CARDIOVASC PROCEDURES W MCC,250,43484.0
WI,244 - PERMANENT CARDIAC PACEMAKER IMPLANT W/O CC/MCC,131,14899.0
WI,251 - PERC CARDIOVASC PROC W/O CORONARY ARTERY STENT W/O MCC,150,16289.0
WI,"286 - CIRCULATORY DISORDERS EXCEPT AMI, W CARD CATH W MCC",353,16444.0
WI,305 - HYPERTENSION W/O MCC,122,6485.0
WI,315 - OTHER CIRCULATORY SYSTEM DIAGNOSES W CC,168,8129.0
WI,331 - MAJOR SMALL & LARGE BOWEL PROCEDURES W/O CC/MCC,178,12816.0
WI,388 - G.I. OBSTRUCTION W MCC,141,14531.0
WI,417 - LAPAROSCOPIC CHOLECYSTECTOMY W/O C.D.E. W MCC,58,18587.0
WI,473 - CERVICAL SPINAL FUSION W/O CC/MCC,166,16844.0
WI,480 - HIP & FEMUR PROCEDURES EXCEPT MAJOR JOINT W MCC,177,22478.0
WI,551 - MEDICAL BACK PROBLEMS W MCC,76,13484.0
WI,637 - DIABETES W MCC,134,10072.0
WI,684 - RENAL FAILURE W/O CC/MCC,133,4966.0
WI,699 - OTHER KIDNEY & URINARY TRACT DIAGNOSES W CC,402,9177.0
WI,854 - INFECTIOUS & PARASITIC DISEASES W O.R. PROCEDURE W CC,76,18912.0
WI,864 - FEVER,93,8242.0
WI,870 - SEPTICEMIA OR SEVERE SEPSIS W MV >96 HOURS,209,46935.0
WI,917 - POISONING & TOXIC EFFECTS OF DRUGS W MCC,270,10867.0
WI,981 - EXTENSIVE O.R. PROCEDURE UNRELATED TO PRINCIPAL DIAGNOSIS W MCC,237,39791.0
WI,982 - EXTENSIVE O.R. PROCEDURE UNRELATED TO PRINCIPAL DIAGNOSIS W CC,116,21442.0
WI,"004 - TRACH W MV 96+ HRS OR PDX EXC FACE, MOUTH & NECK W/O MAJ O.R.",112,85817.0
WI,252 - OTHER VASCULAR PROCEDURES W MCC,285,27841.0
WI,393 - OTHER DIGESTIVE SYSTEM DIAGNOSES W MCC,228,13891.0
WI,439 - DISORDERS OF PANCREAS EXCEPT MALIGNANCY W CC,256,8033.0
WI,621 - O.R. PROCEDURES FOR OBESITY W/O CC/MCC,141,12186.0
WI,472 - CERVICAL SPINAL FUSION W CC,72,23253.0
WI,"003 - ECMO OR TRACH W MV >96 HRS OR PDX EXC FACE, MOUTH & NECK W MAJ O.R.",118,154093.0
WI,023 - CRANIO W MAJOR DEV IMPL/ACUTE COMPLEX CNS PDX W MCC OR CHEMO IMPLANT,73,46516.0
WI,025 - CRANIOTOMY & ENDOVASCULAR INTRACRANIAL PROCEDURES W MCC,195,37537.0
WI,026 - CRANIOTOMY & ENDOVASCULAR INTRACRANIAL PROCEDURES W CC,89,29673.0
WI,027 - CRANIOTOMY & ENDOVASCULAR INTRACRANIAL PROCEDURES W/O CC/MCC,105,20075.0
WI,054 - NERVOUS SYSTEM NEOPLASMS W MCC,109,11684.0
WI,070 - NONSPECIFIC CEREBROVASCULAR DISORDERS W MCC,100,12235.0
WI,071 - NONSPECIFIC CEREBROVASCULAR DISORDERS W CC,67,7074.0
WI,"086 - TRAUMATIC STUPOR & COMA, COMA <1 HR W CC",149,9612.0
WI,"087 - TRAUMATIC STUPOR & COMA, COMA <1 HR W/O CC/MCC",81,6375.0
WI,091 - OTHER DISORDERS OF NERVOUS SYSTEM W MCC,84,13326.0
WI,163 - MAJOR CHEST PROCEDURES W MCC,87,43630.0
WI,165 - MAJOR CHEST PROCEDURES W/O CC/MCC,72,16515.0
WI,166 - OTHER RESP SYSTEM O.R. PROCEDURES W MCC,141,29865.0
WI,167 - OTHER RESP SYSTEM O.R. PROCEDURES W CC,72,16904.0
WI,180 - RESPIRATORY NEOPLASMS W MCC,105,14440.0
WI,181 - RESPIRATORY NEOPLASMS W CC,70,10394.0
WI,205 - OTHER RESPIRATORY SYSTEM DIAGNOSES W MCC,48,14099.0
WI,206 - OTHER RESPIRATORY SYSTEM DIAGNOSES W/O MCC,79,7520.0
WI,216 - CARDIAC VALVE & OTH MAJ CARDIOTHORACIC PROC W CARD CATH W MCC,87,81886.0
WI,219 - CARDIAC VALVE & OTH MAJ CARDIOTHORACIC PROC W/O CARD CATH W MCC,201,62354.0
WI,220 - CARDIAC VALVE & OTH MAJ CARDIOTHORACIC PROC W/O CARD CATH W CC,446,36787.0
WI,233 - CORONARY BYPASS W CARDIAC CATH W MCC,96,52255.0
WI,235 - CORONARY BYPASS W/O CARDIAC CATH W MCC,49,41467.0
WI,239 - AMPUTATION FOR CIRC SYS DISORDERS EXC UPPER LIMB & TOE W MCC,54,41362.0
WI,249 - PERC CARDIOVASC PROC W NON-DRUG-ELUTING STENT W/O MCC,84,13771.0
WI,250 - PERC CARDIOVASC PROC W/O CORONARY ARTERY STENT W MCC,65,24847.0
WI,264 - OTHER CIRCULATORY SYSTEM O.R. PROCEDURES,60,23091.0
WI,266 - ENDOVASCULAR CARDIAC VALVE REPLACEMENT W MCC,178,59217.0
WI,267 - ENDOVASCULAR CARDIAC VALVE REPLACEMENT W/O MCC,295,47423.0
WI,299 - PERIPHERAL VASCULAR DISORDERS W MCC,78,12298.0
WI,"326 - STOMACH, ESOPHAGEAL & DUODENAL PROC W MCC",63,59884.0
WI,"327 - STOMACH, ESOPHAGEAL & DUODENAL PROC W CC",87,24341.0
WI,354 - HERNIA PROCEDURES EXCEPT INGUINAL & FEMORAL W CC,74,16307.0
WI,371 - MAJOR GASTROINTESTINAL DISORDERS & PERITONEAL INFECTIONS W MCC,155,14598.0
WI,"405 - PANCREAS, LIVER & SHUNT PROCEDURES W MCC",51,45630.0
WI,435 - MALIGNANCY OF HEPATOBILIARY SYSTEM OR PANCREAS W MCC,100,16046.0
WI,438 - DISORDERS OF PANCREAS EXCEPT MALIGNANCY W MCC,83,15707.0
WI,"441 - DISORDERS OF LIVER EXCEPT MALIG,CIRR,ALC HEPA W MCC",130,20425.0
WI,"442 - DISORDERS OF LIVER EXCEPT MALIG,CIRR,ALC HEPA W CC",128,10051.0
WI,444 - DISORDERS OF THE BILIARY TRACT W MCC,60,13072.0
WI,445 - DISORDERS OF THE BILIARY TRACT W CC,151,9246.0
WI,"464 - WND DEBRID & SKN GRFT EXC HAND, FOR MUSCULO-CONN TISS DIS W CC",58,24854.0
WI,501 - SOFT TISSUE PROCEDURES W CC,53,15594.0
WI,516 - OTHER MUSCULOSKELET SYS & CONN TISS O.R. PROC W CC,54,14726.0
WI,519 - BACK & NECK PROC EXC SPINAL FUSION W CC,78,13857.0
WI,520 - BACK & NECK PROC EXC SPINAL FUSION W/O CC/MCC,155,9674.0
WI,554 - BONE DISEASES & ARTHROPATHIES W/O MCC,53,6351.0
WI,556 - SIGNS & SYMPTOMS OF MUSCULOSKELETAL SYSTEM & CONN TISSUE W/O MCC,88,6338.0
WI,"617 - AMPUTAT OF LOWER LIMB FOR ENDOCRINE,NUTRIT,& METABOL DIS W CC",60,14249.0
WI,652 - KIDNEY TRANSPLANT,241,42789.0
WI,657 - KIDNEY & URETER PROCEDURES FOR NEOPLASM W CC,90,17921.0
WI,660 - KIDNEY & URETER PROCEDURES FOR NON-NEOPLASM W CC,74,19704.0
WI,669 - TRANSURETHRAL PROCEDURES W CC,67,9928.0
WI,809 - MAJOR HEMATOL/IMMUN DIAG EXC SICKLE CELL CRISIS & COAGUL W CC,151,11207.0
WI,840 - LYMPHOMA & NON-ACUTE LEUKEMIA W MCC,58,28580.0
WI,841 - LYMPHOMA & NON-ACUTE LEUKEMIA W CC,58,15047.0
WI,847 - CHEMOTHERAPY W/O ACUTE LEUKEMIA AS SECONDARY DIAGNOSIS W CC,168,10824.0
WI,857 - POSTOPERATIVE OR POST-TRAUMATIC INFECTIONS W O.R. PROC W CC,64,17871.0
WI,862 - POSTOPERATIVE & POST-TRAUMATIC INFECTIONS W MCC,87,17410.0
WI,863 - POSTOPERATIVE & POST-TRAUMATIC INFECTIONS W/O MCC,74,10502.0
WI,880 - ACUTE ADJUSTMENT REACTION & PSYCHOSOCIAL DYSFUNCTION,71,5990.0
WI,907 - OTHER O.R. PROCEDURES FOR INJURIES W MCC,57,39288.0
WI,919 - COMPLICATIONS OF TREATMENT W MCC,115,15199.0
WI,920 - COMPLICATIONS OF TREATMENT W CC,129,9245.0
WI,016 - AUTOLOGOUS BONE MARROW TRANSPLANT W CC/MCC,44,57974.0
WI,"082 - TRAUMATIC STUPOR & COMA, COMA >1 HR W MCC",33,17689.0
WI,254 - OTHER VASCULAR PROCEDURES W/O CC/MCC,92,11827.0
WI,"328 - STOMACH, ESOPHAGEAL & DUODENAL PROC W/O CC/MCC",44,14345.0
WI,374 - DIGESTIVE MALIGNANCY W MCC,54,19424.0
WI,375 - DIGESTIVE MALIGNANCY W CC,75,10828.0
WI,"406 - PANCREAS, LIVER & SHUNT PROCEDURES W CC",54,28967.0
WI,"494 - LOWER EXTREM & HUMER PROC EXCEPT HIP,FOOT,FEMUR W/O CC/MCC",47,14515.0
WI,543 - PATHOLOGICAL FRACTURES & MUSCULOSKELET & CONN TISS MALIG W CC,102,9422.0
WI,"282 - ACUTE MYOCARDIAL INFARCTION, DISCHARGED ALIVE W/O CC/MCC",87,5643.0
WI,482 - HIP & FEMUR PROCEDURES EXCEPT MAJOR JOINT W/O CC/MCC,102,12877.0
MN,189 - PULMONARY EDEMA & RESPIRATORY FAILURE,2499,9739.0
MN,190 - CHRONIC OBSTRUCTIVE PULMONARY DISEASE W MCC,1449,8711.0
MN,191 - CHRONIC OBSTRUCTIVE PULMONARY DISEASE W CC,933,7487.0
MN,291 - HEART FAILURE & SHOCK W MCC,3318,11492.0
MN,292 - HEART FAILURE & SHOCK W CC,2760,7746.0
MN,308 - CARDIAC ARRHYTHMIA & CONDUCTION DISORDERS W MCC,1161,9700.0
MN,309 - CARDIAC ARRHYTHMIA & CONDUCTION DISORDERS W CC,1442,6332.0
MN,378 - G.I. HEMORRHAGE W CC,2149,7844.0
MN,"392 - ESOPHAGITIS, GASTROENT & MISC DIGEST DISORDERS W/O MCC",2477,6030.0
MN,470 - MAJOR JOINT REPLACEMENT OR REATTACHMENT OF LOWER EXTREMITY W/O MCC,11772,15933.0
MN,683 - RENAL FAILURE W CC,1745,7721.0
MN,871 - SEPTICEMIA OR SEVERE SEPSIS W/O MV 96+ HOURS W MCC,8371,13847.0
MN,872 - SEPTICEMIA OR SEVERE SEPSIS W/O MV >96 HOURS W/O MCC,2727,8112.0
MN,895 - ALCOHOL/DRUG ABUSE OR DEPENDENCE W REHABILITATION THERAPY,87,9807.0
MN,065 - INTRACRANIAL HEMORRHAGE OR CEREBRAL INFARCTION W CC OR TPA IN 24 HRS,1678,8333.0
MN,192 - CHRONIC OBSTRUCTIVE PULMONARY DISEASE W/O CC/MCC,287,5663.0
MN,194 - SIMPLE PNEUMONIA & PLEURISY W CC,1978,7370.0
MN,293 - HEART FAILURE & SHOCK W/O CC/MCC,611,5296.0
MN,389 - G.I. OBSTRUCTION W CC,948,6775.0
MN,481 - HIP & FEMUR PROCEDURES EXCEPT MAJOR JOINT W CC,1375,14543.0
MN,483 - MAJOR JOINT/LIMB REATTACHMENT PROCEDURE OF UPPER EXTREMITIES,1498,18733.0
MN,603 - CELLULITIS W/O MCC,1680,6719.0
MN,812 - RED BLOOD CELL DISORDERS W/O MCC,552,6631.0
MN,153 - OTITIS MEDIA & URI W/O MCC,490,5506.0
MN,310 - CARDIAC ARRHYTHMIA & CONDUCTION DISORDERS W/O CC/MCC,812,4663.0
MN,690 - KIDNEY & URINARY TRACT INFECTIONS W/O MCC,1376,6117.0
MN,"280 - ACUTE MYOCARDIAL INFARCTION, DISCHARGED ALIVE W MCC",815,12937.0
MN,176 - PULMONARY EMBOLISM W/O MCC,518,7517.0
MN,193 - SIMPLE PNEUMONIA & PLEURISY W MCC,2078,10730.0
MN,"641 - MISC DISORDERS OF NUTRITION,METABOLISM,FLUIDS/ELECTROLYTES W/O MCC",1335,5736.0
MN,682 - RENAL FAILURE W MCC,1361,12103.0
MN,330 - MAJOR SMALL & LARGE BOWEL PROCEDURES W CC,951,20947.0
MN,460 - SPINAL FUSION EXCEPT CERVICAL W/O MCC,1401,29873.0
MN,467 - REVISION OF HIP OR KNEE REPLACEMENT W CC,652,26726.0
MN,468 - REVISION OF HIP OR KNEE REPLACEMENT W/O CC/MCC,233,23813.0
MN,520 - BACK & NECK PROC EXC SPINAL FUSION W/O CC/MCC,517,9593.0
MN,552 - MEDICAL BACK PROBLEMS W/O MCC,962,7269.0
MN,669 - TRANSURETHRAL PROCEDURES W CC,146,9296.0
MN,177 - RESPIRATORY INFECTIONS & INFLAMMATIONS W MCC,1036,15211.0
MN,536 - FRACTURES OF HIP & PELVIS W/O MCC,297,5753.0
MN,"003 - ECMO OR TRACH W MV >96 HRS OR PDX EXC FACE, MOUTH & NECK W MAJ O.R.",242,194420.0
MN,"004 - TRACH W MV 96+ HRS OR PDX EXC FACE, MOUTH & NECK W/O MAJ O.R.",136,102434.0
MN,023 - CRANIO W MAJOR DEV IMPL/ACUTE COMPLEX CNS PDX W MCC OR CHEMO IMPLANT,144,44290.0
MN,025 - CRANIOTOMY & ENDOVASCULAR INTRACRANIAL PROCEDURES W MCC,459,36025.0
MN,026 - CRANIOTOMY & ENDOVASCULAR INTRACRANIAL PROCEDURES W CC,179,26734.0
MN,027 - CRANIOTOMY & ENDOVASCULAR INTRACRANIAL PROCEDURES W/O CC/MCC,317,20064.0
MN,038 - EXTRACRANIAL PROCEDURES W CC,217,12071.0
MN,039 - EXTRACRANIAL PROCEDURES W/O CC/MCC,373,8514.0
MN,041 - PERIPH/CRANIAL NERVE & OTHER NERV SYST PROC W CC OR PERIPH NEUROSTIM,92,16690.0
MN,057 - DEGENERATIVE NERVOUS SYSTEM DISORDERS W/O MCC,333,8954.0
MN,064 - INTRACRANIAL HEMORRHAGE OR CEREBRAL INFARCTION W MCC,1137,13726.0
MN,066 - INTRACRANIAL HEMORRHAGE OR CEREBRAL INFARCTION W/O CC/MCC,678,5912.0
MN,070 - NONSPECIFIC CEREBROVASCULAR DISORDERS W MCC,250,14879.0
MN,071 - NONSPECIFIC CEREBROVASCULAR DISORDERS W CC,294,7894.0
MN,"085 - TRAUMATIC STUPOR & COMA, COMA <1 HR W MCC",168,16528.0
MN,"086 - TRAUMATIC STUPOR & COMA, COMA <1 HR W CC",304,9199.0
MN,"087 - TRAUMATIC STUPOR & COMA, COMA <1 HR W/O CC/MCC",138,7091.0
MN,091 - OTHER DISORDERS OF NERVOUS SYSTEM W MCC,233,15235.0
MN,092 - OTHER DISORDERS OF NERVOUS SYSTEM W CC,301,7891.0
MN,100 - SEIZURES W MCC,429,13225.0
MN,101 - SEIZURES W/O MCC,652,6778.0
MN,163 - MAJOR CHEST PROCEDURES W MCC,106,42632.0
MN,164 - MAJOR CHEST PROCEDURES W CC,436,21610.0
MN,165 - MAJOR CHEST PROCEDURES W/O CC/MCC,170,15829.0
MN,175 - PULMONARY EMBOLISM W MCC,304,13045.0
MN,178 - RESPIRATORY INFECTIONS & INFLAMMATIONS W CC,449,11521.0
MN,180 - RESPIRATORY NEOPLASMS W MCC,247,13596.0
MN,181 - RESPIRATORY NEOPLASMS W CC,65,9264.0
MN,195 - SIMPLE PNEUMONIA & PLEURISY W/O CC/MCC,500,5300.0
MN,202 - BRONCHITIS & ASTHMA W CC/MCC,218,7986.0
MN,205 - OTHER RESPIRATORY SYSTEM DIAGNOSES W MCC,101,20867.0
MN,207 - RESPIRATORY SYSTEM DIAGNOSIS W VENTILATOR SUPPORT 96+ HOURS,194,47577.0
MN,208 - RESPIRATORY SYSTEM DIAGNOSIS W VENTILATOR SUPPORT <96 HOURS,746,20689.0
MN,219 - CARDIAC VALVE & OTH MAJ CARDIOTHORACIC PROC W/O CARD CATH W MCC,493,63420.0
MN,220 - CARDIAC VALVE & OTH MAJ CARDIOTHORACIC PROC W/O CARD CATH W CC,588,42145.0
MN,233 - CORONARY BYPASS W CARDIAC CATH W MCC,212,59010.0
MN,234 - CORONARY BYPASS W CARDIAC CATH W/O MCC,208,37127.0
MN,236 - CORONARY BYPASS W/O CARDIAC CATH W/O MCC,322,31125.0
MN,237 - MAJOR CARDIOVASC PROCEDURES W MCC,370,50819.0
MN,238 - MAJOR CARDIOVASC PROCEDURES W/O MCC,623,27970.0
MN,239 - AMPUTATION FOR CIRC SYS DISORDERS EXC UPPER LIMB & TOE W MCC,53,41475.0
MN,242 - PERMANENT CARDIAC PACEMAKER IMPLANT W MCC,394,27712.0
MN,243 - PERMANENT CARDIAC PACEMAKER IMPLANT W CC,533,19889.0
MN,244 - PERMANENT CARDIAC PACEMAKER IMPLANT W/O CC/MCC,303,16615.0
MN,246 - PERC CARDIOVASC PROC W DRUG-ELUTING STENT W MCC OR 4+ VESSELS/STENTS,854,26515.0
MN,247 - PERC CARDIOVASC PROC W DRUG-ELUTING STENT W/O MCC,1866,16422.0
MN,250 - PERC CARDIOVASC PROC W/O CORONARY ARTERY STENT W MCC,216,26138.0
MN,251 - PERC CARDIOVASC PROC W/O CORONARY ARTERY STENT W/O MCC,423,18837.0
MN,252 - OTHER VASCULAR PROCEDURES W MCC,330,29114.0
MN,253 - OTHER VASCULAR PROCEDURES W CC,539,20352.0
MN,254 - OTHER VASCULAR PROCEDURES W/O CC/MCC,214,13546.0
MN,266 - ENDOVASCULAR CARDIAC VALVE REPLACEMENT W MCC,229,70064.0
MN,267 - ENDOVASCULAR CARDIAC VALVE REPLACEMENT W/O MCC,266,52111.0
MN,"281 - ACUTE MYOCARDIAL INFARCTION, DISCHARGED ALIVE W CC",571,7935.0
MN,"282 - ACUTE MYOCARDIAL INFARCTION, DISCHARGED ALIVE W/O CC/MCC",244,5777.0
MN,"286 - CIRCULATORY DISORDERS EXCEPT AMI, W CARD CATH W MCC",636,19078.0
MN,"287 - CIRCULATORY DISORDERS EXCEPT AMI, W CARD CATH W/O MCC",1142,9291.0
MN,299 - PERIPHERAL VASCULAR DISORDERS W MCC,149,11550.0
MN,300 - PERIPHERAL VASCULAR DISORDERS W CC,319,8201.0
MN,312 - SYNCOPE & COLLAPSE,758,6043.0
MN,313 - CHEST PAIN,484,5099.0
MN,314 - OTHER CIRCULATORY SYSTEM DIAGNOSES W MCC,679,17196.0
MN,315 - OTHER CIRCULATORY SYSTEM DIAGNOSES W CC,340,9134.0
MN,"326 - STOMACH, ESOPHAGEAL & DUODENAL PROC W MCC",127,50326.0
MN,329 - MAJOR SMALL & LARGE BOWEL PROCEDURES W MCC,587,43153.0
MN,331 - MAJOR SMALL & LARGE BOWEL PROCEDURES W/O CC/MCC,278,13544.0
MN,336 - PERITONEAL ADHESIOLYSIS W CC,99,19359.0
MN,354 - HERNIA PROCEDURES EXCEPT INGUINAL & FEMORAL W CC,101,14749.0
MN,371 - MAJOR GASTROINTESTINAL DISORDERS & PERITONEAL INFECTIONS W MCC,214,15349.0
MN,372 - MAJOR GASTROINTESTINAL DISORDERS & PERITONEAL INFECTIONS W CC,346,8764.0
MN,377 - G.I. HEMORRHAGE W MCC,738,14854.0
MN,388 - G.I. OBSTRUCTION W MCC,270,13939.0
MN,390 - G.I. OBSTRUCTION W/O CC/MCC,446,4874.0
MN,"391 - ESOPHAGITIS, GASTROENT & MISC DIGEST DISORDERS W MCC",645,10568.0
MN,393 - OTHER DIGESTIVE SYSTEM DIAGNOSES W MCC,328,15355.0
MN,394 - OTHER DIGESTIVE SYSTEM DIAGNOSES W CC,624,7963.0
MN,395 - OTHER DIGESTIVE SYSTEM DIAGNOSES W/O CC/MCC,85,7591.0
MN,417 - LAPAROSCOPIC CHOLECYSTECTOMY W/O C.D.E. W MCC,187,18458.0
MN,418 - LAPAROSCOPIC CHOLECYSTECTOMY W/O C.D.E. W CC,292,12885.0
MN,419 - LAPAROSCOPIC CHOLECYSTECTOMY W/O C.D.E. W/O CC/MCC,143,9401.0
MN,432 - CIRRHOSIS & ALCOHOLIC HEPATITIS W MCC,126,16557.0
MN,435 - MALIGNANCY OF HEPATOBILIARY SYSTEM OR PANCREAS W MCC,169,14103.0
MN,438 - DISORDERS OF PANCREAS EXCEPT MALIGNANCY W MCC,138,19767.0
MN,439 - DISORDERS OF PANCREAS EXCEPT MALIGNANCY W CC,380,7975.0
MN,"441 - DISORDERS OF LIVER EXCEPT MALIG,CIRR,ALC HEPA W MCC",290,19915.0
MN,"442 - DISORDERS OF LIVER EXCEPT MALIG,CIRR,ALC HEPA W CC",186,8663.0
MN,445 - DISORDERS OF THE BILIARY TRACT W CC,225,8763.0
MN,454 - COMBINED ANTERIOR/POSTERIOR SPINAL FUSION W CC,195,61923.0
MN,459 - SPINAL FUSION EXCEPT CERVICAL W MCC,57,46653.0
MN,"464 - WND DEBRID & SKN GRFT EXC HAND, FOR MUSCULO-CONN TISS DIS W CC",116,28274.0
MN,466 - REVISION OF HIP OR KNEE REPLACEMENT W MCC,43,52056.0
MN,469 - MAJOR JOINT REPLACEMENT OR REATTACHMENT OF LOWER EXTREMITY W MCC,550,23307.0
MN,472 - CERVICAL SPINAL FUSION W CC,223,23279.0
MN,473 - CERVICAL SPINAL FUSION W/O CC/MCC,266,16823.0
MN,480 - HIP & FEMUR PROCEDURES EXCEPT MAJOR JOINT W MCC,417,23297.0
MN,"493 - LOWER EXTREM & HUMER PROC EXCEPT HIP,FOOT,FEMUR W CC",356,15621.0
MN,"494 - LOWER EXTREM & HUMER PROC EXCEPT HIP,FOOT,FEMUR W/O CC/MCC",153,13515.0
MN,496 - LOCAL EXCISION & REMOVAL INT FIX DEVICES EXC HIP & FEMUR W CC,70,16065.0
MN,501 - SOFT TISSUE PROCEDURES W CC,62,17629.0
MN,516 - OTHER MUSCULOSKELET SYS & CONN TISS O.R. PROC W CC,106,18120.0
MN,519 - BACK & NECK PROC EXC SPINAL FUSION W CC,439,13785.0
MN,543 - PATHOLOGICAL FRACTURES & MUSCULOSKELET & CONN TISS MALIG W CC,193,9785.0
MN,556 - SIGNS & SYMPTOMS OF MUSCULOSKELETAL SYSTEM & CONN TISSUE W/O MCC,177,6516.0
MN,"563 - FX, SPRN, STRN & DISL EXCEPT FEMUR, HIP, PELVIS & THIGH W/O MCC",293,6663.0
MN,"580 - OTHER SKIN, SUBCUT TISS & BREAST PROC W CC",97,14517.0
MN,602 - CELLULITIS W MCC,276,11619.0
MN,"605 - TRAUMA TO THE SKIN, SUBCUT TISS & BREAST W/O MCC",89,7432.0
MN,637 - DIABETES W MCC,225,11206.0
MN,638 - DIABETES W CC,443,7248.0
MN,"640 - MISC DISORDERS OF NUTRITION,METABOLISM,FLUIDS/ELECTROLYTES W MCC",749,9626.0
MN,644 - ENDOCRINE DISORDERS W CC,64,9241.0
MN,657 - KIDNEY & URETER PROCEDURES FOR NEOPLASM W CC,198,17945.0
MN,684 - RENAL FAILURE W/O CC/MCC,94,5173.0
MN,689 - KIDNEY & URINARY TRACT INFECTIONS W MCC,623,8219.0
MN,694 - URINARY STONES W/O ESW LITHOTRIPSY W/O MCC,168,5872.0
MN,698 - OTHER KIDNEY & URINARY TRACT DIAGNOSES W MCC,603,12940.0
MN,699 - OTHER KIDNEY & URINARY TRACT DIAGNOSES W CC,353,9407.0
MN,811 - RED BLOOD CELL DISORDERS W MCC,235,11020.0
MN,841 - LYMPHOMA & NON-ACUTE LEUKEMIA W CC,90,15972.0
MN,847 - CHEMOTHERAPY W/O ACUTE LEUKEMIA AS SECONDARY DIAGNOSIS W CC,370,12372.0
MN,853 - INFECTIOUS & PARASITIC DISEASES W O.R. PROCEDURE W MCC,969,41891.0
MN,854 - INFECTIOUS & PARASITIC DISEASES W O.R. PROCEDURE W CC,236,19021.0
MN,857 - POSTOPERATIVE OR POST-TRAUMATIC INFECTIONS W O.R. PROC W CC,128,18900.0
MN,863 - POSTOPERATIVE & POST-TRAUMATIC INFECTIONS W/O MCC,182,8571.0
MN,864 - FEVER,102,7623.0
MN,870 - SEPTICEMIA OR SEVERE SEPSIS W MV >96 HOURS,321,50323.0
MN,881 - DEPRESSIVE NEUROSES,109,6165.0
MN,882 - NEUROSES EXCEPT DEPRESSIVE,63,6047.0
MN,883 - DISORDERS OF PERSONALITY & IMPULSE CONTROL,119,11417.0
MN,884 - ORGANIC DISTURBANCES & MENTAL RETARDATION,180,10482.0
MN,885 - PSYCHOSES,2960,9720.0
MN,896 - ALCOHOL/DRUG ABUSE OR DEPENDENCE W/O REHABILITATION THERAPY W MCC,143,13353.0
MN,897 - ALCOHOL/DRUG ABUSE OR DEPENDENCE W/O REHABILITATION THERAPY W/O MCC,794,6610.0
MN,908 - OTHER O.R. PROCEDURES FOR INJURIES W CC,131,18538.0
MN,917 - POISONING & TOXIC EFFECTS OF DRUGS W MCC,482,13133.0
MN,918 - POISONING & TOXIC EFFECTS OF DRUGS W/O MCC,293,6180.0
MN,919 - COMPLICATIONS OF TREATMENT W MCC,170,22583.0
MN,947 - SIGNS & SYMPTOMS W MCC,93,10199.0
MN,948 - SIGNS & SYMPTOMS W/O MCC,521,6193.0
MN,"956 - LIMB REATTACHMENT, HIP & FEMUR PROC FOR MULTIPLE SIGNIFICANT TRAUMA",33,42365.0
MN,981 - EXTENSIVE O.R. PROCEDURE UNRELATED TO PRINCIPAL DIAGNOSIS W MCC,344,46539.0
MN,982 - EXTENSIVE O.R. PROCEDURE UNRELATED TO PRINCIPAL DIAGNOSIS W CC,171,23592.0
MN,024 - CRANIO W MAJOR DEV IMPL/ACUTE COMPLEX CNS PDX W/O MCC,56,29913.0
MN,054 - NERVOUS SYSTEM NEOPLASMS W MCC,127,11506.0
MN,062 - ACUTE ISCHEMIC STROKE W USE OF THROMBOLYTIC AGENT W CC,72,14125.0
MN,069 - TRANSIENT ISCHEMIA,390,5672.0
MN,074 - CRANIAL & PERIPHERAL NERVE DISORDERS W/O MCC,152,8167.0
MN,149 - DYSEQUILIBRIUM,132,5063.0
MN,204 - RESPIRATORY SIGNS & SYMPTOMS,100,6311.0
MN,227 - CARDIAC DEFIBRILLATOR IMPLANT W/O CARDIAC CATH W/O MCC,97,41021.0
MN,303 - ATHEROSCLEROSIS W/O MCC,91,4874.0
MN,305 - HYPERTENSION W/O MCC,111,5072.0
MN,375 - DIGESTIVE MALIGNANCY W CC,163,10312.0
MN,379 - G.I. HEMORRHAGE W/O CC/MCC,111,5299.0
MN,482 - HIP & FEMUR PROCEDURES EXCEPT MAJOR JOINT W/O CC/MCC,175,11695.0
MN,554 - BONE DISEASES & ARTHROPATHIES W/O MCC,61,5967.0
MN,"558 - TENDONITIS, MYOSITIS & BURSITIS W/O MCC",91,6592.0
MN,"581 - OTHER SKIN, SUBCUT TISS & BREAST PROC W/O CC/MCC",52,8990.0
MN,658 - KIDNEY & URETER PROCEDURES FOR NEOPLASM W/O CC/MCC,89,13070.0
MN,707 - MAJOR MALE PELVIC PROCEDURES W CC/MCC,160,17709.0
MN,708 - MAJOR MALE PELVIC PROCEDURES W/O CC/MCC,380,12444.0
MN,743 - UTERINE & ADNEXA PROC FOR NON-MALIGNANCY W/O CC/MCC,112,8580.0
MN,809 - MAJOR HEMATOL/IMMUN DIAG EXC SICKLE CELL CRISIS & COAGUL W CC,127,12610.0
MN,840 - LYMPHOMA & NON-ACUTE LEUKEMIA W MCC,96,37700.0
MN,862 - POSTOPERATIVE & POST-TRAUMATIC INFECTIONS W MCC,164,15470.0
MN,920 - COMPLICATIONS OF TREATMENT W CC,237,9889.0
MN,235 - CORONARY BYPASS W/O CARDIAC CATH W MCC,104,51665.0
MN,248 - PERC CARDIOVASC PROC W NON-DRUG-ELUTING STENT W MCC OR 4+ VES/STENTS,106,22810.0
MN,152 - OTITIS MEDIA & URI W MCC,137,7479.0
MN,166 - OTHER RESP SYSTEM O.R. PROCEDURES W MCC,170,34020.0
MN,444 - DISORDERS OF THE BILIARY TRACT W MCC,117,13537.0
MN,551 - MEDICAL BACK PROBLEMS W MCC,187,14182.0
MN,001 - HEART TRANSPLANT OR IMPLANT OF HEART ASSIST SYSTEM W MCC,59,269541.0
MN,056 - DEGENERATIVE NERVOUS SYSTEM DISORDERS W MCC,77,16412.0
MN,167 - OTHER RESP SYSTEM O.R. PROCEDURES W CC,59,17523.0
MN,186 - PLEURAL EFFUSION W MCC,51,12443.0
MN,206 - OTHER RESPIRATORY SYSTEM DIAGNOSES W/O MCC,54,7701.0
MN,216 - CARDIAC VALVE & OTH MAJ CARDIOTHORACIC PROC W CARD CATH W MCC,192,89952.0
MN,217 - CARDIAC VALVE & OTH MAJ CARDIOTHORACIC PROC W CARD CATH W CC,105,54812.0
MN,240 - AMPUTATION FOR CIRC SYS DISORDERS EXC UPPER LIMB & TOE W CC,48,23448.0
MN,249 - PERC CARDIOVASC PROC W NON-DRUG-ELUTING STENT W/O MCC,166,14398.0
MN,264 - OTHER CIRCULATORY SYSTEM O.R. PROCEDURES,52,32573.0
MN,"327 - STOMACH, ESOPHAGEAL & DUODENAL PROC W CC",147,26884.0
MN,"328 - STOMACH, ESOPHAGEAL & DUODENAL PROC W/O CC/MCC",107,13550.0
MN,374 - DIGESTIVE MALIGNANCY W MCC,67,18096.0
MN,"406 - PANCREAS, LIVER & SHUNT PROCEDURES W CC",138,28500.0
MN,457 - SPINAL FUS EXC CERV W SPINAL CURV/MALIG/INFEC OR EXT FUS W CC,79,57062.0
MN,502 - SOFT TISSUE PROCEDURES W/O CC/MCC,52,11336.0
MN,621 - O.R. PROCEDURES FOR OBESITY W/O CC/MCC,68,12533.0
MN,652 - KIDNEY TRANSPLANT,238,43339.0
MN,660 - KIDNEY & URETER PROCEDURES FOR NON-NEOPLASM W CC,103,17906.0
MN,742 - UTERINE & ADNEXA PROC FOR NON-MALIGNANCY W CC/MCC,71,13151.0
MN,813 - COAGULATION DISORDERS,47,15107.0
MN,856 - POSTOPERATIVE OR POST-TRAUMATIC INFECTIONS W O.R. PROC W MCC,53,52262.0
MN,987 - NON-EXTENSIVE O.R. PROC UNRELATED TO PRINCIPAL DIAGNOSIS W MCC,46,32543.0
MN,"082 - TRAUMATIC STUPOR & COMA, COMA >1 HR W MCC",47,19927.0
MN,"283 - ACUTE MYOCARDIAL INFARCTION, EXPIRED W MCC",53,13968.0
MN,462 - BILATERAL OR MULTIPLE MAJOR JOINT PROCS OF LOWER EXTREMITY W/O MCC,109,26255.0
MN,"405 - PANCREAS, LIVER & SHUNT PROCEDURES W MCC",47,57939.0
MN,654 - MAJOR BLADDER PROCEDURES W CC,75,32148.0
MN,846 - CHEMOTHERAPY W/O ACUTE LEUKEMIA AS SECONDARY DIAGNOSIS W MCC,69,25311.0
MN,907 - OTHER O.R. PROCEDURES FOR INJURIES W MCC,64,40190.0
MN,228 - OTHER CARDIOTHORACIC PROCEDURES W MCC,21,69374.0
MN,229 - OTHER CARDIOTHORACIC PROCEDURES W CC,48,45505.0
MN,345 - MINOR SMALL & LARGE BOWEL PROCEDURES W CC,44,16413.0
MN,656 - KIDNEY & URETER PROCEDURES FOR NEOPLASM W MCC,21,48458.0
MN,837 - CHEMO W ACUTE LEUKEMIA AS SDX OR W HIGH DOSE CHEMO AGENT W MCC,46,69217.0
MN,988 - NON-EXTENSIVE O.R. PROC UNRELATED TO PRINCIPAL DIAGNOSIS W CC,21,18751.0
SD,065 - INTRACRANIAL HEMORRHAGE OR CEREBRAL INFARCTION W CC OR TPA IN 24 HRS,367,7666.0
SD,066 - INTRACRANIAL HEMORRHAGE OR CEREBRAL INFARCTION W/O CC/MCC,130,5732.0
SD,192 - CHRONIC OBSTRUCTIVE PULMONARY DISEASE W/O CC/MCC,115,5622.0
SD,194 - SIMPLE PNEUMONIA & PLEURISY W CC,586,7262.0
SD,195 - SIMPLE PNEUMONIA & PLEURISY W/O CC/MCC,180,5703.0
SD,292 - HEART FAILURE & SHOCK W CC,562,8963.0
SD,293 - HEART FAILURE & SHOCK W/O CC/MCC,155,4769.0
SD,"392 - ESOPHAGITIS, GASTROENT & MISC DIGEST DISORDERS W/O MCC",408,5821.0
SD,470 - MAJOR JOINT REPLACEMENT OR REATTACHMENT OF LOWER EXTREMITY W/O MCC,3401,13861.0
SD,552 - MEDICAL BACK PROBLEMS W/O MCC,132,6958.0
SD,603 - CELLULITIS W/O MCC,330,6394.0
SD,"641 - MISC DISORDERS OF NUTRITION,METABOLISM,FLUIDS/ELECTROLYTES W/O MCC",280,5349.0
SD,690 - KIDNEY & URINARY TRACT INFECTIONS W/O MCC,325,5678.0
SD,872 - SEPTICEMIA OR SEVERE SEPSIS W/O MV >96 HOURS W/O MCC,543,7774.0
SD,460 - SPINAL FUSION EXCEPT CERVICAL W/O MCC,440,26459.0
SD,473 - CERVICAL SPINAL FUSION W/O CC/MCC,122,15288.0
SD,483 - MAJOR JOINT/LIMB REATTACHMENT PROCEDURE OF UPPER EXTREMITIES,377,15442.0
SD,519 - BACK & NECK PROC EXC SPINAL FUSION W CC,53,10377.0
SD,520 - BACK & NECK PROC EXC SPINAL FUSION W/O CC/MCC,107,7696.0
SD,039 - EXTRACRANIAL PROCEDURES W/O CC/MCC,157,13590.0
SD,177 - RESPIRATORY INFECTIONS & INFLAMMATIONS W MCC,146,13998.0
SD,178 - RESPIRATORY INFECTIONS & INFLAMMATIONS W CC,76,10068.0
SD,190 - CHRONIC OBSTRUCTIVE PULMONARY DISEASE W MCC,372,8576.0
SD,191 - CHRONIC OBSTRUCTIVE PULMONARY DISEASE W CC,249,6863.0
SD,193 - SIMPLE PNEUMONIA & PLEURISY W MCC,448,10249.0
SD,254 - OTHER VASCULAR PROCEDURES W/O CC/MCC,46,11800.0
SD,"280 - ACUTE MYOCARDIAL INFARCTION, DISCHARGED ALIVE W MCC",183,11158.0
SD,"281 - ACUTE MYOCARDIAL INFARCTION, DISCHARGED ALIVE W CC",95,6807.0
SD,291 - HEART FAILURE & SHOCK W MCC,554,10684.0
SD,308 - CARDIAC ARRHYTHMIA & CONDUCTION DISORDERS W MCC,180,8699.0
SD,309 - CARDIAC ARRHYTHMIA & CONDUCTION DISORDERS W CC,254,5796.0
SD,310 - CARDIAC ARRHYTHMIA & CONDUCTION DISORDERS W/O CC/MCC,200,4109.0
SD,313 - CHEST PAIN,88,4775.0
SD,378 - G.I. HEMORRHAGE W CC,510,7215.0
SD,469 - MAJOR JOINT REPLACEMENT OR REATTACHMENT OF LOWER EXTREMITY W MCC,169,22266.0
SD,480 - HIP & FEMUR PROCEDURES EXCEPT MAJOR JOINT W MCC,133,20479.0
SD,481 - HIP & FEMUR PROCEDURES EXCEPT MAJOR JOINT W CC,447,13870.0
SD,638 - DIABETES W CC,73,6170.0
SD,683 - RENAL FAILURE W CC,361,6910.0
SD,812 - RED BLOOD CELL DISORDERS W/O MCC,91,6178.0
SD,871 - SEPTICEMIA OR SEVERE SEPSIS W/O MV 96+ HOURS W MCC,1816,13012.0
SD,468 - REVISION OF HIP OR KNEE REPLACEMENT W/O CC/MCC,67,18888.0
SD,036 - CAROTID ARTERY STENT PROCEDURE W/O CC/MCC,58,11575.0
SD,038 - EXTRACRANIAL PROCEDURES W CC,51,10010.0
SD,220 - CARDIAC VALVE & OTH MAJ CARDIOTHORACIC PROC W/O CARD CATH W CC,63,34162.0
SD,233 - CORONARY BYPASS W CARDIAC CATH W MCC,54,49482.0
SD,234 - CORONARY BYPASS W CARDIAC CATH W/O MCC,74,31142.0
SD,235 - CORONARY BYPASS W/O CARDIAC CATH W MCC,33,34760.0
SD,236 - CORONARY BYPASS W/O CARDIAC CATH W/O MCC,106,23091.0
SD,237 - MAJOR CARDIOVASC PROCEDURES W MCC,72,43650.0
SD,238 - MAJOR CARDIOVASC PROCEDURES W/O MCC,216,22750.0
SD,242 - PERMANENT CARDIAC PACEMAKER IMPLANT W MCC,57,26703.0
SD,244 - PERMANENT CARDIAC PACEMAKER IMPLANT W/O CC/MCC,72,15028.0
SD,246 - PERC CARDIOVASC PROC W DRUG-ELUTING STENT W MCC OR 4+ VESSELS/STENTS,189,21847.0
SD,247 - PERC CARDIOVASC PROC W DRUG-ELUTING STENT W/O MCC,391,19658.0
SD,248 - PERC CARDIOVASC PROC W NON-DRUG-ELUTING STENT W MCC OR 4+ VES/STENTS,53,20310.0
SD,249 - PERC CARDIOVASC PROC W NON-DRUG-ELUTING STENT W/O MCC,59,13207.0
SD,252 - OTHER VASCULAR PROCEDURES W MCC,74,26576.0
SD,253 - OTHER VASCULAR PROCEDURES W CC,111,17212.0
SD,"286 - CIRCULATORY DISORDERS EXCEPT AMI, W CARD CATH W MCC",76,14948.0
SD,"287 - CIRCULATORY DISORDERS EXCEPT AMI, W CARD CATH W/O MCC",249,7749.0
SD,025 - CRANIOTOMY & ENDOVASCULAR INTRACRANIAL PROCEDURES W MCC,66,29968.0
SD,057 - DEGENERATIVE NERVOUS SYSTEM DISORDERS W/O MCC,33,8070.0
SD,064 - INTRACRANIAL HEMORRHAGE OR CEREBRAL INFARCTION W MCC,200,12367.0
SD,069 - TRANSIENT ISCHEMIA,80,5670.0
SD,"085 - TRAUMATIC STUPOR & COMA, COMA <1 HR W MCC",55,14758.0
SD,"086 - TRAUMATIC STUPOR & COMA, COMA <1 HR W CC",61,8669.0
SD,100 - SEIZURES W MCC,53,13317.0
SD,101 - SEIZURES W/O MCC,55,6785.0
SD,153 - OTITIS MEDIA & URI W/O MCC,67,5419.0
SD,166 - OTHER RESP SYSTEM O.R. PROCEDURES W MCC,61,26496.0
SD,175 - PULMONARY EMBOLISM W MCC,68,11111.0
SD,176 - PULMONARY EMBOLISM W/O MCC,88,7708.0
SD,189 - PULMONARY EDEMA & RESPIRATORY FAILURE,388,8779.0
SD,202 - BRONCHITIS & ASTHMA W CC/MCC,54,6755.0
SD,208 - RESPIRATORY SYSTEM DIAGNOSIS W VENTILATOR SUPPORT <96 HOURS,173,17342.0
SD,300 - PERIPHERAL VASCULAR DISORDERS W CC,62,7537.0
SD,312 - SYNCOPE & COLLAPSE,110,5818.0
SD,314 - OTHER CIRCULATORY SYSTEM DIAGNOSES W MCC,84,14756.0
SD,329 - MAJOR SMALL & LARGE BOWEL PROCEDURES W MCC,132,37179.0
SD,330 - MAJOR SMALL & LARGE BOWEL PROCEDURES W CC,199,17946.0
SD,331 - MAJOR SMALL & LARGE BOWEL PROCEDURES W/O CC/MCC,93,12272.0
SD,371 - MAJOR GASTROINTESTINAL DISORDERS & PERITONEAL INFECTIONS W MCC,51,13541.0
SD,372 - MAJOR GASTROINTESTINAL DISORDERS & PERITONEAL INFECTIONS W CC,89,8558.0
SD,377 - G.I. HEMORRHAGE W MCC,179,12699.0
SD,389 - G.I. OBSTRUCTION W CC,142,6559.0
SD,390 - G.I. OBSTRUCTION W/O CC/MCC,106,5005.0
SD,"391 - ESOPHAGITIS, GASTROENT & MISC DIGEST DISORDERS W MCC",63,11970.0
SD,393 - OTHER DIGESTIVE SYSTEM DIAGNOSES W MCC,53,12591.0
SD,394 - OTHER DIGESTIVE SYSTEM DIAGNOSES W CC,81,7206.0
SD,417 - LAPAROSCOPIC CHOLECYSTECTOMY W/O C.D.E. W MCC,66,17630.0
SD,418 - LAPAROSCOPIC CHOLECYSTECTOMY W/O C.D.E. W CC,72,12421.0
SD,439 - DISORDERS OF PANCREAS EXCEPT MALIGNANCY W CC,58,6943.0
SD,467 - REVISION OF HIP OR KNEE REPLACEMENT W CC,70,22195.0
SD,482 - HIP & FEMUR PROCEDURES EXCEPT MAJOR JOINT W/O CC/MCC,82,11268.0
SD,"493 - LOWER EXTREM & HUMER PROC EXCEPT HIP,FOOT,FEMUR W CC",57,13307.0
SD,"494 - LOWER EXTREM & HUMER PROC EXCEPT HIP,FOOT,FEMUR W/O CC/MCC",51,11013.0
SD,602 - CELLULITIS W MCC,68,10881.0
SD,621 - O.R. PROCEDURES FOR OBESITY W/O CC/MCC,43,11556.0
SD,637 - DIABETES W MCC,53,10329.0
SD,"640 - MISC DISORDERS OF NUTRITION,METABOLISM,FLUIDS/ELECTROLYTES W MCC",116,8642.0
SD,652 - KIDNEY TRANSPLANT,33,30458.0
SD,682 - RENAL FAILURE W MCC,191,10712.0
SD,689 - KIDNEY & URINARY TRACT INFECTIONS W MCC,95,8716.0
SD,698 - OTHER KIDNEY & URINARY TRACT DIAGNOSES W MCC,123,11099.0
SD,699 - OTHER KIDNEY & URINARY TRACT DIAGNOSES W CC,89,7660.0
SD,708 - MAJOR MALE PELVIC PROCEDURES W/O CC/MCC,61,9232.0
SD,809 - MAJOR HEMATOL/IMMUN DIAG EXC SICKLE CELL CRISIS & COAGUL W CC,62,9493.0
SD,853 - INFECTIOUS & PARASITIC DISEASES W O.R. PROCEDURE W MCC,235,38557.0
SD,862 - POSTOPERATIVE & POST-TRAUMATIC INFECTIONS W MCC,33,13486.0
SD,883 - DISORDERS OF PERSONALITY & IMPULSE CONTROL,104,9407.0
SD,885 - PSYCHOSES,364,8047.0
SD,897 - ALCOHOL/DRUG ABUSE OR DEPENDENCE W/O REHABILITATION THERAPY W/O MCC,80,5021.0
SD,917 - POISONING & TOXIC EFFECTS OF DRUGS W MCC,59,9799.0
SD,948 - SIGNS & SYMPTOMS W/O MCC,70,5755.0
SD,981 - EXTENSIVE O.R. PROCEDURE UNRELATED TO PRINCIPAL DIAGNOSIS W MCC,44,37722.0
SD,243 - PERMANENT CARDIAC PACEMAKER IMPLANT W CC,74,18578.0
SD,337 - PERITONEAL ADHESIOLYSIS W/O CC/MCC,21,10664.0
ND,025 - CRANIOTOMY & ENDOVASCULAR INTRACRANIAL PROCEDURES W MCC,60,29648.0
ND,039 - EXTRACRANIAL PROCEDURES W/O CC/MCC,176,7283.0
ND,064 - INTRACRANIAL HEMORRHAGE OR CEREBRAL INFARCTION W MCC,261,11504.0
ND,065 - INTRACRANIAL HEMORRHAGE OR CEREBRAL INFARCTION W CC OR TPA IN 24 HRS,332,7212.0
ND,066 - INTRACRANIAL HEMORRHAGE OR CEREBRAL INFARCTION W/O CC/MCC,182,5189.0
ND,069 - TRANSIENT ISCHEMIA,73,4780.0
ND,177 - RESPIRATORY INFECTIONS & INFLAMMATIONS W MCC,288,13220.0
ND,178 - RESPIRATORY INFECTIONS & INFLAMMATIONS W CC,143,9119.0
ND,189 - PULMONARY EDEMA & RESPIRATORY FAILURE,342,8439.0
ND,190 - CHRONIC OBSTRUCTIVE PULMONARY DISEASE W MCC,305,7978.0
ND,191 - CHRONIC OBSTRUCTIVE PULMONARY DISEASE W CC,184,6311.0
ND,192 - CHRONIC OBSTRUCTIVE PULMONARY DISEASE W/O CC/MCC,66,4914.0
ND,193 - SIMPLE PNEUMONIA & PLEURISY W MCC,460,9660.0
ND,194 - SIMPLE PNEUMONIA & PLEURISY W CC,387,6610.0
ND,195 - SIMPLE PNEUMONIA & PLEURISY W/O CC/MCC,140,5068.0
ND,202 - BRONCHITIS & ASTHMA W CC/MCC,44,6889.0
ND,208 - RESPIRATORY SYSTEM DIAGNOSIS W VENTILATOR SUPPORT <96 HOURS,157,16007.0
ND,220 - CARDIAC VALVE & OTH MAJ CARDIOTHORACIC PROC W/O CARD CATH W CC,96,33120.0
ND,234 - CORONARY BYPASS W CARDIAC CATH W/O MCC,113,30985.0
ND,238 - MAJOR CARDIOVASC PROCEDURES W/O MCC,184,22957.0
ND,246 - PERC CARDIOVASC PROC W DRUG-ELUTING STENT W MCC OR 4+ VESSELS/STENTS,240,22264.0
ND,247 - PERC CARDIOVASC PROC W DRUG-ELUTING STENT W/O MCC,418,13563.0
ND,251 - PERC CARDIOVASC PROC W/O CORONARY ARTERY STENT W/O MCC,33,14924.0
ND,252 - OTHER VASCULAR PROCEDURES W MCC,65,23226.0
ND,253 - OTHER VASCULAR PROCEDURES W CC,115,17741.0
ND,"280 - ACUTE MYOCARDIAL INFARCTION, DISCHARGED ALIVE W MCC",244,11283.0
ND,"282 - ACUTE MYOCARDIAL INFARCTION, DISCHARGED ALIVE W/O CC/MCC",99,5116.0
ND,"286 - CIRCULATORY DISORDERS EXCEPT AMI, W CARD CATH W MCC",64,13847.0
ND,"287 - CIRCULATORY DISORDERS EXCEPT AMI, W CARD CATH W/O MCC",194,7570.0
ND,291 - HEART FAILURE & SHOCK W MCC,638,10132.0
ND,292 - HEART FAILURE & SHOCK W CC,498,6779.0
ND,293 - HEART FAILURE & SHOCK W/O CC/MCC,133,4843.0
ND,308 - CARDIAC ARRHYTHMIA & CONDUCTION DISORDERS W MCC,213,8204.0
ND,309 - CARDIAC ARRHYTHMIA & CONDUCTION DISORDERS W CC,175,5478.0
ND,310 - CARDIAC ARRHYTHMIA & CONDUCTION DISORDERS W/O CC/MCC,115,3899.0
ND,312 - SYNCOPE & COLLAPSE,125,5120.0
ND,313 - CHEST PAIN,74,4206.0
ND,314 - OTHER CIRCULATORY SYSTEM DIAGNOSES W MCC,106,12630.0
ND,330 - MAJOR SMALL & LARGE BOWEL PROCEDURES W CC,186,16470.0
ND,377 - G.I. HEMORRHAGE W MCC,187,11938.0
ND,378 - G.I. HEMORRHAGE W CC,421,6704.0
ND,389 - G.I. OBSTRUCTION W CC,126,5932.0
ND,390 - G.I. OBSTRUCTION W/O CC/MCC,110,4300.0
ND,"391 - ESOPHAGITIS, GASTROENT & MISC DIGEST DISORDERS W MCC",108,8298.0
ND,"392 - ESOPHAGITIS, GASTROENT & MISC DIGEST DISORDERS W/O MCC",361,5146.0
ND,394 - OTHER DIGESTIVE SYSTEM DIAGNOSES W CC,81,6374.0
ND,417 - LAPAROSCOPIC CHOLECYSTECTOMY W/O C.D.E. W MCC,52,17070.0
ND,460 - SPINAL FUSION EXCEPT CERVICAL W/O MCC,248,25680.0
ND,469 - MAJOR JOINT REPLACEMENT OR REATTACHMENT OF LOWER EXTREMITY W MCC,162,21331.0
ND,470 - MAJOR JOINT REPLACEMENT OR REATTACHMENT OF LOWER EXTREMITY W/O MCC,2312,13955.0
ND,473 - CERVICAL SPINAL FUSION W/O CC/MCC,78,15043.0
ND,480 - HIP & FEMUR PROCEDURES EXCEPT MAJOR JOINT W MCC,135,19812.0
ND,481 - HIP & FEMUR PROCEDURES EXCEPT MAJOR JOINT W CC,315,12861.0
ND,483 - MAJOR JOINT/LIMB REATTACHMENT PROCEDURE OF UPPER EXTREMITIES,353,15837.0
ND,520 - BACK & NECK PROC EXC SPINAL FUSION W/O CC/MCC,83,7868.0
ND,552 - MEDICAL BACK PROBLEMS W/O MCC,117,6657.0
ND,603 - CELLULITIS W/O MCC,214,5759.0
ND,638 - DIABETES W CC,77,5650.0
ND,"640 - MISC DISORDERS OF NUTRITION,METABOLISM,FLUIDS/ELECTROLYTES W MCC",151,7885.0
ND,"641 - MISC DISORDERS OF NUTRITION,METABOLISM,FLUIDS/ELECTROLYTES W/O MCC",254,4906.0
ND,682 - RENAL FAILURE W MCC,331,10204.0
ND,683 - RENAL FAILURE W CC,390,6471.0
ND,689 - KIDNEY & URINARY TRACT INFECTIONS W MCC,120,7804.0
ND,690 - KIDNEY & URINARY TRACT INFECTIONS W/O MCC,242,5290.0
ND,708 - MAJOR MALE PELVIC PROCEDURES W/O CC/MCC,53,8793.0
ND,853 - INFECTIOUS & PARASITIC DISEASES W O.R. PROCEDURE W MCC,229,34637.0
ND,871 - SEPTICEMIA OR SEVERE SEPSIS W/O MV 96+ HOURS W MCC,1330,12217.0
ND,872 - SEPTICEMIA OR SEVERE SEPSIS W/O MV >96 HOURS W/O MCC,385,7243.0
ND,038 - EXTRACRANIAL PROCEDURES W CC,60,10479.0
ND,153 - OTITIS MEDIA & URI W/O MCC,48,4652.0
ND,164 - MAJOR CHEST PROCEDURES W CC,65,16667.0
ND,166 - OTHER RESP SYSTEM O.R. PROCEDURES W MCC,46,25286.0
ND,176 - PULMONARY EMBOLISM W/O MCC,89,6619.0
ND,207 - RESPIRATORY SYSTEM DIAGNOSIS W VENTILATOR SUPPORT 96+ HOURS,67,38663.0
ND,236 - CORONARY BYPASS W/O CARDIAC CATH W/O MCC,87,24212.0
ND,237 - MAJOR CARDIOVASC PROCEDURES W MCC,51,34657.0
ND,243 - PERMANENT CARDIAC PACEMAKER IMPLANT W CC,68,16684.0
ND,"281 - ACUTE MYOCARDIAL INFARCTION, DISCHARGED ALIVE W CC",179,7039.0
ND,300 - PERIPHERAL VASCULAR DISORDERS W CC,52,6700.0
ND,329 - MAJOR SMALL & LARGE BOWEL PROCEDURES W MCC,120,36844.0
ND,331 - MAJOR SMALL & LARGE BOWEL PROCEDURES W/O CC/MCC,86,12081.0
ND,372 - MAJOR GASTROINTESTINAL DISORDERS & PERITONEAL INFECTIONS W CC,82,7541.0
ND,439 - DISORDERS OF PANCREAS EXCEPT MALIGNANCY W CC,46,6439.0
ND,467 - REVISION OF HIP OR KNEE REPLACEMENT W CC,76,23277.0
ND,468 - REVISION OF HIP OR KNEE REPLACEMENT W/O CC/MCC,33,18142.0
ND,482 - HIP & FEMUR PROCEDURES EXCEPT MAJOR JOINT W/O CC/MCC,63,11030.0
ND,"493 - LOWER EXTREM & HUMER PROC EXCEPT HIP,FOOT,FEMUR W CC",67,13298.0
ND,"494 - LOWER EXTREM & HUMER PROC EXCEPT HIP,FOOT,FEMUR W/O CC/MCC",68,10340.0
ND,519 - BACK & NECK PROC EXC SPINAL FUSION W CC,52,11185.0
ND,536 - FRACTURES OF HIP & PELVIS W/O MCC,33,4864.0
ND,684 - RENAL FAILURE W/O CC/MCC,43,4323.0
ND,698 - OTHER KIDNEY & URINARY TRACT DIAGNOSES W MCC,160,10458.0
ND,699 - OTHER KIDNEY & URINARY TRACT DIAGNOSES W CC,64,6974.0
ND,809 - MAJOR HEMATOL/IMMUN DIAG EXC SICKLE CELL CRISIS & COAGUL W CC,46,8042.0
ND,812 - RED BLOOD CELL DISORDERS W/O MCC,88,5657.0
ND,847 - CHEMOTHERAPY W/O ACUTE LEUKEMIA AS SECONDARY DIAGNOSIS W CC,59,7888.0
ND,870 - SEPTICEMIA OR SEVERE SEPSIS W MV >96 HOURS,72,40472.0
ND,897 - ALCOHOL/DRUG ABUSE OR DEPENDENCE W/O REHABILITATION THERAPY W/O MCC,113,4962.0
ND,917 - POISONING & TOXIC EFFECTS OF DRUGS W MCC,47,10554.0
ND,948 - SIGNS & SYMPTOMS W/O MCC,76,5118.0
ND,981 - EXTENSIVE O.R. PROCEDURE UNRELATED TO PRINCIPAL DIAGNOSIS W MCC,33,36072.0
ND,175 - PULMONARY EMBOLISM W MCC,43,9827.0
MT,025 - CRANIOTOMY & ENDOVASCULAR INTRACRANIAL PROCEDURES W MCC,83,27553.0
MT,039 - EXTRACRANIAL PROCEDURES W/O CC/MCC,111,7279.0
MT,057 - DEGENERATIVE NERVOUS SYSTEM DISORDERS W/O MCC,61,6690.0
MT,064 - INTRACRANIAL HEMORRHAGE OR CEREBRAL INFARCTION W MCC,196,11274.0
MT,065 - INTRACRANIAL HEMORRHAGE OR CEREBRAL INFARCTION W CC OR TPA IN 24 HRS,345,6959.0
MT,066 - INTRACRANIAL HEMORRHAGE OR CEREBRAL INFARCTION W/O CC/MCC,122,5119.0
MT,069 - TRANSIENT ISCHEMIA,91,4754.0
MT,164 - MAJOR CHEST PROCEDURES W CC,55,16170.0
MT,175 - PULMONARY EMBOLISM W MCC,75,9903.0
MT,176 - PULMONARY EMBOLISM W/O MCC,75,6346.0
MT,177 - RESPIRATORY INFECTIONS & INFLAMMATIONS W MCC,210,12634.0
MT,189 - PULMONARY EDEMA & RESPIRATORY FAILURE,508,8239.0
MT,190 - CHRONIC OBSTRUCTIVE PULMONARY DISEASE W MCC,314,7674.0
MT,191 - CHRONIC OBSTRUCTIVE PULMONARY DISEASE W CC,141,6122.0
MT,193 - SIMPLE PNEUMONIA & PLEURISY W MCC,562,9439.0
MT,194 - SIMPLE PNEUMONIA & PLEURISY W CC,419,6696.0
MT,208 - RESPIRATORY SYSTEM DIAGNOSIS W VENTILATOR SUPPORT <96 HOURS,157,15678.0
MT,219 - CARDIAC VALVE & OTH MAJ CARDIOTHORACIC PROC W/O CARD CATH W MCC,66,50791.0
MT,220 - CARDIAC VALVE & OTH MAJ CARDIOTHORACIC PROC W/O CARD CATH W CC,116,35234.0
MT,234 - CORONARY BYPASS W CARDIAC CATH W/O MCC,43,32467.0
MT,236 - CORONARY BYPASS W/O CARDIAC CATH W/O MCC,94,24168.0
MT,237 - MAJOR CARDIOVASC PROCEDURES W MCC,60,36490.0
MT,238 - MAJOR CARDIOVASC PROCEDURES W/O MCC,143,23046.0
MT,243 - PERMANENT CARDIAC PACEMAKER IMPLANT W CC,91,16724.0
MT,246 - PERC CARDIOVASC PROC W DRUG-ELUTING STENT W MCC OR 4+ VESSELS/STENTS,93,20672.0
MT,247 - PERC CARDIOVASC PROC W DRUG-ELUTING STENT W/O MCC,307,14377.0
MT,249 - PERC CARDIOVASC PROC W NON-DRUG-ELUTING STENT W/O MCC,58,11832.0
MT,253 - OTHER VASCULAR PROCEDURES W CC,67,17077.0
MT,"280 - ACUTE MYOCARDIAL INFARCTION, DISCHARGED ALIVE W MCC",69,11056.0
MT,"281 - ACUTE MYOCARDIAL INFARCTION, DISCHARGED ALIVE W CC",74,6624.0
MT,"287 - CIRCULATORY DISORDERS EXCEPT AMI, W CARD CATH W/O MCC",145,7612.0
MT,291 - HEART FAILURE & SHOCK W MCC,526,9695.0
MT,292 - HEART FAILURE & SHOCK W CC,433,6474.0
MT,293 - HEART FAILURE & SHOCK W/O CC/MCC,95,4666.0
MT,308 - CARDIAC ARRHYTHMIA & CONDUCTION DISORDERS W MCC,156,7896.0
MT,309 - CARDIAC ARRHYTHMIA & CONDUCTION DISORDERS W CC,170,5352.0
MT,310 - CARDIAC ARRHYTHMIA & CONDUCTION DISORDERS W/O CC/MCC,128,4054.0
MT,312 - SYNCOPE & COLLAPSE,119,4925.0
MT,314 - OTHER CIRCULATORY SYSTEM DIAGNOSES W MCC,82,12119.0
MT,329 - MAJOR SMALL & LARGE BOWEL PROCEDURES W MCC,111,32392.0
MT,330 - MAJOR SMALL & LARGE BOWEL PROCEDURES W CC,192,16059.0
MT,331 - MAJOR SMALL & LARGE BOWEL PROCEDURES W/O CC/MCC,65,10916.0
MT,377 - G.I. HEMORRHAGE W MCC,135,11389.0
MT,378 - G.I. HEMORRHAGE W CC,387,6535.0
MT,389 - G.I. OBSTRUCTION W CC,143,5879.0
MT,390 - G.I. OBSTRUCTION W/O CC/MCC,109,4164.0
MT,"391 - ESOPHAGITIS, GASTROENT & MISC DIGEST DISORDERS W MCC",114,7606.0
MT,"392 - ESOPHAGITIS, GASTROENT & MISC DIGEST DISORDERS W/O MCC",382,5001.0
MT,394 - OTHER DIGESTIVE SYSTEM DIAGNOSES W CC,122,6050.0
MT,460 - SPINAL FUSION EXCEPT CERVICAL W/O MCC,403,26345.0
MT,462 - BILATERAL OR MULTIPLE MAJOR JOINT PROCS OF LOWER EXTREMITY W/O MCC,33,24363.0
MT,467 - REVISION OF HIP OR KNEE REPLACEMENT W CC,44,21637.0
MT,469 - MAJOR JOINT REPLACEMENT OR REATTACHMENT OF LOWER EXTREMITY W MCC,72,21839.0
MT,470 - MAJOR JOINT REPLACEMENT OR REATTACHMENT OF LOWER EXTREMITY W/O MCC,2214,14034.0
MT,473 - CERVICAL SPINAL FUSION W/O CC/MCC,85,14734.0
MT,480 - HIP & FEMUR PROCEDURES EXCEPT MAJOR JOINT W MCC,118,18861.0
MT,481 - HIP & FEMUR PROCEDURES EXCEPT MAJOR JOINT W CC,288,12550.0
MT,483 - MAJOR JOINT/LIMB REATTACHMENT PROCEDURE OF UPPER EXTREMITIES,291,15297.0
MT,520 - BACK & NECK PROC EXC SPINAL FUSION W/O CC/MCC,46,7975.0
MT,552 - MEDICAL BACK PROBLEMS W/O MCC,169,5736.0
MT,603 - CELLULITIS W/O MCC,249,5661.0
MT,638 - DIABETES W CC,65,5925.0
MT,"640 - MISC DISORDERS OF NUTRITION,METABOLISM,FLUIDS/ELECTROLYTES W MCC",115,7540.0
MT,"641 - MISC DISORDERS OF NUTRITION,METABOLISM,FLUIDS/ELECTROLYTES W/O MCC",242,4750.0
MT,682 - RENAL FAILURE W MCC,228,9985.0
MT,683 - RENAL FAILURE W CC,362,6321.0
MT,689 - KIDNEY & URINARY TRACT INFECTIONS W MCC,120,7189.0
MT,690 - KIDNEY & URINARY TRACT INFECTIONS W/O MCC,273,5153.0
MT,698 - OTHER KIDNEY & URINARY TRACT DIAGNOSES W MCC,101,9906.0
MT,708 - MAJOR MALE PELVIC PROCEDURES W/O CC/MCC,49,10522.0
MT,812 - RED BLOOD CELL DISORDERS W/O MCC,54,5421.0
MT,853 - INFECTIOUS & PARASITIC DISEASES W O.R. PROCEDURE W MCC,179,37530.0
MT,871 - SEPTICEMIA OR SEVERE SEPSIS W/O MV 96+ HOURS W MCC,1570,11943.0
MT,872 - SEPTICEMIA OR SEVERE SEPSIS W/O MV >96 HOURS W/O MCC,470,7088.0
MT,885 - PSYCHOSES,454,6865.0
MT,917 - POISONING & TOXIC EFFECTS OF DRUGS W MCC,88,9135.0
MT,948 - SIGNS & SYMPTOMS W/O MCC,79,4875.0
MT,027 - CRANIOTOMY & ENDOVASCULAR INTRACRANIAL PROCEDURES W/O CC/MCC,46,15956.0
MT,267 - ENDOVASCULAR CARDIAC VALVE REPLACEMENT W/O MCC,62,40344.0
MT,"282 - ACUTE MYOCARDIAL INFARCTION, DISCHARGED ALIVE W/O CC/MCC",44,4967.0
MT,313 - CHEST PAIN,47,4274.0
MT,468 - REVISION OF HIP OR KNEE REPLACEMENT W/O CC/MCC,69,18521.0
MT,536 - FRACTURES OF HIP & PELVIS W/O MCC,75,4901.0
MT,192 - CHRONIC OBSTRUCTIVE PULMONARY DISEASE W/O CC/MCC,60,5628.0
MT,195 - SIMPLE PNEUMONIA & PLEURISY W/O CC/MCC,66,5123.0
IL,"004 - TRACH W MV 96+ HRS OR PDX EXC FACE, MOUTH & NECK W/O MAJ O.R.",288,74375.0
IL,025 - CRANIOTOMY & ENDOVASCULAR INTRACRANIAL PROCEDURES W MCC,693,35599.0
IL,039 - EXTRACRANIAL PROCEDURES W/O CC/MCC,838,7797.0
IL,054 - NERVOUS SYSTEM NEOPLASMS W MCC,415,10531.0
IL,057 - DEGENERATIVE NERVOUS SYSTEM DISORDERS W/O MCC,1098,7902.0
IL,064 - INTRACRANIAL HEMORRHAGE OR CEREBRAL INFARCTION W MCC,3097,12778.0
IL,065 - INTRACRANIAL HEMORRHAGE OR CEREBRAL INFARCTION W CC OR TPA IN 24 HRS,4638,7865.0
IL,066 - INTRACRANIAL HEMORRHAGE OR CEREBRAL INFARCTION W/O CC/MCC,1900,6061.0
IL,069 - TRANSIENT ISCHEMIA,2298,5382.0
IL,074 - CRANIAL & PERIPHERAL NERVE DISORDERS W/O MCC,713,7952.0
IL,"085 - TRAUMATIC STUPOR & COMA, COMA <1 HR W MCC",364,14329.0
IL,"086 - TRAUMATIC STUPOR & COMA, COMA <1 HR W CC",632,7710.0
IL,"087 - TRAUMATIC STUPOR & COMA, COMA <1 HR W/O CC/MCC",318,6168.0
IL,092 - OTHER DISORDERS OF NERVOUS SYSTEM W CC,525,7261.0
IL,100 - SEIZURES W MCC,777,11521.0
IL,101 - SEIZURES W/O MCC,1853,6308.0
IL,153 - OTITIS MEDIA & URI W/O MCC,922,5380.0
IL,164 - MAJOR CHEST PROCEDURES W CC,516,19813.0
IL,166 - OTHER RESP SYSTEM O.R. PROCEDURES W MCC,441,25818.0
IL,167 - OTHER RESP SYSTEM O.R. PROCEDURES W CC,246,14466.0
IL,175 - PULMONARY EMBOLISM W MCC,676,10502.0
IL,176 - PULMONARY EMBOLISM W/O MCC,1413,7210.0
IL,177 - RESPIRATORY INFECTIONS & INFLAMMATIONS W MCC,3597,12599.0
IL,178 - RESPIRATORY INFECTIONS & INFLAMMATIONS W CC,2018,9210.0
IL,179 - RESPIRATORY INFECTIONS & INFLAMMATIONS W/O CC/MCC,98,6288.0
IL,180 - RESPIRATORY NEOPLASMS W MCC,622,13391.0
IL,181 - RESPIRATORY NEOPLASMS W CC,437,22166.0
IL,187 - PLEURAL EFFUSION W CC,103,8107.0
IL,189 - PULMONARY EDEMA & RESPIRATORY FAILURE,4931,8585.0
IL,190 - CHRONIC OBSTRUCTIVE PULMONARY DISEASE W MCC,6965,8160.0
IL,191 - CHRONIC OBSTRUCTIVE PULMONARY DISEASE W CC,5820,6708.0
IL,192 - CHRONIC OBSTRUCTIVE PULMONARY DISEASE W/O CC/MCC,2718,5398.0
IL,193 - SIMPLE PNEUMONIA & PLEURISY W MCC,6972,9656.0
IL,194 - SIMPLE PNEUMONIA & PLEURISY W CC,7414,6842.0
IL,195 - SIMPLE PNEUMONIA & PLEURISY W/O CC/MCC,2413,4991.0
IL,196 - INTERSTITIAL LUNG DISEASE W MCC,119,11992.0
IL,202 - BRONCHITIS & ASTHMA W CC/MCC,1419,6491.0
IL,203 - BRONCHITIS & ASTHMA W/O CC/MCC,264,5386.0
IL,204 - RESPIRATORY SIGNS & SYMPTOMS,277,6370.0
IL,206 - OTHER RESPIRATORY SYSTEM DIAGNOSES W/O MCC,207,6334.0
IL,208 - RESPIRATORY SYSTEM DIAGNOSIS W VENTILATOR SUPPORT <96 HOURS,2510,16392.0
IL,219 - CARDIAC VALVE & OTH MAJ CARDIOTHORACIC PROC W/O CARD CATH W MCC,587,59845.0
IL,220 - CARDIAC VALVE & OTH MAJ CARDIOTHORACIC PROC W/O CARD CATH W CC,748,38690.0
IL,234 - CORONARY BYPASS W CARDIAC CATH W/O MCC,528,34400.0
IL,236 - CORONARY BYPASS W/O CARDIAC CATH W/O MCC,675,26219.0
IL,237 - MAJOR CARDIOVASC PROCEDURES W MCC,665,40943.0
IL,238 - MAJOR CARDIOVASC PROCEDURES W/O MCC,1312,24593.0
IL,242 - PERMANENT CARDIAC PACEMAKER IMPLANT W MCC,505,25179.0
IL,243 - PERMANENT CARDIAC PACEMAKER IMPLANT W CC,880,17975.0
IL,244 - PERMANENT CARDIAC PACEMAKER IMPLANT W/O CC/MCC,353,15023.0
IL,246 - PERC CARDIOVASC PROC W DRUG-ELUTING STENT W MCC OR 4+ VESSELS/STENTS,1118,24397.0
IL,247 - PERC CARDIOVASC PROC W DRUG-ELUTING STENT W/O MCC,3263,15775.0
IL,249 - PERC CARDIOVASC PROC W NON-DRUG-ELUTING STENT W/O MCC,388,13572.0
IL,251 - PERC CARDIOVASC PROC W/O CORONARY ARTERY STENT W/O MCC,696,16287.0
IL,252 - OTHER VASCULAR PROCEDURES W MCC,1225,25713.0
IL,253 - OTHER VASCULAR PROCEDURES W CC,1419,19785.0
IL,"280 - ACUTE MYOCARDIAL INFARCTION, DISCHARGED ALIVE W MCC",2867,11949.0
IL,"281 - ACUTE MYOCARDIAL INFARCTION, DISCHARGED ALIVE W CC",1458,7445.0
IL,"287 - CIRCULATORY DISORDERS EXCEPT AMI, W CARD CATH W/O MCC",3557,8958.0
IL,291 - HEART FAILURE & SHOCK W MCC,10833,10209.0
IL,292 - HEART FAILURE & SHOCK W CC,9381,7155.0
IL,293 - HEART FAILURE & SHOCK W/O CC/MCC,2755,5114.0
IL,299 - PERIPHERAL VASCULAR DISORDERS W MCC,727,10725.0
IL,300 - PERIPHERAL VASCULAR DISORDERS W CC,1578,7389.0
IL,301 - PERIPHERAL VASCULAR DISORDERS W/O CC/MCC,265,5307.0
IL,308 - CARDIAC ARRHYTHMIA & CONDUCTION DISORDERS W MCC,3482,8566.0
IL,309 - CARDIAC ARRHYTHMIA & CONDUCTION DISORDERS W CC,4372,5879.0
IL,310 - CARDIAC ARRHYTHMIA & CONDUCTION DISORDERS W/O CC/MCC,2945,4320.0
IL,312 - SYNCOPE & COLLAPSE,3495,5787.0
IL,314 - OTHER CIRCULATORY SYSTEM DIAGNOSES W MCC,1839,14334.0
IL,315 - OTHER CIRCULATORY SYSTEM DIAGNOSES W CC,632,7759.0
IL,"326 - STOMACH, ESOPHAGEAL & DUODENAL PROC W MCC",146,44516.0
IL,"327 - STOMACH, ESOPHAGEAL & DUODENAL PROC W CC",163,21659.0
IL,329 - MAJOR SMALL & LARGE BOWEL PROCEDURES W MCC,1365,35495.0
IL,330 - MAJOR SMALL & LARGE BOWEL PROCEDURES W CC,1860,18647.0
IL,331 - MAJOR SMALL & LARGE BOWEL PROCEDURES W/O CC/MCC,456,12841.0
IL,336 - PERITONEAL ADHESIOLYSIS W CC,203,16675.0
IL,371 - MAJOR GASTROINTESTINAL DISORDERS & PERITONEAL INFECTIONS W MCC,639,12904.0
IL,372 - MAJOR GASTROINTESTINAL DISORDERS & PERITONEAL INFECTIONS W CC,1419,8063.0
IL,375 - DIGESTIVE MALIGNANCY W CC,409,10621.0
IL,377 - G.I. HEMORRHAGE W MCC,2610,12416.0
IL,378 - G.I. HEMORRHAGE W CC,6096,7263.0
IL,379 - G.I. HEMORRHAGE W/O CC/MCC,583,5147.0
IL,388 - G.I. OBSTRUCTION W MCC,531,11989.0
IL,389 - G.I. OBSTRUCTION W CC,2298,6360.0
IL,390 - G.I. OBSTRUCTION W/O CC/MCC,1277,5567.0
IL,"391 - ESOPHAGITIS, GASTROENT & MISC DIGEST DISORDERS W MCC",1881,9112.0
IL,"392 - ESOPHAGITIS, GASTROENT & MISC DIGEST DISORDERS W/O MCC",8565,5842.0
IL,393 - OTHER DIGESTIVE SYSTEM DIAGNOSES W MCC,745,13509.0
IL,394 - OTHER DIGESTIVE SYSTEM DIAGNOSES W CC,1831,7179.0
IL,395 - OTHER DIGESTIVE SYSTEM DIAGNOSES W/O CC/MCC,178,4621.0
IL,"405 - PANCREAS, LIVER & SHUNT PROCEDURES W MCC",71,52768.0
IL,"406 - PANCREAS, LIVER & SHUNT PROCEDURES W CC",208,23483.0
IL,417 - LAPAROSCOPIC CHOLECYSTECTOMY W/O C.D.E. W MCC,301,18077.0
IL,418 - LAPAROSCOPIC CHOLECYSTECTOMY W/O C.D.E. W CC,702,11818.0
IL,419 - LAPAROSCOPIC CHOLECYSTECTOMY W/O C.D.E. W/O CC/MCC,347,9036.0
IL,432 - CIRRHOSIS & ALCOHOLIC HEPATITIS W MCC,255,14086.0
IL,433 - CIRRHOSIS & ALCOHOLIC HEPATITIS W CC,72,8731.0
IL,435 - MALIGNANCY OF HEPATOBILIARY SYSTEM OR PANCREAS W MCC,335,14081.0
IL,436 - MALIGNANCY OF HEPATOBILIARY SYSTEM OR PANCREAS W CC,180,9252.0
IL,438 - DISORDERS OF PANCREAS EXCEPT MALIGNANCY W MCC,167,16197.0
IL,439 - DISORDERS OF PANCREAS EXCEPT MALIGNANCY W CC,765,6812.0
IL,440 - DISORDERS OF PANCREAS EXCEPT MALIGNANCY W/O CC/MCC,210,5789.0
IL,444 - DISORDERS OF THE BILIARY TRACT W MCC,235,12096.0
IL,445 - DISORDERS OF THE BILIARY TRACT W CC,410,8209.0
IL,446 - DISORDERS OF THE BILIARY TRACT W/O CC/MCC,94,6118.0
IL,460 - SPINAL FUSION EXCEPT CERVICAL W/O MCC,2471,30395.0
IL,462 - BILATERAL OR MULTIPLE MAJOR JOINT PROCS OF LOWER EXTREMITY W/O MCC,90,27320.0
IL,467 - REVISION OF HIP OR KNEE REPLACEMENT W CC,688,25752.0
IL,469 - MAJOR JOINT REPLACEMENT OR REATTACHMENT OF LOWER EXTREMITY W MCC,935,20911.0
IL,470 - MAJOR JOINT REPLACEMENT OR REATTACHMENT OF LOWER EXTREMITY W/O MCC,20382,15592.0
IL,473 - CERVICAL SPINAL FUSION W/O CC/MCC,649,18222.0
IL,480 - HIP & FEMUR PROCEDURES EXCEPT MAJOR JOINT W MCC,955,19541.0
IL,481 - HIP & FEMUR PROCEDURES EXCEPT MAJOR JOINT W CC,3164,12999.0
IL,482 - HIP & FEMUR PROCEDURES EXCEPT MAJOR JOINT W/O CC/MCC,352,11045.0
IL,483 - MAJOR JOINT/LIMB REATTACHMENT PROCEDURE OF UPPER EXTREMITIES,1403,17065.0
IL,"493 - LOWER EXTREM & HUMER PROC EXCEPT HIP,FOOT,FEMUR W CC",441,15129.0
IL,"494 - LOWER EXTREM & HUMER PROC EXCEPT HIP,FOOT,FEMUR W/O CC/MCC",209,12073.0
IL,519 - BACK & NECK PROC EXC SPINAL FUSION W CC,401,12543.0
IL,520 - BACK & NECK PROC EXC SPINAL FUSION W/O CC/MCC,657,9101.0
IL,536 - FRACTURES OF HIP & PELVIS W/O MCC,734,4959.0
IL,543 - PATHOLOGICAL FRACTURES & MUSCULOSKELET & CONN TISS MALIG W CC,430,8478.0
IL,551 - MEDICAL BACK PROBLEMS W MCC,324,10746.0
IL,552 - MEDICAL BACK PROBLEMS W/O MCC,2803,6403.0
IL,554 - BONE DISEASES & ARTHROPATHIES W/O MCC,427,6020.0
IL,556 - SIGNS & SYMPTOMS OF MUSCULOSKELETAL SYSTEM & CONN TISSUE W/O MCC,280,6337.0
IL,"558 - TENDONITIS, MYOSITIS & BURSITIS W/O MCC",275,6116.0
IL,"563 - FX, SPRN, STRN & DISL EXCEPT FEMUR, HIP, PELVIS & THIGH W/O MCC",846,5703.0
IL,602 - CELLULITIS W MCC,1111,9693.0
IL,603 - CELLULITIS W/O MCC,6127,6217.0
IL,"605 - TRAUMA TO THE SKIN, SUBCUT TISS & BREAST W/O MCC",245,5614.0
IL,"617 - AMPUTAT OF LOWER LIMB FOR ENDOCRINE,NUTRIT,& METABOL DIS W CC",103,15108.0
IL,637 - DIABETES W MCC,662,9675.0
IL,638 - DIABETES W CC,1921,6462.0
IL,"640 - MISC DISORDERS OF NUTRITION,METABOLISM,FLUIDS/ELECTROLYTES W MCC",2975,8277.0
IL,"641 - MISC DISORDERS OF NUTRITION,METABOLISM,FLUIDS/ELECTROLYTES W/O MCC",4955,5450.0
IL,644 - ENDOCRINE DISORDERS W CC,353,7400.0
IL,669 - TRANSURETHRAL PROCEDURES W CC,332,8512.0
IL,682 - RENAL FAILURE W MCC,5620,10676.0
IL,683 - RENAL FAILURE W CC,7361,6850.0
IL,684 - RENAL FAILURE W/O CC/MCC,671,4593.0
IL,689 - KIDNEY & URINARY TRACT INFECTIONS W MCC,3690,7592.0
IL,690 - KIDNEY & URINARY TRACT INFECTIONS W/O MCC,6967,5731.0
IL,694 - URINARY STONES W/O ESW LITHOTRIPSY W/O MCC,298,4903.0
IL,696 - KIDNEY & URINARY TRACT SIGNS & SYMPTOMS W/O MCC,92,4897.0
IL,698 - OTHER KIDNEY & URINARY TRACT DIAGNOSES W MCC,2097,10983.0
IL,699 - OTHER KIDNEY & URINARY TRACT DIAGNOSES W CC,1194,8207.0
IL,809 - MAJOR HEMATOL/IMMUN DIAG EXC SICKLE CELL CRISIS & COAGUL W CC,455,9896.0
IL,811 - RED BLOOD CELL DISORDERS W MCC,1280,9535.0
IL,812 - RED BLOOD CELL DISORDERS W/O MCC,3238,6693.0
IL,840 - LYMPHOMA & NON-ACUTE LEUKEMIA W MCC,138,29802.0
IL,853 - INFECTIOUS & PARASITIC DISEASES W O.R. PROCEDURE W MCC,2705,36906.0
IL,857 - POSTOPERATIVE OR POST-TRAUMATIC INFECTIONS W O.R. PROC W CC,115,15485.0
IL,862 - POSTOPERATIVE & POST-TRAUMATIC INFECTIONS W MCC,159,13710.0
IL,863 - POSTOPERATIVE & POST-TRAUMATIC INFECTIONS W/O MCC,279,7824.0
IL,864 - FEVER,214,6558.0
IL,871 - SEPTICEMIA OR SEVERE SEPSIS W/O MV 96+ HOURS W MCC,21998,12546.0
IL,872 - SEPTICEMIA OR SEVERE SEPSIS W/O MV >96 HOURS W/O MCC,5925,7632.0
IL,897 - ALCOHOL/DRUG ABUSE OR DEPENDENCE W/O REHABILITATION THERAPY W/O MCC,2210,6095.0
IL,917 - POISONING & TOXIC EFFECTS OF DRUGS W MCC,506,9922.0
IL,919 - COMPLICATIONS OF TREATMENT W MCC,223,15409.0
IL,920 - COMPLICATIONS OF TREATMENT W CC,297,8006.0
IL,948 - SIGNS & SYMPTOMS W/O MCC,1551,5955.0
IL,981 - EXTENSIVE O.R. PROCEDURE UNRELATED TO PRINCIPAL DIAGNOSIS W MCC,654,34805.0
IL,982 - EXTENSIVE O.R. PROCEDURE UNRELATED TO PRINCIPAL DIAGNOSIS W CC,391,20343.0
IL,038 - EXTRACRANIAL PROCEDURES W CC,257,11521.0
IL,091 - OTHER DISORDERS OF NERVOUS SYSTEM W MCC,231,12021.0
IL,149 - DYSEQUILIBRIUM,608,5454.0
IL,233 - CORONARY BYPASS W CARDIAC CATH W MCC,318,51020.0
IL,235 - CORONARY BYPASS W/O CARDIAC CATH W MCC,228,41479.0
IL,250 - PERC CARDIOVASC PROC W/O CORONARY ARTERY STENT W MCC,253,37983.0
IL,254 - OTHER VASCULAR PROCEDURES W/O CC/MCC,230,13225.0
IL,264 - OTHER CIRCULATORY SYSTEM O.R. PROCEDURES,353,21588.0
IL,266 - ENDOVASCULAR CARDIAC VALVE REPLACEMENT W MCC,194,61103.0
IL,267 - ENDOVASCULAR CARDIAC VALVE REPLACEMENT W/O MCC,320,46301.0
IL,"286 - CIRCULATORY DISORDERS EXCEPT AMI, W CARD CATH W MCC",1278,17924.0
IL,305 - HYPERTENSION W/O MCC,514,5064.0
IL,313 - CHEST PAIN,2364,5072.0
IL,354 - HERNIA PROCEDURES EXCEPT INGUINAL & FEMORAL W CC,85,17452.0
IL,478 - BIOPSIES OF MUSCULOSKELETAL SYSTEM & CONNECTIVE TISSUE W CC,121,15184.0
IL,516 - OTHER MUSCULOSKELET SYS & CONN TISS O.R. PROC W CC,232,13450.0
IL,517 - OTHER MUSCULOSKELET SYS & CONN TISS O.R. PROC W/O CC/MCC,52,11199.0
IL,"581 - OTHER SKIN, SUBCUT TISS & BREAST PROC W/O CC/MCC",58,11731.0
IL,621 - O.R. PROCEDURES FOR OBESITY W/O CC/MCC,238,13123.0
IL,854 - INFECTIOUS & PARASITIC DISEASES W O.R. PROCEDURE W CC,216,18118.0
IL,870 - SEPTICEMIA OR SEVERE SEPSIS W MV >96 HOURS,1077,40676.0
IL,884 - ORGANIC DISTURBANCES & MENTAL RETARDATION,673,8112.0
IL,918 - POISONING & TOXIC EFFECTS OF DRUGS W/O MCC,585,5234.0
IL,207 - RESPIRATORY SYSTEM DIAGNOSIS W VENTILATOR SUPPORT 96+ HOURS,573,38103.0
IL,708 - MAJOR MALE PELVIC PROCEDURES W/O CC/MCC,285,13133.0
IL,468 - REVISION OF HIP OR KNEE REPLACEMENT W/O CC/MCC,289,19594.0
IL,"003 - ECMO OR TRACH W MV >96 HRS OR PDX EXC FACE, MOUTH & NECK W MAJ O.R.",369,147682.0
IL,071 - NONSPECIFIC CEREBROVASCULAR DISORDERS W CC,287,6839.0
IL,103 - HEADACHES W/O MCC,480,9151.0
IL,216 - CARDIAC VALVE & OTH MAJ CARDIOTHORACIC PROC W CARD CATH W MCC,107,81960.0
IL,"282 - ACUTE MYOCARDIAL INFARCTION, DISCHARGED ALIVE W/O CC/MCC",285,5587.0
IL,373 - MAJOR GASTROINTESTINAL DISORDERS & PERITONEAL INFECTIONS W/O CC/MCC,134,5564.0
IL,"441 - DISORDERS OF LIVER EXCEPT MALIG,CIRR,ALC HEPA W MCC",501,15601.0
IL,847 - CHEMOTHERAPY W/O ACUTE LEUKEMIA AS SECONDARY DIAGNOSIS W CC,615,10339.0
IL,163 - MAJOR CHEST PROCEDURES W MCC,177,39561.0
IL,248 - PERC CARDIOVASC PROC W NON-DRUG-ELUTING STENT W MCC OR 4+ VES/STENTS,144,20216.0
IL,023 - CRANIO W MAJOR DEV IMPL/ACUTE COMPLEX CNS PDX W MCC OR CHEMO IMPLANT,188,45649.0
IL,056 - DEGENERATIVE NERVOUS SYSTEM DISORDERS W MCC,142,17203.0
IL,152 - OTITIS MEDIA & URI W MCC,136,8038.0
IL,186 - PLEURAL EFFUSION W MCC,99,10686.0
IL,374 - DIGESTIVE MALIGNANCY W MCC,184,19652.0
IL,"442 - DISORDERS OF LIVER EXCEPT MALIG,CIRR,ALC HEPA W CC",347,7894.0
IL,472 - CERVICAL SPINAL FUSION W CC,266,23676.0
IL,"580 - OTHER SKIN, SUBCUT TISS & BREAST PROC W CC",48,11584.0
IL,657 - KIDNEY & URETER PROCEDURES FOR NEOPLASM W CC,159,17241.0
IL,743 - UTERINE & ADNEXA PROC FOR NON-MALIGNANCY W/O CC/MCC,123,9713.0
IL,841 - LYMPHOMA & NON-ACUTE LEUKEMIA W CC,106,14380.0
IL,865 - VIRAL ILLNESS W MCC,158,13128.0
IL,947 - SIGNS & SYMPTOMS W MCC,247,9306.0
IL,885 - PSYCHOSES,5520,8286.0
IL,070 - NONSPECIFIC CEREBROVASCULAR DISORDERS W MCC,272,11280.0
IL,639 - DIABETES W/O CC/MCC,163,5755.0
IL,026 - CRANIOTOMY & ENDOVASCULAR INTRACRANIAL PROCEDURES W CC,212,28218.0
IL,001 - HEART TRANSPLANT OR IMPLANT OF HEART ASSIST SYSTEM W MCC,108,322884.0
IL,016 - AUTOLOGOUS BONE MARROW TRANSPLANT W CC/MCC,122,51362.0
IL,027 - CRANIOTOMY & ENDOVASCULAR INTRACRANIAL PROCEDURES W/O CC/MCC,255,22082.0
IL,040 - PERIPH/CRANIAL NERVE & OTHER NERV SYST PROC W MCC,62,36511.0
IL,041 - PERIPH/CRANIAL NERVE & OTHER NERV SYST PROC W CC OR PERIPH NEUROSTIM,63,19947.0
IL,165 - MAJOR CHEST PROCEDURES W/O CC/MCC,261,15419.0
IL,205 - OTHER RESPIRATORY SYSTEM DIAGNOSES W MCC,57,11853.0
IL,227 - CARDIAC DEFIBRILLATOR IMPLANT W/O CARDIAC CATH W/O MCC,115,46880.0
IL,546 - CONNECTIVE TISSUE DISORDERS W CC,69,11829.0
IL,643 - ENDOCRINE DISORDERS W MCC,144,11529.0
IL,652 - KIDNEY TRANSPLANT,263,35673.0
IL,654 - MAJOR BLADDER PROCEDURES W CC,111,29518.0
IL,659 - KIDNEY & URETER PROCEDURES FOR NON-NEOPLASM W MCC,48,32675.0
IL,660 - KIDNEY & URETER PROCEDURES FOR NON-NEOPLASM W CC,134,16841.0
IL,834 - ACUTE LEUKEMIA W/O MAJOR O.R. PROCEDURE W MCC,98,55979.0
IL,"328 - STOMACH, ESOPHAGEAL & DUODENAL PROC W/O CC/MCC",138,12353.0
IL,"464 - WND DEBRID & SKN GRFT EXC HAND, FOR MUSCULO-CONN TISS DIS W CC",123,25019.0
IL,742 - UTERINE & ADNEXA PROC FOR NON-MALIGNANCY W CC/MCC,82,16956.0
IL,055 - NERVOUS SYSTEM NEOPLASMS W/O MCC,59,11028.0
IL,062 - ACUTE ISCHEMIC STROKE W USE OF THROMBOLYTIC AGENT W CC,71,12508.0
IL,200 - PNEUMOTHORAX W CC,78,7194.0
IL,"283 - ACUTE MYOCARDIAL INFARCTION, EXPIRED W MCC",92,11981.0
IL,303 - ATHEROSCLEROSIS W/O MCC,145,5078.0
IL,356 - OTHER DIGESTIVE SYSTEM O.R. PROCEDURES W MCC,67,31089.0
IL,658 - KIDNEY & URETER PROCEDURES FOR NEOPLASM W/O CC/MCC,84,12738.0
IL,707 - MAJOR MALE PELVIC PROCEDURES W CC/MCC,93,18482.0
IL,808 - MAJOR HEMATOL/IMMUN DIAG EXC SICKLE CELL CRISIS & COAGUL W MCC,89,17805.0
IL,813 - COAGULATION DISORDERS,48,15109.0
IL,866 - VIRAL ILLNESS W/O MCC,56,6464.0
IL,896 - ALCOHOL/DRUG ABUSE OR DEPENDENCE W/O REHABILITATION THERAPY W MCC,46,12899.0
IL,907 - OTHER O.R. PROCEDURES FOR INJURIES W MCC,106,32864.0
IL,908 - OTHER O.R. PROCEDURES FOR INJURIES W CC,68,18415.0
IL,239 - AMPUTATION FOR CIRC SYS DISORDERS EXC UPPER LIMB & TOE W MCC,78,31183.0
IL,673 - OTHER KIDNEY & URINARY TRACT PROCEDURES W MCC,75,29652.0
IL,"894 - ALCOHOL/DRUG ABUSE OR DEPENDENCE, LEFT AMA",217,4047.0
IL,895 - ALCOHOL/DRUG ABUSE OR DEPENDENCE W REHABILITATION THERAPY,369,8655.0
IL,036 - CAROTID ARTERY STENT PROCEDURE W/O CC/MCC,85,11931.0
IL,093 - OTHER DISORDERS OF NERVOUS SYSTEM W/O CC/MCC,55,7906.0
IL,226 - CARDIAC DEFIBRILLATOR IMPLANT W/O CARDIAC CATH W MCC,47,55254.0
IL,542 - PATHOLOGICAL FRACTURES & MUSCULOSKELET & CONN TISS MALIG W MCC,80,15386.0
IL,987 - NON-EXTENSIVE O.R. PROC UNRELATED TO PRINCIPAL DIAGNOSIS W MCC,44,31247.0
IL,060 - MULTIPLE SCLEROSIS & CEREBELLAR ATAXIA W/O CC/MCC,74,9778.0
IL,454 - COMBINED ANTERIOR/POSTERIOR SPINAL FUSION W CC,33,65413.0
IL,457 - SPINAL FUS EXC CERV W SPINAL CURV/MALIG/INFEC OR EXT FUS W CC,96,55363.0
IL,545 - CONNECTIVE TISSUE DISORDERS W MCC,49,29014.0
IL,846 - CHEMOTHERAPY W/O ACUTE LEUKEMIA AS SECONDARY DIAGNOSIS W MCC,134,23156.0
IL,837 - CHEMO W ACUTE LEUKEMIA AS SDX OR W HIGH DOSE CHEMO AGENT W MCC,21,57843.0
IL,849 - RADIOTHERAPY,246,17443.0
IL,228 - OTHER CARDIOTHORACIC PROCEDURES W MCC,21,43718.0
MO,"003 - ECMO OR TRACH W MV >96 HRS OR PDX EXC FACE, MOUTH & NECK W MAJ O.R.",406,126180.0
MO,025 - CRANIOTOMY & ENDOVASCULAR INTRACRANIAL PROCEDURES W MCC,445,30964.0
MO,038 - EXTRACRANIAL PROCEDURES W CC,184,9820.0
MO,039 - EXTRACRANIAL PROCEDURES W/O CC/MCC,827,6681.0
MO,057 - DEGENERATIVE NERVOUS SYSTEM DISORDERS W/O MCC,621,7462.0
MO,064 - INTRACRANIAL HEMORRHAGE OR CEREBRAL INFARCTION W MCC,1842,11727.0
MO,065 - INTRACRANIAL HEMORRHAGE OR CEREBRAL INFARCTION W CC OR TPA IN 24 HRS,2472,7053.0
MO,066 - INTRACRANIAL HEMORRHAGE OR CEREBRAL INFARCTION W/O CC/MCC,1101,5173.0
MO,069 - TRANSIENT ISCHEMIA,1020,4761.0
MO,071 - NONSPECIFIC CEREBROVASCULAR DISORDERS W CC,183,6384.0
MO,074 - CRANIAL & PERIPHERAL NERVE DISORDERS W/O MCC,363,6278.0
MO,"085 - TRAUMATIC STUPOR & COMA, COMA <1 HR W MCC",241,13685.0
MO,"086 - TRAUMATIC STUPOR & COMA, COMA <1 HR W CC",377,7969.0
MO,"087 - TRAUMATIC STUPOR & COMA, COMA <1 HR W/O CC/MCC",221,5808.0
MO,091 - OTHER DISORDERS OF NERVOUS SYSTEM W MCC,277,10472.0
MO,092 - OTHER DISORDERS OF NERVOUS SYSTEM W CC,361,6091.0
MO,100 - SEIZURES W MCC,506,10750.0
MO,101 - SEIZURES W/O MCC,853,5628.0
MO,149 - DYSEQUILIBRIUM,210,4645.0
MO,152 - OTITIS MEDIA & URI W MCC,97,6209.0
MO,153 - OTITIS MEDIA & URI W/O MCC,397,4755.0
MO,163 - MAJOR CHEST PROCEDURES W MCC,254,30864.0
MO,164 - MAJOR CHEST PROCEDURES W CC,333,16717.0
MO,166 - OTHER RESP SYSTEM O.R. PROCEDURES W MCC,503,24003.0
MO,175 - PULMONARY EMBOLISM W MCC,389,9616.0
MO,176 - PULMONARY EMBOLISM W/O MCC,645,6453.0
MO,177 - RESPIRATORY INFECTIONS & INFLAMMATIONS W MCC,2600,11509.0
MO,178 - RESPIRATORY INFECTIONS & INFLAMMATIONS W CC,966,8524.0
MO,180 - RESPIRATORY NEOPLASMS W MCC,273,10878.0
MO,189 - PULMONARY EDEMA & RESPIRATORY FAILURE,4686,8133.0
MO,190 - CHRONIC OBSTRUCTIVE PULMONARY DISEASE W MCC,3218,7625.0
MO,191 - CHRONIC OBSTRUCTIVE PULMONARY DISEASE W CC,2421,6247.0
MO,192 - CHRONIC OBSTRUCTIVE PULMONARY DISEASE W/O CC/MCC,1520,5040.0
MO,193 - SIMPLE PNEUMONIA & PLEURISY W MCC,4135,9020.0
MO,194 - SIMPLE PNEUMONIA & PLEURISY W CC,3747,6363.0
MO,195 - SIMPLE PNEUMONIA & PLEURISY W/O CC/MCC,1473,4621.0
MO,202 - BRONCHITIS & ASTHMA W CC/MCC,466,6457.0
MO,208 - RESPIRATORY SYSTEM DIAGNOSIS W VENTILATOR SUPPORT <96 HOURS,1578,15025.0
MO,216 - CARDIAC VALVE & OTH MAJ CARDIOTHORACIC PROC W CARD CATH W MCC,200,65776.0
MO,219 - CARDIAC VALVE & OTH MAJ CARDIOTHORACIC PROC W/O CARD CATH W MCC,466,53764.0
MO,233 - CORONARY BYPASS W CARDIAC CATH W MCC,240,45117.0
MO,234 - CORONARY BYPASS W CARDIAC CATH W/O MCC,398,29935.0
MO,236 - CORONARY BYPASS W/O CARDIAC CATH W/O MCC,457,23612.0
MO,237 - MAJOR CARDIOVASC PROCEDURES W MCC,411,35716.0
MO,238 - MAJOR CARDIOVASC PROCEDURES W/O MCC,930,22501.0
MO,242 - PERMANENT CARDIAC PACEMAKER IMPLANT W MCC,292,23197.0
MO,243 - PERMANENT CARDIAC PACEMAKER IMPLANT W CC,393,16605.0
MO,244 - PERMANENT CARDIAC PACEMAKER IMPLANT W/O CC/MCC,294,12915.0
MO,246 - PERC CARDIOVASC PROC W DRUG-ELUTING STENT W MCC OR 4+ VESSELS/STENTS,978,21091.0
MO,247 - PERC CARDIOVASC PROC W DRUG-ELUTING STENT W/O MCC,2281,13221.0
MO,249 - PERC CARDIOVASC PROC W NON-DRUG-ELUTING STENT W/O MCC,203,11552.0
MO,252 - OTHER VASCULAR PROCEDURES W MCC,641,22348.0
MO,253 - OTHER VASCULAR PROCEDURES W CC,786,16778.0
MO,254 - OTHER VASCULAR PROCEDURES W/O CC/MCC,340,11234.0
MO,"280 - ACUTE MYOCARDIAL INFARCTION, DISCHARGED ALIVE W MCC",1490,11106.0
MO,"281 - ACUTE MYOCARDIAL INFARCTION, DISCHARGED ALIVE W CC",881,6757.0
MO,"282 - ACUTE MYOCARDIAL INFARCTION, DISCHARGED ALIVE W/O CC/MCC",296,5009.0
MO,"286 - CIRCULATORY DISORDERS EXCEPT AMI, W CARD CATH W MCC",666,14054.0
MO,"287 - CIRCULATORY DISORDERS EXCEPT AMI, W CARD CATH W/O MCC",1972,7485.0
MO,291 - HEART FAILURE & SHOCK W MCC,5557,9629.0
MO,292 - HEART FAILURE & SHOCK W CC,4277,6492.0
MO,293 - HEART FAILURE & SHOCK W/O CC/MCC,1308,4532.0
MO,299 - PERIPHERAL VASCULAR DISORDERS W MCC,205,9413.0
MO,300 - PERIPHERAL VASCULAR DISORDERS W CC,633,6802.0
MO,301 - PERIPHERAL VASCULAR DISORDERS W/O CC/MCC,86,4666.0
MO,308 - CARDIAC ARRHYTHMIA & CONDUCTION DISORDERS W MCC,1840,7945.0
MO,309 - CARDIAC ARRHYTHMIA & CONDUCTION DISORDERS W CC,2247,5278.0
MO,310 - CARDIAC ARRHYTHMIA & CONDUCTION DISORDERS W/O CC/MCC,1900,3794.0
MO,312 - SYNCOPE & COLLAPSE,1568,5130.0
MO,313 - CHEST PAIN,1271,4529.0
MO,314 - OTHER CIRCULATORY SYSTEM DIAGNOSES W MCC,1015,13934.0
MO,329 - MAJOR SMALL & LARGE BOWEL PROCEDURES W MCC,779,31640.0
MO,330 - MAJOR SMALL & LARGE BOWEL PROCEDURES W CC,1158,16216.0
MO,331 - MAJOR SMALL & LARGE BOWEL PROCEDURES W/O CC/MCC,474,10489.0
MO,371 - MAJOR GASTROINTESTINAL DISORDERS & PERITONEAL INFECTIONS W MCC,262,11192.0
MO,372 - MAJOR GASTROINTESTINAL DISORDERS & PERITONEAL INFECTIONS W CC,581,7446.0
MO,377 - G.I. HEMORRHAGE W MCC,1396,11451.0
MO,378 - G.I. HEMORRHAGE W CC,3209,6589.0
MO,379 - G.I. HEMORRHAGE W/O CC/MCC,282,4806.0
MO,388 - G.I. OBSTRUCTION W MCC,286,11065.0
MO,389 - G.I. OBSTRUCTION W CC,1129,5769.0
MO,390 - G.I. OBSTRUCTION W/O CC/MCC,565,4078.0
MO,"391 - ESOPHAGITIS, GASTROENT & MISC DIGEST DISORDERS W MCC",1201,8290.0
MO,"392 - ESOPHAGITIS, GASTROENT & MISC DIGEST DISORDERS W/O MCC",4804,5145.0
MO,393 - OTHER DIGESTIVE SYSTEM DIAGNOSES W MCC,355,13267.0
MO,394 - OTHER DIGESTIVE SYSTEM DIAGNOSES W CC,872,6445.0
MO,417 - LAPAROSCOPIC CHOLECYSTECTOMY W/O C.D.E. W MCC,322,15002.0
MO,418 - LAPAROSCOPIC CHOLECYSTECTOMY W/O C.D.E. W CC,354,10541.0
MO,419 - LAPAROSCOPIC CHOLECYSTECTOMY W/O C.D.E. W/O CC/MCC,232,7556.0
MO,439 - DISORDERS OF PANCREAS EXCEPT MALIGNANCY W CC,524,6547.0
MO,460 - SPINAL FUSION EXCEPT CERVICAL W/O MCC,2006,26105.0
MO,468 - REVISION OF HIP OR KNEE REPLACEMENT W/O CC/MCC,260,17956.0
MO,469 - MAJOR JOINT REPLACEMENT OR REATTACHMENT OF LOWER EXTREMITY W MCC,576,20095.0
MO,470 - MAJOR JOINT REPLACEMENT OR REATTACHMENT OF LOWER EXTREMITY W/O MCC,11075,13309.0
MO,472 - CERVICAL SPINAL FUSION W CC,171,19553.0
MO,473 - CERVICAL SPINAL FUSION W/O CC/MCC,702,14480.0
MO,480 - HIP & FEMUR PROCEDURES EXCEPT MAJOR JOINT W MCC,648,18341.0
MO,481 - HIP & FEMUR PROCEDURES EXCEPT MAJOR JOINT W CC,1946,12314.0
MO,482 - HIP & FEMUR PROCEDURES EXCEPT MAJOR JOINT W/O CC/MCC,382,10064.0
MO,483 - MAJOR JOINT/LIMB REATTACHMENT PROCEDURE OF UPPER EXTREMITIES,1469,15505.0
MO,"493 - LOWER EXTREM & HUMER PROC EXCEPT HIP,FOOT,FEMUR W CC",341,13486.0
MO,516 - OTHER MUSCULOSKELET SYS & CONN TISS O.R. PROC W CC,170,12403.0
MO,519 - BACK & NECK PROC EXC SPINAL FUSION W CC,201,10528.0
MO,520 - BACK & NECK PROC EXC SPINAL FUSION W/O CC/MCC,399,8163.0
MO,536 - FRACTURES OF HIP & PELVIS W/O MCC,245,4818.0
MO,543 - PATHOLOGICAL FRACTURES & MUSCULOSKELET & CONN TISS MALIG W CC,145,6799.0
MO,551 - MEDICAL BACK PROBLEMS W MCC,179,9366.0
MO,552 - MEDICAL BACK PROBLEMS W/O MCC,1247,5711.0
MO,602 - CELLULITIS W MCC,544,9237.0
MO,603 - CELLULITIS W/O MCC,2787,5718.0
MO,637 - DIABETES W MCC,366,9892.0
MO,638 - DIABETES W CC,1068,5931.0
MO,"640 - MISC DISORDERS OF NUTRITION,METABOLISM,FLUIDS/ELECTROLYTES W MCC",1446,7648.0
MO,"641 - MISC DISORDERS OF NUTRITION,METABOLISM,FLUIDS/ELECTROLYTES W/O MCC",2480,4970.0
MO,644 - ENDOCRINE DISORDERS W CC,128,7658.0
MO,669 - TRANSURETHRAL PROCEDURES W CC,172,7823.0
MO,682 - RENAL FAILURE W MCC,2903,9903.0
MO,683 - RENAL FAILURE W CC,3450,6299.0
MO,689 - KIDNEY & URINARY TRACT INFECTIONS W MCC,1647,7039.0
MO,690 - KIDNEY & URINARY TRACT INFECTIONS W/O MCC,3051,5197.0
MO,698 - OTHER KIDNEY & URINARY TRACT DIAGNOSES W MCC,1070,9940.0
MO,699 - OTHER KIDNEY & URINARY TRACT DIAGNOSES W CC,638,7970.0
MO,811 - RED BLOOD CELL DISORDERS W MCC,413,8933.0
MO,812 - RED BLOOD CELL DISORDERS W/O MCC,1399,5968.0
MO,847 - CHEMOTHERAPY W/O ACUTE LEUKEMIA AS SECONDARY DIAGNOSIS W CC,268,9531.0
MO,853 - INFECTIOUS & PARASITIC DISEASES W O.R. PROCEDURE W MCC,1657,34268.0
MO,870 - SEPTICEMIA OR SEVERE SEPSIS W MV >96 HOURS,705,39608.0
MO,871 - SEPTICEMIA OR SEVERE SEPSIS W/O MV 96+ HOURS W MCC,12944,11815.0
MO,872 - SEPTICEMIA OR SEVERE SEPSIS W/O MV >96 HOURS W/O MCC,3187,7092.0
MO,948 - SIGNS & SYMPTOMS W/O MCC,788,5168.0
MO,981 - EXTENSIVE O.R. PROCEDURE UNRELATED TO PRINCIPAL DIAGNOSIS W MCC,444,32493.0
MO,982 - EXTENSIVE O.R. PROCEDURE UNRELATED TO PRINCIPAL DIAGNOSIS W CC,245,17699.0
MO,207 - RESPIRATORY SYSTEM DIAGNOSIS W VENTILATOR SUPPORT 96+ HOURS,487,34929.0
MO,315 - OTHER CIRCULATORY SYSTEM DIAGNOSES W CC,335,7048.0
MO,621 - O.R. PROCEDURES FOR OBESITY W/O CC/MCC,509,10345.0
MO,854 - INFECTIOUS & PARASITIC DISEASES W O.R. PROCEDURE W CC,201,14676.0
MO,917 - POISONING & TOXIC EFFECTS OF DRUGS W MCC,739,9939.0
MO,103 - HEADACHES W/O MCC,161,5139.0
MO,435 - MALIGNANCY OF HEPATOBILIARY SYSTEM OR PANCREAS W MCC,172,11664.0
MO,462 - BILATERAL OR MULTIPLE MAJOR JOINT PROCS OF LOWER EXTREMITY W/O MCC,106,26664.0
MO,467 - REVISION OF HIP OR KNEE REPLACEMENT W CC,427,21741.0
MO,897 - ALCOHOL/DRUG ABUSE OR DEPENDENCE W/O REHABILITATION THERAPY W/O MCC,852,5213.0
MO,023 - CRANIO W MAJOR DEV IMPL/ACUTE COMPLEX CNS PDX W MCC OR CHEMO IMPLANT,153,38844.0
MO,024 - CRANIO W MAJOR DEV IMPL/ACUTE COMPLEX CNS PDX W/O MCC,47,23738.0
MO,027 - CRANIOTOMY & ENDOVASCULAR INTRACRANIAL PROCEDURES W/O CC/MCC,221,18498.0
MO,040 - PERIPH/CRANIAL NERVE & OTHER NERV SYST PROC W MCC,51,28517.0
MO,056 - DEGENERATIVE NERVOUS SYSTEM DISORDERS W MCC,96,15461.0
MO,073 - CRANIAL & PERIPHERAL NERVE DISORDERS W MCC,65,14416.0
MO,220 - CARDIAC VALVE & OTH MAJ CARDIOTHORACIC PROC W/O CARD CATH W CC,372,31750.0
MO,239 - AMPUTATION FOR CIRC SYS DISORDERS EXC UPPER LIMB & TOE W MCC,57,30147.0
MO,248 - PERC CARDIOVASC PROC W NON-DRUG-ELUTING STENT W MCC OR 4+ VES/STENTS,129,19192.0
MO,251 - PERC CARDIOVASC PROC W/O CORONARY ARTERY STENT W/O MCC,288,13960.0
MO,264 - OTHER CIRCULATORY SYSTEM O.R. PROCEDURES,230,20394.0
MO,305 - HYPERTENSION W/O MCC,369,4891.0
MO,"441 - DISORDERS OF LIVER EXCEPT MALIG,CIRR,ALC HEPA W MCC",268,15149.0
MO,517 - OTHER MUSCULOSKELET SYS & CONN TISS O.R. PROC W/O CC/MCC,84,10885.0
MO,554 - BONE DISEASES & ARTHROPATHIES W/O MCC,75,4856.0
MO,556 - SIGNS & SYMPTOMS OF MUSCULOSKELETAL SYSTEM & CONN TISSUE W/O MCC,226,5473.0
MO,"563 - FX, SPRN, STRN & DISL EXCEPT FEMUR, HIP, PELVIS & THIGH W/O MCC",339,5302.0
MO,"617 - AMPUTAT OF LOWER LIMB FOR ENDOCRINE,NUTRIT,& METABOL DIS W CC",123,13056.0
MO,620 - O.R. PROCEDURES FOR OBESITY W CC,135,13094.0
MO,684 - RENAL FAILURE W/O CC/MCC,365,4274.0
MO,865 - VIRAL ILLNESS W MCC,44,12176.0
MO,885 - PSYCHOSES,3984,7437.0
MO,896 - ALCOHOL/DRUG ABUSE OR DEPENDENCE W/O REHABILITATION THERAPY W MCC,51,11647.0
MO,907 - OTHER O.R. PROCEDURES FOR INJURIES W MCC,138,28945.0
MO,918 - POISONING & TOXIC EFFECTS OF DRUGS W/O MCC,512,4795.0
MO,919 - COMPLICATIONS OF TREATMENT W MCC,208,14206.0
MO,001 - HEART TRANSPLANT OR IMPLANT OF HEART ASSIST SYSTEM W MCC,63,253294.0
MO,"004 - TRACH W MV 96+ HRS OR PDX EXC FACE, MOUTH & NECK W/O MAJ O.R.",278,71264.0
MO,014 - ALLOGENEIC BONE MARROW TRANSPLANT,58,112669.0
MO,016 - AUTOLOGOUS BONE MARROW TRANSPLANT W CC/MCC,49,44421.0
MO,026 - CRANIOTOMY & ENDOVASCULAR INTRACRANIAL PROCEDURES W CC,74,24317.0
MO,041 - PERIPH/CRANIAL NERVE & OTHER NERV SYST PROC W CC OR PERIPH NEUROSTIM,60,17285.0
MO,054 - NERVOUS SYSTEM NEOPLASMS W MCC,185,9349.0
MO,062 - ACUTE ISCHEMIC STROKE W USE OF THROMBOLYTIC AGENT W CC,96,11948.0
MO,070 - NONSPECIFIC CEREBROVASCULAR DISORDERS W MCC,135,10967.0
MO,093 - OTHER DISORDERS OF NERVOUS SYSTEM W/O CC/MCC,33,5766.0
MO,165 - MAJOR CHEST PROCEDURES W/O CC/MCC,154,12189.0
MO,167 - OTHER RESP SYSTEM O.R. PROCEDURES W CC,149,13261.0
MO,181 - RESPIRATORY NEOPLASMS W CC,134,7925.0
MO,186 - PLEURAL EFFUSION W MCC,85,9466.0
MO,204 - RESPIRATORY SIGNS & SYMPTOMS,131,5632.0
MO,205 - OTHER RESPIRATORY SYSTEM DIAGNOSES W MCC,46,16375.0
MO,206 - OTHER RESPIRATORY SYSTEM DIAGNOSES W/O MCC,98,7691.0
MO,227 - CARDIAC DEFIBRILLATOR IMPLANT W/O CARDIAC CATH W/O MCC,49,36050.0
MO,235 - CORONARY BYPASS W/O CARDIAC CATH W MCC,220,38710.0
MO,250 - PERC CARDIOVASC PROC W/O CORONARY ARTERY STENT W MCC,130,24021.0
MO,266 - ENDOVASCULAR CARDIAC VALVE REPLACEMENT W MCC,183,57471.0
MO,267 - ENDOVASCULAR CARDIAC VALVE REPLACEMENT W/O MCC,71,39706.0
MO,"283 - ACUTE MYOCARDIAL INFARCTION, EXPIRED W MCC",115,12187.0
MO,303 - ATHEROSCLEROSIS W/O MCC,110,4814.0
MO,"326 - STOMACH, ESOPHAGEAL & DUODENAL PROC W MCC",105,36436.0
MO,"327 - STOMACH, ESOPHAGEAL & DUODENAL PROC W CC",115,17886.0
MO,"328 - STOMACH, ESOPHAGEAL & DUODENAL PROC W/O CC/MCC",95,11279.0
MO,333 - RECTAL RESECTION W CC,44,14721.0
MO,336 - PERITONEAL ADHESIOLYSIS W CC,104,16006.0
MO,356 - OTHER DIGESTIVE SYSTEM O.R. PROCEDURES W MCC,33,30229.0
MO,374 - DIGESTIVE MALIGNANCY W MCC,85,15099.0
MO,375 - DIGESTIVE MALIGNANCY W CC,167,8627.0
MO,395 - OTHER DIGESTIVE SYSTEM DIAGNOSES W/O CC/MCC,117,4631.0
MO,"406 - PANCREAS, LIVER & SHUNT PROCEDURES W CC",78,20203.0
MO,432 - CIRRHOSIS & ALCOHOLIC HEPATITIS W MCC,92,14568.0
MO,436 - MALIGNANCY OF HEPATOBILIARY SYSTEM OR PANCREAS W CC,44,8754.0
MO,438 - DISORDERS OF PANCREAS EXCEPT MALIGNANCY W MCC,273,14642.0
MO,440 - DISORDERS OF PANCREAS EXCEPT MALIGNANCY W/O CC/MCC,152,4566.0
MO,"442 - DISORDERS OF LIVER EXCEPT MALIG,CIRR,ALC HEPA W CC",278,7352.0
MO,444 - DISORDERS OF THE BILIARY TRACT W MCC,136,10527.0
MO,445 - DISORDERS OF THE BILIARY TRACT W CC,246,7278.0
MO,446 - DISORDERS OF THE BILIARY TRACT W/O CC/MCC,71,4629.0
MO,454 - COMBINED ANTERIOR/POSTERIOR SPINAL FUSION W CC,101,44896.0
MO,457 - SPINAL FUS EXC CERV W SPINAL CURV/MALIG/INFEC OR EXT FUS W CC,48,61170.0
MO,"464 - WND DEBRID & SKN GRFT EXC HAND, FOR MUSCULO-CONN TISS DIS W CC",70,20901.0
MO,478 - BIOPSIES OF MUSCULOSKELETAL SYSTEM & CONNECTIVE TISSUE W CC,101,13887.0
MO,"494 - LOWER EXTREM & HUMER PROC EXCEPT HIP,FOOT,FEMUR W/O CC/MCC",225,10328.0
MO,542 - PATHOLOGICAL FRACTURES & MUSCULOSKELET & CONN TISS MALIG W MCC,21,13532.0
MO,545 - CONNECTIVE TISSUE DISORDERS W MCC,21,21293.0
MO,"558 - TENDONITIS, MYOSITIS & BURSITIS W/O MCC",105,6483.0
MO,"605 - TRAUMA TO THE SKIN, SUBCUT TISS & BREAST W/O MCC",113,4730.0
MO,639 - DIABETES W/O CC/MCC,72,4224.0
MO,643 - ENDOCRINE DISORDERS W MCC,43,11082.0
MO,652 - KIDNEY TRANSPLANT,237,28816.0
MO,657 - KIDNEY & URETER PROCEDURES FOR NEOPLASM W CC,83,14886.0
MO,658 - KIDNEY & URETER PROCEDURES FOR NEOPLASM W/O CC/MCC,60,10458.0
MO,660 - KIDNEY & URETER PROCEDURES FOR NON-NEOPLASM W CC,82,13755.0
MO,673 - OTHER KIDNEY & URINARY TRACT PROCEDURES W MCC,89,27010.0
MO,674 - OTHER KIDNEY & URINARY TRACT PROCEDURES W CC,71,15575.0
MO,694 - URINARY STONES W/O ESW LITHOTRIPSY W/O MCC,150,4589.0
MO,708 - MAJOR MALE PELVIC PROCEDURES W/O CC/MCC,274,8962.0
MO,737 - UTERINE & ADNEXA PROC FOR OVARIAN OR ADNEXAL MALIGNANCY W CC,33,15057.0
MO,743 - UTERINE & ADNEXA PROC FOR NON-MALIGNANCY W/O CC/MCC,65,7401.0
MO,775 - VAGINAL DELIVERY W/O COMPLICATING DIAGNOSES,47,5088.0
MO,809 - MAJOR HEMATOL/IMMUN DIAG EXC SICKLE CELL CRISIS & COAGUL W CC,223,9198.0
MO,840 - LYMPHOMA & NON-ACUTE LEUKEMIA W MCC,46,29131.0
MO,856 - POSTOPERATIVE OR POST-TRAUMATIC INFECTIONS W O.R. PROC W MCC,43,30174.0
MO,857 - POSTOPERATIVE OR POST-TRAUMATIC INFECTIONS W O.R. PROC W CC,68,14091.0
MO,862 - POSTOPERATIVE & POST-TRAUMATIC INFECTIONS W MCC,93,12921.0
MO,863 - POSTOPERATIVE & POST-TRAUMATIC INFECTIONS W/O MCC,172,6849.0
MO,864 - FEVER,100,6829.0
MO,884 - ORGANIC DISTURBANCES & MENTAL RETARDATION,250,8433.0
MO,908 - OTHER O.R. PROCEDURES FOR INJURIES W CC,88,12985.0
MO,920 - COMPLICATIONS OF TREATMENT W CC,246,7498.0
MO,947 - SIGNS & SYMPTOMS W MCC,119,10494.0
MO,974 - HIV W MAJOR RELATED CONDITION W MCC,21,26198.0
MO,987 - NON-EXTENSIVE O.R. PROC UNRELATED TO PRINCIPAL DIAGNOSIS W MCC,51,22066.0
MO,179 - RESPIRATORY INFECTIONS & INFLAMMATIONS W/O CC/MCC,68,6130.0
MO,203 - BRONCHITIS & ASTHMA W/O CC/MCC,113,4566.0
MO,221 - CARDIAC VALVE & OTH MAJ CARDIOTHORACIC PROC W/O CARD CATH W/O CC/MCC,43,26245.0
MO,881 - DEPRESSIVE NEUROSES,124,5341.0
MO,880 - ACUTE ADJUSTMENT REACTION & PSYCHOSOCIAL DYSFUNCTION,48,4944.0
MO,455 - COMBINED ANTERIOR/POSTERIOR SPINAL FUSION W/O CC/MCC,107,33971.0
KS,039 - EXTRACRANIAL PROCEDURES W/O CC/MCC,445,6635.0
KS,064 - INTRACRANIAL HEMORRHAGE OR CEREBRAL INFARCTION W MCC,645,10852.0
KS,065 - INTRACRANIAL HEMORRHAGE OR CEREBRAL INFARCTION W CC OR TPA IN 24 HRS,839,6896.0
KS,066 - INTRACRANIAL HEMORRHAGE OR CEREBRAL INFARCTION W/O CC/MCC,427,5007.0
KS,069 - TRANSIENT ISCHEMIA,460,4667.0
KS,101 - SEIZURES W/O MCC,310,5198.0
KS,153 - OTITIS MEDIA & URI W/O MCC,196,4455.0
KS,175 - PULMONARY EMBOLISM W MCC,206,9645.0
KS,177 - RESPIRATORY INFECTIONS & INFLAMMATIONS W MCC,602,11716.0
KS,189 - PULMONARY EDEMA & RESPIRATORY FAILURE,2082,7779.0
KS,190 - CHRONIC OBSTRUCTIVE PULMONARY DISEASE W MCC,782,7753.0
KS,191 - CHRONIC OBSTRUCTIVE PULMONARY DISEASE W CC,704,6000.0
KS,192 - CHRONIC OBSTRUCTIVE PULMONARY DISEASE W/O CC/MCC,342,4560.0
KS,193 - SIMPLE PNEUMONIA & PLEURISY W MCC,1498,9172.0
KS,194 - SIMPLE PNEUMONIA & PLEURISY W CC,1549,6296.0
KS,195 - SIMPLE PNEUMONIA & PLEURISY W/O CC/MCC,523,4584.0
KS,202 - BRONCHITIS & ASTHMA W CC/MCC,177,5594.0
KS,208 - RESPIRATORY SYSTEM DIAGNOSIS W VENTILATOR SUPPORT <96 HOURS,461,14760.0
KS,"280 - ACUTE MYOCARDIAL INFARCTION, DISCHARGED ALIVE W MCC",567,10717.0
KS,"281 - ACUTE MYOCARDIAL INFARCTION, DISCHARGED ALIVE W CC",360,6586.0
KS,"282 - ACUTE MYOCARDIAL INFARCTION, DISCHARGED ALIVE W/O CC/MCC",136,5211.0
KS,"287 - CIRCULATORY DISORDERS EXCEPT AMI, W CARD CATH W/O MCC",842,7375.0
KS,291 - HEART FAILURE & SHOCK W MCC,1868,9504.0
KS,292 - HEART FAILURE & SHOCK W CC,1615,6345.0
KS,293 - HEART FAILURE & SHOCK W/O CC/MCC,422,4506.0
KS,308 - CARDIAC ARRHYTHMIA & CONDUCTION DISORDERS W MCC,686,7890.0
KS,309 - CARDIAC ARRHYTHMIA & CONDUCTION DISORDERS W CC,940,5197.0
KS,310 - CARDIAC ARRHYTHMIA & CONDUCTION DISORDERS W/O CC/MCC,843,3827.0
KS,312 - SYNCOPE & COLLAPSE,613,4967.0
KS,314 - OTHER CIRCULATORY SYSTEM DIAGNOSES W MCC,268,12005.0
KS,330 - MAJOR SMALL & LARGE BOWEL PROCEDURES W CC,510,15812.0
KS,377 - G.I. HEMORRHAGE W MCC,510,11802.0
KS,378 - G.I. HEMORRHAGE W CC,1371,6520.0
KS,389 - G.I. OBSTRUCTION W CC,471,5730.0
KS,390 - G.I. OBSTRUCTION W/O CC/MCC,266,4179.0
KS,"391 - ESOPHAGITIS, GASTROENT & MISC DIGEST DISORDERS W MCC",377,7785.0
KS,"392 - ESOPHAGITIS, GASTROENT & MISC DIGEST DISORDERS W/O MCC",1772,4927.0
KS,394 - OTHER DIGESTIVE SYSTEM DIAGNOSES W CC,293,6378.0
KS,469 - MAJOR JOINT REPLACEMENT OR REATTACHMENT OF LOWER EXTREMITY W MCC,293,20963.0
KS,470 - MAJOR JOINT REPLACEMENT OR REATTACHMENT OF LOWER EXTREMITY W/O MCC,7202,12928.0
KS,480 - HIP & FEMUR PROCEDURES EXCEPT MAJOR JOINT W MCC,255,18179.0
KS,481 - HIP & FEMUR PROCEDURES EXCEPT MAJOR JOINT W CC,1020,12346.0
KS,483 - MAJOR JOINT/LIMB REATTACHMENT PROCEDURE OF UPPER EXTREMITIES,550,14515.0
KS,536 - FRACTURES OF HIP & PELVIS W/O MCC,242,4680.0
KS,603 - CELLULITIS W/O MCC,949,5566.0
KS,638 - DIABETES W CC,331,5519.0
KS,"640 - MISC DISORDERS OF NUTRITION,METABOLISM,FLUIDS/ELECTROLYTES W MCC",533,7214.0
KS,"641 - MISC DISORDERS OF NUTRITION,METABOLISM,FLUIDS/ELECTROLYTES W/O MCC",1156,4740.0
KS,682 - RENAL FAILURE W MCC,1137,9873.0
KS,683 - RENAL FAILURE W CC,1342,6263.0
KS,689 - KIDNEY & URINARY TRACT INFECTIONS W MCC,517,6994.0
KS,690 - KIDNEY & URINARY TRACT INFECTIONS W/O MCC,1325,5030.0
KS,698 - OTHER KIDNEY & URINARY TRACT DIAGNOSES W MCC,275,10278.0
KS,699 - OTHER KIDNEY & URINARY TRACT DIAGNOSES W CC,216,7535.0
KS,812 - RED BLOOD CELL DISORDERS W/O MCC,361,5284.0
KS,853 - INFECTIOUS & PARASITIC DISEASES W O.R. PROCEDURE W MCC,603,33760.0
KS,854 - INFECTIOUS & PARASITIC DISEASES W O.R. PROCEDURE W CC,90,15078.0
KS,871 - SEPTICEMIA OR SEVERE SEPSIS W/O MV 96+ HOURS W MCC,5818,11608.0
KS,872 - SEPTICEMIA OR SEVERE SEPSIS W/O MV >96 HOURS W/O MCC,1741,6852.0
KS,897 - ALCOHOL/DRUG ABUSE OR DEPENDENCE W/O REHABILITATION THERAPY W/O MCC,157,4609.0
KS,917 - POISONING & TOXIC EFFECTS OF DRUGS W MCC,321,9295.0
KS,918 - POISONING & TOXIC EFFECTS OF DRUGS W/O MCC,163,4402.0
KS,057 - DEGENERATIVE NERVOUS SYSTEM DISORDERS W/O MCC,184,6699.0
KS,074 - CRANIAL & PERIPHERAL NERVE DISORDERS W/O MCC,153,6226.0
KS,092 - OTHER DISORDERS OF NERVOUS SYSTEM W CC,132,6446.0
KS,100 - SEIZURES W MCC,114,10450.0
KS,164 - MAJOR CHEST PROCEDURES W CC,105,16163.0
KS,166 - OTHER RESP SYSTEM O.R. PROCEDURES W MCC,111,22694.0
KS,167 - OTHER RESP SYSTEM O.R. PROCEDURES W CC,59,12976.0
KS,176 - PULMONARY EMBOLISM W/O MCC,295,6336.0
KS,178 - RESPIRATORY INFECTIONS & INFLAMMATIONS W CC,210,8432.0
KS,181 - RESPIRATORY NEOPLASMS W CC,56,7735.0
KS,204 - RESPIRATORY SIGNS & SYMPTOMS,61,4819.0
KS,207 - RESPIRATORY SYSTEM DIAGNOSIS W VENTILATOR SUPPORT 96+ HOURS,108,33633.0
KS,220 - CARDIAC VALVE & OTH MAJ CARDIOTHORACIC PROC W/O CARD CATH W CC,194,31243.0
KS,227 - CARDIAC DEFIBRILLATOR IMPLANT W/O CARDIAC CATH W/O MCC,69,34533.0
KS,236 - CORONARY BYPASS W/O CARDIAC CATH W/O MCC,195,23695.0
KS,237 - MAJOR CARDIOVASC PROCEDURES W MCC,125,32067.0
KS,238 - MAJOR CARDIOVASC PROCEDURES W/O MCC,345,21350.0
KS,242 - PERMANENT CARDIAC PACEMAKER IMPLANT W MCC,157,21787.0
KS,243 - PERMANENT CARDIAC PACEMAKER IMPLANT W CC,265,16059.0
KS,244 - PERMANENT CARDIAC PACEMAKER IMPLANT W/O CC/MCC,194,13246.0
KS,247 - PERC CARDIOVASC PROC W DRUG-ELUTING STENT W/O MCC,890,13454.0
KS,250 - PERC CARDIOVASC PROC W/O CORONARY ARTERY STENT W MCC,107,21495.0
KS,251 - PERC CARDIOVASC PROC W/O CORONARY ARTERY STENT W/O MCC,233,14620.0
KS,253 - OTHER VASCULAR PROCEDURES W CC,265,15680.0
KS,303 - ATHEROSCLEROSIS W/O MCC,67,4027.0
KS,313 - CHEST PAIN,538,4247.0
KS,315 - OTHER CIRCULATORY SYSTEM DIAGNOSES W CC,113,7051.0
KS,329 - MAJOR SMALL & LARGE BOWEL PROCEDURES W MCC,300,33074.0
KS,372 - MAJOR GASTROINTESTINAL DISORDERS & PERITONEAL INFECTIONS W CC,174,7019.0
KS,417 - LAPAROSCOPIC CHOLECYSTECTOMY W/O C.D.E. W MCC,130,15347.0
KS,418 - LAPAROSCOPIC CHOLECYSTECTOMY W/O C.D.E. W CC,159,10299.0
KS,439 - DISORDERS OF PANCREAS EXCEPT MALIGNANCY W CC,121,6259.0
KS,440 - DISORDERS OF PANCREAS EXCEPT MALIGNANCY W/O CC/MCC,43,4358.0
KS,460 - SPINAL FUSION EXCEPT CERVICAL W/O MCC,1079,24375.0
KS,467 - REVISION OF HIP OR KNEE REPLACEMENT W CC,200,21673.0
KS,"493 - LOWER EXTREM & HUMER PROC EXCEPT HIP,FOOT,FEMUR W CC",169,14472.0
KS,516 - OTHER MUSCULOSKELET SYS & CONN TISS O.R. PROC W CC,149,12210.0
KS,519 - BACK & NECK PROC EXC SPINAL FUSION W CC,297,9944.0
KS,520 - BACK & NECK PROC EXC SPINAL FUSION W/O CC/MCC,407,6914.0
KS,552 - MEDICAL BACK PROBLEMS W/O MCC,587,5923.0
KS,"563 - FX, SPRN, STRN & DISL EXCEPT FEMUR, HIP, PELVIS & THIGH W/O MCC",258,5328.0
KS,637 - DIABETES W MCC,180,9049.0
KS,669 - TRANSURETHRAL PROCEDURES W CC,84,7729.0
KS,870 - SEPTICEMIA OR SEVERE SEPSIS W MV >96 HOURS,206,40374.0
KS,948 - SIGNS & SYMPTOMS W/O MCC,300,5006.0
KS,982 - EXTENSIVE O.R. PROCEDURE UNRELATED TO PRINCIPAL DIAGNOSIS W CC,84,17767.0
KS,"003 - ECMO OR TRACH W MV >96 HRS OR PDX EXC FACE, MOUTH & NECK W MAJ O.R.",78,118969.0
KS,"004 - TRACH W MV 96+ HRS OR PDX EXC FACE, MOUTH & NECK W/O MAJ O.R.",67,70211.0
KS,"012 - TRACHEOSTOMY FOR FACE,MOUTH & NECK DIAGNOSES W CC",21,25753.0
KS,016 - AUTOLOGOUS BONE MARROW TRANSPLANT W CC/MCC,58,40763.0
KS,025 - CRANIOTOMY & ENDOVASCULAR INTRACRANIAL PROCEDURES W MCC,166,26251.0
KS,026 - CRANIOTOMY & ENDOVASCULAR INTRACRANIAL PROCEDURES W CC,48,21195.0
KS,027 - CRANIOTOMY & ENDOVASCULAR INTRACRANIAL PROCEDURES W/O CC/MCC,95,16367.0
KS,038 - EXTRACRANIAL PROCEDURES W CC,143,9831.0
KS,054 - NERVOUS SYSTEM NEOPLASMS W MCC,77,8449.0
KS,070 - NONSPECIFIC CEREBROVASCULAR DISORDERS W MCC,123,10103.0
KS,071 - NONSPECIFIC CEREBROVASCULAR DISORDERS W CC,94,6348.0
KS,"086 - TRAUMATIC STUPOR & COMA, COMA <1 HR W CC",149,7505.0
KS,091 - OTHER DISORDERS OF NERVOUS SYSTEM W MCC,57,12072.0
KS,163 - MAJOR CHEST PROCEDURES W MCC,47,32234.0
KS,180 - RESPIRATORY NEOPLASMS W MCC,90,11012.0
KS,186 - PLEURAL EFFUSION W MCC,60,10532.0
KS,206 - OTHER RESPIRATORY SYSTEM DIAGNOSES W/O MCC,56,5590.0
KS,216 - CARDIAC VALVE & OTH MAJ CARDIOTHORACIC PROC W CARD CATH W MCC,74,56688.0
KS,219 - CARDIAC VALVE & OTH MAJ CARDIOTHORACIC PROC W/O CARD CATH W MCC,130,50806.0
KS,233 - CORONARY BYPASS W CARDIAC CATH W MCC,101,48109.0
KS,234 - CORONARY BYPASS W CARDIAC CATH W/O MCC,260,29397.0
KS,235 - CORONARY BYPASS W/O CARDIAC CATH W MCC,76,35977.0
KS,246 - PERC CARDIOVASC PROC W DRUG-ELUTING STENT W MCC OR 4+ VESSELS/STENTS,282,21037.0
KS,252 - OTHER VASCULAR PROCEDURES W MCC,204,21427.0
KS,254 - OTHER VASCULAR PROCEDURES W/O CC/MCC,73,10925.0
KS,266 - ENDOVASCULAR CARDIAC VALVE REPLACEMENT W MCC,58,59318.0
KS,267 - ENDOVASCULAR CARDIAC VALVE REPLACEMENT W/O MCC,109,41971.0
KS,"286 - CIRCULATORY DISORDERS EXCEPT AMI, W CARD CATH W MCC",203,13317.0
KS,299 - PERIPHERAL VASCULAR DISORDERS W MCC,58,10119.0
KS,300 - PERIPHERAL VASCULAR DISORDERS W CC,195,6481.0
KS,305 - HYPERTENSION W/O MCC,195,4719.0
KS,"326 - STOMACH, ESOPHAGEAL & DUODENAL PROC W MCC",43,39485.0
KS,"328 - STOMACH, ESOPHAGEAL & DUODENAL PROC W/O CC/MCC",43,10407.0
KS,331 - MAJOR SMALL & LARGE BOWEL PROCEDURES W/O CC/MCC,184,10451.0
KS,336 - PERITONEAL ADHESIOLYSIS W CC,81,15453.0
KS,371 - MAJOR GASTROINTESTINAL DISORDERS & PERITONEAL INFECTIONS W MCC,110,11767.0
KS,379 - G.I. HEMORRHAGE W/O CC/MCC,118,4499.0
KS,388 - G.I. OBSTRUCTION W MCC,117,10313.0
KS,393 - OTHER DIGESTIVE SYSTEM DIAGNOSES W MCC,134,11306.0
KS,"405 - PANCREAS, LIVER & SHUNT PROCEDURES W MCC",21,77964.0
KS,"406 - PANCREAS, LIVER & SHUNT PROCEDURES W CC",43,18786.0
KS,435 - MALIGNANCY OF HEPATOBILIARY SYSTEM OR PANCREAS W MCC,68,12175.0
KS,438 - DISORDERS OF PANCREAS EXCEPT MALIGNANCY W MCC,63,12151.0
KS,"441 - DISORDERS OF LIVER EXCEPT MALIG,CIRR,ALC HEPA W MCC",155,13682.0
KS,"442 - DISORDERS OF LIVER EXCEPT MALIG,CIRR,ALC HEPA W CC",121,6714.0
KS,444 - DISORDERS OF THE BILIARY TRACT W MCC,60,10765.0
KS,445 - DISORDERS OF THE BILIARY TRACT W CC,76,6955.0
KS,468 - REVISION OF HIP OR KNEE REPLACEMENT W/O CC/MCC,129,16290.0
KS,472 - CERVICAL SPINAL FUSION W CC,155,17147.0
KS,473 - CERVICAL SPINAL FUSION W/O CC/MCC,347,12554.0
KS,482 - HIP & FEMUR PROCEDURES EXCEPT MAJOR JOINT W/O CC/MCC,152,10172.0
KS,"494 - LOWER EXTREM & HUMER PROC EXCEPT HIP,FOOT,FEMUR W/O CC/MCC",91,10354.0
KS,515 - OTHER MUSCULOSKELET SYS & CONN TISS O.R. PROC W MCC,53,19135.0
KS,551 - MEDICAL BACK PROBLEMS W MCC,84,9987.0
KS,554 - BONE DISEASES & ARTHROPATHIES W/O MCC,48,4962.0
KS,556 - SIGNS & SYMPTOMS OF MUSCULOSKELETAL SYSTEM & CONN TISSUE W/O MCC,85,5261.0
KS,602 - CELLULITIS W MCC,140,9256.0
KS,644 - ENDOCRINE DISORDERS W CC,65,6721.0
KS,652 - KIDNEY TRANSPLANT,82,32718.0
KS,657 - KIDNEY & URETER PROCEDURES FOR NEOPLASM W CC,66,12897.0
KS,660 - KIDNEY & URETER PROCEDURES FOR NON-NEOPLASM W CC,46,13617.0
KS,684 - RENAL FAILURE W/O CC/MCC,145,4307.0
KS,708 - MAJOR MALE PELVIC PROCEDURES W/O CC/MCC,132,8197.0
KS,809 - MAJOR HEMATOL/IMMUN DIAG EXC SICKLE CELL CRISIS & COAGUL W CC,82,8230.0
KS,811 - RED BLOOD CELL DISORDERS W MCC,86,8865.0
KS,847 - CHEMOTHERAPY W/O ACUTE LEUKEMIA AS SECONDARY DIAGNOSIS W CC,51,9695.0
KS,862 - POSTOPERATIVE & POST-TRAUMATIC INFECTIONS W MCC,77,12034.0
KS,863 - POSTOPERATIVE & POST-TRAUMATIC INFECTIONS W/O MCC,73,6862.0
KS,896 - ALCOHOL/DRUG ABUSE OR DEPENDENCE W/O REHABILITATION THERAPY W MCC,48,10915.0
KS,908 - OTHER O.R. PROCEDURES FOR INJURIES W CC,59,14065.0
KS,919 - COMPLICATIONS OF TREATMENT W MCC,75,11477.0
KS,920 - COMPLICATIONS OF TREATMENT W CC,98,7900.0
KS,947 - SIGNS & SYMPTOMS W MCC,33,7195.0
KS,981 - EXTENSIVE O.R. PROCEDURE UNRELATED TO PRINCIPAL DIAGNOSIS W MCC,170,32625.0
KS,149 - DYSEQUILIBRIUM,119,4139.0
KS,"085 - TRAUMATIC STUPOR & COMA, COMA <1 HR W MCC",56,13003.0
KS,419 - LAPAROSCOPIC CHOLECYSTECTOMY W/O C.D.E. W/O CC/MCC,59,8160.0
KS,"558 - TENDONITIS, MYOSITIS & BURSITIS W/O MCC",33,5277.0
KS,"605 - TRAUMA TO THE SKIN, SUBCUT TISS & BREAST W/O MCC",76,8133.0
KS,620 - O.R. PROCEDURES FOR OBESITY W CC,52,17498.0
KS,621 - O.R. PROCEDURES FOR OBESITY W/O CC/MCC,208,14497.0
KS,885 - PSYCHOSES,848,6453.0
KS,462 - BILATERAL OR MULTIPLE MAJOR JOINT PROCS OF LOWER EXTREMITY W/O MCC,60,22940.0
KS,"087 - TRAUMATIC STUPOR & COMA, COMA <1 HR W/O CC/MCC",119,5982.0
KS,249 - PERC CARDIOVASC PROC W NON-DRUG-ELUTING STENT W/O MCC,119,12222.0
KS,884 - ORGANIC DISTURBANCES & MENTAL RETARDATION,56,6690.0
KS,454 - COMBINED ANTERIOR/POSTERIOR SPINAL FUSION W CC,78,42776.0
KS,455 - COMBINED ANTERIOR/POSTERIOR SPINAL FUSION W/O CC/MCC,69,32153.0
KS,"283 - ACUTE MYOCARDIAL INFARCTION, EXPIRED W MCC",33,11872.0
NE,065 - INTRACRANIAL HEMORRHAGE OR CEREBRAL INFARCTION W CC OR TPA IN 24 HRS,615,7293.0
NE,176 - PULMONARY EMBOLISM W/O MCC,260,6436.0
NE,177 - RESPIRATORY INFECTIONS & INFLAMMATIONS W MCC,288,13008.0
NE,189 - PULMONARY EDEMA & RESPIRATORY FAILURE,1220,8461.0
NE,190 - CHRONIC OBSTRUCTIVE PULMONARY DISEASE W MCC,810,7947.0
NE,191 - CHRONIC OBSTRUCTIVE PULMONARY DISEASE W CC,549,6372.0
NE,192 - CHRONIC OBSTRUCTIVE PULMONARY DISEASE W/O CC/MCC,284,4884.0
NE,193 - SIMPLE PNEUMONIA & PLEURISY W MCC,928,9618.0
NE,194 - SIMPLE PNEUMONIA & PLEURISY W CC,881,6502.0
NE,195 - SIMPLE PNEUMONIA & PLEURISY W/O CC/MCC,343,4876.0
NE,208 - RESPIRATORY SYSTEM DIAGNOSIS W VENTILATOR SUPPORT <96 HOURS,368,16358.0
NE,291 - HEART FAILURE & SHOCK W MCC,1051,10328.0
NE,292 - HEART FAILURE & SHOCK W CC,967,6651.0
NE,309 - CARDIAC ARRHYTHMIA & CONDUCTION DISORDERS W CC,647,5577.0
NE,310 - CARDIAC ARRHYTHMIA & CONDUCTION DISORDERS W/O CC/MCC,448,3954.0
NE,378 - G.I. HEMORRHAGE W CC,901,6824.0
NE,390 - G.I. OBSTRUCTION W/O CC/MCC,173,4533.0
NE,"392 - ESOPHAGITIS, GASTROENT & MISC DIGEST DISORDERS W/O MCC",1074,5341.0
NE,470 - MAJOR JOINT REPLACEMENT OR REATTACHMENT OF LOWER EXTREMITY W/O MCC,4680,13830.0
NE,481 - HIP & FEMUR PROCEDURES EXCEPT MAJOR JOINT W CC,595,13195.0
NE,603 - CELLULITIS W/O MCC,699,5958.0
NE,"641 - MISC DISORDERS OF NUTRITION,METABOLISM,FLUIDS/ELECTROLYTES W/O MCC",628,5100.0
NE,682 - RENAL FAILURE W MCC,457,10565.0
NE,683 - RENAL FAILURE W CC,780,6644.0
NE,689 - KIDNEY & URINARY TRACT INFECTIONS W MCC,220,6904.0
NE,690 - KIDNEY & URINARY TRACT INFECTIONS W/O MCC,689,5369.0
NE,707 - MAJOR MALE PELVIC PROCEDURES W CC/MCC,33,16816.0
NE,871 - SEPTICEMIA OR SEVERE SEPSIS W/O MV 96+ HOURS W MCC,2905,12698.0
NE,872 - SEPTICEMIA OR SEVERE SEPSIS W/O MV >96 HOURS W/O MCC,953,7227.0
NE,313 - CHEST PAIN,212,4600.0
NE,038 - EXTRACRANIAL PROCEDURES W CC,89,9249.0
NE,039 - EXTRACRANIAL PROCEDURES W/O CC/MCC,269,6640.0
NE,054 - NERVOUS SYSTEM NEOPLASMS W MCC,48,10300.0
NE,057 - DEGENERATIVE NERVOUS SYSTEM DISORDERS W/O MCC,85,7213.0
NE,064 - INTRACRANIAL HEMORRHAGE OR CEREBRAL INFARCTION W MCC,383,12492.0
NE,066 - INTRACRANIAL HEMORRHAGE OR CEREBRAL INFARCTION W/O CC/MCC,366,5182.0
NE,069 - TRANSIENT ISCHEMIA,261,4981.0
NE,070 - NONSPECIFIC CEREBROVASCULAR DISORDERS W MCC,76,13875.0
NE,071 - NONSPECIFIC CEREBROVASCULAR DISORDERS W CC,83,7170.0
NE,153 - OTITIS MEDIA & URI W/O MCC,155,4764.0
NE,164 - MAJOR CHEST PROCEDURES W CC,120,18488.0
NE,166 - OTHER RESP SYSTEM O.R. PROCEDURES W MCC,76,25275.0
NE,167 - OTHER RESP SYSTEM O.R. PROCEDURES W CC,58,13649.0
NE,175 - PULMONARY EMBOLISM W MCC,87,9521.0
NE,178 - RESPIRATORY INFECTIONS & INFLAMMATIONS W CC,133,9801.0
NE,180 - RESPIRATORY NEOPLASMS W MCC,60,11061.0
NE,181 - RESPIRATORY NEOPLASMS W CC,47,7811.0
NE,202 - BRONCHITIS & ASTHMA W CC/MCC,62,6057.0
NE,206 - OTHER RESPIRATORY SYSTEM DIAGNOSES W/O MCC,48,6005.0
NE,207 - RESPIRATORY SYSTEM DIAGNOSIS W VENTILATOR SUPPORT 96+ HOURS,62,41955.0
NE,219 - CARDIAC VALVE & OTH MAJ CARDIOTHORACIC PROC W/O CARD CATH W MCC,129,50631.0
NE,220 - CARDIAC VALVE & OTH MAJ CARDIOTHORACIC PROC W/O CARD CATH W CC,246,33828.0
NE,234 - CORONARY BYPASS W CARDIAC CATH W/O MCC,151,33606.0
NE,235 - CORONARY BYPASS W/O CARDIAC CATH W MCC,81,37398.0
NE,236 - CORONARY BYPASS W/O CARDIAC CATH W/O MCC,244,24619.0
NE,237 - MAJOR CARDIOVASC PROCEDURES W MCC,70,39153.0
NE,238 - MAJOR CARDIOVASC PROCEDURES W/O MCC,243,22495.0
NE,242 - PERMANENT CARDIAC PACEMAKER IMPLANT W MCC,87,23336.0
NE,243 - PERMANENT CARDIAC PACEMAKER IMPLANT W CC,134,17621.0
NE,244 - PERMANENT CARDIAC PACEMAKER IMPLANT W/O CC/MCC,126,13105.0
NE,247 - PERC CARDIOVASC PROC W DRUG-ELUTING STENT W/O MCC,551,14447.0
NE,252 - OTHER VASCULAR PROCEDURES W MCC,93,24151.0
NE,253 - OTHER VASCULAR PROCEDURES W CC,193,16740.0
NE,254 - OTHER VASCULAR PROCEDURES W/O CC/MCC,128,12373.0
NE,"280 - ACUTE MYOCARDIAL INFARCTION, DISCHARGED ALIVE W MCC",284,11569.0
NE,"281 - ACUTE MYOCARDIAL INFARCTION, DISCHARGED ALIVE W CC",204,7300.0
NE,"287 - CIRCULATORY DISORDERS EXCEPT AMI, W CARD CATH W/O MCC",445,7971.0
NE,293 - HEART FAILURE & SHOCK W/O CC/MCC,270,4755.0
NE,308 - CARDIAC ARRHYTHMIA & CONDUCTION DISORDERS W MCC,412,8445.0
NE,312 - SYNCOPE & COLLAPSE,386,5687.0
NE,314 - OTHER CIRCULATORY SYSTEM DIAGNOSES W MCC,181,14991.0
NE,"326 - STOMACH, ESOPHAGEAL & DUODENAL PROC W MCC",33,46214.0
NE,"327 - STOMACH, ESOPHAGEAL & DUODENAL PROC W CC",65,22547.0
NE,"328 - STOMACH, ESOPHAGEAL & DUODENAL PROC W/O CC/MCC",57,12614.0
NE,329 - MAJOR SMALL & LARGE BOWEL PROCEDURES W MCC,275,35618.0
NE,330 - MAJOR SMALL & LARGE BOWEL PROCEDURES W CC,378,17184.0
NE,331 - MAJOR SMALL & LARGE BOWEL PROCEDURES W/O CC/MCC,147,11674.0
NE,354 - HERNIA PROCEDURES EXCEPT INGUINAL & FEMORAL W CC,33,12344.0
NE,372 - MAJOR GASTROINTESTINAL DISORDERS & PERITONEAL INFECTIONS W CC,121,7716.0
NE,375 - DIGESTIVE MALIGNANCY W CC,54,8214.0
NE,377 - G.I. HEMORRHAGE W MCC,278,11952.0
NE,379 - G.I. HEMORRHAGE W/O CC/MCC,63,4672.0
NE,388 - G.I. OBSTRUCTION W MCC,94,10888.0
NE,389 - G.I. OBSTRUCTION W CC,363,6119.0
NE,"391 - ESOPHAGITIS, GASTROENT & MISC DIGEST DISORDERS W MCC",215,8556.0
NE,394 - OTHER DIGESTIVE SYSTEM DIAGNOSES W CC,223,7122.0
NE,418 - LAPAROSCOPIC CHOLECYSTECTOMY W/O C.D.E. W CC,115,10778.0
NE,439 - DISORDERS OF PANCREAS EXCEPT MALIGNANCY W CC,142,6294.0
NE,444 - DISORDERS OF THE BILIARY TRACT W MCC,44,11191.0
NE,460 - SPINAL FUSION EXCEPT CERVICAL W/O MCC,688,27166.0
NE,469 - MAJOR JOINT REPLACEMENT OR REATTACHMENT OF LOWER EXTREMITY W MCC,219,23039.0
NE,473 - CERVICAL SPINAL FUSION W/O CC/MCC,174,14647.0
NE,480 - HIP & FEMUR PROCEDURES EXCEPT MAJOR JOINT W MCC,226,19828.0
NE,482 - HIP & FEMUR PROCEDURES EXCEPT MAJOR JOINT W/O CC/MCC,137,10448.0
NE,483 - MAJOR JOINT/LIMB REATTACHMENT PROCEDURE OF UPPER EXTREMITIES,544,15517.0
NE,"493 - LOWER EXTREM & HUMER PROC EXCEPT HIP,FOOT,FEMUR W CC",105,14577.0
NE,520 - BACK & NECK PROC EXC SPINAL FUSION W/O CC/MCC,172,7706.0
NE,536 - FRACTURES OF HIP & PELVIS W/O MCC,102,5017.0
NE,552 - MEDICAL BACK PROBLEMS W/O MCC,328,6306.0
NE,556 - SIGNS & SYMPTOMS OF MUSCULOSKELETAL SYSTEM & CONN TISSUE W/O MCC,53,5267.0
NE,"563 - FX, SPRN, STRN & DISL EXCEPT FEMUR, HIP, PELVIS & THIGH W/O MCC",115,5219.0
NE,602 - CELLULITIS W MCC,83,9648.0
NE,"605 - TRAUMA TO THE SKIN, SUBCUT TISS & BREAST W/O MCC",69,5569.0
NE,621 - O.R. PROCEDURES FOR OBESITY W/O CC/MCC,102,10941.0
NE,638 - DIABETES W CC,158,5750.0
NE,"640 - MISC DISORDERS OF NUTRITION,METABOLISM,FLUIDS/ELECTROLYTES W MCC",237,7911.0
NE,669 - TRANSURETHRAL PROCEDURES W CC,43,7512.0
NE,698 - OTHER KIDNEY & URINARY TRACT DIAGNOSES W MCC,213,11106.0
NE,699 - OTHER KIDNEY & URINARY TRACT DIAGNOSES W CC,102,7677.0
NE,708 - MAJOR MALE PELVIC PROCEDURES W/O CC/MCC,89,9284.0
NE,811 - RED BLOOD CELL DISORDERS W MCC,60,9108.0
NE,812 - RED BLOOD CELL DISORDERS W/O MCC,251,5989.0
NE,853 - INFECTIOUS & PARASITIC DISEASES W O.R. PROCEDURE W MCC,361,37223.0
NE,863 - POSTOPERATIVE & POST-TRAUMATIC INFECTIONS W/O MCC,47,7889.0
NE,897 - ALCOHOL/DRUG ABUSE OR DEPENDENCE W/O REHABILITATION THERAPY W/O MCC,142,5519.0
NE,918 - POISONING & TOXIC EFFECTS OF DRUGS W/O MCC,120,5518.0
NE,919 - COMPLICATIONS OF TREATMENT W MCC,48,16349.0
NE,948 - SIGNS & SYMPTOMS W/O MCC,350,5290.0
NE,981 - EXTENSIVE O.R. PROCEDURE UNRELATED TO PRINCIPAL DIAGNOSIS W MCC,65,37127.0
NE,982 - EXTENSIVE O.R. PROCEDURE UNRELATED TO PRINCIPAL DIAGNOSIS W CC,78,18103.0
NE,417 - LAPAROSCOPIC CHOLECYSTECTOMY W/O C.D.E. W MCC,75,17572.0
NE,467 - REVISION OF HIP OR KNEE REPLACEMENT W CC,181,22524.0
NE,468 - REVISION OF HIP OR KNEE REPLACEMENT W/O CC/MCC,103,18359.0
NE,870 - SEPTICEMIA OR SEVERE SEPSIS W MV >96 HOURS,91,43402.0
NE,885 - PSYCHOSES,912,7340.0
NE,917 - POISONING & TOXIC EFFECTS OF DRUGS W MCC,85,10270.0
NE,100 - SEIZURES W MCC,68,12635.0
NE,149 - DYSEQUILIBRIUM,76,5383.0
NE,163 - MAJOR CHEST PROCEDURES W MCC,52,35697.0
NE,249 - PERC CARDIOVASC PROC W NON-DRUG-ELUTING STENT W/O MCC,53,12902.0
NE,251 - PERC CARDIOVASC PROC W/O CORONARY ARTERY STENT W/O MCC,128,14406.0
NE,"286 - CIRCULATORY DISORDERS EXCEPT AMI, W CARD CATH W MCC",143,15031.0
NE,300 - PERIPHERAL VASCULAR DISORDERS W CC,70,6943.0
NE,"494 - LOWER EXTREM & HUMER PROC EXCEPT HIP,FOOT,FEMUR W/O CC/MCC",74,10474.0
NE,809 - MAJOR HEMATOL/IMMUN DIAG EXC SICKLE CELL CRISIS & COAGUL W CC,53,8641.0
NE,854 - INFECTIOUS & PARASITIC DISEASES W O.R. PROCEDURE W CC,53,16454.0
NE,101 - SEIZURES W/O MCC,168,6528.0
NE,204 - RESPIRATORY SIGNS & SYMPTOMS,63,5292.0
NE,637 - DIABETES W MCC,63,10909.0
NE,"003 - ECMO OR TRACH W MV >96 HRS OR PDX EXC FACE, MOUTH & NECK W MAJ O.R.",65,129847.0
NE,025 - CRANIOTOMY & ENDOVASCULAR INTRACRANIAL PROCEDURES W MCC,78,34306.0
NE,"086 - TRAUMATIC STUPOR & COMA, COMA <1 HR W CC",76,8226.0
NE,"087 - TRAUMATIC STUPOR & COMA, COMA <1 HR W/O CC/MCC",58,5445.0
NE,233 - CORONARY BYPASS W CARDIAC CATH W MCC,59,46245.0
NE,246 - PERC CARDIOVASC PROC W DRUG-ELUTING STENT W MCC OR 4+ VESSELS/STENTS,94,22720.0
NE,266 - ENDOVASCULAR CARDIAC VALVE REPLACEMENT W MCC,51,57449.0
NE,267 - ENDOVASCULAR CARDIAC VALVE REPLACEMENT W/O MCC,89,40408.0
NE,"282 - ACUTE MYOCARDIAL INFARCTION, DISCHARGED ALIVE W/O CC/MCC",71,5129.0
NE,305 - HYPERTENSION W/O MCC,46,4972.0
NE,315 - OTHER CIRCULATORY SYSTEM DIAGNOSES W CC,52,7536.0
NE,393 - OTHER DIGESTIVE SYSTEM DIAGNOSES W MCC,47,14233.0
NE,419 - LAPAROSCOPIC CHOLECYSTECTOMY W/O C.D.E. W/O CC/MCC,61,8367.0
NE,519 - BACK & NECK PROC EXC SPINAL FUSION W CC,63,12545.0
NE,652 - KIDNEY TRANSPLANT,87,30735.0
NE,920 - COMPLICATIONS OF TREATMENT W CC,47,7794.0
NE,947 - SIGNS & SYMPTOMS W MCC,66,8552.0
LA,025 - CRANIOTOMY & ENDOVASCULAR INTRACRANIAL PROCEDURES W MCC,227,31368.0
LA,038 - EXTRACRANIAL PROCEDURES W CC,168,10089.0
LA,039 - EXTRACRANIAL PROCEDURES W/O CC/MCC,620,6691.0
LA,064 - INTRACRANIAL HEMORRHAGE OR CEREBRAL INFARCTION W MCC,1159,11850.0
LA,065 - INTRACRANIAL HEMORRHAGE OR CEREBRAL INFARCTION W CC OR TPA IN 24 HRS,1785,7207.0
LA,066 - INTRACRANIAL HEMORRHAGE OR CEREBRAL INFARCTION W/O CC/MCC,651,5468.0
LA,069 - TRANSIENT ISCHEMIA,688,5328.0
LA,101 - SEIZURES W/O MCC,457,6360.0
LA,164 - MAJOR CHEST PROCEDURES W CC,101,15938.0
LA,166 - OTHER RESP SYSTEM O.R. PROCEDURES W MCC,108,23549.0
LA,175 - PULMONARY EMBOLISM W MCC,159,9501.0
LA,177 - RESPIRATORY INFECTIONS & INFLAMMATIONS W MCC,954,11072.0
LA,178 - RESPIRATORY INFECTIONS & INFLAMMATIONS W CC,559,8214.0
LA,189 - PULMONARY EDEMA & RESPIRATORY FAILURE,1748,8060.0
LA,190 - CHRONIC OBSTRUCTIVE PULMONARY DISEASE W MCC,2353,7425.0
LA,191 - CHRONIC OBSTRUCTIVE PULMONARY DISEASE W CC,1641,6116.0
LA,192 - CHRONIC OBSTRUCTIVE PULMONARY DISEASE W/O CC/MCC,1079,4706.0
LA,193 - SIMPLE PNEUMONIA & PLEURISY W MCC,2167,8752.0
LA,194 - SIMPLE PNEUMONIA & PLEURISY W CC,2973,6238.0
LA,195 - SIMPLE PNEUMONIA & PLEURISY W/O CC/MCC,1269,4666.0
LA,202 - BRONCHITIS & ASTHMA W CC/MCC,406,5949.0
LA,207 - RESPIRATORY SYSTEM DIAGNOSIS W VENTILATOR SUPPORT 96+ HOURS,306,30491.0
LA,208 - RESPIRATORY SYSTEM DIAGNOSIS W VENTILATOR SUPPORT <96 HOURS,1087,14195.0
LA,238 - MAJOR CARDIOVASC PROCEDURES W/O MCC,453,21594.0
LA,247 - PERC CARDIOVASC PROC W DRUG-ELUTING STENT W/O MCC,1441,13009.0
LA,253 - OTHER VASCULAR PROCEDURES W CC,784,16697.0
LA,"280 - ACUTE MYOCARDIAL INFARCTION, DISCHARGED ALIVE W MCC",777,11194.0
LA,"281 - ACUTE MYOCARDIAL INFARCTION, DISCHARGED ALIVE W CC",432,7196.0
LA,"286 - CIRCULATORY DISORDERS EXCEPT AMI, W CARD CATH W MCC",381,14869.0
LA,"287 - CIRCULATORY DISORDERS EXCEPT AMI, W CARD CATH W/O MCC",1326,7718.0
LA,291 - HEART FAILURE & SHOCK W MCC,4090,9613.0
LA,292 - HEART FAILURE & SHOCK W CC,3744,6624.0
LA,293 - HEART FAILURE & SHOCK W/O CC/MCC,1264,4715.0
LA,300 - PERIPHERAL VASCULAR DISORDERS W CC,452,7073.0
LA,308 - CARDIAC ARRHYTHMIA & CONDUCTION DISORDERS W MCC,1086,7948.0
LA,309 - CARDIAC ARRHYTHMIA & CONDUCTION DISORDERS W CC,1158,5485.0
LA,310 - CARDIAC ARRHYTHMIA & CONDUCTION DISORDERS W/O CC/MCC,1149,5115.0
LA,312 - SYNCOPE & COLLAPSE,835,5388.0
LA,314 - OTHER CIRCULATORY SYSTEM DIAGNOSES W MCC,768,13118.0
LA,315 - OTHER CIRCULATORY SYSTEM DIAGNOSES W CC,188,7903.0
LA,329 - MAJOR SMALL & LARGE BOWEL PROCEDURES W MCC,451,31642.0
LA,330 - MAJOR SMALL & LARGE BOWEL PROCEDURES W CC,568,15943.0
LA,331 - MAJOR SMALL & LARGE BOWEL PROCEDURES W/O CC/MCC,202,11180.0
LA,336 - PERITONEAL ADHESIOLYSIS W CC,80,15032.0
LA,372 - MAJOR GASTROINTESTINAL DISORDERS & PERITONEAL INFECTIONS W CC,235,7469.0
LA,377 - G.I. HEMORRHAGE W MCC,870,11294.0
LA,378 - G.I. HEMORRHAGE W CC,2201,6732.0
LA,388 - G.I. OBSTRUCTION W MCC,225,10380.0
LA,389 - G.I. OBSTRUCTION W CC,695,5971.0
LA,390 - G.I. OBSTRUCTION W/O CC/MCC,462,4387.0
LA,"391 - ESOPHAGITIS, GASTROENT & MISC DIGEST DISORDERS W MCC",526,8198.0
LA,"392 - ESOPHAGITIS, GASTROENT & MISC DIGEST DISORDERS W/O MCC",2508,5338.0
LA,393 - OTHER DIGESTIVE SYSTEM DIAGNOSES W MCC,243,11221.0
LA,394 - OTHER DIGESTIVE SYSTEM DIAGNOSES W CC,414,6433.0
LA,418 - LAPAROSCOPIC CHOLECYSTECTOMY W/O C.D.E. W CC,239,10500.0
LA,439 - DISORDERS OF PANCREAS EXCEPT MALIGNANCY W CC,286,6405.0
LA,"441 - DISORDERS OF LIVER EXCEPT MALIG,CIRR,ALC HEPA W MCC",169,14509.0
LA,460 - SPINAL FUSION EXCEPT CERVICAL W/O MCC,1197,25001.0
LA,469 - MAJOR JOINT REPLACEMENT OR REATTACHMENT OF LOWER EXTREMITY W MCC,195,18942.0
LA,470 - MAJOR JOINT REPLACEMENT OR REATTACHMENT OF LOWER EXTREMITY W/O MCC,5747,13368.0
LA,480 - HIP & FEMUR PROCEDURES EXCEPT MAJOR JOINT W MCC,309,17658.0
LA,481 - HIP & FEMUR PROCEDURES EXCEPT MAJOR JOINT W CC,1152,12081.0
LA,482 - HIP & FEMUR PROCEDURES EXCEPT MAJOR JOINT W/O CC/MCC,214,9557.0
LA,536 - FRACTURES OF HIP & PELVIS W/O MCC,116,5431.0
LA,552 - MEDICAL BACK PROBLEMS W/O MCC,429,6514.0
LA,"563 - FX, SPRN, STRN & DISL EXCEPT FEMUR, HIP, PELVIS & THIGH W/O MCC",71,4978.0
LA,602 - CELLULITIS W MCC,250,8738.0
LA,603 - CELLULITIS W/O MCC,2111,5829.0
LA,638 - DIABETES W CC,647,6057.0
LA,"640 - MISC DISORDERS OF NUTRITION,METABOLISM,FLUIDS/ELECTROLYTES W MCC",1080,7785.0
LA,"641 - MISC DISORDERS OF NUTRITION,METABOLISM,FLUIDS/ELECTROLYTES W/O MCC",1994,4906.0
LA,682 - RENAL FAILURE W MCC,2264,9854.0
LA,683 - RENAL FAILURE W CC,2891,6653.0
LA,689 - KIDNEY & URINARY TRACT INFECTIONS W MCC,1282,7009.0
LA,690 - KIDNEY & URINARY TRACT INFECTIONS W/O MCC,3289,5206.0
LA,698 - OTHER KIDNEY & URINARY TRACT DIAGNOSES W MCC,529,12333.0
LA,699 - OTHER KIDNEY & URINARY TRACT DIAGNOSES W CC,326,9817.0
LA,708 - MAJOR MALE PELVIC PROCEDURES W/O CC/MCC,203,10439.0
LA,809 - MAJOR HEMATOL/IMMUN DIAG EXC SICKLE CELL CRISIS & COAGUL W CC,124,10194.0
LA,811 - RED BLOOD CELL DISORDERS W MCC,514,8524.0
LA,812 - RED BLOOD CELL DISORDERS W/O MCC,1765,6309.0
LA,853 - INFECTIOUS & PARASITIC DISEASES W O.R. PROCEDURE W MCC,951,32996.0
LA,854 - INFECTIOUS & PARASITIC DISEASES W O.R. PROCEDURE W CC,98,16825.0
LA,870 - SEPTICEMIA OR SEVERE SEPSIS W MV >96 HOURS,333,35476.0
LA,871 - SEPTICEMIA OR SEVERE SEPSIS W/O MV 96+ HOURS W MCC,7836,11700.0
LA,872 - SEPTICEMIA OR SEVERE SEPSIS W/O MV >96 HOURS W/O MCC,2469,7227.0
LA,917 - POISONING & TOXIC EFFECTS OF DRUGS W MCC,236,9661.0
LA,313 - CHEST PAIN,673,4523.0
LA,246 - PERC CARDIOVASC PROC W DRUG-ELUTING STENT W MCC OR 4+ VESSELS/STENTS,506,21147.0
LA,847 - CHEMOTHERAPY W/O ACUTE LEUKEMIA AS SECONDARY DIAGNOSIS W CC,201,9053.0
LA,074 - CRANIAL & PERIPHERAL NERVE DISORDERS W/O MCC,190,7157.0
LA,100 - SEIZURES W MCC,218,12430.0
LA,252 - OTHER VASCULAR PROCEDURES W MCC,478,21073.0
LA,264 - OTHER CIRCULATORY SYSTEM O.R. PROCEDURES,180,17974.0
LA,473 - CERVICAL SPINAL FUSION W/O CC/MCC,648,13560.0
LA,057 - DEGENERATIVE NERVOUS SYSTEM DISORDERS W/O MCC,182,8241.0
LA,"442 - DISORDERS OF LIVER EXCEPT MALIG,CIRR,ALC HEPA W CC",151,7415.0
LA,483 - MAJOR JOINT/LIMB REATTACHMENT PROCEDURE OF UPPER EXTREMITIES,511,14434.0
LA,637 - DIABETES W MCC,257,9826.0
LA,652 - KIDNEY TRANSPLANT,166,28869.0
LA,657 - KIDNEY & URETER PROCEDURES FOR NEOPLASM W CC,43,13472.0
LA,897 - ALCOHOL/DRUG ABUSE OR DEPENDENCE W/O REHABILITATION THERAPY W/O MCC,169,9032.0
LA,919 - COMPLICATIONS OF TREATMENT W MCC,96,17784.0
LA,948 - SIGNS & SYMPTOMS W/O MCC,431,5180.0
LA,305 - HYPERTENSION W/O MCC,188,4777.0
LA,468 - REVISION OF HIP OR KNEE REPLACEMENT W/O CC/MCC,109,18202.0
LA,520 - BACK & NECK PROC EXC SPINAL FUSION W/O CC/MCC,87,7304.0
LA,"003 - ECMO OR TRACH W MV >96 HRS OR PDX EXC FACE, MOUTH & NECK W MAJ O.R.",116,121569.0
LA,"004 - TRACH W MV 96+ HRS OR PDX EXC FACE, MOUTH & NECK W/O MAJ O.R.",121,63831.0
LA,023 - CRANIO W MAJOR DEV IMPL/ACUTE COMPLEX CNS PDX W MCC OR CHEMO IMPLANT,48,44090.0
LA,026 - CRANIOTOMY & ENDOVASCULAR INTRACRANIAL PROCEDURES W CC,76,20676.0
LA,027 - CRANIOTOMY & ENDOVASCULAR INTRACRANIAL PROCEDURES W/O CC/MCC,109,17901.0
LA,054 - NERVOUS SYSTEM NEOPLASMS W MCC,48,11246.0
LA,070 - NONSPECIFIC CEREBROVASCULAR DISORDERS W MCC,103,11208.0
LA,"085 - TRAUMATIC STUPOR & COMA, COMA <1 HR W MCC",80,15106.0
LA,"086 - TRAUMATIC STUPOR & COMA, COMA <1 HR W CC",159,8603.0
LA,"087 - TRAUMATIC STUPOR & COMA, COMA <1 HR W/O CC/MCC",88,6667.0
LA,091 - OTHER DISORDERS OF NERVOUS SYSTEM W MCC,48,13299.0
LA,092 - OTHER DISORDERS OF NERVOUS SYSTEM W CC,52,7344.0
LA,167 - OTHER RESP SYSTEM O.R. PROCEDURES W CC,46,13477.0
LA,176 - PULMONARY EMBOLISM W/O MCC,275,6230.0
LA,180 - RESPIRATORY NEOPLASMS W MCC,226,10711.0
LA,181 - RESPIRATORY NEOPLASMS W CC,93,8755.0
LA,204 - RESPIRATORY SIGNS & SYMPTOMS,79,5219.0
LA,219 - CARDIAC VALVE & OTH MAJ CARDIOTHORACIC PROC W/O CARD CATH W MCC,174,45554.0
LA,220 - CARDIAC VALVE & OTH MAJ CARDIOTHORACIC PROC W/O CARD CATH W CC,208,31026.0
LA,236 - CORONARY BYPASS W/O CARDIAC CATH W/O MCC,395,22559.0
LA,237 - MAJOR CARDIOVASC PROCEDURES W MCC,230,35155.0
LA,239 - AMPUTATION FOR CIRC SYS DISORDERS EXC UPPER LIMB & TOE W MCC,69,24852.0
LA,242 - PERMANENT CARDIAC PACEMAKER IMPLANT W MCC,47,23096.0
LA,250 - PERC CARDIOVASC PROC W/O CORONARY ARTERY STENT W MCC,54,22098.0
LA,251 - PERC CARDIOVASC PROC W/O CORONARY ARTERY STENT W/O MCC,221,13400.0
LA,266 - ENDOVASCULAR CARDIAC VALVE REPLACEMENT W MCC,125,55632.0
LA,299 - PERIPHERAL VASCULAR DISORDERS W MCC,133,9815.0
LA,"326 - STOMACH, ESOPHAGEAL & DUODENAL PROC W MCC",51,39267.0
LA,"327 - STOMACH, ESOPHAGEAL & DUODENAL PROC W CC",71,17360.0
LA,"328 - STOMACH, ESOPHAGEAL & DUODENAL PROC W/O CC/MCC",71,10522.0
LA,371 - MAJOR GASTROINTESTINAL DISORDERS & PERITONEAL INFECTIONS W MCC,128,11677.0
LA,379 - G.I. HEMORRHAGE W/O CC/MCC,276,4363.0
LA,"405 - PANCREAS, LIVER & SHUNT PROCEDURES W MCC",55,40567.0
LA,"406 - PANCREAS, LIVER & SHUNT PROCEDURES W CC",46,21289.0
LA,417 - LAPAROSCOPIC CHOLECYSTECTOMY W/O C.D.E. W MCC,90,18614.0
LA,435 - MALIGNANCY OF HEPATOBILIARY SYSTEM OR PANCREAS W MCC,91,12632.0
LA,438 - DISORDERS OF PANCREAS EXCEPT MALIGNANCY W MCC,77,13024.0
LA,440 - DISORDERS OF PANCREAS EXCEPT MALIGNANCY W/O CC/MCC,99,4470.0
LA,444 - DISORDERS OF THE BILIARY TRACT W MCC,58,11065.0
LA,445 - DISORDERS OF THE BILIARY TRACT W CC,118,7988.0
LA,"464 - WND DEBRID & SKN GRFT EXC HAND, FOR MUSCULO-CONN TISS DIS W CC",47,21000.0
LA,467 - REVISION OF HIP OR KNEE REPLACEMENT W CC,174,21529.0
LA,472 - CERVICAL SPINAL FUSION W CC,119,18392.0
LA,"493 - LOWER EXTREM & HUMER PROC EXCEPT HIP,FOOT,FEMUR W CC",126,13375.0
LA,551 - MEDICAL BACK PROBLEMS W MCC,48,10479.0
LA,556 - SIGNS & SYMPTOMS OF MUSCULOSKELETAL SYSTEM & CONN TISSUE W/O MCC,52,5413.0
LA,621 - O.R. PROCEDURES FOR OBESITY W/O CC/MCC,271,8943.0
LA,684 - RENAL FAILURE W/O CC/MCC,315,4341.0
LA,862 - POSTOPERATIVE & POST-TRAUMATIC INFECTIONS W MCC,48,14132.0
LA,863 - POSTOPERATIVE & POST-TRAUMATIC INFECTIONS W/O MCC,73,6965.0
LA,864 - FEVER,89,6287.0
LA,885 - PSYCHOSES,113,7108.0
LA,918 - POISONING & TOXIC EFFECTS OF DRUGS W/O MCC,139,5843.0
LA,920 - COMPLICATIONS OF TREATMENT W CC,82,7985.0
LA,947 - SIGNS & SYMPTOMS W MCC,97,7276.0
LA,974 - HIV W MAJOR RELATED CONDITION W MCC,33,19639.0
LA,981 - EXTENSIVE O.R. PROCEDURE UNRELATED TO PRINCIPAL DIAGNOSIS W MCC,204,30770.0
LA,982 - EXTENSIVE O.R. PROCEDURE UNRELATED TO PRINCIPAL DIAGNOSIS W CC,69,17038.0
LA,153 - OTITIS MEDIA & URI W/O MCC,99,4443.0
LA,163 - MAJOR CHEST PROCEDURES W MCC,78,27926.0
LA,234 - CORONARY BYPASS W CARDIAC CATH W/O MCC,253,27293.0
LA,244 - PERMANENT CARDIAC PACEMAKER IMPLANT W/O CC/MCC,100,12388.0
LA,240 - AMPUTATION FOR CIRC SYS DISORDERS EXC UPPER LIMB & TOE W CC,82,16945.0
LA,267 - ENDOVASCULAR CARDIAC VALVE REPLACEMENT W/O MCC,52,37141.0
LA,"282 - ACUTE MYOCARDIAL INFARCTION, DISCHARGED ALIVE W/O CC/MCC",148,4897.0
LA,216 - CARDIAC VALVE & OTH MAJ CARDIOTHORACIC PROC W CARD CATH W MCC,73,56886.0
LA,419 - LAPAROSCOPIC CHOLECYSTECTOMY W/O C.D.E. W/O CC/MCC,157,8201.0
LA,071 - NONSPECIFIC CEREBROVASCULAR DISORDERS W CC,58,5703.0
LA,243 - PERMANENT CARDIAC PACEMAKER IMPLANT W CC,157,15211.0
LA,254 - OTHER VASCULAR PROCEDURES W/O CC/MCC,151,11190.0
LA,203 - BRONCHITIS & ASTHMA W/O CC/MCC,68,4129.0
LA,233 - CORONARY BYPASS W CARDIAC CATH W MCC,140,40445.0
LA,235 - CORONARY BYPASS W/O CARDIAC CATH W MCC,157,30436.0
LA,301 - PERIPHERAL VASCULAR DISORDERS W/O CC/MCC,72,5022.0
LA,"494 - LOWER EXTREM & HUMER PROC EXCEPT HIP,FOOT,FEMUR W/O CC/MCC",43,9924.0
LA,639 - DIABETES W/O CC/MCC,51,4035.0
LA,673 - OTHER KIDNEY & URINARY TRACT PROCEDURES W MCC,51,21149.0
LA,249 - PERC CARDIOVASC PROC W NON-DRUG-ELUTING STENT W/O MCC,87,11702.0
LA,462 - BILATERAL OR MULTIPLE MAJOR JOINT PROCS OF LOWER EXTREMITY W/O MCC,132,19598.0
LA,455 - COMBINED ANTERIOR/POSTERIOR SPINAL FUSION W/O CC/MCC,75,37477.0
LA,303 - ATHEROSCLEROSIS W/O MCC,94,4041.0
AR,039 - EXTRACRANIAL PROCEDURES W/O CC/MCC,499,6199.0
AR,057 - DEGENERATIVE NERVOUS SYSTEM DISORDERS W/O MCC,123,7496.0
AR,064 - INTRACRANIAL HEMORRHAGE OR CEREBRAL INFARCTION W MCC,898,10453.0
AR,065 - INTRACRANIAL HEMORRHAGE OR CEREBRAL INFARCTION W CC OR TPA IN 24 HRS,1151,6501.0
AR,066 - INTRACRANIAL HEMORRHAGE OR CEREBRAL INFARCTION W/O CC/MCC,572,4759.0
AR,069 - TRANSIENT ISCHEMIA,587,4399.0
AR,100 - SEIZURES W MCC,156,9724.0
AR,101 - SEIZURES W/O MCC,226,5408.0
AR,180 - RESPIRATORY NEOPLASMS W MCC,221,10183.0
AR,186 - PLEURAL EFFUSION W MCC,80,9003.0
AR,189 - PULMONARY EDEMA & RESPIRATORY FAILURE,1796,7200.0
AR,190 - CHRONIC OBSTRUCTIVE PULMONARY DISEASE W MCC,1928,6924.0
AR,191 - CHRONIC OBSTRUCTIVE PULMONARY DISEASE W CC,1267,5752.0
AR,192 - CHRONIC OBSTRUCTIVE PULMONARY DISEASE W/O CC/MCC,916,4633.0
AR,193 - SIMPLE PNEUMONIA & PLEURISY W MCC,2073,8497.0
AR,194 - SIMPLE PNEUMONIA & PLEURISY W CC,2273,6054.0
AR,195 - SIMPLE PNEUMONIA & PLEURISY W/O CC/MCC,1004,4577.0
AR,203 - BRONCHITIS & ASTHMA W/O CC/MCC,59,4310.0
AR,207 - RESPIRATORY SYSTEM DIAGNOSIS W VENTILATOR SUPPORT 96+ HOURS,268,31393.0
AR,208 - RESPIRATORY SYSTEM DIAGNOSIS W VENTILATOR SUPPORT <96 HOURS,906,13689.0
AR,247 - PERC CARDIOVASC PROC W DRUG-ELUTING STENT W/O MCC,1417,12009.0
AR,249 - PERC CARDIOVASC PROC W NON-DRUG-ELUTING STENT W/O MCC,323,11269.0
AR,254 - OTHER VASCULAR PROCEDURES W/O CC/MCC,97,10127.0
AR,"281 - ACUTE MYOCARDIAL INFARCTION, DISCHARGED ALIVE W CC",371,6000.0
AR,"287 - CIRCULATORY DISORDERS EXCEPT AMI, W CARD CATH W/O MCC",1365,6757.0
AR,291 - HEART FAILURE & SHOCK W MCC,2549,8708.0
AR,292 - HEART FAILURE & SHOCK W CC,2281,5980.0
AR,293 - HEART FAILURE & SHOCK W/O CC/MCC,852,4309.0
AR,300 - PERIPHERAL VASCULAR DISORDERS W CC,270,5912.0
AR,305 - HYPERTENSION W/O MCC,247,4119.0
AR,308 - CARDIAC ARRHYTHMIA & CONDUCTION DISORDERS W MCC,966,7437.0
AR,309 - CARDIAC ARRHYTHMIA & CONDUCTION DISORDERS W CC,1158,4851.0
AR,310 - CARDIAC ARRHYTHMIA & CONDUCTION DISORDERS W/O CC/MCC,1124,3426.0
AR,312 - SYNCOPE & COLLAPSE,706,4686.0
AR,313 - CHEST PAIN,548,4038.0
AR,314 - OTHER CIRCULATORY SYSTEM DIAGNOSES W MCC,466,12379.0
AR,315 - OTHER CIRCULATORY SYSTEM DIAGNOSES W CC,224,6255.0
AR,372 - MAJOR GASTROINTESTINAL DISORDERS & PERITONEAL INFECTIONS W CC,267,6908.0
AR,377 - G.I. HEMORRHAGE W MCC,636,10669.0
AR,378 - G.I. HEMORRHAGE W CC,1675,6077.0
AR,379 - G.I. HEMORRHAGE W/O CC/MCC,136,4314.0
AR,389 - G.I. OBSTRUCTION W CC,553,5524.0
AR,390 - G.I. OBSTRUCTION W/O CC/MCC,397,4058.0
AR,"391 - ESOPHAGITIS, GASTROENT & MISC DIGEST DISORDERS W MCC",446,7651.0
AR,"392 - ESOPHAGITIS, GASTROENT & MISC DIGEST DISORDERS W/O MCC",2264,4777.0
AR,439 - DISORDERS OF PANCREAS EXCEPT MALIGNANCY W CC,173,5498.0
AR,440 - DISORDERS OF PANCREAS EXCEPT MALIGNANCY W/O CC/MCC,144,4204.0
AR,460 - SPINAL FUSION EXCEPT CERVICAL W/O MCC,835,22774.0
AR,470 - MAJOR JOINT REPLACEMENT OR REATTACHMENT OF LOWER EXTREMITY W/O MCC,5674,12035.0
AR,473 - CERVICAL SPINAL FUSION W/O CC/MCC,304,13336.0
AR,480 - HIP & FEMUR PROCEDURES EXCEPT MAJOR JOINT W MCC,266,17382.0
AR,481 - HIP & FEMUR PROCEDURES EXCEPT MAJOR JOINT W CC,1065,11162.0
AR,482 - HIP & FEMUR PROCEDURES EXCEPT MAJOR JOINT W/O CC/MCC,376,9526.0
AR,"493 - LOWER EXTREM & HUMER PROC EXCEPT HIP,FOOT,FEMUR W CC",183,11421.0
AR,"494 - LOWER EXTREM & HUMER PROC EXCEPT HIP,FOOT,FEMUR W/O CC/MCC",168,8953.0
AR,520 - BACK & NECK PROC EXC SPINAL FUSION W/O CC/MCC,154,6620.0
AR,536 - FRACTURES OF HIP & PELVIS W/O MCC,177,4455.0
AR,552 - MEDICAL BACK PROBLEMS W/O MCC,425,5370.0
AR,"563 - FX, SPRN, STRN & DISL EXCEPT FEMUR, HIP, PELVIS & THIGH W/O MCC",77,4901.0
AR,603 - CELLULITIS W/O MCC,1219,5341.0
AR,637 - DIABETES W MCC,264,8776.0
AR,638 - DIABETES W CC,477,5249.0
AR,"640 - MISC DISORDERS OF NUTRITION,METABOLISM,FLUIDS/ELECTROLYTES W MCC",637,6778.0
AR,"641 - MISC DISORDERS OF NUTRITION,METABOLISM,FLUIDS/ELECTROLYTES W/O MCC",1218,4553.0
AR,682 - RENAL FAILURE W MCC,1698,8989.0
AR,683 - RENAL FAILURE W CC,1945,5960.0
AR,689 - KIDNEY & URINARY TRACT INFECTIONS W MCC,990,6464.0
AR,690 - KIDNEY & URINARY TRACT INFECTIONS W/O MCC,1935,4917.0
AR,811 - RED BLOOD CELL DISORDERS W MCC,182,8381.0
AR,812 - RED BLOOD CELL DISORDERS W/O MCC,802,5317.0
AR,853 - INFECTIOUS & PARASITIC DISEASES W O.R. PROCEDURE W MCC,636,30010.0
AR,871 - SEPTICEMIA OR SEVERE SEPSIS W/O MV 96+ HOURS W MCC,6335,10653.0
AR,872 - SEPTICEMIA OR SEVERE SEPSIS W/O MV >96 HOURS W/O MCC,1737,6319.0
AR,884 - ORGANIC DISTURBANCES & MENTAL RETARDATION,131,6932.0
AR,153 - OTITIS MEDIA & URI W/O MCC,159,4495.0
AR,178 - RESPIRATORY INFECTIONS & INFLAMMATIONS W CC,535,8116.0
AR,202 - BRONCHITIS & ASTHMA W CC/MCC,251,5570.0
AR,234 - CORONARY BYPASS W CARDIAC CATH W/O MCC,343,26526.0
AR,238 - MAJOR CARDIOVASC PROCEDURES W/O MCC,427,19905.0
AR,253 - OTHER VASCULAR PROCEDURES W CC,347,14976.0
AR,"280 - ACUTE MYOCARDIAL INFARCTION, DISCHARGED ALIVE W MCC",589,9805.0
AR,330 - MAJOR SMALL & LARGE BOWEL PROCEDURES W CC,557,14699.0
AR,177 - RESPIRATORY INFECTIONS & INFLAMMATIONS W MCC,956,10798.0
AR,698 - OTHER KIDNEY & URINARY TRACT DIAGNOSES W MCC,382,9708.0
AR,166 - OTHER RESP SYSTEM O.R. PROCEDURES W MCC,138,23065.0
AR,236 - CORONARY BYPASS W/O CARDIAC CATH W/O MCC,398,20617.0
AR,237 - MAJOR CARDIOVASC PROCEDURES W MCC,190,30301.0
AR,246 - PERC CARDIOVASC PROC W DRUG-ELUTING STENT W MCC OR 4+ VESSELS/STENTS,509,18357.0
AR,248 - PERC CARDIOVASC PROC W NON-DRUG-ELUTING STENT W MCC OR 4+ VES/STENTS,109,17406.0
AR,252 - OTHER VASCULAR PROCEDURES W MCC,167,19709.0
AR,"441 - DISORDERS OF LIVER EXCEPT MALIG,CIRR,ALC HEPA W MCC",97,13892.0
AR,467 - REVISION OF HIP OR KNEE REPLACEMENT W CC,171,19721.0
AR,483 - MAJOR JOINT/LIMB REATTACHMENT PROCEDURE OF UPPER EXTREMITIES,641,13475.0
AR,699 - OTHER KIDNEY & URINARY TRACT DIAGNOSES W CC,269,7112.0
AR,918 - POISONING & TOXIC EFFECTS OF DRUGS W/O MCC,311,4448.0
AR,981 - EXTENSIVE O.R. PROCEDURE UNRELATED TO PRINCIPAL DIAGNOSIS W MCC,204,30273.0
AR,"004 - TRACH W MV 96+ HRS OR PDX EXC FACE, MOUTH & NECK W/O MAJ O.R.",102,56382.0
AR,025 - CRANIOTOMY & ENDOVASCULAR INTRACRANIAL PROCEDURES W MCC,216,26156.0
AR,027 - CRANIOTOMY & ENDOVASCULAR INTRACRANIAL PROCEDURES W/O CC/MCC,114,15406.0
AR,074 - CRANIAL & PERIPHERAL NERVE DISORDERS W/O MCC,101,5496.0
AR,103 - HEADACHES W/O MCC,46,5441.0
AR,176 - PULMONARY EMBOLISM W/O MCC,275,5783.0
AR,181 - RESPIRATORY NEOPLASMS W CC,70,7883.0
AR,242 - PERMANENT CARDIAC PACEMAKER IMPLANT W MCC,147,21183.0
AR,243 - PERMANENT CARDIAC PACEMAKER IMPLANT W CC,299,15034.0
AR,244 - PERMANENT CARDIAC PACEMAKER IMPLANT W/O CC/MCC,169,12130.0
AR,"286 - CIRCULATORY DISORDERS EXCEPT AMI, W CARD CATH W MCC",373,12171.0
AR,299 - PERIPHERAL VASCULAR DISORDERS W MCC,60,9828.0
AR,303 - ATHEROSCLEROSIS W/O MCC,107,3761.0
AR,329 - MAJOR SMALL & LARGE BOWEL PROCEDURES W MCC,343,28145.0
AR,371 - MAJOR GASTROINTESTINAL DISORDERS & PERITONEAL INFECTIONS W MCC,131,11124.0
AR,388 - G.I. OBSTRUCTION W MCC,121,9315.0
AR,394 - OTHER DIGESTIVE SYSTEM DIAGNOSES W CC,349,6121.0
AR,417 - LAPAROSCOPIC CHOLECYSTECTOMY W/O C.D.E. W MCC,83,13979.0
AR,418 - LAPAROSCOPIC CHOLECYSTECTOMY W/O C.D.E. W CC,242,9565.0
AR,419 - LAPAROSCOPIC CHOLECYSTECTOMY W/O C.D.E. W/O CC/MCC,190,7343.0
AR,469 - MAJOR JOINT REPLACEMENT OR REATTACHMENT OF LOWER EXTREMITY W MCC,226,17112.0
AR,602 - CELLULITIS W MCC,167,8324.0
AR,639 - DIABETES W/O CC/MCC,118,4011.0
AR,669 - TRANSURETHRAL PROCEDURES W CC,72,7491.0
AR,684 - RENAL FAILURE W/O CC/MCC,225,3976.0
AR,809 - MAJOR HEMATOL/IMMUN DIAG EXC SICKLE CELL CRISIS & COAGUL W CC,92,9234.0
AR,847 - CHEMOTHERAPY W/O ACUTE LEUKEMIA AS SECONDARY DIAGNOSIS W CC,114,8798.0
AR,870 - SEPTICEMIA OR SEVERE SEPSIS W MV >96 HOURS,268,34566.0
AR,917 - POISONING & TOXIC EFFECTS OF DRUGS W MCC,280,8396.0
AR,948 - SIGNS & SYMPTOMS W/O MCC,298,4696.0
AR,"282 - ACUTE MYOCARDIAL INFARCTION, DISCHARGED ALIVE W/O CC/MCC",194,4547.0
AR,885 - PSYCHOSES,1778,6882.0
AR,071 - NONSPECIFIC CEREBROVASCULAR DISORDERS W CC,143,5702.0
AR,331 - MAJOR SMALL & LARGE BOWEL PROCEDURES W/O CC/MCC,220,9910.0
AR,854 - INFECTIOUS & PARASITIC DISEASES W O.R. PROCEDURE W CC,86,12987.0
AR,881 - DEPRESSIVE NEUROSES,157,4760.0
AR,897 - ALCOHOL/DRUG ABUSE OR DEPENDENCE W/O REHABILITATION THERAPY W/O MCC,225,4548.0
AR,038 - EXTRACRANIAL PROCEDURES W CC,153,9457.0
AR,163 - MAJOR CHEST PROCEDURES W MCC,76,27841.0
AR,164 - MAJOR CHEST PROCEDURES W CC,115,16519.0
AR,233 - CORONARY BYPASS W CARDIAC CATH W MCC,184,39514.0
AR,251 - PERC CARDIOVASC PROC W/O CORONARY ARTERY STENT W/O MCC,288,12265.0
AR,355 - HERNIA PROCEDURES EXCEPT INGUINAL & FEMORAL W/O CC/MCC,51,7559.0
AR,"617 - AMPUTAT OF LOWER LIMB FOR ENDOCRINE,NUTRIT,& METABOL DIS W CC",53,12718.0
AR,708 - MAJOR MALE PELVIC PROCEDURES W/O CC/MCC,150,7874.0
AR,919 - COMPLICATIONS OF TREATMENT W MCC,73,11352.0
AR,920 - COMPLICATIONS OF TREATMENT W CC,82,7040.0
AR,468 - REVISION OF HIP OR KNEE REPLACEMENT W/O CC/MCC,222,16693.0
AR,472 - CERVICAL SPINAL FUSION W CC,88,17256.0
AR,"328 - STOMACH, ESOPHAGEAL & DUODENAL PROC W/O CC/MCC",74,8909.0
AR,070 - NONSPECIFIC CEREBROVASCULAR DISORDERS W MCC,63,12961.0
AR,175 - PULMONARY EMBOLISM W MCC,145,8906.0
AR,179 - RESPIRATORY INFECTIONS & INFLAMMATIONS W/O CC/MCC,48,5675.0
AR,863 - POSTOPERATIVE & POST-TRAUMATIC INFECTIONS W/O MCC,76,6617.0
AR,"003 - ECMO OR TRACH W MV >96 HRS OR PDX EXC FACE, MOUTH & NECK W MAJ O.R.",160,96067.0
AR,023 - CRANIO W MAJOR DEV IMPL/ACUTE COMPLEX CNS PDX W MCC OR CHEMO IMPLANT,48,34117.0
AR,026 - CRANIOTOMY & ENDOVASCULAR INTRACRANIAL PROCEDURES W CC,58,18128.0
AR,054 - NERVOUS SYSTEM NEOPLASMS W MCC,57,9673.0
AR,"085 - TRAUMATIC STUPOR & COMA, COMA <1 HR W MCC",102,12631.0
AR,"086 - TRAUMATIC STUPOR & COMA, COMA <1 HR W CC",97,7184.0
AR,"087 - TRAUMATIC STUPOR & COMA, COMA <1 HR W/O CC/MCC",77,5051.0
AR,091 - OTHER DISORDERS OF NERVOUS SYSTEM W MCC,63,13295.0
AR,092 - OTHER DISORDERS OF NERVOUS SYSTEM W CC,62,6334.0
AR,216 - CARDIAC VALVE & OTH MAJ CARDIOTHORACIC PROC W CARD CATH W MCC,77,57485.0
AR,219 - CARDIAC VALVE & OTH MAJ CARDIOTHORACIC PROC W/O CARD CATH W MCC,140,46468.0
AR,220 - CARDIAC VALVE & OTH MAJ CARDIOTHORACIC PROC W/O CARD CATH W CC,151,29327.0
AR,227 - CARDIAC DEFIBRILLATOR IMPLANT W/O CARDIAC CATH W/O MCC,102,30955.0
AR,235 - CORONARY BYPASS W/O CARDIAC CATH W MCC,133,31734.0
AR,250 - PERC CARDIOVASC PROC W/O CORONARY ARTERY STENT W MCC,67,17595.0
AR,393 - OTHER DIGESTIVE SYSTEM DIAGNOSES W MCC,135,11295.0
AR,438 - DISORDERS OF PANCREAS EXCEPT MALIGNANCY W MCC,47,9860.0
AR,516 - OTHER MUSCULOSKELET SYS & CONN TISS O.R. PROC W CC,63,13541.0
AR,657 - KIDNEY & URETER PROCEDURES FOR NEOPLASM W CC,52,12972.0
AR,982 - EXTENSIVE O.R. PROCEDURE UNRELATED TO PRINCIPAL DIAGNOSIS W CC,91,18243.0
AR,016 - AUTOLOGOUS BONE MARROW TRANSPLANT W CC/MCC,44,77759.0
AR,056 - DEGENERATIVE NERVOUS SYSTEM DISORDERS W MCC,44,13527.0
AR,167 - OTHER RESP SYSTEM O.R. PROCEDURES W CC,57,12299.0
AR,432 - CIRRHOSIS & ALCOHOLIC HEPATITIS W MCC,44,11831.0
AR,435 - MALIGNANCY OF HEPATOBILIARY SYSTEM OR PANCREAS W MCC,54,11725.0
AR,"442 - DISORDERS OF LIVER EXCEPT MALIG,CIRR,ALC HEPA W CC",125,6550.0
AR,652 - KIDNEY TRANSPLANT,59,27790.0
AR,781 - OTHER ANTEPARTUM DIAGNOSES W MEDICAL COMPLICATIONS,21,8432.0
AR,840 - LYMPHOMA & NON-ACUTE LEUKEMIA W MCC,51,43548.0
AR,165 - MAJOR CHEST PROCEDURES W/O CC/MCC,56,10936.0
AR,187 - PLEURAL EFFUSION W CC,21,6696.0
AR,386 - INFLAMMATORY BOWEL DISEASE W CC,21,6501.0
AR,445 - DISORDERS OF THE BILIARY TRACT W CC,73,6265.0
AR,621 - O.R. PROCEDURES FOR OBESITY W/O CC/MCC,159,8940.0
OK,178 - RESPIRATORY INFECTIONS & INFLAMMATIONS W CC,511,8785.0
OK,189 - PULMONARY EDEMA & RESPIRATORY FAILURE,1742,8388.0
OK,193 - SIMPLE PNEUMONIA & PLEURISY W MCC,1992,9273.0
OK,194 - SIMPLE PNEUMONIA & PLEURISY W CC,2833,6418.0
OK,291 - HEART FAILURE & SHOCK W MCC,2399,9319.0
OK,292 - HEART FAILURE & SHOCK W CC,2860,6354.0
OK,293 - HEART FAILURE & SHOCK W/O CC/MCC,922,4647.0
OK,378 - G.I. HEMORRHAGE W CC,1793,6768.0
OK,"392 - ESOPHAGITIS, GASTROENT & MISC DIGEST DISORDERS W/O MCC",2393,5343.0
OK,470 - MAJOR JOINT REPLACEMENT OR REATTACHMENT OF LOWER EXTREMITY W/O MCC,8007,12667.0
OK,638 - DIABETES W CC,556,5892.0
OK,682 - RENAL FAILURE W MCC,1858,9868.0
OK,683 - RENAL FAILURE W CC,2464,6530.0
OK,698 - OTHER KIDNEY & URINARY TRACT DIAGNOSES W MCC,535,10393.0
OK,871 - SEPTICEMIA OR SEVERE SEPSIS W/O MV 96+ HOURS W MCC,7950,11542.0
OK,872 - SEPTICEMIA OR SEVERE SEPSIS W/O MV >96 HOURS W/O MCC,2168,7058.0
OK,195 - SIMPLE PNEUMONIA & PLEURISY W/O CC/MCC,1119,4894.0
OK,"282 - ACUTE MYOCARDIAL INFARCTION, DISCHARGED ALIVE W/O CC/MCC",223,5103.0
OK,481 - HIP & FEMUR PROCEDURES EXCEPT MAJOR JOINT W CC,1313,12005.0
OK,603 - CELLULITIS W/O MCC,1271,5747.0
OK,690 - KIDNEY & URINARY TRACT INFECTIONS W/O MCC,2512,5397.0
OK,036 - CAROTID ARTERY STENT PROCEDURE W/O CC/MCC,74,10542.0
OK,057 - DEGENERATIVE NERVOUS SYSTEM DISORDERS W/O MCC,186,7155.0
OK,064 - INTRACRANIAL HEMORRHAGE OR CEREBRAL INFARCTION W MCC,984,11350.0
OK,065 - INTRACRANIAL HEMORRHAGE OR CEREBRAL INFARCTION W CC OR TPA IN 24 HRS,1520,7186.0
OK,066 - INTRACRANIAL HEMORRHAGE OR CEREBRAL INFARCTION W/O CC/MCC,566,5517.0
OK,069 - TRANSIENT ISCHEMIA,630,5040.0
OK,070 - NONSPECIFIC CEREBROVASCULAR DISORDERS W MCC,168,11012.0
OK,071 - NONSPECIFIC CEREBROVASCULAR DISORDERS W CC,165,6507.0
OK,074 - CRANIAL & PERIPHERAL NERVE DISORDERS W/O MCC,159,6756.0
OK,092 - OTHER DISORDERS OF NERVOUS SYSTEM W CC,120,6777.0
OK,101 - SEIZURES W/O MCC,422,6079.0
OK,103 - HEADACHES W/O MCC,79,5829.0
OK,149 - DYSEQUILIBRIUM,70,4568.0
OK,153 - OTITIS MEDIA & URI W/O MCC,134,5038.0
OK,166 - OTHER RESP SYSTEM O.R. PROCEDURES W MCC,193,23068.0
OK,176 - PULMONARY EMBOLISM W/O MCC,314,6761.0
OK,177 - RESPIRATORY INFECTIONS & INFLAMMATIONS W MCC,1027,12127.0
OK,180 - RESPIRATORY NEOPLASMS W MCC,211,12116.0
OK,186 - PLEURAL EFFUSION W MCC,79,10953.0
OK,190 - CHRONIC OBSTRUCTIVE PULMONARY DISEASE W MCC,2199,7592.0
OK,191 - CHRONIC OBSTRUCTIVE PULMONARY DISEASE W CC,1667,6170.0
OK,192 - CHRONIC OBSTRUCTIVE PULMONARY DISEASE W/O CC/MCC,1127,4966.0
OK,202 - BRONCHITIS & ASTHMA W CC/MCC,218,6800.0
OK,207 - RESPIRATORY SYSTEM DIAGNOSIS W VENTILATOR SUPPORT 96+ HOURS,373,31831.0
OK,208 - RESPIRATORY SYSTEM DIAGNOSIS W VENTILATOR SUPPORT <96 HOURS,1073,14719.0
OK,233 - CORONARY BYPASS W CARDIAC CATH W MCC,174,44926.0
OK,238 - MAJOR CARDIOVASC PROCEDURES W/O MCC,492,21245.0
OK,244 - PERMANENT CARDIAC PACEMAKER IMPLANT W/O CC/MCC,175,12899.0
OK,246 - PERC CARDIOVASC PROC W DRUG-ELUTING STENT W MCC OR 4+ VESSELS/STENTS,503,19977.0
OK,247 - PERC CARDIOVASC PROC W DRUG-ELUTING STENT W/O MCC,1327,13109.0
OK,249 - PERC CARDIOVASC PROC W NON-DRUG-ELUTING STENT W/O MCC,343,11427.0
OK,252 - OTHER VASCULAR PROCEDURES W MCC,247,22614.0
OK,253 - OTHER VASCULAR PROCEDURES W CC,385,16590.0
OK,"280 - ACUTE MYOCARDIAL INFARCTION, DISCHARGED ALIVE W MCC",658,11101.0
OK,"281 - ACUTE MYOCARDIAL INFARCTION, DISCHARGED ALIVE W CC",526,6320.0
OK,"286 - CIRCULATORY DISORDERS EXCEPT AMI, W CARD CATH W MCC",334,14040.0
OK,"287 - CIRCULATORY DISORDERS EXCEPT AMI, W CARD CATH W/O MCC",1176,7586.0
OK,299 - PERIPHERAL VASCULAR DISORDERS W MCC,116,10535.0
OK,300 - PERIPHERAL VASCULAR DISORDERS W CC,266,7169.0
OK,305 - HYPERTENSION W/O MCC,184,4886.0
OK,308 - CARDIAC ARRHYTHMIA & CONDUCTION DISORDERS W MCC,873,7733.0
OK,309 - CARDIAC ARRHYTHMIA & CONDUCTION DISORDERS W CC,1160,5357.0
OK,310 - CARDIAC ARRHYTHMIA & CONDUCTION DISORDERS W/O CC/MCC,856,3972.0
OK,312 - SYNCOPE & COLLAPSE,749,5455.0
OK,313 - CHEST PAIN,744,4705.0
OK,314 - OTHER CIRCULATORY SYSTEM DIAGNOSES W MCC,467,14251.0
OK,"327 - STOMACH, ESOPHAGEAL & DUODENAL PROC W CC",49,21278.0
OK,"328 - STOMACH, ESOPHAGEAL & DUODENAL PROC W/O CC/MCC",70,10658.0
OK,329 - MAJOR SMALL & LARGE BOWEL PROCEDURES W MCC,435,33264.0
OK,330 - MAJOR SMALL & LARGE BOWEL PROCEDURES W CC,711,15929.0
OK,331 - MAJOR SMALL & LARGE BOWEL PROCEDURES W/O CC/MCC,261,11350.0
OK,336 - PERITONEAL ADHESIOLYSIS W CC,71,14414.0
OK,371 - MAJOR GASTROINTESTINAL DISORDERS & PERITONEAL INFECTIONS W MCC,150,12793.0
OK,372 - MAJOR GASTROINTESTINAL DISORDERS & PERITONEAL INFECTIONS W CC,235,7948.0
OK,377 - G.I. HEMORRHAGE W MCC,513,12611.0
OK,389 - G.I. OBSTRUCTION W CC,588,6123.0
OK,390 - G.I. OBSTRUCTION W/O CC/MCC,268,4301.0
OK,"391 - ESOPHAGITIS, GASTROENT & MISC DIGEST DISORDERS W MCC",396,8668.0
OK,393 - OTHER DIGESTIVE SYSTEM DIAGNOSES W MCC,183,12235.0
OK,394 - OTHER DIGESTIVE SYSTEM DIAGNOSES W CC,370,6815.0
OK,417 - LAPAROSCOPIC CHOLECYSTECTOMY W/O C.D.E. W MCC,110,16485.0
OK,418 - LAPAROSCOPIC CHOLECYSTECTOMY W/O C.D.E. W CC,214,10808.0
OK,419 - LAPAROSCOPIC CHOLECYSTECTOMY W/O C.D.E. W/O CC/MCC,112,7988.0
OK,435 - MALIGNANCY OF HEPATOBILIARY SYSTEM OR PANCREAS W MCC,99,12575.0
OK,439 - DISORDERS OF PANCREAS EXCEPT MALIGNANCY W CC,193,7160.0
OK,"442 - DISORDERS OF LIVER EXCEPT MALIG,CIRR,ALC HEPA W CC",168,7556.0
OK,460 - SPINAL FUSION EXCEPT CERVICAL W/O MCC,1199,23115.0
OK,467 - REVISION OF HIP OR KNEE REPLACEMENT W CC,352,20353.0
OK,468 - REVISION OF HIP OR KNEE REPLACEMENT W/O CC/MCC,132,16524.0
OK,469 - MAJOR JOINT REPLACEMENT OR REATTACHMENT OF LOWER EXTREMITY W MCC,252,20828.0
OK,472 - CERVICAL SPINAL FUSION W CC,139,17085.0
OK,480 - HIP & FEMUR PROCEDURES EXCEPT MAJOR JOINT W MCC,313,17503.0
OK,482 - HIP & FEMUR PROCEDURES EXCEPT MAJOR JOINT W/O CC/MCC,262,10324.0
OK,483 - MAJOR JOINT/LIMB REATTACHMENT PROCEDURE OF UPPER EXTREMITIES,588,14643.0
OK,"493 - LOWER EXTREM & HUMER PROC EXCEPT HIP,FOOT,FEMUR W CC",204,15270.0
OK,"494 - LOWER EXTREM & HUMER PROC EXCEPT HIP,FOOT,FEMUR W/O CC/MCC",127,10468.0
OK,519 - BACK & NECK PROC EXC SPINAL FUSION W CC,193,9230.0
OK,536 - FRACTURES OF HIP & PELVIS W/O MCC,263,5234.0
OK,552 - MEDICAL BACK PROBLEMS W/O MCC,397,6574.0
OK,621 - O.R. PROCEDURES FOR OBESITY W/O CC/MCC,140,9130.0
OK,637 - DIABETES W MCC,197,10111.0
OK,639 - DIABETES W/O CC/MCC,78,5280.0
OK,"640 - MISC DISORDERS OF NUTRITION,METABOLISM,FLUIDS/ELECTROLYTES W MCC",734,7700.0
OK,"641 - MISC DISORDERS OF NUTRITION,METABOLISM,FLUIDS/ELECTROLYTES W/O MCC",1576,4946.0
OK,689 - KIDNEY & URINARY TRACT INFECTIONS W MCC,913,7329.0
OK,699 - OTHER KIDNEY & URINARY TRACT DIAGNOSES W CC,269,7771.0
OK,809 - MAJOR HEMATOL/IMMUN DIAG EXC SICKLE CELL CRISIS & COAGUL W CC,94,8859.0
OK,811 - RED BLOOD CELL DISORDERS W MCC,303,8514.0
OK,812 - RED BLOOD CELL DISORDERS W/O MCC,889,5695.0
OK,853 - INFECTIOUS & PARASITIC DISEASES W O.R. PROCEDURE W MCC,985,35043.0
OK,854 - INFECTIOUS & PARASITIC DISEASES W O.R. PROCEDURE W CC,107,16066.0
OK,870 - SEPTICEMIA OR SEVERE SEPSIS W MV >96 HOURS,594,37585.0
OK,917 - POISONING & TOXIC EFFECTS OF DRUGS W MCC,468,9803.0
OK,918 - POISONING & TOXIC EFFECTS OF DRUGS W/O MCC,321,4811.0
OK,919 - COMPLICATIONS OF TREATMENT W MCC,89,13463.0
OK,920 - COMPLICATIONS OF TREATMENT W CC,70,7853.0
OK,948 - SIGNS & SYMPTOMS W/O MCC,369,5299.0
OK,981 - EXTENSIVE O.R. PROCEDURE UNRELATED TO PRINCIPAL DIAGNOSIS W MCC,191,34190.0
OK,"004 - TRACH W MV 96+ HRS OR PDX EXC FACE, MOUTH & NECK W/O MAJ O.R.",204,63860.0
OK,039 - EXTRACRANIAL PROCEDURES W/O CC/MCC,501,6906.0
OK,100 - SEIZURES W MCC,194,11345.0
OK,163 - MAJOR CHEST PROCEDURES W MCC,105,33976.0
OK,175 - PULMONARY EMBOLISM W MCC,155,9941.0
OK,216 - CARDIAC VALVE & OTH MAJ CARDIOTHORACIC PROC W CARD CATH W MCC,49,54660.0
OK,219 - CARDIAC VALVE & OTH MAJ CARDIOTHORACIC PROC W/O CARD CATH W MCC,137,46490.0
OK,237 - MAJOR CARDIOVASC PROCEDURES W MCC,206,38486.0
OK,242 - PERMANENT CARDIAC PACEMAKER IMPLANT W MCC,145,22060.0
OK,243 - PERMANENT CARDIAC PACEMAKER IMPLANT W CC,243,15520.0
OK,379 - G.I. HEMORRHAGE W/O CC/MCC,131,5017.0
OK,388 - G.I. OBSTRUCTION W MCC,74,11496.0
OK,438 - DISORDERS OF PANCREAS EXCEPT MALIGNANCY W MCC,64,12898.0
OK,"441 - DISORDERS OF LIVER EXCEPT MALIG,CIRR,ALC HEPA W MCC",209,14739.0
OK,473 - CERVICAL SPINAL FUSION W/O CC/MCC,572,13043.0
OK,602 - CELLULITIS W MCC,122,9966.0
OK,684 - RENAL FAILURE W/O CC/MCC,247,4396.0
OK,885 - PSYCHOSES,1053,7544.0
OK,895 - ALCOHOL/DRUG ABUSE OR DEPENDENCE W REHABILITATION THERAPY,46,9572.0
OK,897 - ALCOHOL/DRUG ABUSE OR DEPENDENCE W/O REHABILITATION THERAPY W/O MCC,263,5394.0
OK,"003 - ECMO OR TRACH W MV >96 HRS OR PDX EXC FACE, MOUTH & NECK W MAJ O.R.",116,124161.0
OK,023 - CRANIO W MAJOR DEV IMPL/ACUTE COMPLEX CNS PDX W MCC OR CHEMO IMPLANT,55,45900.0
OK,025 - CRANIOTOMY & ENDOVASCULAR INTRACRANIAL PROCEDURES W MCC,170,31942.0
OK,026 - CRANIOTOMY & ENDOVASCULAR INTRACRANIAL PROCEDURES W CC,54,23178.0
OK,027 - CRANIOTOMY & ENDOVASCULAR INTRACRANIAL PROCEDURES W/O CC/MCC,117,19365.0
OK,"085 - TRAUMATIC STUPOR & COMA, COMA <1 HR W MCC",151,14073.0
OK,"086 - TRAUMATIC STUPOR & COMA, COMA <1 HR W CC",156,9192.0
OK,"087 - TRAUMATIC STUPOR & COMA, COMA <1 HR W/O CC/MCC",105,6274.0
OK,091 - OTHER DISORDERS OF NERVOUS SYSTEM W MCC,96,11035.0
OK,164 - MAJOR CHEST PROCEDURES W CC,183,16441.0
OK,181 - RESPIRATORY NEOPLASMS W CC,99,8639.0
OK,264 - OTHER CIRCULATORY SYSTEM O.R. PROCEDURES,89,22233.0
OK,301 - PERIPHERAL VASCULAR DISORDERS W/O CC/MCC,68,5938.0
OK,315 - OTHER CIRCULATORY SYSTEM DIAGNOSES W CC,142,7291.0
OK,354 - HERNIA PROCEDURES EXCEPT INGUINAL & FEMORAL W CC,33,12497.0
OK,375 - DIGESTIVE MALIGNANCY W CC,49,10662.0
OK,432 - CIRRHOSIS & ALCOHOLIC HEPATITIS W MCC,69,13864.0
OK,445 - DISORDERS OF THE BILIARY TRACT W CC,83,8373.0
OK,551 - MEDICAL BACK PROBLEMS W MCC,87,11779.0
OK,"563 - FX, SPRN, STRN & DISL EXCEPT FEMUR, HIP, PELVIS & THIGH W/O MCC",83,5889.0
OK,652 - KIDNEY TRANSPLANT,171,23643.0
OK,657 - KIDNEY & URETER PROCEDURES FOR NEOPLASM W CC,84,13622.0
OK,658 - KIDNEY & URETER PROCEDURES FOR NEOPLASM W/O CC/MCC,93,10980.0
OK,660 - KIDNEY & URETER PROCEDURES FOR NON-NEOPLASM W CC,51,14415.0
OK,708 - MAJOR MALE PELVIC PROCEDURES W/O CC/MCC,146,8505.0
OK,847 - CHEMOTHERAPY W/O ACUTE LEUKEMIA AS SECONDARY DIAGNOSIS W CC,106,9759.0
OK,863 - POSTOPERATIVE & POST-TRAUMATIC INFECTIONS W/O MCC,70,8352.0
OK,896 - ALCOHOL/DRUG ABUSE OR DEPENDENCE W/O REHABILITATION THERAPY W MCC,63,10699.0
OK,907 - OTHER O.R. PROCEDURES FOR INJURIES W MCC,81,26932.0
OK,982 - EXTENSIVE O.R. PROCEDURE UNRELATED TO PRINCIPAL DIAGNOSIS W CC,94,18014.0
OK,440 - DISORDERS OF PANCREAS EXCEPT MALIGNANCY W/O CC/MCC,61,4266.0
OK,303 - ATHEROSCLEROSIS W/O MCC,154,4394.0
OK,520 - BACK & NECK PROC EXC SPINAL FUSION W/O CC/MCC,338,6691.0
OK,694 - URINARY STONES W/O ESW LITHOTRIPSY W/O MCC,77,4783.0
OK,001 - HEART TRANSPLANT OR IMPLANT OF HEART ASSIST SYSTEM W MCC,33,238949.0
OK,038 - EXTRACRANIAL PROCEDURES W CC,156,11010.0
OK,167 - OTHER RESP SYSTEM O.R. PROCEDURES W CC,71,12380.0
OK,203 - BRONCHITIS & ASTHMA W/O CC/MCC,43,5012.0
OK,220 - CARDIAC VALVE & OTH MAJ CARDIOTHORACIC PROC W/O CARD CATH W CC,214,30516.0
OK,234 - CORONARY BYPASS W CARDIAC CATH W/O MCC,210,28580.0
OK,235 - CORONARY BYPASS W/O CARDIAC CATH W MCC,146,34257.0
OK,236 - CORONARY BYPASS W/O CARDIAC CATH W/O MCC,373,22489.0
OK,248 - PERC CARDIOVASC PROC W NON-DRUG-ELUTING STENT W MCC OR 4+ VES/STENTS,178,19442.0
OK,250 - PERC CARDIOVASC PROC W/O CORONARY ARTERY STENT W MCC,144,19741.0
OK,251 - PERC CARDIOVASC PROC W/O CORONARY ARTERY STENT W/O MCC,246,14244.0
OK,254 - OTHER VASCULAR PROCEDURES W/O CC/MCC,113,11100.0
OK,267 - ENDOVASCULAR CARDIAC VALVE REPLACEMENT W/O MCC,143,39163.0
OK,516 - OTHER MUSCULOSKELET SYS & CONN TISS O.R. PROC W CC,61,13686.0
OK,857 - POSTOPERATIVE OR POST-TRAUMATIC INFECTIONS W O.R. PROC W CC,52,13496.0
OK,884 - ORGANIC DISTURBANCES & MENTAL RETARDATION,96,7157.0
OK,454 - COMBINED ANTERIOR/POSTERIOR SPINAL FUSION W CC,59,47263.0
OK,054 - NERVOUS SYSTEM NEOPLASMS W MCC,84,8748.0
OK,457 - SPINAL FUS EXC CERV W SPINAL CURV/MALIG/INFEC OR EXT FUS W CC,57,42815.0
OK,"617 - AMPUTAT OF LOWER LIMB FOR ENDOCRINE,NUTRIT,& METABOL DIS W CC",46,13466.0
OK,266 - ENDOVASCULAR CARDIAC VALVE REPLACEMENT W MCC,70,50428.0
OK,455 - COMBINED ANTERIOR/POSTERIOR SPINAL FUSION W/O CC/MCC,70,35534.0
OK,497 - LOCAL EXCISION & REMOVAL INT FIX DEVICES EXC HIP & FEMUR W/O CC/MCC,62,6389.0
OK,518 - BACK & NECK PROC EXC SPINAL FUSION W MCC OR DISC DEVICE/NEUROSTIM,77,17231.0
OK,056 - DEGENERATIVE NERVOUS SYSTEM DISORDERS W MCC,63,10643.0
OK,206 - OTHER RESPIRATORY SYSTEM DIAGNOSES W/O MCC,66,5555.0
OK,554 - BONE DISEASES & ARTHROPATHIES W/O MCC,46,5212.0
OK,556 - SIGNS & SYMPTOMS OF MUSCULOSKELETAL SYSTEM & CONN TISSUE W/O MCC,49,5027.0
OK,"605 - TRAUMA TO THE SKIN, SUBCUT TISS & BREAST W/O MCC",66,5144.0
OK,880 - ACUTE ADJUSTMENT REACTION & PSYCHOSOCIAL DYSFUNCTION,63,4911.0
OK,947 - SIGNS & SYMPTOMS W MCC,33,7428.0
OK,436 - MALIGNANCY OF HEPATOBILIARY SYSTEM OR PANCREAS W CC,33,7474.0
OK,386 - INFLAMMATORY BOWEL DISEASE W CC,21,6551.0
TX,454 - COMBINED ANTERIOR/POSTERIOR SPINAL FUSION W CC,310,58725.0
TX,455 - COMBINED ANTERIOR/POSTERIOR SPINAL FUSION W/O CC/MCC,328,43006.0
TX,460 - SPINAL FUSION EXCEPT CERVICAL W/O MCC,5490,27127.0
TX,470 - MAJOR JOINT REPLACEMENT OR REATTACHMENT OF LOWER EXTREMITY W/O MCC,29828,13964.0
TX,472 - CERVICAL SPINAL FUSION W CC,557,20177.0
TX,473 - CERVICAL SPINAL FUSION W/O CC/MCC,2188,15205.0
TX,520 - BACK & NECK PROC EXC SPINAL FUSION W/O CC/MCC,1202,7829.0
TX,177 - RESPIRATORY INFECTIONS & INFLAMMATIONS W MCC,4409,12383.0
TX,189 - PULMONARY EDEMA & RESPIRATORY FAILURE,7951,8440.0
TX,190 - CHRONIC OBSTRUCTIVE PULMONARY DISEASE W MCC,9596,8016.0
TX,191 - CHRONIC OBSTRUCTIVE PULMONARY DISEASE W CC,6698,6705.0
TX,193 - SIMPLE PNEUMONIA & PLEURISY W MCC,10614,10235.0
TX,194 - SIMPLE PNEUMONIA & PLEURISY W CC,11340,6855.0
TX,195 - SIMPLE PNEUMONIA & PLEURISY W/O CC/MCC,4010,5108.0
TX,202 - BRONCHITIS & ASTHMA W CC/MCC,2014,6422.0
TX,208 - RESPIRATORY SYSTEM DIAGNOSIS W VENTILATOR SUPPORT <96 HOURS,4687,15359.0
TX,247 - PERC CARDIOVASC PROC W DRUG-ELUTING STENT W/O MCC,5666,14518.0
TX,"280 - ACUTE MYOCARDIAL INFARCTION, DISCHARGED ALIVE W MCC",4199,11684.0
TX,"281 - ACUTE MYOCARDIAL INFARCTION, DISCHARGED ALIVE W CC",2273,7328.0
TX,291 - HEART FAILURE & SHOCK W MCC,14909,10257.0
TX,292 - HEART FAILURE & SHOCK W CC,13370,7182.0
TX,308 - CARDIAC ARRHYTHMIA & CONDUCTION DISORDERS W MCC,4492,8605.0
TX,309 - CARDIAC ARRHYTHMIA & CONDUCTION DISORDERS W CC,5526,5826.0
TX,312 - SYNCOPE & COLLAPSE,4707,5667.0
TX,313 - CHEST PAIN,4173,4802.0
TX,378 - G.I. HEMORRHAGE W CC,8433,7098.0
TX,389 - G.I. OBSTRUCTION W CC,2955,6235.0
TX,"392 - ESOPHAGITIS, GASTROENT & MISC DIGEST DISORDERS W/O MCC",11845,5538.0
TX,481 - HIP & FEMUR PROCEDURES EXCEPT MAJOR JOINT W CC,5724,12659.0
TX,483 - MAJOR JOINT/LIMB REATTACHMENT PROCEDURE OF UPPER EXTREMITIES,2485,15568.0
TX,603 - CELLULITIS W/O MCC,8257,6233.0
TX,638 - DIABETES W CC,3107,6465.0
TX,"641 - MISC DISORDERS OF NUTRITION,METABOLISM,FLUIDS/ELECTROLYTES W/O MCC",7497,5371.0
TX,682 - RENAL FAILURE W MCC,9395,10567.0
TX,683 - RENAL FAILURE W CC,10807,6734.0
TX,689 - KIDNEY & URINARY TRACT INFECTIONS W MCC,6156,7661.0
TX,690 - KIDNEY & URINARY TRACT INFECTIONS W/O MCC,12381,5704.0
TX,811 - RED BLOOD CELL DISORDERS W MCC,1776,9211.0
TX,812 - RED BLOOD CELL DISORDERS W/O MCC,4651,6227.0
TX,853 - INFECTIOUS & PARASITIC DISEASES W O.R. PROCEDURE W MCC,4764,34785.0
TX,871 - SEPTICEMIA OR SEVERE SEPSIS W/O MV 96+ HOURS W MCC,37269,12173.0
TX,872 - SEPTICEMIA OR SEVERE SEPSIS W/O MV >96 HOURS W/O MCC,10634,7444.0
TX,293 - HEART FAILURE & SHOCK W/O CC/MCC,3777,5212.0
TX,"004 - TRACH W MV 96+ HRS OR PDX EXC FACE, MOUTH & NECK W/O MAJ O.R.",891,68927.0
TX,038 - EXTRACRANIAL PROCEDURES W CC,546,10428.0
TX,039 - EXTRACRANIAL PROCEDURES W/O CC/MCC,1994,7002.0
TX,064 - INTRACRANIAL HEMORRHAGE OR CEREBRAL INFARCTION W MCC,5315,12441.0
TX,065 - INTRACRANIAL HEMORRHAGE OR CEREBRAL INFARCTION W CC OR TPA IN 24 HRS,7110,7511.0
TX,066 - INTRACRANIAL HEMORRHAGE OR CEREBRAL INFARCTION W/O CC/MCC,2841,5558.0
TX,069 - TRANSIENT ISCHEMIA,3819,5192.0
TX,074 - CRANIAL & PERIPHERAL NERVE DISORDERS W/O MCC,862,7428.0
TX,101 - SEIZURES W/O MCC,2435,6265.0
TX,166 - OTHER RESP SYSTEM O.R. PROCEDURES W MCC,764,26929.0
TX,167 - OTHER RESP SYSTEM O.R. PROCEDURES W CC,309,14792.0
TX,175 - PULMONARY EMBOLISM W MCC,591,9945.0
TX,176 - PULMONARY EMBOLISM W/O MCC,1449,6877.0
TX,178 - RESPIRATORY INFECTIONS & INFLAMMATIONS W CC,2344,9064.0
TX,180 - RESPIRATORY NEOPLASMS W MCC,605,11969.0
TX,192 - CHRONIC OBSTRUCTIVE PULMONARY DISEASE W/O CC/MCC,3974,5213.0
TX,207 - RESPIRATORY SYSTEM DIAGNOSIS W VENTILATOR SUPPORT 96+ HOURS,1557,34194.0
TX,233 - CORONARY BYPASS W CARDIAC CATH W MCC,903,46354.0
TX,234 - CORONARY BYPASS W CARDIAC CATH W/O MCC,992,31864.0
TX,235 - CORONARY BYPASS W/O CARDIAC CATH W MCC,652,39911.0
TX,236 - CORONARY BYPASS W/O CARDIAC CATH W/O MCC,1135,26161.0
TX,237 - MAJOR CARDIOVASC PROCEDURES W MCC,942,37490.0
TX,238 - MAJOR CARDIOVASC PROCEDURES W/O MCC,1978,23603.0
TX,242 - PERMANENT CARDIAC PACEMAKER IMPLANT W MCC,711,24511.0
TX,243 - PERMANENT CARDIAC PACEMAKER IMPLANT W CC,1268,16907.0
TX,244 - PERMANENT CARDIAC PACEMAKER IMPLANT W/O CC/MCC,750,14336.0
TX,246 - PERC CARDIOVASC PROC W DRUG-ELUTING STENT W MCC OR 4+ VESSELS/STENTS,2267,22126.0
TX,249 - PERC CARDIOVASC PROC W NON-DRUG-ELUTING STENT W/O MCC,357,12461.0
TX,252 - OTHER VASCULAR PROCEDURES W MCC,2588,22438.0
TX,253 - OTHER VASCULAR PROCEDURES W CC,2407,17715.0
TX,"283 - ACUTE MYOCARDIAL INFARCTION, EXPIRED W MCC",178,11768.0
TX,"287 - CIRCULATORY DISORDERS EXCEPT AMI, W CARD CATH W/O MCC",4829,8458.0
TX,299 - PERIPHERAL VASCULAR DISORDERS W MCC,778,10126.0
TX,300 - PERIPHERAL VASCULAR DISORDERS W CC,1788,7466.0
TX,305 - HYPERTENSION W/O MCC,1510,4797.0
TX,310 - CARDIAC ARRHYTHMIA & CONDUCTION DISORDERS W/O CC/MCC,4206,4259.0
TX,314 - OTHER CIRCULATORY SYSTEM DIAGNOSES W MCC,3375,13599.0
TX,315 - OTHER CIRCULATORY SYSTEM DIAGNOSES W CC,819,8285.0
TX,"327 - STOMACH, ESOPHAGEAL & DUODENAL PROC W CC",346,18894.0
TX,329 - MAJOR SMALL & LARGE BOWEL PROCEDURES W MCC,1938,34150.0
TX,330 - MAJOR SMALL & LARGE BOWEL PROCEDURES W CC,2738,16869.0
TX,331 - MAJOR SMALL & LARGE BOWEL PROCEDURES W/O CC/MCC,1108,11092.0
TX,371 - MAJOR GASTROINTESTINAL DISORDERS & PERITONEAL INFECTIONS W MCC,876,13046.0
TX,372 - MAJOR GASTROINTESTINAL DISORDERS & PERITONEAL INFECTIONS W CC,1465,7969.0
TX,377 - G.I. HEMORRHAGE W MCC,3860,12423.0
TX,379 - G.I. HEMORRHAGE W/O CC/MCC,1128,5119.0
TX,388 - G.I. OBSTRUCTION W MCC,662,10842.0
TX,"391 - ESOPHAGITIS, GASTROENT & MISC DIGEST DISORDERS W MCC",2961,8520.0
TX,393 - OTHER DIGESTIVE SYSTEM DIAGNOSES W MCC,1052,12261.0
TX,394 - OTHER DIGESTIVE SYSTEM DIAGNOSES W CC,2206,6966.0
TX,417 - LAPAROSCOPIC CHOLECYSTECTOMY W/O C.D.E. W MCC,518,16298.0
TX,418 - LAPAROSCOPIC CHOLECYSTECTOMY W/O C.D.E. W CC,1454,10938.0
TX,432 - CIRRHOSIS & ALCOHOLIC HEPATITIS W MCC,652,13167.0
TX,439 - DISORDERS OF PANCREAS EXCEPT MALIGNANCY W CC,1223,6885.0
TX,"441 - DISORDERS OF LIVER EXCEPT MALIG,CIRR,ALC HEPA W MCC",1463,14871.0
TX,469 - MAJOR JOINT REPLACEMENT OR REATTACHMENT OF LOWER EXTREMITY W MCC,1061,20691.0
TX,480 - HIP & FEMUR PROCEDURES EXCEPT MAJOR JOINT W MCC,1491,19262.0
TX,482 - HIP & FEMUR PROCEDURES EXCEPT MAJOR JOINT W/O CC/MCC,1392,10611.0
TX,"493 - LOWER EXTREM & HUMER PROC EXCEPT HIP,FOOT,FEMUR W CC",756,14004.0
TX,"494 - LOWER EXTREM & HUMER PROC EXCEPT HIP,FOOT,FEMUR W/O CC/MCC",495,10718.0
TX,519 - BACK & NECK PROC EXC SPINAL FUSION W CC,612,11350.0
TX,536 - FRACTURES OF HIP & PELVIS W/O MCC,1099,5180.0
TX,551 - MEDICAL BACK PROBLEMS W MCC,270,11238.0
TX,552 - MEDICAL BACK PROBLEMS W/O MCC,2704,6401.0
TX,602 - CELLULITIS W MCC,1424,10357.0
TX,621 - O.R. PROCEDURES FOR OBESITY W/O CC/MCC,1263,10668.0
TX,"640 - MISC DISORDERS OF NUTRITION,METABOLISM,FLUIDS/ELECTROLYTES W MCC",6431,7907.0
TX,669 - TRANSURETHRAL PROCEDURES W CC,250,8609.0
TX,684 - RENAL FAILURE W/O CC/MCC,1224,4496.0
TX,698 - OTHER KIDNEY & URINARY TRACT DIAGNOSES W MCC,2113,11996.0
TX,699 - OTHER KIDNEY & URINARY TRACT DIAGNOSES W CC,1741,8563.0
TX,808 - MAJOR HEMATOL/IMMUN DIAG EXC SICKLE CELL CRISIS & COAGUL W MCC,102,18695.0
TX,809 - MAJOR HEMATOL/IMMUN DIAG EXC SICKLE CELL CRISIS & COAGUL W CC,531,9343.0
TX,862 - POSTOPERATIVE & POST-TRAUMATIC INFECTIONS W MCC,209,13464.0
TX,870 - SEPTICEMIA OR SEVERE SEPSIS W MV >96 HOURS,2458,37954.0
TX,885 - PSYCHOSES,3624,7761.0
TX,917 - POISONING & TOXIC EFFECTS OF DRUGS W MCC,1255,10065.0
TX,918 - POISONING & TOXIC EFFECTS OF DRUGS W/O MCC,729,5760.0
TX,948 - SIGNS & SYMPTOMS W/O MCC,1956,5504.0
TX,419 - LAPAROSCOPIC CHOLECYSTECTOMY W/O C.D.E. W/O CC/MCC,755,8451.0
TX,468 - REVISION OF HIP OR KNEE REPLACEMENT W/O CC/MCC,631,18988.0
TX,071 - NONSPECIFIC CEREBROVASCULAR DISORDERS W CC,494,7258.0
TX,100 - SEIZURES W MCC,1379,11527.0
TX,153 - OTITIS MEDIA & URI W/O MCC,563,5271.0
TX,264 - OTHER CIRCULATORY SYSTEM O.R. PROCEDURES,870,19793.0
TX,"286 - CIRCULATORY DISORDERS EXCEPT AMI, W CARD CATH W MCC",1711,15990.0
TX,440 - DISORDERS OF PANCREAS EXCEPT MALIGNANCY W/O CC/MCC,437,5018.0
TX,"442 - DISORDERS OF LIVER EXCEPT MALIG,CIRR,ALC HEPA W CC",1462,7409.0
TX,637 - DIABETES W MCC,1195,9939.0
TX,813 - COAGULATION DISORDERS,95,18249.0
TX,884 - ORGANIC DISTURBANCES & MENTAL RETARDATION,566,8034.0
TX,981 - EXTENSIVE O.R. PROCEDURE UNRELATED TO PRINCIPAL DIAGNOSIS W MCC,1073,35159.0
TX,203 - BRONCHITIS & ASTHMA W/O CC/MCC,433,5027.0
TX,251 - PERC CARDIOVASC PROC W/O CORONARY ARTERY STENT W/O MCC,1237,15838.0
TX,390 - G.I. OBSTRUCTION W/O CC/MCC,1564,4561.0
TX,149 - DYSEQUILIBRIUM,536,4745.0
TX,"562 - FX, SPRN, STRN & DISL EXCEPT FEMUR, HIP, PELVIS & THIGH W MCC",86,8998.0
TX,"563 - FX, SPRN, STRN & DISL EXCEPT FEMUR, HIP, PELVIS & THIGH W/O MCC",930,5697.0
TX,181 - RESPIRATORY NEOPLASMS W CC,288,8398.0
TX,"003 - ECMO OR TRACH W MV >96 HRS OR PDX EXC FACE, MOUTH & NECK W MAJ O.R.",798,128373.0
TX,023 - CRANIO W MAJOR DEV IMPL/ACUTE COMPLEX CNS PDX W MCC OR CHEMO IMPLANT,178,37532.0
TX,025 - CRANIOTOMY & ENDOVASCULAR INTRACRANIAL PROCEDURES W MCC,1009,31101.0
TX,026 - CRANIOTOMY & ENDOVASCULAR INTRACRANIAL PROCEDURES W CC,315,21989.0
TX,054 - NERVOUS SYSTEM NEOPLASMS W MCC,331,9726.0
TX,057 - DEGENERATIVE NERVOUS SYSTEM DISORDERS W/O MCC,1033,7796.0
TX,061 - ACUTE ISCHEMIC STROKE W USE OF THROMBOLYTIC AGENT W MCC,106,20770.0
TX,070 - NONSPECIFIC CEREBROVASCULAR DISORDERS W MCC,518,11664.0
TX,"082 - TRAUMATIC STUPOR & COMA, COMA >1 HR W MCC",97,20230.0
TX,"085 - TRAUMATIC STUPOR & COMA, COMA <1 HR W MCC",511,15734.0
TX,"086 - TRAUMATIC STUPOR & COMA, COMA <1 HR W CC",888,8509.0
TX,"087 - TRAUMATIC STUPOR & COMA, COMA <1 HR W/O CC/MCC",533,6413.0
TX,092 - OTHER DISORDERS OF NERVOUS SYSTEM W CC,515,6506.0
TX,093 - OTHER DISORDERS OF NERVOUS SYSTEM W/O CC/MCC,108,5246.0
TX,435 - MALIGNANCY OF HEPATOBILIARY SYSTEM OR PANCREAS W MCC,457,13132.0
TX,438 - DISORDERS OF PANCREAS EXCEPT MALIGNANCY W MCC,533,12379.0
TX,471 - CERVICAL SPINAL FUSION W MCC,80,37392.0
TX,517 - OTHER MUSCULOSKELET SYS & CONN TISS O.R. PROC W/O CC/MCC,120,11553.0
TX,556 - SIGNS & SYMPTOMS OF MUSCULOSKELETAL SYSTEM & CONN TISSUE W/O MCC,359,5392.0
TX,"605 - TRAUMA TO THE SKIN, SUBCUT TISS & BREAST W/O MCC",304,5916.0
TX,947 - SIGNS & SYMPTOMS W MCC,437,8443.0
TX,982 - EXTENSIVE O.R. PROCEDURE UNRELATED TO PRINCIPAL DIAGNOSIS W CC,516,18639.0
TX,179 - RESPIRATORY INFECTIONS & INFLAMMATIONS W/O CC/MCC,129,6617.0
TX,897 - ALCOHOL/DRUG ABUSE OR DEPENDENCE W/O REHABILITATION THERAPY W/O MCC,465,6150.0
TX,518 - BACK & NECK PROC EXC SPINAL FUSION W MCC OR DISC DEVICE/NEUROSTIM,84,18701.0
TX,301 - PERIPHERAL VASCULAR DISORDERS W/O CC/MCC,360,5135.0
TX,516 - OTHER MUSCULOSKELET SYS & CONN TISS O.R. PROC W CC,426,13922.0
TX,204 - RESPIRATORY SIGNS & SYMPTOMS,337,6043.0
TX,373 - MAJOR GASTROINTESTINAL DISORDERS & PERITONEAL INFECTIONS W/O CC/MCC,48,5977.0
TX,457 - SPINAL FUS EXC CERV W SPINAL CURV/MALIG/INFEC OR EXT FUS W CC,116,61014.0
TX,467 - REVISION OF HIP OR KNEE REPLACEMENT W CC,1036,23382.0
TX,644 - ENDOCRINE DISORDERS W CC,222,7702.0
TX,"328 - STOMACH, ESOPHAGEAL & DUODENAL PROC W/O CC/MCC",318,10166.0
TX,"464 - WND DEBRID & SKN GRFT EXC HAND, FOR MUSCULO-CONN TISS DIS W CC",245,23206.0
TX,036 - CAROTID ARTERY STENT PROCEDURE W/O CC/MCC,176,12109.0
TX,164 - MAJOR CHEST PROCEDURES W CC,468,19284.0
TX,165 - MAJOR CHEST PROCEDURES W/O CC/MCC,226,12104.0
TX,216 - CARDIAC VALVE & OTH MAJ CARDIOTHORACIC PROC W CARD CATH W MCC,358,67536.0
TX,217 - CARDIAC VALVE & OTH MAJ CARDIOTHORACIC PROC W CARD CATH W CC,115,47187.0
TX,219 - CARDIAC VALVE & OTH MAJ CARDIOTHORACIC PROC W/O CARD CATH W MCC,894,58178.0
TX,220 - CARDIAC VALVE & OTH MAJ CARDIOTHORACIC PROC W/O CARD CATH W CC,821,36873.0
TX,227 - CARDIAC DEFIBRILLATOR IMPLANT W/O CARDIAC CATH W/O MCC,255,37588.0
TX,250 - PERC CARDIOVASC PROC W/O CORONARY ARTERY STENT W MCC,493,23635.0
TX,254 - OTHER VASCULAR PROCEDURES W/O CC/MCC,646,11577.0
TX,266 - ENDOVASCULAR CARDIAC VALVE REPLACEMENT W MCC,540,59451.0
TX,267 - ENDOVASCULAR CARDIAC VALVE REPLACEMENT W/O MCC,509,45025.0
TX,"282 - ACUTE MYOCARDIAL INFARCTION, DISCHARGED ALIVE W/O CC/MCC",595,5803.0
TX,303 - ATHEROSCLEROSIS W/O MCC,386,5189.0
TX,307 - CARDIAC CONGENITAL & VALVULAR DISORDERS W/O MCC,49,8797.0
TX,"326 - STOMACH, ESOPHAGEAL & DUODENAL PROC W MCC",271,40585.0
TX,357 - OTHER DIGESTIVE SYSTEM O.R. PROCEDURES W CC,65,15291.0
TX,"405 - PANCREAS, LIVER & SHUNT PROCEDURES W MCC",133,43126.0
TX,"406 - PANCREAS, LIVER & SHUNT PROCEDURES W CC",204,22178.0
TX,433 - CIRRHOSIS & ALCOHOLIC HEPATITIS W CC,191,7873.0
TX,652 - KIDNEY TRANSPLANT,901,32234.0
TX,673 - OTHER KIDNEY & URINARY TRACT PROCEDURES W MCC,345,23091.0
TX,847 - CHEMOTHERAPY W/O ACUTE LEUKEMIA AS SECONDARY DIAGNOSIS W CC,654,10272.0
TX,854 - INFECTIOUS & PARASITIC DISEASES W O.R. PROCEDURE W CC,601,16876.0
TX,"629 - OTHER ENDOCRINE, NUTRIT & METAB O.R. PROC W CC",102,14623.0
TX,016 - AUTOLOGOUS BONE MARROW TRANSPLANT W CC/MCC,118,47504.0
TX,091 - OTHER DISORDERS OF NERVOUS SYSTEM W MCC,341,11113.0
TX,336 - PERITONEAL ADHESIOLYSIS W CC,230,16249.0
TX,374 - DIGESTIVE MALIGNANCY W MCC,191,14979.0
TX,466 - REVISION OF HIP OR KNEE REPLACEMENT W MCC,74,36027.0
TX,478 - BIOPSIES OF MUSCULOSKELETAL SYSTEM & CONNECTIVE TISSUE W CC,135,14460.0
TX,"580 - OTHER SKIN, SUBCUT TISS & BREAST PROC W CC",105,30727.0
TX,620 - O.R. PROCEDURES FOR OBESITY W CC,163,13316.0
TX,714 - TRANSURETHRAL PROSTATECTOMY W/O CC/MCC,83,5622.0
TX,742 - UTERINE & ADNEXA PROC FOR NON-MALIGNANCY W CC/MCC,127,11153.0
TX,743 - UTERINE & ADNEXA PROC FOR NON-MALIGNANCY W/O CC/MCC,209,11118.0
TX,837 - CHEMO W ACUTE LEUKEMIA AS SDX OR W HIGH DOSE CHEMO AGENT W MCC,67,54099.0
TX,846 - CHEMOTHERAPY W/O ACUTE LEUKEMIA AS SECONDARY DIAGNOSIS W MCC,81,23631.0
TX,856 - POSTOPERATIVE OR POST-TRAUMATIC INFECTIONS W O.R. PROC W MCC,145,35826.0
TX,863 - POSTOPERATIVE & POST-TRAUMATIC INFECTIONS W/O MCC,398,8040.0
TX,864 - FEVER,311,6329.0
TX,907 - OTHER O.R. PROCEDURES FOR INJURIES W MCC,287,29223.0
TX,920 - COMPLICATIONS OF TREATMENT W CC,338,7620.0
TX,024 - CRANIO W MAJOR DEV IMPL/ACUTE COMPLEX CNS PDX W/O MCC,69,25135.0
TX,163 - MAJOR CHEST PROCEDURES W MCC,310,35165.0
TX,206 - OTHER RESPIRATORY SYSTEM DIAGNOSES W/O MCC,243,8511.0
TX,226 - CARDIAC DEFIBRILLATOR IMPLANT W/O CARDIAC CATH W MCC,62,48667.0
TX,239 - AMPUTATION FOR CIRC SYS DISORDERS EXC UPPER LIMB & TOE W MCC,432,29436.0
TX,240 - AMPUTATION FOR CIRC SYS DISORDERS EXC UPPER LIMB & TOE W CC,159,16763.0
TX,355 - HERNIA PROCEDURES EXCEPT INGUINAL & FEMORAL W/O CC/MCC,88,8837.0
TX,356 - OTHER DIGESTIVE SYSTEM O.R. PROCEDURES W MCC,117,32259.0
TX,375 - DIGESTIVE MALIGNANCY W CC,297,9423.0
TX,445 - DISORDERS OF THE BILIARY TRACT W CC,363,7900.0
TX,"463 - WND DEBRID & SKN GRFT EXC HAND, FOR MUSCULO-CONN TISS DIS W MCC",55,33136.0
TX,543 - PATHOLOGICAL FRACTURES & MUSCULOSKELET & CONN TISS MALIG W CC,181,8150.0
TX,554 - BONE DISEASES & ARTHROPATHIES W/O MCC,165,6049.0
TX,573 - SKIN GRAFT FOR SKIN ULCER OR CELLULITIS W MCC,68,22665.0
TX,660 - KIDNEY & URETER PROCEDURES FOR NON-NEOPLASM W CC,224,13469.0
TX,694 - URINARY STONES W/O ESW LITHOTRIPSY W/O MCC,188,5161.0
TX,857 - POSTOPERATIVE OR POST-TRAUMATIC INFECTIONS W O.R. PROC W CC,154,15030.0
TX,908 - OTHER O.R. PROCEDURES FOR INJURIES W CC,113,13808.0
TX,919 - COMPLICATIONS OF TREATMENT W MCC,432,13631.0
TX,462 - BILATERAL OR MULTIPLE MAJOR JOINT PROCS OF LOWER EXTREMITY W/O MCC,321,23358.0
TX,607 - MINOR SKIN DISORDERS W/O MCC,51,8046.0
TX,"617 - AMPUTAT OF LOWER LIMB FOR ENDOCRINE,NUTRIT,& METABOL DIS W CC",387,14823.0
TX,765 - CESAREAN SECTION W CC/MCC,53,14569.0
TX,974 - HIV W MAJOR RELATED CONDITION W MCC,141,26858.0
TX,975 - HIV W MAJOR RELATED CONDITION W CC,60,19632.0
TX,030 - SPINAL PROCEDURES W/O CC/MCC,62,10585.0
TX,696 - KIDNEY & URINARY TRACT SIGNS & SYMPTOMS W/O MCC,86,5300.0
TX,001 - HEART TRANSPLANT OR IMPLANT OF HEART ASSIST SYSTEM W MCC,193,227223.0
TX,005 - LIVER TRANSPLANT W MCC OR INTESTINAL TRANSPLANT,46,85419.0
TX,014 - ALLOGENEIC BONE MARROW TRANSPLANT,48,103858.0
TX,027 - CRANIOTOMY & ENDOVASCULAR INTRACRANIAL PROCEDURES W/O CC/MCC,505,17345.0
TX,056 - DEGENERATIVE NERVOUS SYSTEM DISORDERS W MCC,247,14667.0
TX,062 - ACUTE ISCHEMIC STROKE W USE OF THROMBOLYTIC AGENT W CC,198,13322.0
TX,073 - CRANIAL & PERIPHERAL NERVE DISORDERS W MCC,217,9311.0
TX,186 - PLEURAL EFFUSION W MCC,259,10976.0
TX,187 - PLEURAL EFFUSION W CC,65,8578.0
TX,196 - INTERSTITIAL LUNG DISEASE W MCC,111,12285.0
TX,200 - PNEUMOTHORAX W CC,136,7647.0
TX,205 - OTHER RESPIRATORY SYSTEM DIAGNOSES W MCC,132,20421.0
TX,333 - RECTAL RESECTION W CC,47,16764.0
TX,354 - HERNIA PROCEDURES EXCEPT INGUINAL & FEMORAL W CC,124,12598.0
TX,436 - MALIGNANCY OF HEPATOBILIARY SYSTEM OR PANCREAS W CC,130,8565.0
TX,444 - DISORDERS OF THE BILIARY TRACT W MCC,214,12017.0
TX,"558 - TENDONITIS, MYOSITIS & BURSITIS W/O MCC",255,6017.0
TX,"628 - OTHER ENDOCRINE, NUTRIT & METAB O.R. PROC W MCC",65,25165.0
TX,643 - ENDOCRINE DISORDERS W MCC,142,11921.0
TX,658 - KIDNEY & URETER PROCEDURES FOR NEOPLASM W/O CC/MCC,215,10754.0
TX,659 - KIDNEY & URETER PROCEDURES FOR NON-NEOPLASM W MCC,107,30399.0
TX,674 - OTHER KIDNEY & URINARY TRACT PROCEDURES W CC,151,16362.0
TX,708 - MAJOR MALE PELVIC PROCEDURES W/O CC/MCC,594,9199.0
TX,834 - ACUTE LEUKEMIA W/O MAJOR O.R. PROCEDURE W MCC,49,57536.0
TX,840 - LYMPHOMA & NON-ACUTE LEUKEMIA W MCC,65,25019.0
TX,866 - VIRAL ILLNESS W/O MCC,48,7933.0
TX,988 - NON-EXTENSIVE O.R. PROC UNRELATED TO PRINCIPAL DIAGNOSIS W CC,82,12618.0
TX,386 - INFLAMMATORY BOWEL DISEASE W CC,82,7735.0
TX,654 - MAJOR BLADDER PROCEDURES W CC,84,19443.0
TX,657 - KIDNEY & URETER PROCEDURES FOR NEOPLASM W CC,227,13330.0
TX,707 - MAJOR MALE PELVIC PROCEDURES W CC/MCC,74,13896.0
TX,033 - VENTRICULAR SHUNT PROCEDURES W/O CC/MCC,90,10954.0
TX,103 - HEADACHES W/O MCC,217,5374.0
TX,639 - DIABETES W/O CC/MCC,278,4617.0
TX,037 - EXTRACRANIAL PROCEDURES W MCC,46,19407.0
TX,248 - PERC CARDIOVASC PROC W NON-DRUG-ELUTING STENT W MCC OR 4+ VES/STENTS,193,20524.0
TX,987 - NON-EXTENSIVE O.R. PROC UNRELATED TO PRINCIPAL DIAGNOSIS W MCC,62,19911.0
TX,221 - CARDIAC VALVE & OTH MAJ CARDIOTHORACIC PROC W/O CARD CATH W/O CC/MCC,92,31333.0
TX,078 - HYPERTENSIVE ENCEPHALOPATHY W CC,70,6747.0
TX,184 - MAJOR CHEST TRAUMA W CC,85,9907.0
TX,395 - OTHER DIGESTIVE SYSTEM DIAGNOSES W/O CC/MCC,142,4889.0
TX,"492 - LOWER EXTREM & HUMER PROC EXCEPT HIP,FOOT,FEMUR W MCC",111,23378.0
TX,"956 - LIMB REATTACHMENT, HIP & FEMUR PROC FOR MULTIPLE SIGNIFICANT TRAUMA",83,38058.0
TX,035 - CAROTID ARTERY STENT PROCEDURE W CC,73,15656.0
TX,775 - VAGINAL DELIVERY W/O COMPLICATING DIAGNOSES,64,5474.0
TX,041 - PERIPH/CRANIAL NERVE & OTHER NERV SYST PROC W CC OR PERIPH NEUROSTIM,53,16610.0
TX,152 - OTITIS MEDIA & URI W MCC,64,7875.0
TX,535 - FRACTURES OF HIP & PELVIS W MCC,47,9007.0
TX,880 - ACUTE ADJUSTMENT REACTION & PSYCHOSOCIAL DYSFUNCTION,73,6864.0
TX,896 - ALCOHOL/DRUG ABUSE OR DEPENDENCE W/O REHABILITATION THERAPY W MCC,47,10711.0
TX,311 - ANGINA PECTORIS,112,4480.0
TX,453 - COMBINED ANTERIOR/POSTERIOR SPINAL FUSION W MCC,44,83938.0
TX,474 - AMPUTATION FOR MUSCULOSKELETAL SYS & CONN TISSUE DIS W MCC,66,22341.0
TX,"579 - OTHER SKIN, SUBCUT TISS & BREAST PROC W MCC",77,17924.0
TX,459 - SPINAL FUSION EXCEPT CERVICAL W MCC,43,43920.0
TX,700 - OTHER KIDNEY & URINARY TRACT DIAGNOSES W/O CC/MCC,59,8115.0
TX,592 - SKIN ULCERS W MCC,48,9444.0
TX,029 - SPINAL PROCEDURES W CC OR SPINAL NEUROSTIMULATORS,43,19687.0
TX,"581 - OTHER SKIN, SUBCUT TISS & BREAST PROC W/O CC/MCC",51,8046.0
TX,945 - REHABILITATION W CC/MCC,77,5790.0
TX,946 - REHABILITATION W/O CC/MCC,59,5503.0
CO,039 - EXTRACRANIAL PROCEDURES W/O CC/MCC,184,7127.0
CO,057 - DEGENERATIVE NERVOUS SYSTEM DISORDERS W/O MCC,151,7440.0
CO,064 - INTRACRANIAL HEMORRHAGE OR CEREBRAL INFARCTION W MCC,614,12437.0
CO,065 - INTRACRANIAL HEMORRHAGE OR CEREBRAL INFARCTION W CC OR TPA IN 24 HRS,917,7325.0
CO,066 - INTRACRANIAL HEMORRHAGE OR CEREBRAL INFARCTION W/O CC/MCC,448,5334.0
CO,069 - TRANSIENT ISCHEMIA,232,5052.0
CO,071 - NONSPECIFIC CEREBROVASCULAR DISORDERS W CC,188,6911.0
CO,074 - CRANIAL & PERIPHERAL NERVE DISORDERS W/O MCC,60,7089.0
CO,"087 - TRAUMATIC STUPOR & COMA, COMA <1 HR W/O CC/MCC",122,5019.0
CO,149 - DYSEQUILIBRIUM,85,4754.0
CO,176 - PULMONARY EMBOLISM W/O MCC,472,6789.0
CO,177 - RESPIRATORY INFECTIONS & INFLAMMATIONS W MCC,557,14115.0
CO,178 - RESPIRATORY INFECTIONS & INFLAMMATIONS W CC,155,11489.0
CO,189 - PULMONARY EDEMA & RESPIRATORY FAILURE,1783,8932.0
CO,190 - CHRONIC OBSTRUCTIVE PULMONARY DISEASE W MCC,899,8155.0
CO,191 - CHRONIC OBSTRUCTIVE PULMONARY DISEASE W CC,556,6739.0
CO,193 - SIMPLE PNEUMONIA & PLEURISY W MCC,1587,9784.0
CO,194 - SIMPLE PNEUMONIA & PLEURISY W CC,1333,6642.0
CO,195 - SIMPLE PNEUMONIA & PLEURISY W/O CC/MCC,384,4796.0
CO,202 - BRONCHITIS & ASTHMA W CC/MCC,150,6318.0
CO,207 - RESPIRATORY SYSTEM DIAGNOSIS W VENTILATOR SUPPORT 96+ HOURS,119,39995.0
CO,208 - RESPIRATORY SYSTEM DIAGNOSIS W VENTILATOR SUPPORT <96 HOURS,386,16186.0
CO,219 - CARDIAC VALVE & OTH MAJ CARDIOTHORACIC PROC W/O CARD CATH W MCC,190,56350.0
CO,227 - CARDIAC DEFIBRILLATOR IMPLANT W/O CARDIAC CATH W/O MCC,47,40206.0
CO,233 - CORONARY BYPASS W CARDIAC CATH W MCC,48,44071.0
CO,235 - CORONARY BYPASS W/O CARDIAC CATH W MCC,72,39501.0
CO,238 - MAJOR CARDIOVASC PROCEDURES W/O MCC,342,24874.0
CO,246 - PERC CARDIOVASC PROC W DRUG-ELUTING STENT W MCC OR 4+ VESSELS/STENTS,259,23438.0
CO,247 - PERC CARDIOVASC PROC W DRUG-ELUTING STENT W/O MCC,1011,14654.0
CO,251 - PERC CARDIOVASC PROC W/O CORONARY ARTERY STENT W/O MCC,198,18176.0
CO,"287 - CIRCULATORY DISORDERS EXCEPT AMI, W CARD CATH W/O MCC",489,8766.0
CO,291 - HEART FAILURE & SHOCK W MCC,1547,10563.0
CO,292 - HEART FAILURE & SHOCK W CC,1369,7269.0
CO,293 - HEART FAILURE & SHOCK W/O CC/MCC,299,4815.0
CO,299 - PERIPHERAL VASCULAR DISORDERS W MCC,60,10147.0
CO,300 - PERIPHERAL VASCULAR DISORDERS W CC,203,7171.0
CO,308 - CARDIAC ARRHYTHMIA & CONDUCTION DISORDERS W MCC,552,8749.0
CO,309 - CARDIAC ARRHYTHMIA & CONDUCTION DISORDERS W CC,762,5802.0
CO,310 - CARDIAC ARRHYTHMIA & CONDUCTION DISORDERS W/O CC/MCC,479,4295.0
CO,312 - SYNCOPE & COLLAPSE,622,5437.0
CO,313 - CHEST PAIN,340,4918.0
CO,314 - OTHER CIRCULATORY SYSTEM DIAGNOSES W MCC,429,14749.0
CO,315 - OTHER CIRCULATORY SYSTEM DIAGNOSES W CC,166,7565.0
CO,330 - MAJOR SMALL & LARGE BOWEL PROCEDURES W CC,533,17711.0
CO,371 - MAJOR GASTROINTESTINAL DISORDERS & PERITONEAL INFECTIONS W MCC,72,13418.0
CO,372 - MAJOR GASTROINTESTINAL DISORDERS & PERITONEAL INFECTIONS W CC,231,8000.0
CO,377 - G.I. HEMORRHAGE W MCC,414,12162.0
CO,378 - G.I. HEMORRHAGE W CC,1256,7142.0
CO,389 - G.I. OBSTRUCTION W CC,436,6050.0
CO,"391 - ESOPHAGITIS, GASTROENT & MISC DIGEST DISORDERS W MCC",409,8971.0
CO,"392 - ESOPHAGITIS, GASTROENT & MISC DIGEST DISORDERS W/O MCC",1675,5649.0
CO,394 - OTHER DIGESTIVE SYSTEM DIAGNOSES W CC,316,6851.0
CO,418 - LAPAROSCOPIC CHOLECYSTECTOMY W/O C.D.E. W CC,150,10581.0
CO,439 - DISORDERS OF PANCREAS EXCEPT MALIGNANCY W CC,213,6862.0
CO,460 - SPINAL FUSION EXCEPT CERVICAL W/O MCC,1802,29516.0
CO,469 - MAJOR JOINT REPLACEMENT OR REATTACHMENT OF LOWER EXTREMITY W MCC,242,20151.0
CO,470 - MAJOR JOINT REPLACEMENT OR REATTACHMENT OF LOWER EXTREMITY W/O MCC,8215,14872.0
CO,480 - HIP & FEMUR PROCEDURES EXCEPT MAJOR JOINT W MCC,190,18911.0
CO,481 - HIP & FEMUR PROCEDURES EXCEPT MAJOR JOINT W CC,933,13014.0
CO,483 - MAJOR JOINT/LIMB REATTACHMENT PROCEDURE OF UPPER EXTREMITIES,1081,16810.0
CO,"493 - LOWER EXTREM & HUMER PROC EXCEPT HIP,FOOT,FEMUR W CC",205,14803.0
CO,536 - FRACTURES OF HIP & PELVIS W/O MCC,247,4835.0
CO,551 - MEDICAL BACK PROBLEMS W MCC,65,10750.0
CO,552 - MEDICAL BACK PROBLEMS W/O MCC,707,6015.0
CO,"563 - FX, SPRN, STRN & DISL EXCEPT FEMUR, HIP, PELVIS & THIGH W/O MCC",228,5484.0
CO,602 - CELLULITIS W MCC,101,10139.0
CO,603 - CELLULITIS W/O MCC,829,6166.0
CO,"605 - TRAUMA TO THE SKIN, SUBCUT TISS & BREAST W/O MCC",97,5231.0
CO,637 - DIABETES W MCC,89,10670.0
CO,638 - DIABETES W CC,238,5997.0
CO,"640 - MISC DISORDERS OF NUTRITION,METABOLISM,FLUIDS/ELECTROLYTES W MCC",639,8584.0
CO,"641 - MISC DISORDERS OF NUTRITION,METABOLISM,FLUIDS/ELECTROLYTES W/O MCC",992,5227.0
CO,682 - RENAL FAILURE W MCC,898,10900.0
CO,683 - RENAL FAILURE W CC,1225,6849.0
CO,684 - RENAL FAILURE W/O CC/MCC,147,4641.0
CO,689 - KIDNEY & URINARY TRACT INFECTIONS W MCC,537,7360.0
CO,690 - KIDNEY & URINARY TRACT INFECTIONS W/O MCC,1140,5388.0
CO,698 - OTHER KIDNEY & URINARY TRACT DIAGNOSES W MCC,533,11234.0
CO,811 - RED BLOOD CELL DISORDERS W MCC,62,12615.0
CO,853 - INFECTIOUS & PARASITIC DISEASES W O.R. PROCEDURE W MCC,645,36475.0
CO,870 - SEPTICEMIA OR SEVERE SEPSIS W MV >96 HOURS,114,40858.0
CO,871 - SEPTICEMIA OR SEVERE SEPSIS W/O MV 96+ HOURS W MCC,5254,13063.0
CO,872 - SEPTICEMIA OR SEVERE SEPSIS W/O MV >96 HOURS W/O MCC,1615,7838.0
CO,885 - PSYCHOSES,250,7831.0
CO,897 - ALCOHOL/DRUG ABUSE OR DEPENDENCE W/O REHABILITATION THERAPY W/O MCC,197,6039.0
CO,917 - POISONING & TOXIC EFFECTS OF DRUGS W MCC,353,10954.0
CO,948 - SIGNS & SYMPTOMS W/O MCC,362,5358.0
CO,329 - MAJOR SMALL & LARGE BOWEL PROCEDURES W MCC,350,34292.0
CO,027 - CRANIOTOMY & ENDOVASCULAR INTRACRANIAL PROCEDURES W/O CC/MCC,162,17987.0
CO,"085 - TRAUMATIC STUPOR & COMA, COMA <1 HR W MCC",136,13850.0
CO,100 - SEIZURES W MCC,137,12095.0
CO,101 - SEIZURES W/O MCC,362,6610.0
CO,175 - PULMONARY EMBOLISM W MCC,248,10085.0
CO,388 - G.I. OBSTRUCTION W MCC,49,12153.0
CO,390 - G.I. OBSTRUCTION W/O CC/MCC,316,4621.0
CO,393 - OTHER DIGESTIVE SYSTEM DIAGNOSES W MCC,90,14543.0
CO,438 - DISORDERS OF PANCREAS EXCEPT MALIGNANCY W MCC,48,15109.0
CO,482 - HIP & FEMUR PROCEDURES EXCEPT MAJOR JOINT W/O CC/MCC,175,10242.0
CO,644 - ENDOCRINE DISORDERS W CC,53,7480.0
CO,699 - OTHER KIDNEY & URINARY TRACT DIAGNOSES W CC,236,7802.0
CO,854 - INFECTIOUS & PARASITIC DISEASES W O.R. PROCEDURE W CC,128,16676.0
CO,865 - VIRAL ILLNESS W MCC,53,11462.0
CO,"003 - ECMO OR TRACH W MV >96 HRS OR PDX EXC FACE, MOUTH & NECK W MAJ O.R.",105,134226.0
CO,"004 - TRACH W MV 96+ HRS OR PDX EXC FACE, MOUTH & NECK W/O MAJ O.R.",74,81062.0
CO,025 - CRANIOTOMY & ENDOVASCULAR INTRACRANIAL PROCEDURES W MCC,173,33287.0
CO,026 - CRANIOTOMY & ENDOVASCULAR INTRACRANIAL PROCEDURES W CC,101,21998.0
CO,070 - NONSPECIFIC CEREBROVASCULAR DISORDERS W MCC,117,12003.0
CO,091 - OTHER DISORDERS OF NERVOUS SYSTEM W MCC,66,13931.0
CO,092 - OTHER DISORDERS OF NERVOUS SYSTEM W CC,91,6801.0
CO,153 - OTITIS MEDIA & URI W/O MCC,252,4973.0
CO,163 - MAJOR CHEST PROCEDURES W MCC,71,40891.0
CO,164 - MAJOR CHEST PROCEDURES W CC,112,20257.0
CO,165 - MAJOR CHEST PROCEDURES W/O CC/MCC,64,16084.0
CO,166 - OTHER RESP SYSTEM O.R. PROCEDURES W MCC,77,25218.0
CO,180 - RESPIRATORY NEOPLASMS W MCC,57,13033.0
CO,192 - CHRONIC OBSTRUCTIVE PULMONARY DISEASE W/O CC/MCC,282,5230.0
CO,206 - OTHER RESPIRATORY SYSTEM DIAGNOSES W/O MCC,71,7251.0
CO,220 - CARDIAC VALVE & OTH MAJ CARDIOTHORACIC PROC W/O CARD CATH W CC,183,37823.0
CO,236 - CORONARY BYPASS W/O CARDIAC CATH W/O MCC,115,26891.0
CO,237 - MAJOR CARDIOVASC PROCEDURES W MCC,84,41522.0
CO,243 - PERMANENT CARDIAC PACEMAKER IMPLANT W CC,169,17462.0
CO,244 - PERMANENT CARDIAC PACEMAKER IMPLANT W/O CC/MCC,97,13724.0
CO,250 - PERC CARDIOVASC PROC W/O CORONARY ARTERY STENT W MCC,48,28166.0
CO,252 - OTHER VASCULAR PROCEDURES W MCC,116,27075.0
CO,253 - OTHER VASCULAR PROCEDURES W CC,222,18814.0
CO,254 - OTHER VASCULAR PROCEDURES W/O CC/MCC,56,12846.0
CO,266 - ENDOVASCULAR CARDIAC VALVE REPLACEMENT W MCC,73,64836.0
CO,267 - ENDOVASCULAR CARDIAC VALVE REPLACEMENT W/O MCC,117,46728.0
CO,"280 - ACUTE MYOCARDIAL INFARCTION, DISCHARGED ALIVE W MCC",198,12462.0
CO,"281 - ACUTE MYOCARDIAL INFARCTION, DISCHARGED ALIVE W CC",180,7759.0
CO,"282 - ACUTE MYOCARDIAL INFARCTION, DISCHARGED ALIVE W/O CC/MCC",59,5926.0
CO,"286 - CIRCULATORY DISORDERS EXCEPT AMI, W CARD CATH W MCC",117,18962.0
CO,305 - HYPERTENSION W/O MCC,76,5327.0
CO,"327 - STOMACH, ESOPHAGEAL & DUODENAL PROC W CC",57,20636.0
CO,"328 - STOMACH, ESOPHAGEAL & DUODENAL PROC W/O CC/MCC",89,10412.0
CO,331 - MAJOR SMALL & LARGE BOWEL PROCEDURES W/O CC/MCC,255,11717.0
CO,355 - HERNIA PROCEDURES EXCEPT INGUINAL & FEMORAL W/O CC/MCC,48,9457.0
CO,379 - G.I. HEMORRHAGE W/O CC/MCC,129,4791.0
CO,395 - OTHER DIGESTIVE SYSTEM DIAGNOSES W/O CC/MCC,57,5261.0
CO,432 - CIRRHOSIS & ALCOHOLIC HEPATITIS W MCC,56,12614.0
CO,"441 - DISORDERS OF LIVER EXCEPT MALIG,CIRR,ALC HEPA W MCC",147,16331.0
CO,"442 - DISORDERS OF LIVER EXCEPT MALIG,CIRR,ALC HEPA W CC",107,7822.0
CO,445 - DISORDERS OF THE BILIARY TRACT W CC,57,8504.0
CO,454 - COMBINED ANTERIOR/POSTERIOR SPINAL FUSION W CC,134,63180.0
CO,455 - COMBINED ANTERIOR/POSTERIOR SPINAL FUSION W/O CC/MCC,101,46844.0
CO,467 - REVISION OF HIP OR KNEE REPLACEMENT W CC,285,24408.0
CO,468 - REVISION OF HIP OR KNEE REPLACEMENT W/O CC/MCC,264,19206.0
CO,472 - CERVICAL SPINAL FUSION W CC,119,20517.0
CO,473 - CERVICAL SPINAL FUSION W/O CC/MCC,412,15934.0
CO,518 - BACK & NECK PROC EXC SPINAL FUSION W MCC OR DISC DEVICE/NEUROSTIM,65,23942.0
CO,519 - BACK & NECK PROC EXC SPINAL FUSION W CC,61,14143.0
CO,520 - BACK & NECK PROC EXC SPINAL FUSION W/O CC/MCC,226,9100.0
CO,556 - SIGNS & SYMPTOMS OF MUSCULOSKELETAL SYSTEM & CONN TISSUE W/O MCC,93,5218.0
CO,621 - O.R. PROCEDURES FOR OBESITY W/O CC/MCC,118,11031.0
CO,652 - KIDNEY TRANSPLANT,130,28726.0
CO,708 - MAJOR MALE PELVIC PROCEDURES W/O CC/MCC,154,10115.0
CO,743 - UTERINE & ADNEXA PROC FOR NON-MALIGNANCY W/O CC/MCC,61,7689.0
CO,748 - FEMALE REPRODUCTIVE SYSTEM RECONSTRUCTIVE PROCEDURES,21,10099.0
CO,812 - RED BLOOD CELL DISORDERS W/O MCC,242,6242.0
CO,847 - CHEMOTHERAPY W/O ACUTE LEUKEMIA AS SECONDARY DIAGNOSIS W CC,93,9166.0
CO,863 - POSTOPERATIVE & POST-TRAUMATIC INFECTIONS W/O MCC,43,8635.0
CO,884 - ORGANIC DISTURBANCES & MENTAL RETARDATION,69,9308.0
CO,896 - ALCOHOL/DRUG ABUSE OR DEPENDENCE W/O REHABILITATION THERAPY W MCC,62,16830.0
CO,919 - COMPLICATIONS OF TREATMENT W MCC,49,16448.0
CO,920 - COMPLICATIONS OF TREATMENT W CC,49,8394.0
CO,947 - SIGNS & SYMPTOMS W MCC,74,8796.0
CO,981 - EXTENSIVE O.R. PROCEDURE UNRELATED TO PRINCIPAL DIAGNOSIS W MCC,51,31175.0
CO,"086 - TRAUMATIC STUPOR & COMA, COMA <1 HR W CC",139,9080.0
CO,184 - MAJOR CHEST TRAUMA W CC,56,7376.0
CO,336 - PERITONEAL ADHESIOLYSIS W CC,60,14767.0
CO,440 - DISORDERS OF PANCREAS EXCEPT MALIGNANCY W/O CC/MCC,46,5087.0
CO,459 - SPINAL FUSION EXCEPT CERVICAL W MCC,62,48420.0
CO,"494 - LOWER EXTREM & HUMER PROC EXCEPT HIP,FOOT,FEMUR W/O CC/MCC",81,9766.0
CO,462 - BILATERAL OR MULTIPLE MAJOR JOINT PROCS OF LOWER EXTREMITY W/O MCC,187,24256.0
CO,419 - LAPAROSCOPIC CHOLECYSTECTOMY W/O C.D.E. W/O CC/MCC,70,8053.0
CO,918 - POISONING & TOXIC EFFECTS OF DRUGS W/O MCC,109,4501.0
CO,417 - LAPAROSCOPIC CHOLECYSTECTOMY W/O C.D.E. W MCC,54,16658.0
CO,234 - CORONARY BYPASS W CARDIAC CATH W/O MCC,88,33782.0
CO,249 - PERC CARDIOVASC PROC W NON-DRUG-ELUTING STENT W/O MCC,58,13821.0
CO,895 - ALCOHOL/DRUG ABUSE OR DEPENDENCE W REHABILITATION THERAPY,106,7843.0
WY,039 - EXTRACRANIAL PROCEDURES W/O CC/MCC,55,9531.0
WY,064 - INTRACRANIAL HEMORRHAGE OR CEREBRAL INFARCTION W MCC,51,14260.0
WY,065 - INTRACRANIAL HEMORRHAGE OR CEREBRAL INFARCTION W CC OR TPA IN 24 HRS,95,8786.0
WY,177 - RESPIRATORY INFECTIONS & INFLAMMATIONS W MCC,73,15884.0
WY,189 - PULMONARY EDEMA & RESPIRATORY FAILURE,293,10301.0
WY,190 - CHRONIC OBSTRUCTIVE PULMONARY DISEASE W MCC,244,10637.0
WY,191 - CHRONIC OBSTRUCTIVE PULMONARY DISEASE W CC,129,8525.0
WY,193 - SIMPLE PNEUMONIA & PLEURISY W MCC,322,12498.0
WY,194 - SIMPLE PNEUMONIA & PLEURISY W CC,233,9159.0
WY,195 - SIMPLE PNEUMONIA & PLEURISY W/O CC/MCC,55,6351.0
WY,208 - RESPIRATORY SYSTEM DIAGNOSIS W VENTILATOR SUPPORT <96 HOURS,70,20246.0
WY,238 - MAJOR CARDIOVASC PROCEDURES W/O MCC,64,30687.0
WY,246 - PERC CARDIOVASC PROC W DRUG-ELUTING STENT W MCC OR 4+ VESSELS/STENTS,46,27298.0
WY,247 - PERC CARDIOVASC PROC W DRUG-ELUTING STENT W/O MCC,112,18987.0
WY,253 - OTHER VASCULAR PROCEDURES W CC,33,21732.0
WY,"287 - CIRCULATORY DISORDERS EXCEPT AMI, W CARD CATH W/O MCC",99,11293.0
WY,291 - HEART FAILURE & SHOCK W MCC,228,12580.0
WY,292 - HEART FAILURE & SHOCK W CC,215,8796.0
WY,305 - HYPERTENSION W/O MCC,33,5575.0
WY,308 - CARDIAC ARRHYTHMIA & CONDUCTION DISORDERS W MCC,65,12822.0
WY,309 - CARDIAC ARRHYTHMIA & CONDUCTION DISORDERS W CC,137,7150.0
WY,310 - CARDIAC ARRHYTHMIA & CONDUCTION DISORDERS W/O CC/MCC,64,4580.0
WY,313 - CHEST PAIN,46,5522.0
WY,329 - MAJOR SMALL & LARGE BOWEL PROCEDURES W MCC,43,38945.0
WY,377 - G.I. HEMORRHAGE W MCC,54,14681.0
WY,378 - G.I. HEMORRHAGE W CC,163,8888.0
WY,"392 - ESOPHAGITIS, GASTROENT & MISC DIGEST DISORDERS W/O MCC",217,6694.0
WY,460 - SPINAL FUSION EXCEPT CERVICAL W/O MCC,188,37640.0
WY,470 - MAJOR JOINT REPLACEMENT OR REATTACHMENT OF LOWER EXTREMITY W/O MCC,653,19225.0
WY,473 - CERVICAL SPINAL FUSION W/O CC/MCC,67,16912.0
WY,481 - HIP & FEMUR PROCEDURES EXCEPT MAJOR JOINT W CC,98,17056.0
WY,483 - MAJOR JOINT/LIMB REATTACHMENT PROCEDURE OF UPPER EXTREMITIES,102,22812.0
WY,603 - CELLULITIS W/O MCC,133,7627.0
WY,"640 - MISC DISORDERS OF NUTRITION,METABOLISM,FLUIDS/ELECTROLYTES W MCC",46,8202.0
WY,"641 - MISC DISORDERS OF NUTRITION,METABOLISM,FLUIDS/ELECTROLYTES W/O MCC",107,5740.0
WY,682 - RENAL FAILURE W MCC,112,13076.0
WY,683 - RENAL FAILURE W CC,183,8114.0
WY,689 - KIDNEY & URINARY TRACT INFECTIONS W MCC,68,8945.0
WY,690 - KIDNEY & URINARY TRACT INFECTIONS W/O MCC,201,7354.0
WY,853 - INFECTIOUS & PARASITIC DISEASES W O.R. PROCEDURE W MCC,73,42566.0
WY,871 - SEPTICEMIA OR SEVERE SEPSIS W/O MV 96+ HOURS W MCC,680,15776.0
WY,872 - SEPTICEMIA OR SEVERE SEPSIS W/O MV >96 HOURS W/O MCC,209,9986.0
WY,520 - BACK & NECK PROC EXC SPINAL FUSION W/O CC/MCC,78,7827.0
ID,064 - INTRACRANIAL HEMORRHAGE OR CEREBRAL INFARCTION W MCC,248,11972.0
ID,065 - INTRACRANIAL HEMORRHAGE OR CEREBRAL INFARCTION W CC OR TPA IN 24 HRS,371,7376.0
ID,070 - NONSPECIFIC CEREBROVASCULAR DISORDERS W MCC,46,15778.0
ID,175 - PULMONARY EMBOLISM W MCC,68,11259.0
ID,177 - RESPIRATORY INFECTIONS & INFLAMMATIONS W MCC,175,12685.0
ID,189 - PULMONARY EDEMA & RESPIRATORY FAILURE,559,8496.0
ID,190 - CHRONIC OBSTRUCTIVE PULMONARY DISEASE W MCC,266,8077.0
ID,193 - SIMPLE PNEUMONIA & PLEURISY W MCC,458,9917.0
ID,207 - RESPIRATORY SYSTEM DIAGNOSIS W VENTILATOR SUPPORT 96+ HOURS,55,39270.0
ID,208 - RESPIRATORY SYSTEM DIAGNOSIS W VENTILATOR SUPPORT <96 HOURS,209,16248.0
ID,238 - MAJOR CARDIOVASC PROCEDURES W/O MCC,124,23168.0
ID,247 - PERC CARDIOVASC PROC W DRUG-ELUTING STENT W/O MCC,430,14506.0
ID,253 - OTHER VASCULAR PROCEDURES W CC,106,16519.0
ID,"287 - CIRCULATORY DISORDERS EXCEPT AMI, W CARD CATH W/O MCC",225,7906.0
ID,291 - HEART FAILURE & SHOCK W MCC,493,10170.0
ID,292 - HEART FAILURE & SHOCK W CC,395,6749.0
ID,293 - HEART FAILURE & SHOCK W/O CC/MCC,84,5070.0
ID,308 - CARDIAC ARRHYTHMIA & CONDUCTION DISORDERS W MCC,173,8831.0
ID,309 - CARDIAC ARRHYTHMIA & CONDUCTION DISORDERS W CC,209,5607.0
ID,310 - CARDIAC ARRHYTHMIA & CONDUCTION DISORDERS W/O CC/MCC,141,4130.0
ID,312 - SYNCOPE & COLLAPSE,167,5556.0
ID,313 - CHEST PAIN,59,5012.0
ID,329 - MAJOR SMALL & LARGE BOWEL PROCEDURES W MCC,140,37110.0
ID,330 - MAJOR SMALL & LARGE BOWEL PROCEDURES W CC,196,16969.0
ID,331 - MAJOR SMALL & LARGE BOWEL PROCEDURES W/O CC/MCC,68,11925.0
ID,377 - G.I. HEMORRHAGE W MCC,113,13431.0
ID,378 - G.I. HEMORRHAGE W CC,418,6936.0
ID,389 - G.I. OBSTRUCTION W CC,132,6830.0
ID,"391 - ESOPHAGITIS, GASTROENT & MISC DIGEST DISORDERS W MCC",115,9068.0
ID,"392 - ESOPHAGITIS, GASTROENT & MISC DIGEST DISORDERS W/O MCC",401,5573.0
ID,394 - OTHER DIGESTIVE SYSTEM DIAGNOSES W CC,114,6963.0
ID,439 - DISORDERS OF PANCREAS EXCEPT MALIGNANCY W CC,65,6729.0
ID,"441 - DISORDERS OF LIVER EXCEPT MALIG,CIRR,ALC HEPA W MCC",88,12723.0
ID,"442 - DISORDERS OF LIVER EXCEPT MALIG,CIRR,ALC HEPA W CC",44,6875.0
ID,460 - SPINAL FUSION EXCEPT CERVICAL W/O MCC,586,26748.0
ID,467 - REVISION OF HIP OR KNEE REPLACEMENT W CC,67,21965.0
ID,468 - REVISION OF HIP OR KNEE REPLACEMENT W/O CC/MCC,129,19725.0
ID,469 - MAJOR JOINT REPLACEMENT OR REATTACHMENT OF LOWER EXTREMITY W MCC,121,21467.0
ID,470 - MAJOR JOINT REPLACEMENT OR REATTACHMENT OF LOWER EXTREMITY W/O MCC,2751,14451.0
ID,480 - HIP & FEMUR PROCEDURES EXCEPT MAJOR JOINT W MCC,83,18937.0
ID,481 - HIP & FEMUR PROCEDURES EXCEPT MAJOR JOINT W CC,323,12824.0
ID,483 - MAJOR JOINT/LIMB REATTACHMENT PROCEDURE OF UPPER EXTREMITIES,253,15741.0
ID,552 - MEDICAL BACK PROBLEMS W/O MCC,159,5900.0
ID,638 - DIABETES W CC,98,5902.0
ID,"640 - MISC DISORDERS OF NUTRITION,METABOLISM,FLUIDS/ELECTROLYTES W MCC",160,7763.0
ID,"641 - MISC DISORDERS OF NUTRITION,METABOLISM,FLUIDS/ELECTROLYTES W/O MCC",290,5045.0
ID,682 - RENAL FAILURE W MCC,300,10208.0
ID,683 - RENAL FAILURE W CC,402,6709.0
ID,690 - KIDNEY & URINARY TRACT INFECTIONS W/O MCC,338,5416.0
ID,698 - OTHER KIDNEY & URINARY TRACT DIAGNOSES W MCC,72,11104.0
ID,853 - INFECTIOUS & PARASITIC DISEASES W O.R. PROCEDURE W MCC,224,37882.0
ID,871 - SEPTICEMIA OR SEVERE SEPSIS W/O MV 96+ HOURS W MCC,2153,12652.0
ID,872 - SEPTICEMIA OR SEVERE SEPSIS W/O MV >96 HOURS W/O MCC,659,7219.0
ID,917 - POISONING & TOXIC EFFECTS OF DRUGS W MCC,161,10579.0
ID,039 - EXTRACRANIAL PROCEDURES W/O CC/MCC,95,7426.0
ID,066 - INTRACRANIAL HEMORRHAGE OR CEREBRAL INFARCTION W/O CC/MCC,154,5390.0
ID,069 - TRANSIENT ISCHEMIA,126,4982.0
ID,176 - PULMONARY EMBOLISM W/O MCC,143,6969.0
ID,191 - CHRONIC OBSTRUCTIVE PULMONARY DISEASE W CC,165,6404.0
ID,194 - SIMPLE PNEUMONIA & PLEURISY W CC,321,6616.0
ID,243 - PERMANENT CARDIAC PACEMAKER IMPLANT W CC,84,17796.0
ID,244 - PERMANENT CARDIAC PACEMAKER IMPLANT W/O CC/MCC,75,13960.0
ID,246 - PERC CARDIOVASC PROC W DRUG-ELUTING STENT W MCC OR 4+ VESSELS/STENTS,97,21010.0
ID,"280 - ACUTE MYOCARDIAL INFARCTION, DISCHARGED ALIVE W MCC",122,10936.0
ID,315 - OTHER CIRCULATORY SYSTEM DIAGNOSES W CC,47,6684.0
ID,417 - LAPAROSCOPIC CHOLECYSTECTOMY W/O C.D.E. W MCC,58,17514.0
ID,418 - LAPAROSCOPIC CHOLECYSTECTOMY W/O C.D.E. W CC,46,11409.0
ID,482 - HIP & FEMUR PROCEDURES EXCEPT MAJOR JOINT W/O CC/MCC,86,10412.0
ID,"493 - LOWER EXTREM & HUMER PROC EXCEPT HIP,FOOT,FEMUR W CC",80,14073.0
ID,"494 - LOWER EXTREM & HUMER PROC EXCEPT HIP,FOOT,FEMUR W/O CC/MCC",74,10253.0
ID,536 - FRACTURES OF HIP & PELVIS W/O MCC,82,4898.0
ID,603 - CELLULITIS W/O MCC,198,5850.0
ID,689 - KIDNEY & URINARY TRACT INFECTIONS W MCC,139,7184.0
ID,854 - INFECTIOUS & PARASITIC DISEASES W O.R. PROCEDURE W CC,44,15186.0
ID,918 - POISONING & TOXIC EFFECTS OF DRUGS W/O MCC,89,4829.0
ID,948 - SIGNS & SYMPTOMS W/O MCC,91,5217.0
ID,025 - CRANIOTOMY & ENDOVASCULAR INTRACRANIAL PROCEDURES W MCC,74,29124.0
ID,101 - SEIZURES W/O MCC,75,5439.0
ID,192 - CHRONIC OBSTRUCTIVE PULMONARY DISEASE W/O CC/MCC,56,5591.0
ID,195 - SIMPLE PNEUMONIA & PLEURISY W/O CC/MCC,84,5015.0
ID,220 - CARDIAC VALVE & OTH MAJ CARDIOTHORACIC PROC W/O CARD CATH W CC,108,34914.0
ID,234 - CORONARY BYPASS W CARDIAC CATH W/O MCC,88,33142.0
ID,236 - CORONARY BYPASS W/O CARDIAC CATH W/O MCC,91,24661.0
ID,"281 - ACUTE MYOCARDIAL INFARCTION, DISCHARGED ALIVE W CC",69,6914.0
ID,"282 - ACUTE MYOCARDIAL INFARCTION, DISCHARGED ALIVE W/O CC/MCC",71,5997.0
ID,314 - OTHER CIRCULATORY SYSTEM DIAGNOSES W MCC,81,12386.0
ID,372 - MAJOR GASTROINTESTINAL DISORDERS & PERITONEAL INFECTIONS W CC,75,7982.0
ID,390 - G.I. OBSTRUCTION W/O CC/MCC,72,4815.0
ID,473 - CERVICAL SPINAL FUSION W/O CC/MCC,205,14537.0
ID,520 - BACK & NECK PROC EXC SPINAL FUSION W/O CC/MCC,103,8235.0
ID,637 - DIABETES W MCC,53,11387.0
ID,699 - OTHER KIDNEY & URINARY TRACT DIAGNOSES W CC,43,6916.0
ID,812 - RED BLOOD CELL DISORDERS W/O MCC,53,5675.0
ID,897 - ALCOHOL/DRUG ABUSE OR DEPENDENCE W/O REHABILITATION THERAPY W/O MCC,79,5244.0
ID,885 - PSYCHOSES,542,7552.0
ID,092 - OTHER DISORDERS OF NERVOUS SYSTEM W CC,56,6107.0
ID,164 - MAJOR CHEST PROCEDURES W CC,49,17846.0
ID,249 - PERC CARDIOVASC PROC W NON-DRUG-ELUTING STENT W/O MCC,21,12788.0
ID,"327 - STOMACH, ESOPHAGEAL & DUODENAL PROC W CC",21,20386.0
ID,621 - O.R. PROCEDURES FOR OBESITY W/O CC/MCC,86,10357.0
ID,895 - ALCOHOL/DRUG ABUSE OR DEPENDENCE W REHABILITATION THERAPY,48,8365.0
UT,175 - PULMONARY EMBOLISM W MCC,134,10414.0
UT,193 - SIMPLE PNEUMONIA & PLEURISY W MCC,628,9538.0
UT,194 - SIMPLE PNEUMONIA & PLEURISY W CC,653,6938.0
UT,291 - HEART FAILURE & SHOCK W MCC,619,10669.0
UT,292 - HEART FAILURE & SHOCK W CC,505,7563.0
UT,378 - G.I. HEMORRHAGE W CC,498,7482.0
UT,389 - G.I. OBSTRUCTION W CC,184,6665.0
UT,"392 - ESOPHAGITIS, GASTROENT & MISC DIGEST DISORDERS W/O MCC",523,5839.0
UT,469 - MAJOR JOINT REPLACEMENT OR REATTACHMENT OF LOWER EXTREMITY W MCC,142,23390.0
UT,470 - MAJOR JOINT REPLACEMENT OR REATTACHMENT OF LOWER EXTREMITY W/O MCC,4453,15680.0
UT,481 - HIP & FEMUR PROCEDURES EXCEPT MAJOR JOINT W CC,365,13665.0
UT,"641 - MISC DISORDERS OF NUTRITION,METABOLISM,FLUIDS/ELECTROLYTES W/O MCC",340,5296.0
UT,683 - RENAL FAILURE W CC,536,6922.0
UT,871 - SEPTICEMIA OR SEVERE SEPSIS W/O MV 96+ HOURS W MCC,3284,12885.0
UT,872 - SEPTICEMIA OR SEVERE SEPSIS W/O MV >96 HOURS W/O MCC,910,7776.0
UT,247 - PERC CARDIOVASC PROC W DRUG-ELUTING STENT W/O MCC,512,15318.0
UT,460 - SPINAL FUSION EXCEPT CERVICAL W/O MCC,976,33231.0
UT,483 - MAJOR JOINT/LIMB REATTACHMENT PROCEDURE OF UPPER EXTREMITIES,535,16946.0
UT,682 - RENAL FAILURE W MCC,413,10926.0
UT,689 - KIDNEY & URINARY TRACT INFECTIONS W MCC,213,7589.0
UT,853 - INFECTIOUS & PARASITIC DISEASES W O.R. PROCEDURE W MCC,346,37694.0
UT,885 - PSYCHOSES,58,7077.0
UT,917 - POISONING & TOXIC EFFECTS OF DRUGS W MCC,211,10275.0
UT,065 - INTRACRANIAL HEMORRHAGE OR CEREBRAL INFARCTION W CC OR TPA IN 24 HRS,358,7848.0
UT,176 - PULMONARY EMBOLISM W/O MCC,257,7179.0
UT,189 - PULMONARY EDEMA & RESPIRATORY FAILURE,455,9193.0
UT,190 - CHRONIC OBSTRUCTIVE PULMONARY DISEASE W MCC,292,9752.0
UT,191 - CHRONIC OBSTRUCTIVE PULMONARY DISEASE W CC,114,6601.0
UT,195 - SIMPLE PNEUMONIA & PLEURISY W/O CC/MCC,242,5305.0
UT,246 - PERC CARDIOVASC PROC W DRUG-ELUTING STENT W MCC OR 4+ VESSELS/STENTS,234,24642.0
UT,"287 - CIRCULATORY DISORDERS EXCEPT AMI, W CARD CATH W/O MCC",272,9232.0
UT,293 - HEART FAILURE & SHOCK W/O CC/MCC,125,5088.0
UT,308 - CARDIAC ARRHYTHMIA & CONDUCTION DISORDERS W MCC,158,9150.0
UT,377 - G.I. HEMORRHAGE W MCC,239,13308.0
UT,468 - REVISION OF HIP OR KNEE REPLACEMENT W/O CC/MCC,237,18810.0
UT,473 - CERVICAL SPINAL FUSION W/O CC/MCC,261,15771.0
UT,603 - CELLULITIS W/O MCC,209,11568.0
UT,690 - KIDNEY & URINARY TRACT INFECTIONS W/O MCC,438,5602.0
UT,897 - ALCOHOL/DRUG ABUSE OR DEPENDENCE W/O REHABILITATION THERAPY W/O MCC,104,5625.0
UT,462 - BILATERAL OR MULTIPLE MAJOR JOINT PROCS OF LOWER EXTREMITY W/O MCC,48,23512.0
UT,178 - RESPIRATORY INFECTIONS & INFLAMMATIONS W CC,82,10432.0
UT,064 - INTRACRANIAL HEMORRHAGE OR CEREBRAL INFARCTION W MCC,301,12762.0
UT,177 - RESPIRATORY INFECTIONS & INFLAMMATIONS W MCC,152,16063.0
UT,208 - RESPIRATORY SYSTEM DIAGNOSIS W VENTILATOR SUPPORT <96 HOURS,169,17923.0
UT,"280 - ACUTE MYOCARDIAL INFARCTION, DISCHARGED ALIVE W MCC",120,12791.0
UT,"286 - CIRCULATORY DISORDERS EXCEPT AMI, W CARD CATH W MCC",114,18419.0
UT,"391 - ESOPHAGITIS, GASTROENT & MISC DIGEST DISORDERS W MCC",99,9590.0
UT,637 - DIABETES W MCC,61,10989.0
UT,236 - CORONARY BYPASS W/O CARDIAC CATH W/O MCC,131,28516.0
UT,467 - REVISION OF HIP OR KNEE REPLACEMENT W CC,167,24048.0
UT,621 - O.R. PROCEDURES FOR OBESITY W/O CC/MCC,109,11222.0
UT,"003 - ECMO OR TRACH W MV >96 HRS OR PDX EXC FACE, MOUTH & NECK W MAJ O.R.",76,145052.0
UT,025 - CRANIOTOMY & ENDOVASCULAR INTRACRANIAL PROCEDURES W MCC,134,35344.0
UT,027 - CRANIOTOMY & ENDOVASCULAR INTRACRANIAL PROCEDURES W/O CC/MCC,52,18312.0
UT,039 - EXTRACRANIAL PROCEDURES W/O CC/MCC,117,8160.0
UT,066 - INTRACRANIAL HEMORRHAGE OR CEREBRAL INFARCTION W/O CC/MCC,203,5938.0
UT,069 - TRANSIENT ISCHEMIA,64,5351.0
UT,070 - NONSPECIFIC CEREBROVASCULAR DISORDERS W MCC,68,11873.0
UT,071 - NONSPECIFIC CEREBROVASCULAR DISORDERS W CC,104,7513.0
UT,"085 - TRAUMATIC STUPOR & COMA, COMA <1 HR W MCC",44,17579.0
UT,"086 - TRAUMATIC STUPOR & COMA, COMA <1 HR W CC",74,8757.0
UT,091 - OTHER DISORDERS OF NERVOUS SYSTEM W MCC,51,12672.0
UT,092 - OTHER DISORDERS OF NERVOUS SYSTEM W CC,74,7097.0
UT,100 - SEIZURES W MCC,47,18321.0
UT,101 - SEIZURES W/O MCC,77,7856.0
UT,219 - CARDIAC VALVE & OTH MAJ CARDIOTHORACIC PROC W/O CARD CATH W MCC,90,60031.0
UT,220 - CARDIAC VALVE & OTH MAJ CARDIOTHORACIC PROC W/O CARD CATH W CC,80,37542.0
UT,234 - CORONARY BYPASS W CARDIAC CATH W/O MCC,84,33507.0
UT,237 - MAJOR CARDIOVASC PROCEDURES W MCC,43,38497.0
UT,238 - MAJOR CARDIOVASC PROCEDURES W/O MCC,129,25682.0
UT,243 - PERMANENT CARDIAC PACEMAKER IMPLANT W CC,81,19575.0
UT,244 - PERMANENT CARDIAC PACEMAKER IMPLANT W/O CC/MCC,46,14616.0
UT,251 - PERC CARDIOVASC PROC W/O CORONARY ARTERY STENT W/O MCC,100,16379.0
UT,252 - OTHER VASCULAR PROCEDURES W MCC,79,25168.0
UT,253 - OTHER VASCULAR PROCEDURES W CC,109,18993.0
UT,266 - ENDOVASCULAR CARDIAC VALVE REPLACEMENT W MCC,106,59007.0
UT,"281 - ACUTE MYOCARDIAL INFARCTION, DISCHARGED ALIVE W CC",64,7681.0
UT,309 - CARDIAC ARRHYTHMIA & CONDUCTION DISORDERS W CC,165,6176.0
UT,310 - CARDIAC ARRHYTHMIA & CONDUCTION DISORDERS W/O CC/MCC,135,4709.0
UT,312 - SYNCOPE & COLLAPSE,102,6013.0
UT,313 - CHEST PAIN,60,5041.0
UT,314 - OTHER CIRCULATORY SYSTEM DIAGNOSES W MCC,117,15046.0
UT,329 - MAJOR SMALL & LARGE BOWEL PROCEDURES W MCC,121,38953.0
UT,330 - MAJOR SMALL & LARGE BOWEL PROCEDURES W CC,245,18597.0
UT,331 - MAJOR SMALL & LARGE BOWEL PROCEDURES W/O CC/MCC,90,12115.0
UT,336 - PERITONEAL ADHESIOLYSIS W CC,68,19619.0
UT,390 - G.I. OBSTRUCTION W/O CC/MCC,85,4645.0
UT,394 - OTHER DIGESTIVE SYSTEM DIAGNOSES W CC,98,8087.0
UT,439 - DISORDERS OF PANCREAS EXCEPT MALIGNANCY W CC,82,7400.0
UT,"441 - DISORDERS OF LIVER EXCEPT MALIG,CIRR,ALC HEPA W MCC",76,15805.0
UT,"442 - DISORDERS OF LIVER EXCEPT MALIG,CIRR,ALC HEPA W CC",69,7940.0
UT,472 - CERVICAL SPINAL FUSION W CC,71,22858.0
UT,480 - HIP & FEMUR PROCEDURES EXCEPT MAJOR JOINT W MCC,138,20845.0
UT,482 - HIP & FEMUR PROCEDURES EXCEPT MAJOR JOINT W/O CC/MCC,131,11319.0
UT,"493 - LOWER EXTREM & HUMER PROC EXCEPT HIP,FOOT,FEMUR W CC",75,17064.0
UT,"494 - LOWER EXTREM & HUMER PROC EXCEPT HIP,FOOT,FEMUR W/O CC/MCC",65,12206.0
UT,536 - FRACTURES OF HIP & PELVIS W/O MCC,68,5553.0
UT,552 - MEDICAL BACK PROBLEMS W/O MCC,237,7337.0
UT,"563 - FX, SPRN, STRN & DISL EXCEPT FEMUR, HIP, PELVIS & THIGH W/O MCC",58,5765.0
UT,638 - DIABETES W CC,81,6475.0
UT,"640 - MISC DISORDERS OF NUTRITION,METABOLISM,FLUIDS/ELECTROLYTES W MCC",195,9661.0
UT,652 - KIDNEY TRANSPLANT,126,32532.0
UT,698 - OTHER KIDNEY & URINARY TRACT DIAGNOSES W MCC,139,15865.0
UT,699 - OTHER KIDNEY & URINARY TRACT DIAGNOSES W CC,76,9557.0
UT,708 - MAJOR MALE PELVIC PROCEDURES W/O CC/MCC,76,12180.0
UT,812 - RED BLOOD CELL DISORDERS W/O MCC,65,7072.0
UT,981 - EXTENSIVE O.R. PROCEDURE UNRELATED TO PRINCIPAL DIAGNOSIS W MCC,55,37610.0
UT,455 - COMBINED ANTERIOR/POSTERIOR SPINAL FUSION W/O CC/MCC,33,45441.0
UT,520 - BACK & NECK PROC EXC SPINAL FUSION W/O CC/MCC,151,9377.0
UT,948 - SIGNS & SYMPTOMS W/O MCC,75,5789.0
UT,847 - CHEMOTHERAPY W/O ACUTE LEUKEMIA AS SECONDARY DIAGNOSIS W CC,33,62998.0
UT,862 - POSTOPERATIVE & POST-TRAUMATIC INFECTIONS W MCC,21,16664.0
AZ,"003 - ECMO OR TRACH W MV >96 HRS OR PDX EXC FACE, MOUTH & NECK W MAJ O.R.",140,129946.0
AZ,"004 - TRACH W MV 96+ HRS OR PDX EXC FACE, MOUTH & NECK W/O MAJ O.R.",94,69811.0
AZ,023 - CRANIO W MAJOR DEV IMPL/ACUTE COMPLEX CNS PDX W MCC OR CHEMO IMPLANT,77,40959.0
AZ,025 - CRANIOTOMY & ENDOVASCULAR INTRACRANIAL PROCEDURES W MCC,426,35632.0
AZ,027 - CRANIOTOMY & ENDOVASCULAR INTRACRANIAL PROCEDURES W/O CC/MCC,194,19657.0
AZ,039 - EXTRACRANIAL PROCEDURES W/O CC/MCC,475,7513.0
AZ,054 - NERVOUS SYSTEM NEOPLASMS W MCC,115,11656.0
AZ,064 - INTRACRANIAL HEMORRHAGE OR CEREBRAL INFARCTION W MCC,1064,12514.0
AZ,065 - INTRACRANIAL HEMORRHAGE OR CEREBRAL INFARCTION W CC OR TPA IN 24 HRS,1550,7946.0
AZ,066 - INTRACRANIAL HEMORRHAGE OR CEREBRAL INFARCTION W/O CC/MCC,839,5751.0
AZ,070 - NONSPECIFIC CEREBROVASCULAR DISORDERS W MCC,131,13593.0
AZ,071 - NONSPECIFIC CEREBROVASCULAR DISORDERS W CC,113,7635.0
AZ,"085 - TRAUMATIC STUPOR & COMA, COMA <1 HR W MCC",187,15569.0
AZ,"086 - TRAUMATIC STUPOR & COMA, COMA <1 HR W CC",259,9328.0
AZ,"087 - TRAUMATIC STUPOR & COMA, COMA <1 HR W/O CC/MCC",147,6523.0
AZ,091 - OTHER DISORDERS OF NERVOUS SYSTEM W MCC,202,13748.0
AZ,092 - OTHER DISORDERS OF NERVOUS SYSTEM W CC,192,6578.0
AZ,100 - SEIZURES W MCC,241,11959.0
AZ,101 - SEIZURES W/O MCC,498,6549.0
AZ,153 - OTITIS MEDIA & URI W/O MCC,73,4767.0
AZ,163 - MAJOR CHEST PROCEDURES W MCC,115,34765.0
AZ,164 - MAJOR CHEST PROCEDURES W CC,171,20472.0
AZ,166 - OTHER RESP SYSTEM O.R. PROCEDURES W MCC,265,28506.0
AZ,177 - RESPIRATORY INFECTIONS & INFLAMMATIONS W MCC,899,13364.0
AZ,178 - RESPIRATORY INFECTIONS & INFLAMMATIONS W CC,404,9455.0
AZ,180 - RESPIRATORY NEOPLASMS W MCC,195,11673.0
AZ,189 - PULMONARY EDEMA & RESPIRATORY FAILURE,2050,9178.0
AZ,190 - CHRONIC OBSTRUCTIVE PULMONARY DISEASE W MCC,1831,8501.0
AZ,191 - CHRONIC OBSTRUCTIVE PULMONARY DISEASE W CC,1050,6708.0
AZ,193 - SIMPLE PNEUMONIA & PLEURISY W MCC,2586,10245.0
AZ,194 - SIMPLE PNEUMONIA & PLEURISY W CC,2101,7074.0
AZ,202 - BRONCHITIS & ASTHMA W CC/MCC,285,6930.0
AZ,207 - RESPIRATORY SYSTEM DIAGNOSIS W VENTILATOR SUPPORT 96+ HOURS,193,39192.0
AZ,208 - RESPIRATORY SYSTEM DIAGNOSIS W VENTILATOR SUPPORT <96 HOURS,763,16438.0
AZ,216 - CARDIAC VALVE & OTH MAJ CARDIOTHORACIC PROC W CARD CATH W MCC,110,71045.0
AZ,219 - CARDIAC VALVE & OTH MAJ CARDIOTHORACIC PROC W/O CARD CATH W MCC,240,53927.0
AZ,220 - CARDIAC VALVE & OTH MAJ CARDIOTHORACIC PROC W/O CARD CATH W CC,292,34867.0
AZ,227 - CARDIAC DEFIBRILLATOR IMPLANT W/O CARDIAC CATH W/O MCC,58,35254.0
AZ,233 - CORONARY BYPASS W CARDIAC CATH W MCC,180,53947.0
AZ,235 - CORONARY BYPASS W/O CARDIAC CATH W MCC,73,39522.0
AZ,236 - CORONARY BYPASS W/O CARDIAC CATH W/O MCC,223,24670.0
AZ,237 - MAJOR CARDIOVASC PROCEDURES W MCC,227,37080.0
AZ,238 - MAJOR CARDIOVASC PROCEDURES W/O MCC,625,24104.0
AZ,242 - PERMANENT CARDIAC PACEMAKER IMPLANT W MCC,194,26468.0
AZ,243 - PERMANENT CARDIAC PACEMAKER IMPLANT W CC,404,17570.0
AZ,244 - PERMANENT CARDIAC PACEMAKER IMPLANT W/O CC/MCC,271,14880.0
AZ,246 - PERC CARDIOVASC PROC W DRUG-ELUTING STENT W MCC OR 4+ VESSELS/STENTS,650,23343.0
AZ,247 - PERC CARDIOVASC PROC W DRUG-ELUTING STENT W/O MCC,1636,15156.0
AZ,250 - PERC CARDIOVASC PROC W/O CORONARY ARTERY STENT W MCC,72,23939.0
AZ,251 - PERC CARDIOVASC PROC W/O CORONARY ARTERY STENT W/O MCC,407,15667.0
AZ,252 - OTHER VASCULAR PROCEDURES W MCC,380,23044.0
AZ,253 - OTHER VASCULAR PROCEDURES W CC,452,18132.0
AZ,254 - OTHER VASCULAR PROCEDURES W/O CC/MCC,111,13164.0
AZ,264 - OTHER CIRCULATORY SYSTEM O.R. PROCEDURES,81,19807.0
AZ,266 - ENDOVASCULAR CARDIAC VALVE REPLACEMENT W MCC,228,60573.0
AZ,267 - ENDOVASCULAR CARDIAC VALVE REPLACEMENT W/O MCC,185,45299.0
AZ,"280 - ACUTE MYOCARDIAL INFARCTION, DISCHARGED ALIVE W MCC",689,12452.0
AZ,"281 - ACUTE MYOCARDIAL INFARCTION, DISCHARGED ALIVE W CC",561,7401.0
AZ,"286 - CIRCULATORY DISORDERS EXCEPT AMI, W CARD CATH W MCC",289,16760.0
AZ,"287 - CIRCULATORY DISORDERS EXCEPT AMI, W CARD CATH W/O MCC",1088,8448.0
AZ,291 - HEART FAILURE & SHOCK W MCC,2575,10848.0
AZ,292 - HEART FAILURE & SHOCK W CC,2113,7132.0
AZ,300 - PERIPHERAL VASCULAR DISORDERS W CC,419,7234.0
AZ,308 - CARDIAC ARRHYTHMIA & CONDUCTION DISORDERS W MCC,1016,8966.0
AZ,309 - CARDIAC ARRHYTHMIA & CONDUCTION DISORDERS W CC,1510,5950.0
AZ,310 - CARDIAC ARRHYTHMIA & CONDUCTION DISORDERS W/O CC/MCC,1402,4274.0
AZ,312 - SYNCOPE & COLLAPSE,708,5695.0
AZ,314 - OTHER CIRCULATORY SYSTEM DIAGNOSES W MCC,638,14408.0
AZ,329 - MAJOR SMALL & LARGE BOWEL PROCEDURES W MCC,556,34659.0
AZ,330 - MAJOR SMALL & LARGE BOWEL PROCEDURES W CC,888,18074.0
AZ,331 - MAJOR SMALL & LARGE BOWEL PROCEDURES W/O CC/MCC,271,11868.0
AZ,371 - MAJOR GASTROINTESTINAL DISORDERS & PERITONEAL INFECTIONS W MCC,243,13196.0
AZ,372 - MAJOR GASTROINTESTINAL DISORDERS & PERITONEAL INFECTIONS W CC,558,8168.0
AZ,377 - G.I. HEMORRHAGE W MCC,848,12988.0
AZ,378 - G.I. HEMORRHAGE W CC,2205,7416.0
AZ,389 - G.I. OBSTRUCTION W CC,906,6488.0
AZ,390 - G.I. OBSTRUCTION W/O CC/MCC,556,4566.0
AZ,"391 - ESOPHAGITIS, GASTROENT & MISC DIGEST DISORDERS W MCC",636,9537.0
AZ,"392 - ESOPHAGITIS, GASTROENT & MISC DIGEST DISORDERS W/O MCC",2630,5730.0
AZ,393 - OTHER DIGESTIVE SYSTEM DIAGNOSES W MCC,194,13664.0
AZ,394 - OTHER DIGESTIVE SYSTEM DIAGNOSES W CC,627,7128.0
AZ,"406 - PANCREAS, LIVER & SHUNT PROCEDURES W CC",68,26107.0
AZ,435 - MALIGNANCY OF HEPATOBILIARY SYSTEM OR PANCREAS W MCC,114,13261.0
AZ,438 - DISORDERS OF PANCREAS EXCEPT MALIGNANCY W MCC,94,14631.0
AZ,439 - DISORDERS OF PANCREAS EXCEPT MALIGNANCY W CC,328,7237.0
AZ,"441 - DISORDERS OF LIVER EXCEPT MALIG,CIRR,ALC HEPA W MCC",175,14306.0
AZ,"442 - DISORDERS OF LIVER EXCEPT MALIG,CIRR,ALC HEPA W CC",148,7918.0
AZ,445 - DISORDERS OF THE BILIARY TRACT W CC,98,8483.0
AZ,460 - SPINAL FUSION EXCEPT CERVICAL W/O MCC,1731,28493.0
AZ,467 - REVISION OF HIP OR KNEE REPLACEMENT W CC,320,23160.0
AZ,468 - REVISION OF HIP OR KNEE REPLACEMENT W/O CC/MCC,347,17230.0
AZ,469 - MAJOR JOINT REPLACEMENT OR REATTACHMENT OF LOWER EXTREMITY W MCC,279,22448.0
AZ,470 - MAJOR JOINT REPLACEMENT OR REATTACHMENT OF LOWER EXTREMITY W/O MCC,10405,14444.0
AZ,473 - CERVICAL SPINAL FUSION W/O CC/MCC,513,16573.0
AZ,480 - HIP & FEMUR PROCEDURES EXCEPT MAJOR JOINT W MCC,404,21186.0
AZ,481 - HIP & FEMUR PROCEDURES EXCEPT MAJOR JOINT W CC,1384,13769.0
AZ,483 - MAJOR JOINT/LIMB REATTACHMENT PROCEDURE OF UPPER EXTREMITIES,1100,16715.0
AZ,"493 - LOWER EXTREM & HUMER PROC EXCEPT HIP,FOOT,FEMUR W CC",171,14670.0
AZ,"494 - LOWER EXTREM & HUMER PROC EXCEPT HIP,FOOT,FEMUR W/O CC/MCC",143,11141.0
AZ,520 - BACK & NECK PROC EXC SPINAL FUSION W/O CC/MCC,309,8874.0
AZ,551 - MEDICAL BACK PROBLEMS W MCC,44,12285.0
AZ,552 - MEDICAL BACK PROBLEMS W/O MCC,730,6614.0
AZ,573 - SKIN GRAFT FOR SKIN ULCER OR CELLULITIS W MCC,78,22946.0
AZ,602 - CELLULITIS W MCC,285,10475.0
AZ,603 - CELLULITIS W/O MCC,2071,6532.0
AZ,"605 - TRAUMA TO THE SKIN, SUBCUT TISS & BREAST W/O MCC",59,6065.0
AZ,"629 - OTHER ENDOCRINE, NUTRIT & METAB O.R. PROC W CC",53,17365.0
AZ,637 - DIABETES W MCC,99,10910.0
AZ,638 - DIABETES W CC,480,6327.0
AZ,"640 - MISC DISORDERS OF NUTRITION,METABOLISM,FLUIDS/ELECTROLYTES W MCC",1104,8735.0
AZ,"641 - MISC DISORDERS OF NUTRITION,METABOLISM,FLUIDS/ELECTROLYTES W/O MCC",1563,5517.0
AZ,652 - KIDNEY TRANSPLANT,291,30915.0
AZ,682 - RENAL FAILURE W MCC,1515,11319.0
AZ,683 - RENAL FAILURE W CC,2005,7103.0
AZ,689 - KIDNEY & URINARY TRACT INFECTIONS W MCC,824,7910.0
AZ,690 - KIDNEY & URINARY TRACT INFECTIONS W/O MCC,1885,5959.0
AZ,698 - OTHER KIDNEY & URINARY TRACT DIAGNOSES W MCC,717,11880.0
AZ,699 - OTHER KIDNEY & URINARY TRACT DIAGNOSES W CC,459,7597.0
AZ,811 - RED BLOOD CELL DISORDERS W MCC,149,9052.0
AZ,812 - RED BLOOD CELL DISORDERS W/O MCC,663,6137.0
AZ,847 - CHEMOTHERAPY W/O ACUTE LEUKEMIA AS SECONDARY DIAGNOSIS W CC,180,9404.0
AZ,853 - INFECTIOUS & PARASITIC DISEASES W O.R. PROCEDURE W MCC,1185,37537.0
AZ,857 - POSTOPERATIVE OR POST-TRAUMATIC INFECTIONS W O.R. PROC W CC,53,16612.0
AZ,863 - POSTOPERATIVE & POST-TRAUMATIC INFECTIONS W/O MCC,191,8087.0
AZ,870 - SEPTICEMIA OR SEVERE SEPSIS W MV >96 HOURS,337,41335.0
AZ,871 - SEPTICEMIA OR SEVERE SEPSIS W/O MV 96+ HOURS W MCC,7889,13326.0
AZ,872 - SEPTICEMIA OR SEVERE SEPSIS W/O MV >96 HOURS W/O MCC,2813,8126.0
AZ,904 - SKIN GRAFTS FOR INJURIES W CC/MCC,51,23780.0
AZ,907 - OTHER O.R. PROCEDURES FOR INJURIES W MCC,90,29116.0
AZ,908 - OTHER O.R. PROCEDURES FOR INJURIES W CC,57,17830.0
AZ,917 - POISONING & TOXIC EFFECTS OF DRUGS W MCC,433,11385.0
AZ,918 - POISONING & TOXIC EFFECTS OF DRUGS W/O MCC,145,5417.0
AZ,919 - COMPLICATIONS OF TREATMENT W MCC,84,15438.0
AZ,920 - COMPLICATIONS OF TREATMENT W CC,110,7840.0
AZ,981 - EXTENSIVE O.R. PROCEDURE UNRELATED TO PRINCIPAL DIAGNOSIS W MCC,283,36490.0
AZ,982 - EXTENSIVE O.R. PROCEDURE UNRELATED TO PRINCIPAL DIAGNOSIS W CC,84,19455.0
AZ,036 - CAROTID ARTERY STENT PROCEDURE W/O CC/MCC,59,12330.0
AZ,313 - CHEST PAIN,500,4961.0
AZ,462 - BILATERAL OR MULTIPLE MAJOR JOINT PROCS OF LOWER EXTREMITY W/O MCC,103,22065.0
AZ,621 - O.R. PROCEDURES FOR OBESITY W/O CC/MCC,212,10779.0
AZ,885 - PSYCHOSES,374,11422.0
AZ,472 - CERVICAL SPINAL FUSION W CC,225,21984.0
AZ,024 - CRANIO W MAJOR DEV IMPL/ACUTE COMPLEX CNS PDX W/O MCC,47,29862.0
AZ,026 - CRANIOTOMY & ENDOVASCULAR INTRACRANIAL PROCEDURES W CC,134,25230.0
AZ,033 - VENTRICULAR SHUNT PROCEDURES W/O CC/MCC,55,14188.0
AZ,057 - DEGENERATIVE NERVOUS SYSTEM DISORDERS W/O MCC,138,7864.0
AZ,062 - ACUTE ISCHEMIC STROKE W USE OF THROMBOLYTIC AGENT W CC,56,12595.0
AZ,165 - MAJOR CHEST PROCEDURES W/O CC/MCC,57,16186.0
AZ,167 - OTHER RESP SYSTEM O.R. PROCEDURES W CC,96,14921.0
AZ,175 - PULMONARY EMBOLISM W MCC,338,11083.0
AZ,176 - PULMONARY EMBOLISM W/O MCC,672,7128.0
AZ,192 - CHRONIC OBSTRUCTIVE PULMONARY DISEASE W/O CC/MCC,431,5127.0
AZ,205 - OTHER RESPIRATORY SYSTEM DIAGNOSES W MCC,54,14672.0
AZ,"327 - STOMACH, ESOPHAGEAL & DUODENAL PROC W CC",91,23559.0
AZ,"328 - STOMACH, ESOPHAGEAL & DUODENAL PROC W/O CC/MCC",100,12878.0
AZ,454 - COMBINED ANTERIOR/POSTERIOR SPINAL FUSION W CC,33,59258.0
AZ,457 - SPINAL FUS EXC CERV W SPINAL CURV/MALIG/INFEC OR EXT FUS W CC,47,52097.0
AZ,518 - BACK & NECK PROC EXC SPINAL FUSION W MCC OR DISC DEVICE/NEUROSTIM,91,22951.0
AZ,519 - BACK & NECK PROC EXC SPINAL FUSION W CC,158,12868.0
AZ,708 - MAJOR MALE PELVIC PROCEDURES W/O CC/MCC,287,10609.0
AZ,854 - INFECTIOUS & PARASITIC DISEASES W O.R. PROCEDURE W CC,178,17448.0
AZ,897 - ALCOHOL/DRUG ABUSE OR DEPENDENCE W/O REHABILITATION THERAPY W/O MCC,120,6808.0
AZ,195 - SIMPLE PNEUMONIA & PLEURISY W/O CC/MCC,735,5443.0
AZ,293 - HEART FAILURE & SHOCK W/O CC/MCC,432,4963.0
AZ,"563 - FX, SPRN, STRN & DISL EXCEPT FEMUR, HIP, PELVIS & THIGH W/O MCC",228,5676.0
AZ,069 - TRANSIENT ISCHEMIA,569,5051.0
AZ,149 - DYSEQUILIBRIUM,98,4350.0
AZ,305 - HYPERTENSION W/O MCC,147,5237.0
AZ,315 - OTHER CIRCULATORY SYSTEM DIAGNOSES W CC,159,7634.0
AZ,482 - HIP & FEMUR PROCEDURES EXCEPT MAJOR JOINT W/O CC/MCC,393,10930.0
AZ,536 - FRACTURES OF HIP & PELVIS W/O MCC,314,4895.0
AZ,948 - SIGNS & SYMPTOMS W/O MCC,306,5375.0
AZ,299 - PERIPHERAL VASCULAR DISORDERS W MCC,197,9748.0
AZ,419 - LAPAROSCOPIC CHOLECYSTECTOMY W/O C.D.E. W/O CC/MCC,119,8381.0
AZ,669 - TRANSURETHRAL PROCEDURES W CC,245,9054.0
AZ,074 - CRANIAL & PERIPHERAL NERVE DISORDERS W/O MCC,85,7260.0
AZ,186 - PLEURAL EFFUSION W MCC,82,10076.0
AZ,249 - PERC CARDIOVASC PROC W NON-DRUG-ELUTING STENT W/O MCC,82,13777.0
AZ,336 - PERITONEAL ADHESIOLYSIS W CC,105,17440.0
AZ,388 - G.I. OBSTRUCTION W MCC,114,11494.0
AZ,417 - LAPAROSCOPIC CHOLECYSTECTOMY W/O C.D.E. W MCC,270,16901.0
AZ,418 - LAPAROSCOPIC CHOLECYSTECTOMY W/O C.D.E. W CC,285,11812.0
AZ,543 - PATHOLOGICAL FRACTURES & MUSCULOSKELET & CONN TISS MALIG W CC,53,7744.0
AZ,654 - MAJOR BLADDER PROCEDURES W CC,43,24472.0
AZ,657 - KIDNEY & URETER PROCEDURES FOR NEOPLASM W CC,94,14570.0
AZ,809 - MAJOR HEMATOL/IMMUN DIAG EXC SICKLE CELL CRISIS & COAGUL W CC,188,8974.0
AZ,862 - POSTOPERATIVE & POST-TRAUMATIC INFECTIONS W MCC,78,12312.0
AZ,864 - FEVER,70,6077.0
AZ,234 - CORONARY BYPASS W CARDIAC CATH W/O MCC,202,33601.0
AZ,684 - RENAL FAILURE W/O CC/MCC,151,4097.0
AZ,379 - G.I. HEMORRHAGE W/O CC/MCC,195,4818.0
AZ,440 - DISORDERS OF PANCREAS EXCEPT MALIGNANCY W/O CC/MCC,87,4642.0
AZ,"558 - TENDONITIS, MYOSITIS & BURSITIS W/O MCC",65,5429.0
AZ,"617 - AMPUTAT OF LOWER LIMB FOR ENDOCRINE,NUTRIT,& METABOL DIS W CC",62,12836.0
AZ,694 - URINARY STONES W/O ESW LITHOTRIPSY W/O MCC,142,4859.0
AZ,038 - EXTRACRANIAL PROCEDURES W CC,49,10403.0
AZ,"282 - ACUTE MYOCARDIAL INFARCTION, DISCHARGED ALIVE W/O CC/MCC",165,5150.0
AZ,556 - SIGNS & SYMPTOMS OF MUSCULOSKELETAL SYSTEM & CONN TISSUE W/O MCC,51,6026.0
AZ,455 - COMBINED ANTERIOR/POSTERIOR SPINAL FUSION W/O CC/MCC,58,42574.0
AZ,395 - OTHER DIGESTIVE SYSTEM DIAGNOSES W/O CC/MCC,54,4623.0
NM,690 - KIDNEY & URINARY TRACT INFECTIONS W/O MCC,696,6473.0
NM,039 - EXTRACRANIAL PROCEDURES W/O CC/MCC,57,7282.0
NM,064 - INTRACRANIAL HEMORRHAGE OR CEREBRAL INFARCTION W MCC,279,14994.0
NM,065 - INTRACRANIAL HEMORRHAGE OR CEREBRAL INFARCTION W CC OR TPA IN 24 HRS,329,8748.0
NM,066 - INTRACRANIAL HEMORRHAGE OR CEREBRAL INFARCTION W/O CC/MCC,239,6929.0
NM,069 - TRANSIENT ISCHEMIA,93,5192.0
NM,101 - SEIZURES W/O MCC,107,8091.0
NM,175 - PULMONARY EMBOLISM W MCC,71,10862.0
NM,176 - PULMONARY EMBOLISM W/O MCC,130,7702.0
NM,177 - RESPIRATORY INFECTIONS & INFLAMMATIONS W MCC,207,15533.0
NM,189 - PULMONARY EDEMA & RESPIRATORY FAILURE,691,9272.0
NM,190 - CHRONIC OBSTRUCTIVE PULMONARY DISEASE W MCC,529,9056.0
NM,191 - CHRONIC OBSTRUCTIVE PULMONARY DISEASE W CC,322,7372.0
NM,193 - SIMPLE PNEUMONIA & PLEURISY W MCC,804,10929.0
NM,194 - SIMPLE PNEUMONIA & PLEURISY W CC,755,7971.0
NM,207 - RESPIRATORY SYSTEM DIAGNOSIS W VENTILATOR SUPPORT 96+ HOURS,48,31975.0
NM,208 - RESPIRATORY SYSTEM DIAGNOSIS W VENTILATOR SUPPORT <96 HOURS,192,17202.0
NM,219 - CARDIAC VALVE & OTH MAJ CARDIOTHORACIC PROC W/O CARD CATH W MCC,33,53461.0
NM,234 - CORONARY BYPASS W CARDIAC CATH W/O MCC,55,32401.0
NM,236 - CORONARY BYPASS W/O CARDIAC CATH W/O MCC,53,24968.0
NM,238 - MAJOR CARDIOVASC PROCEDURES W/O MCC,118,22997.0
NM,246 - PERC CARDIOVASC PROC W DRUG-ELUTING STENT W MCC OR 4+ VESSELS/STENTS,176,22035.0
NM,247 - PERC CARDIOVASC PROC W DRUG-ELUTING STENT W/O MCC,443,14858.0
NM,249 - PERC CARDIOVASC PROC W NON-DRUG-ELUTING STENT W/O MCC,49,11528.0
NM,251 - PERC CARDIOVASC PROC W/O CORONARY ARTERY STENT W/O MCC,59,15393.0
NM,252 - OTHER VASCULAR PROCEDURES W MCC,110,25808.0
NM,253 - OTHER VASCULAR PROCEDURES W CC,106,19544.0
NM,"280 - ACUTE MYOCARDIAL INFARCTION, DISCHARGED ALIVE W MCC",267,12807.0
NM,"281 - ACUTE MYOCARDIAL INFARCTION, DISCHARGED ALIVE W CC",171,7454.0
NM,"282 - ACUTE MYOCARDIAL INFARCTION, DISCHARGED ALIVE W/O CC/MCC",98,6652.0
NM,"286 - CIRCULATORY DISORDERS EXCEPT AMI, W CARD CATH W MCC",92,17143.0
NM,"287 - CIRCULATORY DISORDERS EXCEPT AMI, W CARD CATH W/O MCC",266,9223.0
NM,291 - HEART FAILURE & SHOCK W MCC,691,11258.0
NM,292 - HEART FAILURE & SHOCK W CC,571,7773.0
NM,293 - HEART FAILURE & SHOCK W/O CC/MCC,156,5975.0
NM,300 - PERIPHERAL VASCULAR DISORDERS W CC,114,7127.0
NM,308 - CARDIAC ARRHYTHMIA & CONDUCTION DISORDERS W MCC,177,9116.0
NM,309 - CARDIAC ARRHYTHMIA & CONDUCTION DISORDERS W CC,276,6012.0
NM,310 - CARDIAC ARRHYTHMIA & CONDUCTION DISORDERS W/O CC/MCC,201,4232.0
NM,312 - SYNCOPE & COLLAPSE,167,6085.0
NM,313 - CHEST PAIN,145,5022.0
NM,314 - OTHER CIRCULATORY SYSTEM DIAGNOSES W MCC,136,15306.0
NM,377 - G.I. HEMORRHAGE W MCC,223,14404.0
NM,378 - G.I. HEMORRHAGE W CC,495,8087.0
NM,389 - G.I. OBSTRUCTION W CC,158,7073.0
NM,"391 - ESOPHAGITIS, GASTROENT & MISC DIGEST DISORDERS W MCC",128,9481.0
NM,"392 - ESOPHAGITIS, GASTROENT & MISC DIGEST DISORDERS W/O MCC",764,6128.0
NM,394 - OTHER DIGESTIVE SYSTEM DIAGNOSES W CC,118,7707.0
NM,418 - LAPAROSCOPIC CHOLECYSTECTOMY W/O C.D.E. W CC,103,12184.0
NM,432 - CIRRHOSIS & ALCOHOLIC HEPATITIS W MCC,65,13341.0
NM,"442 - DISORDERS OF LIVER EXCEPT MALIG,CIRR,ALC HEPA W CC",142,8513.0
NM,460 - SPINAL FUSION EXCEPT CERVICAL W/O MCC,207,28042.0
NM,469 - MAJOR JOINT REPLACEMENT OR REATTACHMENT OF LOWER EXTREMITY W MCC,90,24751.0
NM,470 - MAJOR JOINT REPLACEMENT OR REATTACHMENT OF LOWER EXTREMITY W/O MCC,2188,15732.0
NM,481 - HIP & FEMUR PROCEDURES EXCEPT MAJOR JOINT W CC,390,14609.0
NM,482 - HIP & FEMUR PROCEDURES EXCEPT MAJOR JOINT W/O CC/MCC,140,12800.0
NM,520 - BACK & NECK PROC EXC SPINAL FUSION W/O CC/MCC,47,8835.0
NM,603 - CELLULITIS W/O MCC,496,7133.0
NM,"640 - MISC DISORDERS OF NUTRITION,METABOLISM,FLUIDS/ELECTROLYTES W MCC",266,8669.0
NM,"641 - MISC DISORDERS OF NUTRITION,METABOLISM,FLUIDS/ELECTROLYTES W/O MCC",450,6278.0
NM,682 - RENAL FAILURE W MCC,453,12121.0
NM,683 - RENAL FAILURE W CC,521,7574.0
NM,689 - KIDNEY & URINARY TRACT INFECTIONS W MCC,260,8255.0
NM,811 - RED BLOOD CELL DISORDERS W MCC,43,9763.0
NM,812 - RED BLOOD CELL DISORDERS W/O MCC,122,7025.0
NM,853 - INFECTIOUS & PARASITIC DISEASES W O.R. PROCEDURE W MCC,319,41361.0
NM,870 - SEPTICEMIA OR SEVERE SEPSIS W MV >96 HOURS,86,40927.0
NM,871 - SEPTICEMIA OR SEVERE SEPSIS W/O MV 96+ HOURS W MCC,2840,13870.0
NM,872 - SEPTICEMIA OR SEVERE SEPSIS W/O MV >96 HOURS W/O MCC,938,8518.0
NM,917 - POISONING & TOXIC EFFECTS OF DRUGS W MCC,131,12085.0
NM,948 - SIGNS & SYMPTOMS W/O MCC,89,6336.0
NM,025 - CRANIOTOMY & ENDOVASCULAR INTRACRANIAL PROCEDURES W MCC,81,41227.0
NM,027 - CRANIOTOMY & ENDOVASCULAR INTRACRANIAL PROCEDURES W/O CC/MCC,33,23733.0
NM,070 - NONSPECIFIC CEREBROVASCULAR DISORDERS W MCC,57,15157.0
NM,"085 - TRAUMATIC STUPOR & COMA, COMA <1 HR W MCC",21,23598.0
NM,"086 - TRAUMATIC STUPOR & COMA, COMA <1 HR W CC",33,12434.0
NM,092 - OTHER DISORDERS OF NERVOUS SYSTEM W CC,47,8240.0
NM,100 - SEIZURES W MCC,63,14178.0
NM,192 - CHRONIC OBSTRUCTIVE PULMONARY DISEASE W/O CC/MCC,197,5913.0
NM,329 - MAJOR SMALL & LARGE BOWEL PROCEDURES W MCC,109,39607.0
NM,372 - MAJOR GASTROINTESTINAL DISORDERS & PERITONEAL INFECTIONS W CC,72,9383.0
NM,393 - OTHER DIGESTIVE SYSTEM DIAGNOSES W MCC,49,13096.0
NM,"441 - DISORDERS OF LIVER EXCEPT MALIG,CIRR,ALC HEPA W MCC",128,15487.0
NM,480 - HIP & FEMUR PROCEDURES EXCEPT MAJOR JOINT W MCC,94,23252.0
NM,483 - MAJOR JOINT/LIMB REATTACHMENT PROCEDURE OF UPPER EXTREMITIES,141,18747.0
NM,552 - MEDICAL BACK PROBLEMS W/O MCC,84,7255.0
NM,637 - DIABETES W MCC,63,11705.0
NM,638 - DIABETES W CC,200,7447.0
NM,652 - KIDNEY TRANSPLANT,52,37698.0
NM,698 - OTHER KIDNEY & URINARY TRACT DIAGNOSES W MCC,80,14049.0
NM,699 - OTHER KIDNEY & URINARY TRACT DIAGNOSES W CC,68,8976.0
NM,854 - INFECTIOUS & PARASITIC DISEASES W O.R. PROCEDURE W CC,54,19030.0
NM,896 - ALCOHOL/DRUG ABUSE OR DEPENDENCE W/O REHABILITATION THERAPY W MCC,33,15060.0
NM,897 - ALCOHOL/DRUG ABUSE OR DEPENDENCE W/O REHABILITATION THERAPY W/O MCC,97,7917.0
NM,071 - NONSPECIFIC CEREBROVASCULAR DISORDERS W CC,57,8205.0
NM,178 - RESPIRATORY INFECTIONS & INFLAMMATIONS W CC,63,10724.0
NM,195 - SIMPLE PNEUMONIA & PLEURISY W/O CC/MCC,336,5787.0
NM,202 - BRONCHITIS & ASTHMA W CC/MCC,83,6864.0
NM,330 - MAJOR SMALL & LARGE BOWEL PROCEDURES W CC,80,19422.0
NM,371 - MAJOR GASTROINTESTINAL DISORDERS & PERITONEAL INFECTIONS W MCC,75,15249.0
NM,379 - G.I. HEMORRHAGE W/O CC/MCC,52,5585.0
NM,390 - G.I. OBSTRUCTION W/O CC/MCC,74,4835.0
NM,417 - LAPAROSCOPIC CHOLECYSTECTOMY W/O C.D.E. W MCC,51,20388.0
NM,419 - LAPAROSCOPIC CHOLECYSTECTOMY W/O C.D.E. W/O CC/MCC,90,9834.0
NM,439 - DISORDERS OF PANCREAS EXCEPT MALIGNANCY W CC,61,7148.0
NM,440 - DISORDERS OF PANCREAS EXCEPT MALIGNANCY W/O CC/MCC,43,5313.0
NM,462 - BILATERAL OR MULTIPLE MAJOR JOINT PROCS OF LOWER EXTREMITY W/O MCC,60,26294.0
NM,473 - CERVICAL SPINAL FUSION W/O CC/MCC,54,17312.0
NM,602 - CELLULITIS W MCC,77,10930.0
NM,981 - EXTENSIVE O.R. PROCEDURE UNRELATED TO PRINCIPAL DIAGNOSIS W MCC,60,36223.0
NM,885 - PSYCHOSES,342,7132.0
NV,"004 - TRACH W MV 96+ HRS OR PDX EXC FACE, MOUTH & NECK W/O MAJ O.R.",263,78311.0
NV,065 - INTRACRANIAL HEMORRHAGE OR CEREBRAL INFARCTION W CC OR TPA IN 24 HRS,647,8126.0
NV,071 - NONSPECIFIC CEREBROVASCULAR DISORDERS W CC,90,7839.0
NV,177 - RESPIRATORY INFECTIONS & INFLAMMATIONS W MCC,384,13547.0
NV,189 - PULMONARY EDEMA & RESPIRATORY FAILURE,1106,9118.0
NV,190 - CHRONIC OBSTRUCTIVE PULMONARY DISEASE W MCC,869,8869.0
NV,191 - CHRONIC OBSTRUCTIVE PULMONARY DISEASE W CC,510,7319.0
NV,193 - SIMPLE PNEUMONIA & PLEURISY W MCC,1342,10579.0
NV,194 - SIMPLE PNEUMONIA & PLEURISY W CC,816,7469.0
NV,207 - RESPIRATORY SYSTEM DIAGNOSIS W VENTILATOR SUPPORT 96+ HOURS,304,39463.0
NV,208 - RESPIRATORY SYSTEM DIAGNOSIS W VENTILATOR SUPPORT <96 HOURS,567,17191.0
NV,"280 - ACUTE MYOCARDIAL INFARCTION, DISCHARGED ALIVE W MCC",425,13011.0
NV,"286 - CIRCULATORY DISORDERS EXCEPT AMI, W CARD CATH W MCC",188,15336.0
NV,"287 - CIRCULATORY DISORDERS EXCEPT AMI, W CARD CATH W/O MCC",634,8726.0
NV,291 - HEART FAILURE & SHOCK W MCC,1496,11187.0
NV,292 - HEART FAILURE & SHOCK W CC,1009,7633.0
NV,308 - CARDIAC ARRHYTHMIA & CONDUCTION DISORDERS W MCC,496,9606.0
NV,309 - CARDIAC ARRHYTHMIA & CONDUCTION DISORDERS W CC,577,6214.0
NV,310 - CARDIAC ARRHYTHMIA & CONDUCTION DISORDERS W/O CC/MCC,418,4781.0
NV,314 - OTHER CIRCULATORY SYSTEM DIAGNOSES W MCC,341,14641.0
NV,377 - G.I. HEMORRHAGE W MCC,434,13188.0
NV,378 - G.I. HEMORRHAGE W CC,804,7693.0
NV,389 - G.I. OBSTRUCTION W CC,323,6701.0
NV,"392 - ESOPHAGITIS, GASTROENT & MISC DIGEST DISORDERS W/O MCC",1264,6073.0
NV,439 - DISORDERS OF PANCREAS EXCEPT MALIGNANCY W CC,187,7372.0
NV,469 - MAJOR JOINT REPLACEMENT OR REATTACHMENT OF LOWER EXTREMITY W MCC,166,22911.0
NV,470 - MAJOR JOINT REPLACEMENT OR REATTACHMENT OF LOWER EXTREMITY W/O MCC,2900,15155.0
NV,481 - HIP & FEMUR PROCEDURES EXCEPT MAJOR JOINT W CC,448,13768.0
NV,483 - MAJOR JOINT/LIMB REATTACHMENT PROCEDURE OF UPPER EXTREMITIES,281,16582.0
NV,"493 - LOWER EXTREM & HUMER PROC EXCEPT HIP,FOOT,FEMUR W CC",53,14501.0
NV,603 - CELLULITIS W/O MCC,850,6824.0
NV,638 - DIABETES W CC,322,6917.0
NV,"640 - MISC DISORDERS OF NUTRITION,METABOLISM,FLUIDS/ELECTROLYTES W MCC",522,8738.0
NV,"641 - MISC DISORDERS OF NUTRITION,METABOLISM,FLUIDS/ELECTROLYTES W/O MCC",644,5531.0
NV,682 - RENAL FAILURE W MCC,1007,11489.0
NV,683 - RENAL FAILURE W CC,1094,7342.0
NV,689 - KIDNEY & URINARY TRACT INFECTIONS W MCC,468,8289.0
NV,690 - KIDNEY & URINARY TRACT INFECTIONS W/O MCC,922,6163.0
NV,698 - OTHER KIDNEY & URINARY TRACT DIAGNOSES W MCC,173,12524.0
NV,812 - RED BLOOD CELL DISORDERS W/O MCC,392,6488.0
NV,853 - INFECTIOUS & PARASITIC DISEASES W O.R. PROCEDURE W MCC,569,38480.0
NV,870 - SEPTICEMIA OR SEVERE SEPSIS W MV >96 HOURS,558,43510.0
NV,871 - SEPTICEMIA OR SEVERE SEPSIS W/O MV 96+ HOURS W MCC,4080,13512.0
NV,872 - SEPTICEMIA OR SEVERE SEPSIS W/O MV >96 HOURS W/O MCC,1000,8276.0
NV,917 - POISONING & TOXIC EFFECTS OF DRUGS W MCC,292,10969.0
NV,064 - INTRACRANIAL HEMORRHAGE OR CEREBRAL INFARCTION W MCC,580,13025.0
NV,070 - NONSPECIFIC CEREBROVASCULAR DISORDERS W MCC,144,12286.0
NV,074 - CRANIAL & PERIPHERAL NERVE DISORDERS W/O MCC,130,7402.0
NV,192 - CHRONIC OBSTRUCTIVE PULMONARY DISEASE W/O CC/MCC,273,6042.0
NV,"281 - ACUTE MYOCARDIAL INFARCTION, DISCHARGED ALIVE W CC",267,8142.0
NV,293 - HEART FAILURE & SHOCK W/O CC/MCC,216,5901.0
NV,299 - PERIPHERAL VASCULAR DISORDERS W MCC,118,10131.0
NV,305 - HYPERTENSION W/O MCC,165,4926.0
NV,"391 - ESOPHAGITIS, GASTROENT & MISC DIGEST DISORDERS W MCC",290,9488.0
NV,438 - DISORDERS OF PANCREAS EXCEPT MALIGNANCY W MCC,79,12397.0
NV,"441 - DISORDERS OF LIVER EXCEPT MALIG,CIRR,ALC HEPA W MCC",131,13261.0
NV,621 - O.R. PROCEDURES FOR OBESITY W/O CC/MCC,168,11312.0
NV,637 - DIABETES W MCC,162,12055.0
NV,811 - RED BLOOD CELL DISORDERS W MCC,157,9864.0
NV,885 - PSYCHOSES,222,7967.0
NV,038 - EXTRACRANIAL PROCEDURES W CC,33,10779.0
NV,039 - EXTRACRANIAL PROCEDURES W/O CC/MCC,204,7832.0
NV,066 - INTRACRANIAL HEMORRHAGE OR CEREBRAL INFARCTION W/O CC/MCC,188,6256.0
NV,166 - OTHER RESP SYSTEM O.R. PROCEDURES W MCC,63,30362.0
NV,176 - PULMONARY EMBOLISM W/O MCC,133,7478.0
NV,178 - RESPIRATORY INFECTIONS & INFLAMMATIONS W CC,64,10459.0
NV,180 - RESPIRATORY NEOPLASMS W MCC,118,12898.0
NV,195 - SIMPLE PNEUMONIA & PLEURISY W/O CC/MCC,264,5938.0
NV,216 - CARDIAC VALVE & OTH MAJ CARDIOTHORACIC PROC W CARD CATH W MCC,63,72545.0
NV,219 - CARDIAC VALVE & OTH MAJ CARDIOTHORACIC PROC W/O CARD CATH W MCC,114,61441.0
NV,234 - CORONARY BYPASS W CARDIAC CATH W/O MCC,104,37155.0
NV,236 - CORONARY BYPASS W/O CARDIAC CATH W/O MCC,76,29718.0
NV,237 - MAJOR CARDIOVASC PROCEDURES W MCC,105,37864.0
NV,238 - MAJOR CARDIOVASC PROCEDURES W/O MCC,256,25128.0
NV,243 - PERMANENT CARDIAC PACEMAKER IMPLANT W CC,170,19138.0
NV,244 - PERMANENT CARDIAC PACEMAKER IMPLANT W/O CC/MCC,63,16168.0
NV,246 - PERC CARDIOVASC PROC W DRUG-ELUTING STENT W MCC OR 4+ VESSELS/STENTS,269,24332.0
NV,247 - PERC CARDIOVASC PROC W DRUG-ELUTING STENT W/O MCC,549,15283.0
NV,249 - PERC CARDIOVASC PROC W NON-DRUG-ELUTING STENT W/O MCC,57,13012.0
NV,252 - OTHER VASCULAR PROCEDURES W MCC,157,23209.0
NV,253 - OTHER VASCULAR PROCEDURES W CC,194,18509.0
NV,"282 - ACUTE MYOCARDIAL INFARCTION, DISCHARGED ALIVE W/O CC/MCC",85,5833.0
NV,300 - PERIPHERAL VASCULAR DISORDERS W CC,235,8005.0
NV,312 - SYNCOPE & COLLAPSE,465,6184.0
NV,313 - CHEST PAIN,515,5226.0
NV,315 - OTHER CIRCULATORY SYSTEM DIAGNOSES W CC,82,7331.0
NV,329 - MAJOR SMALL & LARGE BOWEL PROCEDURES W MCC,228,37586.0
NV,330 - MAJOR SMALL & LARGE BOWEL PROCEDURES W CC,255,18071.0
NV,371 - MAJOR GASTROINTESTINAL DISORDERS & PERITONEAL INFECTIONS W MCC,126,13190.0
NV,372 - MAJOR GASTROINTESTINAL DISORDERS & PERITONEAL INFECTIONS W CC,168,8176.0
NV,390 - G.I. OBSTRUCTION W/O CC/MCC,115,5052.0
NV,393 - OTHER DIGESTIVE SYSTEM DIAGNOSES W MCC,133,12933.0
NV,394 - OTHER DIGESTIVE SYSTEM DIAGNOSES W CC,220,7379.0
NV,417 - LAPAROSCOPIC CHOLECYSTECTOMY W/O C.D.E. W MCC,98,17032.0
NV,460 - SPINAL FUSION EXCEPT CERVICAL W/O MCC,729,28840.0
NV,467 - REVISION OF HIP OR KNEE REPLACEMENT W CC,176,23272.0
NV,468 - REVISION OF HIP OR KNEE REPLACEMENT W/O CC/MCC,114,20943.0
NV,480 - HIP & FEMUR PROCEDURES EXCEPT MAJOR JOINT W MCC,177,21209.0
NV,482 - HIP & FEMUR PROCEDURES EXCEPT MAJOR JOINT W/O CC/MCC,112,11774.0
NV,699 - OTHER KIDNEY & URINARY TRACT DIAGNOSES W CC,152,8420.0
NV,"003 - ECMO OR TRACH W MV >96 HRS OR PDX EXC FACE, MOUTH & NECK W MAJ O.R.",97,123497.0
NV,057 - DEGENERATIVE NERVOUS SYSTEM DISORDERS W/O MCC,104,8636.0
NV,"085 - TRAUMATIC STUPOR & COMA, COMA <1 HR W MCC",137,15933.0
NV,"086 - TRAUMATIC STUPOR & COMA, COMA <1 HR W CC",109,10324.0
NV,"087 - TRAUMATIC STUPOR & COMA, COMA <1 HR W/O CC/MCC",112,7485.0
NV,"442 - DISORDERS OF LIVER EXCEPT MALIG,CIRR,ALC HEPA W CC",53,7919.0
NV,473 - CERVICAL SPINAL FUSION W/O CC/MCC,286,16921.0
NV,552 - MEDICAL BACK PROBLEMS W/O MCC,367,6905.0
NV,652 - KIDNEY TRANSPLANT,56,41442.0
NV,948 - SIGNS & SYMPTOMS W/O MCC,228,6192.0
NV,025 - CRANIOTOMY & ENDOVASCULAR INTRACRANIAL PROCEDURES W MCC,127,32836.0
NV,069 - TRANSIENT ISCHEMIA,281,5465.0
NV,091 - OTHER DISORDERS OF NERVOUS SYSTEM W MCC,53,11631.0
NV,100 - SEIZURES W MCC,186,11441.0
NV,101 - SEIZURES W/O MCC,281,6291.0
NV,235 - CORONARY BYPASS W/O CARDIAC CATH W MCC,63,45782.0
NV,520 - BACK & NECK PROC EXC SPINAL FUSION W/O CC/MCC,177,8665.0
NV,556 - SIGNS & SYMPTOMS OF MUSCULOSKELETAL SYSTEM & CONN TISSUE W/O MCC,49,6301.0
NV,884 - ORGANIC DISTURBANCES & MENTAL RETARDATION,62,9323.0
NV,918 - POISONING & TOXIC EFFECTS OF DRUGS W/O MCC,105,5781.0
NV,073 - CRANIAL & PERIPHERAL NERVE DISORDERS W MCC,52,9313.0
NV,149 - DYSEQUILIBRIUM,57,5024.0
NV,175 - PULMONARY EMBOLISM W MCC,110,11955.0
NV,202 - BRONCHITIS & ASTHMA W CC/MCC,93,6893.0
NV,220 - CARDIAC VALVE & OTH MAJ CARDIOTHORACIC PROC W/O CARD CATH W CC,104,38082.0
NV,233 - CORONARY BYPASS W CARDIAC CATH W MCC,102,50307.0
NV,242 - PERMANENT CARDIAC PACEMAKER IMPLANT W MCC,82,27360.0
NV,301 - PERIPHERAL VASCULAR DISORDERS W/O CC/MCC,33,5884.0
NV,331 - MAJOR SMALL & LARGE BOWEL PROCEDURES W/O CC/MCC,71,12235.0
NV,375 - DIGESTIVE MALIGNANCY W CC,63,9580.0
NV,379 - G.I. HEMORRHAGE W/O CC/MCC,67,5488.0
NV,388 - G.I. OBSTRUCTION W MCC,61,12025.0
NV,435 - MALIGNANCY OF HEPATOBILIARY SYSTEM OR PANCREAS W MCC,46,13075.0
NV,440 - DISORDERS OF PANCREAS EXCEPT MALIGNANCY W/O CC/MCC,49,5153.0
NV,536 - FRACTURES OF HIP & PELVIS W/O MCC,93,5662.0
NV,"558 - TENDONITIS, MYOSITIS & BURSITIS W/O MCC",54,6593.0
NV,"563 - FX, SPRN, STRN & DISL EXCEPT FEMUR, HIP, PELVIS & THIGH W/O MCC",87,5855.0
NV,602 - CELLULITIS W MCC,147,11059.0
NV,669 - TRANSURETHRAL PROCEDURES W CC,47,11605.0
NV,684 - RENAL FAILURE W/O CC/MCC,122,5068.0
NV,897 - ALCOHOL/DRUG ABUSE OR DEPENDENCE W/O REHABILITATION THERAPY W/O MCC,199,5777.0
NV,981 - EXTENSIVE O.R. PROCEDURE UNRELATED TO PRINCIPAL DIAGNOSIS W MCC,86,35585.0
NV,303 - ATHEROSCLEROSIS W/O MCC,61,4321.0
NV,251 - PERC CARDIOVASC PROC W/O CORONARY ARTERY STENT W/O MCC,68,13854.0
NV,472 - CERVICAL SPINAL FUSION W CC,113,21397.0
NV,519 - BACK & NECK PROC EXC SPINAL FUSION W CC,51,11647.0
NV,708 - MAJOR MALE PELVIC PROCEDURES W/O CC/MCC,44,9129.0
NV,"627 - THYROID, PARATHYROID & THYROGLOSSAL PROCEDURES W/O CC/MCC",21,5911.0
CA,065 - INTRACRANIAL HEMORRHAGE OR CEREBRAL INFARCTION W CC OR TPA IN 24 HRS,6854,9817.0
CA,069 - TRANSIENT ISCHEMIA,3354,6997.0
CA,071 - NONSPECIFIC CEREBROVASCULAR DISORDERS W CC,843,9386.0
CA,190 - CHRONIC OBSTRUCTIVE PULMONARY DISEASE W MCC,8515,10701.0
CA,191 - CHRONIC OBSTRUCTIVE PULMONARY DISEASE W CC,5831,8927.0
CA,193 - SIMPLE PNEUMONIA & PLEURISY W MCC,9663,12804.0
CA,194 - SIMPLE PNEUMONIA & PLEURISY W CC,9451,9112.0
CA,291 - HEART FAILURE & SHOCK W MCC,16655,13794.0
CA,292 - HEART FAILURE & SHOCK W CC,11891,9430.0
CA,300 - PERIPHERAL VASCULAR DISORDERS W CC,1491,9533.0
CA,313 - CHEST PAIN,4923,6403.0
CA,314 - OTHER CIRCULATORY SYSTEM DIAGNOSES W MCC,3251,19088.0
CA,378 - G.I. HEMORRHAGE W CC,9409,9312.0
CA,"391 - ESOPHAGITIS, GASTROENT & MISC DIGEST DISORDERS W MCC",2967,12024.0
CA,"392 - ESOPHAGITIS, GASTROENT & MISC DIGEST DISORDERS W/O MCC",11590,7442.0
CA,602 - CELLULITIS W MCC,1692,13525.0
CA,603 - CELLULITIS W/O MCC,8440,8313.0
CA,"640 - MISC DISORDERS OF NUTRITION,METABOLISM,FLUIDS/ELECTROLYTES W MCC",5303,10708.0
CA,"641 - MISC DISORDERS OF NUTRITION,METABOLISM,FLUIDS/ELECTROLYTES W/O MCC",7669,7194.0
CA,682 - RENAL FAILURE W MCC,8296,14322.0
CA,683 - RENAL FAILURE W CC,8839,9112.0
CA,689 - KIDNEY & URINARY TRACT INFECTIONS W MCC,5520,9940.0
CA,690 - KIDNEY & URINARY TRACT INFECTIONS W/O MCC,10853,7595.0
CA,853 - INFECTIOUS & PARASITIC DISEASES W O.R. PROCEDURE W MCC,5731,49696.0
CA,871 - SEPTICEMIA OR SEVERE SEPSIS W/O MV 96+ HOURS W MCC,52177,16764.0
CA,872 - SEPTICEMIA OR SEVERE SEPSIS W/O MV >96 HOURS W/O MCC,15085,10049.0
CA,064 - INTRACRANIAL HEMORRHAGE OR CEREBRAL INFARCTION W MCC,6209,16764.0
CA,066 - INTRACRANIAL HEMORRHAGE OR CEREBRAL INFARCTION W/O CC/MCC,2824,7540.0
CA,189 - PULMONARY EDEMA & RESPIRATORY FAILURE,7553,11346.0
CA,208 - RESPIRATORY SYSTEM DIAGNOSIS W VENTILATOR SUPPORT <96 HOURS,3365,21742.0
CA,252 - OTHER VASCULAR PROCEDURES W MCC,2216,31660.0
CA,312 - SYNCOPE & COLLAPSE,5082,7598.0
CA,470 - MAJOR JOINT REPLACEMENT OR REATTACHMENT OF LOWER EXTREMITY W/O MCC,31624,18285.0
CA,638 - DIABETES W CC,2436,8272.0
CA,177 - RESPIRATORY INFECTIONS & INFLAMMATIONS W MCC,5551,17140.0
CA,178 - RESPIRATORY INFECTIONS & INFLAMMATIONS W CC,2555,12663.0
CA,192 - CHRONIC OBSTRUCTIVE PULMONARY DISEASE W/O CC/MCC,2524,7061.0
CA,195 - SIMPLE PNEUMONIA & PLEURISY W/O CC/MCC,2479,6713.0
CA,202 - BRONCHITIS & ASTHMA W CC/MCC,1613,8456.0
CA,207 - RESPIRATORY SYSTEM DIAGNOSIS W VENTILATOR SUPPORT 96+ HOURS,1362,48580.0
CA,220 - CARDIAC VALVE & OTH MAJ CARDIOTHORACIC PROC W/O CARD CATH W CC,1250,51061.0
CA,237 - MAJOR CARDIOVASC PROCEDURES W MCC,888,55677.0
CA,238 - MAJOR CARDIOVASC PROCEDURES W/O MCC,1559,31623.0
CA,242 - PERMANENT CARDIAC PACEMAKER IMPLANT W MCC,748,31657.0
CA,243 - PERMANENT CARDIAC PACEMAKER IMPLANT W CC,1376,22586.0
CA,244 - PERMANENT CARDIAC PACEMAKER IMPLANT W/O CC/MCC,610,17912.0
CA,246 - PERC CARDIOVASC PROC W DRUG-ELUTING STENT W MCC OR 4+ VESSELS/STENTS,2427,30486.0
CA,247 - PERC CARDIOVASC PROC W DRUG-ELUTING STENT W/O MCC,4860,18633.0
CA,250 - PERC CARDIOVASC PROC W/O CORONARY ARTERY STENT W MCC,310,38248.0
CA,251 - PERC CARDIOVASC PROC W/O CORONARY ARTERY STENT W/O MCC,1025,20404.0
CA,253 - OTHER VASCULAR PROCEDURES W CC,1555,24763.0
CA,254 - OTHER VASCULAR PROCEDURES W/O CC/MCC,371,16287.0
CA,264 - OTHER CIRCULATORY SYSTEM O.R. PROCEDURES,574,27258.0
CA,266 - ENDOVASCULAR CARDIAC VALVE REPLACEMENT W MCC,540,78944.0
CA,267 - ENDOVASCULAR CARDIAC VALVE REPLACEMENT W/O MCC,786,61237.0
CA,"280 - ACUTE MYOCARDIAL INFARCTION, DISCHARGED ALIVE W MCC",4595,15085.0
CA,"287 - CIRCULATORY DISORDERS EXCEPT AMI, W CARD CATH W/O MCC",3737,11005.0
CA,293 - HEART FAILURE & SHOCK W/O CC/MCC,2622,6717.0
CA,308 - CARDIAC ARRHYTHMIA & CONDUCTION DISORDERS W MCC,4430,11391.0
CA,309 - CARDIAC ARRHYTHMIA & CONDUCTION DISORDERS W CC,5356,7576.0
CA,310 - CARDIAC ARRHYTHMIA & CONDUCTION DISORDERS W/O CC/MCC,3197,5656.0
CA,330 - MAJOR SMALL & LARGE BOWEL PROCEDURES W CC,2882,23432.0
CA,377 - G.I. HEMORRHAGE W MCC,4466,16163.0
CA,379 - G.I. HEMORRHAGE W/O CC/MCC,963,6512.0
CA,389 - G.I. OBSTRUCTION W CC,3471,8315.0
CA,394 - OTHER DIGESTIVE SYSTEM DIAGNOSES W CC,2763,9275.0
CA,432 - CIRRHOSIS & ALCOHOLIC HEPATITIS W MCC,423,22917.0
CA,460 - SPINAL FUSION EXCEPT CERVICAL W/O MCC,4443,35300.0
CA,467 - REVISION OF HIP OR KNEE REPLACEMENT W CC,1080,30747.0
CA,481 - HIP & FEMUR PROCEDURES EXCEPT MAJOR JOINT W CC,5375,16714.0
CA,516 - OTHER MUSCULOSKELET SYS & CONN TISS O.R. PROC W CC,273,19473.0
CA,519 - BACK & NECK PROC EXC SPINAL FUSION W CC,672,16473.0
CA,520 - BACK & NECK PROC EXC SPINAL FUSION W/O CC/MCC,1588,10964.0
CA,552 - MEDICAL BACK PROBLEMS W/O MCC,3889,8135.0
CA,812 - RED BLOOD CELL DISORDERS W/O MCC,3611,8335.0
CA,870 - SEPTICEMIA OR SEVERE SEPSIS W MV >96 HOURS,3644,53195.0
CA,070 - NONSPECIFIC CEREBROVASCULAR DISORDERS W MCC,668,14940.0
CA,100 - SEIZURES W MCC,1207,15094.0
CA,305 - HYPERTENSION W/O MCC,607,6301.0
CA,393 - OTHER DIGESTIVE SYSTEM DIAGNOSES W MCC,1344,16701.0
CA,438 - DISORDERS OF PANCREAS EXCEPT MALIGNANCY W MCC,459,17495.0
CA,"441 - DISORDERS OF LIVER EXCEPT MALIG,CIRR,ALC HEPA W MCC",1495,21345.0
CA,811 - RED BLOOD CELL DISORDERS W MCC,1393,12559.0
CA,885 - PSYCHOSES,7238,11576.0
CA,884 - ORGANIC DISTURBANCES & MENTAL RETARDATION,397,13896.0
CA,948 - SIGNS & SYMPTOMS W/O MCC,1876,7651.0
CA,"004 - TRACH W MV 96+ HRS OR PDX EXC FACE, MOUTH & NECK W/O MAJ O.R.",677,98869.0
CA,074 - CRANIAL & PERIPHERAL NERVE DISORDERS W/O MCC,796,8812.0
CA,092 - OTHER DISORDERS OF NERVOUS SYSTEM W CC,868,8338.0
CA,203 - BRONCHITIS & ASTHMA W/O CC/MCC,188,6940.0
CA,"281 - ACUTE MYOCARDIAL INFARCTION, DISCHARGED ALIVE W CC",2110,9618.0
CA,482 - HIP & FEMUR PROCEDURES EXCEPT MAJOR JOINT W/O CC/MCC,1151,14070.0
CA,517 - OTHER MUSCULOSKELET SYS & CONN TISS O.R. PROC W/O CC/MCC,59,18532.0
CA,"563 - FX, SPRN, STRN & DISL EXCEPT FEMUR, HIP, PELVIS & THIGH W/O MCC",1187,7627.0
CA,684 - RENAL FAILURE W/O CC/MCC,489,5880.0
CA,981 - EXTENSIVE O.R. PROCEDURE UNRELATED TO PRINCIPAL DIAGNOSIS W MCC,892,49270.0
CA,227 - CARDIAC DEFIBRILLATOR IMPLANT W/O CARDIAC CATH W/O MCC,90,54446.0
CA,101 - SEIZURES W/O MCC,2005,7997.0
CA,299 - PERIPHERAL VASCULAR DISORDERS W MCC,637,14346.0
CA,439 - DISORDERS OF PANCREAS EXCEPT MALIGNANCY W CC,974,9892.0
CA,"442 - DISORDERS OF LIVER EXCEPT MALIG,CIRR,ALC HEPA W CC",1090,10308.0
CA,480 - HIP & FEMUR PROCEDURES EXCEPT MAJOR JOINT W MCC,1530,25199.0
CA,556 - SIGNS & SYMPTOMS OF MUSCULOSKELETAL SYSTEM & CONN TISSUE W/O MCC,229,7350.0
CA,"558 - TENDONITIS, MYOSITIS & BURSITIS W/O MCC",145,7612.0
CA,637 - DIABETES W MCC,899,12960.0
CA,"894 - ALCOHOL/DRUG ABUSE OR DEPENDENCE, LEFT AMA",114,9716.0
CA,896 - ALCOHOL/DRUG ABUSE OR DEPENDENCE W/O REHABILITATION THERAPY W MCC,139,14286.0
CA,897 - ALCOHOL/DRUG ABUSE OR DEPENDENCE W/O REHABILITATION THERAPY W/O MCC,1747,8778.0
CA,372 - MAJOR GASTROINTESTINAL DISORDERS & PERITONEAL INFECTIONS W CC,1463,10469.0
CA,483 - MAJOR JOINT/LIMB REATTACHMENT PROCEDURE OF UPPER EXTREMITIES,2340,21549.0
CA,496 - LOCAL EXCISION & REMOVAL INT FIX DEVICES EXC HIP & FEMUR W CC,43,19921.0
CA,057 - DEGENERATIVE NERVOUS SYSTEM DISORDERS W/O MCC,988,10928.0
CA,846 - CHEMOTHERAPY W/O ACUTE LEUKEMIA AS SECONDARY DIAGNOSIS W MCC,270,33659.0
CA,847 - CHEMOTHERAPY W/O ACUTE LEUKEMIA AS SECONDARY DIAGNOSIS W CC,1179,13966.0
CA,"003 - ECMO OR TRACH W MV >96 HRS OR PDX EXC FACE, MOUTH & NECK W MAJ O.R.",568,229098.0
CA,005 - LIVER TRANSPLANT W MCC OR INTESTINAL TRANSPLANT,115,204615.0
CA,023 - CRANIO W MAJOR DEV IMPL/ACUTE COMPLEX CNS PDX W MCC OR CHEMO IMPLANT,415,58540.0
CA,025 - CRANIOTOMY & ENDOVASCULAR INTRACRANIAL PROCEDURES W MCC,1306,43811.0
CA,026 - CRANIOTOMY & ENDOVASCULAR INTRACRANIAL PROCEDURES W CC,378,32655.0
CA,027 - CRANIOTOMY & ENDOVASCULAR INTRACRANIAL PROCEDURES W/O CC/MCC,602,25651.0
CA,164 - MAJOR CHEST PROCEDURES W CC,800,25247.0
CA,165 - MAJOR CHEST PROCEDURES W/O CC/MCC,396,17792.0
CA,196 - INTERSTITIAL LUNG DISEASE W MCC,77,17408.0
CA,205 - OTHER RESPIRATORY SYSTEM DIAGNOSES W MCC,193,23003.0
CA,216 - CARDIAC VALVE & OTH MAJ CARDIOTHORACIC PROC W CARD CATH W MCC,246,101860.0
CA,219 - CARDIAC VALVE & OTH MAJ CARDIOTHORACIC PROC W/O CARD CATH W MCC,1042,84128.0
CA,235 - CORONARY BYPASS W/O CARDIAC CATH W MCC,183,58953.0
CA,"286 - CIRCULATORY DISORDERS EXCEPT AMI, W CARD CATH W MCC",1297,23184.0
CA,315 - OTHER CIRCULATORY SYSTEM DIAGNOSES W CC,523,10668.0
CA,"326 - STOMACH, ESOPHAGEAL & DUODENAL PROC W MCC",230,71199.0
CA,"327 - STOMACH, ESOPHAGEAL & DUODENAL PROC W CC",329,31440.0
CA,"328 - STOMACH, ESOPHAGEAL & DUODENAL PROC W/O CC/MCC",365,15901.0
CA,329 - MAJOR SMALL & LARGE BOWEL PROCEDURES W MCC,1919,48899.0
CA,331 - MAJOR SMALL & LARGE BOWEL PROCEDURES W/O CC/MCC,898,15683.0
CA,336 - PERITONEAL ADHESIOLYSIS W CC,303,23807.0
CA,"405 - PANCREAS, LIVER & SHUNT PROCEDURES W MCC",201,78284.0
CA,"406 - PANCREAS, LIVER & SHUNT PROCEDURES W CC",301,36922.0
CA,435 - MALIGNANCY OF HEPATOBILIARY SYSTEM OR PANCREAS W MCC,522,20115.0
CA,445 - DISORDERS OF THE BILIARY TRACT W CC,521,10323.0
CA,457 - SPINAL FUS EXC CERV W SPINAL CURV/MALIG/INFEC OR EXT FUS W CC,223,77686.0
CA,"464 - WND DEBRID & SKN GRFT EXC HAND, FOR MUSCULO-CONN TISS DIS W CC",188,33661.0
CA,469 - MAJOR JOINT REPLACEMENT OR REATTACHMENT OF LOWER EXTREMITY W MCC,1277,27822.0
CA,472 - CERVICAL SPINAL FUSION W CC,653,28194.0
CA,473 - CERVICAL SPINAL FUSION W/O CC/MCC,1257,20199.0
CA,621 - O.R. PROCEDURES FOR OBESITY W/O CC/MCC,516,14574.0
CA,652 - KIDNEY TRANSPLANT,1055,42371.0
CA,654 - MAJOR BLADDER PROCEDURES W CC,161,35432.0
CA,656 - KIDNEY & URETER PROCEDURES FOR NEOPLASM W MCC,70,50841.0
CA,657 - KIDNEY & URETER PROCEDURES FOR NEOPLASM W CC,238,23394.0
CA,658 - KIDNEY & URETER PROCEDURES FOR NEOPLASM W/O CC/MCC,154,17914.0
CA,660 - KIDNEY & URETER PROCEDURES FOR NON-NEOPLASM W CC,348,20515.0
CA,661 - KIDNEY & URETER PROCEDURES FOR NON-NEOPLASM W/O CC/MCC,81,16187.0
CA,698 - OTHER KIDNEY & URINARY TRACT DIAGNOSES W MCC,3032,14784.0
CA,699 - OTHER KIDNEY & URINARY TRACT DIAGNOSES W CC,1549,10562.0
CA,707 - MAJOR MALE PELVIC PROCEDURES W CC/MCC,183,20627.0
CA,708 - MAJOR MALE PELVIC PROCEDURES W/O CC/MCC,962,13686.0
CA,857 - POSTOPERATIVE OR POST-TRAUMATIC INFECTIONS W O.R. PROC W CC,152,23399.0
CA,907 - OTHER O.R. PROCEDURES FOR INJURIES W MCC,146,53359.0
CA,908 - OTHER O.R. PROCEDURES FOR INJURIES W CC,115,25689.0
CA,920 - COMPLICATIONS OF TREATMENT W CC,340,12694.0
CA,149 - DYSEQUILIBRIUM,500,6205.0
CA,206 - OTHER RESPIRATORY SYSTEM DIAGNOSES W/O MCC,401,9441.0
CA,303 - ATHEROSCLEROSIS W/O MCC,390,5906.0
CA,311 - ANGINA PECTORIS,136,5376.0
CA,917 - POISONING & TOXIC EFFECTS OF DRUGS W MCC,1879,13474.0
CA,974 - HIV W MAJOR RELATED CONDITION W MCC,149,34371.0
CA,001 - HEART TRANSPLANT OR IMPLANT OF HEART ASSIST SYSTEM W MCC,155,356245.0
CA,007 - LUNG TRANSPLANT,57,136421.0
CA,016 - AUTOLOGOUS BONE MARROW TRANSPLANT W CC/MCC,104,77515.0
CA,029 - SPINAL PROCEDURES W CC OR SPINAL NEUROSTIMULATORS,49,38085.0
CA,033 - VENTRICULAR SHUNT PROCEDURES W/O CC/MCC,71,15971.0
CA,038 - EXTRACRANIAL PROCEDURES W CC,293,14409.0
CA,039 - EXTRACRANIAL PROCEDURES W/O CC/MCC,1310,9583.0
CA,040 - PERIPH/CRANIAL NERVE & OTHER NERV SYST PROC W MCC,49,48599.0
CA,041 - PERIPH/CRANIAL NERVE & OTHER NERV SYST PROC W CC OR PERIPH NEUROSTIM,94,21240.0
CA,054 - NERVOUS SYSTEM NEOPLASMS W MCC,448,14082.0
CA,056 - DEGENERATIVE NERVOUS SYSTEM DISORDERS W MCC,202,18874.0
CA,062 - ACUTE ISCHEMIC STROKE W USE OF THROMBOLYTIC AGENT W CC,125,15134.0
CA,073 - CRANIAL & PERIPHERAL NERVE DISORDERS W MCC,362,11739.0
CA,"085 - TRAUMATIC STUPOR & COMA, COMA <1 HR W MCC",645,20627.0
CA,"086 - TRAUMATIC STUPOR & COMA, COMA <1 HR W CC",888,10992.0
CA,"087 - TRAUMATIC STUPOR & COMA, COMA <1 HR W/O CC/MCC",517,8333.0
CA,091 - OTHER DISORDERS OF NERVOUS SYSTEM W MCC,556,15017.0
CA,103 - HEADACHES W/O MCC,126,9213.0
CA,152 - OTITIS MEDIA & URI W MCC,47,10752.0
CA,153 - OTITIS MEDIA & URI W/O MCC,510,7377.0
CA,163 - MAJOR CHEST PROCEDURES W MCC,336,52006.0
CA,166 - OTHER RESP SYSTEM O.R. PROCEDURES W MCC,373,37372.0
CA,167 - OTHER RESP SYSTEM O.R. PROCEDURES W CC,110,18886.0
CA,175 - PULMONARY EMBOLISM W MCC,435,13608.0
CA,176 - PULMONARY EMBOLISM W/O MCC,1260,9132.0
CA,180 - RESPIRATORY NEOPLASMS W MCC,563,16465.0
CA,181 - RESPIRATORY NEOPLASMS W CC,286,12708.0
CA,186 - PLEURAL EFFUSION W MCC,128,14247.0
CA,229 - OTHER CARDIOTHORACIC PROCEDURES W CC,61,43602.0
CA,233 - CORONARY BYPASS W CARDIAC CATH W MCC,493,69256.0
CA,236 - CORONARY BYPASS W/O CARDIAC CATH W/O MCC,671,35227.0
CA,"282 - ACUTE MYOCARDIAL INFARCTION, DISCHARGED ALIVE W/O CC/MCC",502,7170.0
CA,"283 - ACUTE MYOCARDIAL INFARCTION, EXPIRED W MCC",166,16395.0
CA,335 - PERITONEAL ADHESIOLYSIS W MCC,53,45167.0
CA,354 - HERNIA PROCEDURES EXCEPT INGUINAL & FEMORAL W CC,105,19381.0
CA,355 - HERNIA PROCEDURES EXCEPT INGUINAL & FEMORAL W/O CC/MCC,74,12056.0
CA,356 - OTHER DIGESTIVE SYSTEM O.R. PROCEDURES W MCC,52,39890.0
CA,357 - OTHER DIGESTIVE SYSTEM O.R. PROCEDURES W CC,44,22877.0
CA,371 - MAJOR GASTROINTESTINAL DISORDERS & PERITONEAL INFECTIONS W MCC,689,17867.0
CA,374 - DIGESTIVE MALIGNANCY W MCC,208,24690.0
CA,375 - DIGESTIVE MALIGNANCY W CC,450,12181.0
CA,381 - COMPLICATED PEPTIC ULCER W CC,33,9784.0
CA,388 - G.I. OBSTRUCTION W MCC,617,14849.0
CA,390 - G.I. OBSTRUCTION W/O CC/MCC,1697,6012.0
CA,395 - OTHER DIGESTIVE SYSTEM DIAGNOSES W/O CC/MCC,79,6524.0
CA,417 - LAPAROSCOPIC CHOLECYSTECTOMY W/O C.D.E. W MCC,765,21624.0
CA,418 - LAPAROSCOPIC CHOLECYSTECTOMY W/O C.D.E. W CC,849,14465.0
CA,419 - LAPAROSCOPIC CHOLECYSTECTOMY W/O C.D.E. W/O CC/MCC,552,10657.0
CA,436 - MALIGNANCY OF HEPATOBILIARY SYSTEM OR PANCREAS W CC,124,12113.0
CA,440 - DISORDERS OF PANCREAS EXCEPT MALIGNANCY W/O CC/MCC,243,6572.0
CA,444 - DISORDERS OF THE BILIARY TRACT W MCC,325,16964.0
CA,453 - COMBINED ANTERIOR/POSTERIOR SPINAL FUSION W MCC,81,110734.0
CA,454 - COMBINED ANTERIOR/POSTERIOR SPINAL FUSION W CC,643,75678.0
CA,455 - COMBINED ANTERIOR/POSTERIOR SPINAL FUSION W/O CC/MCC,333,57452.0
CA,459 - SPINAL FUSION EXCEPT CERVICAL W MCC,78,65312.0
CA,462 - BILATERAL OR MULTIPLE MAJOR JOINT PROCS OF LOWER EXTREMITY W/O MCC,359,31348.0
CA,"463 - WND DEBRID & SKN GRFT EXC HAND, FOR MUSCULO-CONN TISS DIS W MCC",48,69984.0
CA,466 - REVISION OF HIP OR KNEE REPLACEMENT W MCC,62,53052.0
CA,468 - REVISION OF HIP OR KNEE REPLACEMENT W/O CC/MCC,795,24598.0
CA,478 - BIOPSIES OF MUSCULOSKELETAL SYSTEM & CONNECTIVE TISSUE W CC,85,19894.0
CA,"493 - LOWER EXTREM & HUMER PROC EXCEPT HIP,FOOT,FEMUR W CC",697,18837.0
CA,"494 - LOWER EXTREM & HUMER PROC EXCEPT HIP,FOOT,FEMUR W/O CC/MCC",395,14641.0
CA,518 - BACK & NECK PROC EXC SPINAL FUSION W MCC OR DISC DEVICE/NEUROSTIM,71,25787.0
CA,536 - FRACTURES OF HIP & PELVIS W/O MCC,1428,6667.0
CA,543 - PATHOLOGICAL FRACTURES & MUSCULOSKELET & CONN TISS MALIG W CC,338,10760.0
CA,551 - MEDICAL BACK PROBLEMS W MCC,443,13990.0
CA,554 - BONE DISEASES & ARTHROPATHIES W/O MCC,92,6938.0
CA,"562 - FX, SPRN, STRN & DISL EXCEPT FEMUR, HIP, PELVIS & THIGH W MCC",54,11529.0
CA,"581 - OTHER SKIN, SUBCUT TISS & BREAST PROC W/O CC/MCC",56,12079.0
CA,"605 - TRAUMA TO THE SKIN, SUBCUT TISS & BREAST W/O MCC",408,7842.0
CA,639 - DIABETES W/O CC/MCC,121,6737.0
CA,643 - ENDOCRINE DISORDERS W MCC,154,16079.0
CA,644 - ENDOCRINE DISORDERS W CC,275,10149.0
CA,659 - KIDNEY & URETER PROCEDURES FOR NON-NEOPLASM W MCC,85,41240.0
CA,669 - TRANSURETHRAL PROCEDURES W CC,227,11472.0
CA,673 - OTHER KIDNEY & URINARY TRACT PROCEDURES W MCC,95,40597.0
CA,694 - URINARY STONES W/O ESW LITHOTRIPSY W/O MCC,118,6830.0
CA,713 - TRANSURETHRAL PROSTATECTOMY W CC/MCC,57,16404.0
CA,714 - TRANSURETHRAL PROSTATECTOMY W/O CC/MCC,90,7642.0
CA,742 - UTERINE & ADNEXA PROC FOR NON-MALIGNANCY W CC/MCC,82,17481.0
CA,743 - UTERINE & ADNEXA PROC FOR NON-MALIGNANCY W/O CC/MCC,300,9555.0
CA,809 - MAJOR HEMATOL/IMMUN DIAG EXC SICKLE CELL CRISIS & COAGUL W CC,405,12342.0
CA,840 - LYMPHOMA & NON-ACUTE LEUKEMIA W MCC,174,44964.0
CA,841 - LYMPHOMA & NON-ACUTE LEUKEMIA W CC,157,19578.0
CA,854 - INFECTIOUS & PARASITIC DISEASES W O.R. PROCEDURE W CC,660,20876.0
CA,856 - POSTOPERATIVE OR POST-TRAUMATIC INFECTIONS W O.R. PROC W MCC,58,59542.0
CA,862 - POSTOPERATIVE & POST-TRAUMATIC INFECTIONS W MCC,218,20837.0
CA,863 - POSTOPERATIVE & POST-TRAUMATIC INFECTIONS W/O MCC,280,10512.0
CA,864 - FEVER,143,9107.0
CA,865 - VIRAL ILLNESS W MCC,77,16600.0
CA,918 - POISONING & TOXIC EFFECTS OF DRUGS W/O MCC,614,7058.0
CA,919 - COMPLICATIONS OF TREATMENT W MCC,450,19642.0
CA,947 - SIGNS & SYMPTOMS W MCC,194,11483.0
CA,975 - HIV W MAJOR RELATED CONDITION W CC,64,19116.0
CA,982 - EXTENSIVE O.R. PROCEDURE UNRELATED TO PRINCIPAL DIAGNOSIS W CC,333,25477.0
CA,"012 - TRACHEOSTOMY FOR FACE,MOUTH & NECK DIAGNOSES W CC",65,46149.0
CA,024 - CRANIO W MAJOR DEV IMPL/ACUTE COMPLEX CNS PDX W/O MCC,85,38674.0
CA,129 - MAJOR HEAD & NECK PROCEDURES W CC/MCC OR MAJOR DEVICE,52,37394.0
CA,"134 - OTHER EAR, NOSE, MOUTH & THROAT O.R. PROCEDURES W/O CC/MCC",44,14651.0
CA,834 - ACUTE LEUKEMIA W/O MAJOR O.R. PROCEDURE W MCC,72,112475.0
CA,837 - CHEMO W ACUTE LEUKEMIA AS SDX OR W HIGH DOSE CHEMO AGENT W MCC,100,98917.0
CA,620 - O.R. PROCEDURES FOR OBESITY W CC,56,22448.0
CA,302 - ATHEROSCLEROSIS W MCC,43,8196.0
CA,895 - ALCOHOL/DRUG ABUSE OR DEPENDENCE W REHABILITATION THERAPY,412,9862.0
CA,204 - RESPIRATORY SIGNS & SYMPTOMS,173,7001.0
CA,808 - MAJOR HEMATOL/IMMUN DIAG EXC SICKLE CELL CRISIS & COAGUL W MCC,51,33721.0
CA,248 - PERC CARDIOVASC PROC W NON-DRUG-ELUTING STENT W MCC OR 4+ VES/STENTS,85,26929.0
CA,249 - PERC CARDIOVASC PROC W NON-DRUG-ELUTING STENT W/O MCC,252,15593.0
CA,234 - CORONARY BYPASS W CARDIAC CATH W/O MCC,568,42365.0
CA,301 - PERIPHERAL VASCULAR DISORDERS W/O CC/MCC,59,7208.0
CA,"617 - AMPUTAT OF LOWER LIMB FOR ENDOCRINE,NUTRIT,& METABOL DIS W CC",88,16541.0
CA,093 - OTHER DISORDERS OF NERVOUS SYSTEM W/O CC/MCC,49,7447.0
CA,"923 - OTHER INJURY, POISONING & TOXIC EFFECT DIAG W/O MCC",64,8450.0
CA,184 - MAJOR CHEST TRAUMA W CC,111,9592.0
CA,036 - CAROTID ARTERY STENT PROCEDURE W/O CC/MCC,72,14117.0
CA,535 - FRACTURES OF HIP & PELVIS W MCC,69,9673.0
CA,221 - CARDIAC VALVE & OTH MAJ CARDIOTHORACIC PROC W/O CARD CATH W/O CC/MCC,59,41994.0
CA,775 - VAGINAL DELIVERY W/O COMPLICATING DIAGNOSES,49,6818.0
CA,881 - DEPRESSIVE NEUROSES,107,5750.0
CA,882 - NEUROSES EXCEPT DEPRESSIVE,86,5777.0
HI,064 - INTRACRANIAL HEMORRHAGE OR CEREBRAL INFARCTION W MCC,245,17879.0
HI,065 - INTRACRANIAL HEMORRHAGE OR CEREBRAL INFARCTION W CC OR TPA IN 24 HRS,344,11220.0
HI,066 - INTRACRANIAL HEMORRHAGE OR CEREBRAL INFARCTION W/O CC/MCC,125,8616.0
HI,177 - RESPIRATORY INFECTIONS & INFLAMMATIONS W MCC,160,19069.0
HI,178 - RESPIRATORY INFECTIONS & INFLAMMATIONS W CC,84,13932.0
HI,189 - PULMONARY EDEMA & RESPIRATORY FAILURE,146,13633.0
HI,190 - CHRONIC OBSTRUCTIVE PULMONARY DISEASE W MCC,150,12098.0
HI,191 - CHRONIC OBSTRUCTIVE PULMONARY DISEASE W CC,92,10080.0
HI,192 - CHRONIC OBSTRUCTIVE PULMONARY DISEASE W/O CC/MCC,64,8021.0
HI,193 - SIMPLE PNEUMONIA & PLEURISY W MCC,320,15347.0
HI,194 - SIMPLE PNEUMONIA & PLEURISY W CC,328,10242.0
HI,208 - RESPIRATORY SYSTEM DIAGNOSIS W VENTILATOR SUPPORT <96 HOURS,128,23538.0
HI,246 - PERC CARDIOVASC PROC W DRUG-ELUTING STENT W MCC OR 4+ VESSELS/STENTS,105,27986.0
HI,247 - PERC CARDIOVASC PROC W DRUG-ELUTING STENT W/O MCC,161,20649.0
HI,"280 - ACUTE MYOCARDIAL INFARCTION, DISCHARGED ALIVE W MCC",276,16792.0
HI,"281 - ACUTE MYOCARDIAL INFARCTION, DISCHARGED ALIVE W CC",114,10208.0
HI,"282 - ACUTE MYOCARDIAL INFARCTION, DISCHARGED ALIVE W/O CC/MCC",55,9817.0
HI,"287 - CIRCULATORY DISORDERS EXCEPT AMI, W CARD CATH W/O MCC",66,12541.0
HI,291 - HEART FAILURE & SHOCK W MCC,437,14638.0
HI,292 - HEART FAILURE & SHOCK W CC,434,10432.0
HI,293 - HEART FAILURE & SHOCK W/O CC/MCC,52,8559.0
HI,308 - CARDIAC ARRHYTHMIA & CONDUCTION DISORDERS W MCC,110,11348.0
HI,312 - SYNCOPE & COLLAPSE,131,8149.0
HI,329 - MAJOR SMALL & LARGE BOWEL PROCEDURES W MCC,51,48693.0
HI,330 - MAJOR SMALL & LARGE BOWEL PROCEDURES W CC,96,28549.0
HI,377 - G.I. HEMORRHAGE W MCC,183,17530.0
HI,378 - G.I. HEMORRHAGE W CC,406,10037.0
HI,389 - G.I. OBSTRUCTION W CC,105,9012.0
HI,390 - G.I. OBSTRUCTION W/O CC/MCC,100,6747.0
HI,"392 - ESOPHAGITIS, GASTROENT & MISC DIGEST DISORDERS W/O MCC",186,8277.0
HI,394 - OTHER DIGESTIVE SYSTEM DIAGNOSES W CC,44,11752.0
HI,460 - SPINAL FUSION EXCEPT CERVICAL W/O MCC,83,36625.0
HI,470 - MAJOR JOINT REPLACEMENT OR REATTACHMENT OF LOWER EXTREMITY W/O MCC,933,20280.0
HI,481 - HIP & FEMUR PROCEDURES EXCEPT MAJOR JOINT W CC,183,18572.0
HI,603 - CELLULITIS W/O MCC,306,9439.0
HI,"640 - MISC DISORDERS OF NUTRITION,METABOLISM,FLUIDS/ELECTROLYTES W MCC",117,11520.0
HI,"641 - MISC DISORDERS OF NUTRITION,METABOLISM,FLUIDS/ELECTROLYTES W/O MCC",248,7460.0
HI,682 - RENAL FAILURE W MCC,149,15118.0
HI,683 - RENAL FAILURE W CC,224,10154.0
HI,690 - KIDNEY & URINARY TRACT INFECTIONS W/O MCC,173,8543.0
HI,708 - MAJOR MALE PELVIC PROCEDURES W/O CC/MCC,60,13927.0
HI,853 - INFECTIOUS & PARASITIC DISEASES W O.R. PROCEDURE W MCC,248,57724.0
HI,871 - SEPTICEMIA OR SEVERE SEPSIS W/O MV 96+ HOURS W MCC,1762,17944.0
HI,872 - SEPTICEMIA OR SEVERE SEPSIS W/O MV >96 HOURS W/O MCC,594,11275.0
HI,309 - CARDIAC ARRHYTHMIA & CONDUCTION DISORDERS W CC,110,9185.0
HI,310 - CARDIAC ARRHYTHMIA & CONDUCTION DISORDERS W/O CC/MCC,85,6431.0
HI,314 - OTHER CIRCULATORY SYSTEM DIAGNOSES W MCC,49,20147.0
HI,552 - MEDICAL BACK PROBLEMS W/O MCC,83,9443.0
HI,885 - PSYCHOSES,420,10744.0
HI,238 - MAJOR CARDIOVASC PROCEDURES W/O MCC,48,36678.0
HI,897 - ALCOHOL/DRUG ABUSE OR DEPENDENCE W/O REHABILITATION THERAPY W/O MCC,53,8306.0
HI,180 - RESPIRATORY NEOPLASMS W MCC,21,24471.0
HI,652 - KIDNEY TRANSPLANT,33,36161.0
HI,854 - INFECTIOUS & PARASITIC DISEASES W O.R. PROCEDURE W CC,21,23980.0
OR,065 - INTRACRANIAL HEMORRHAGE OR CEREBRAL INFARCTION W CC OR TPA IN 24 HRS,816,8540.0
OR,247 - PERC CARDIOVASC PROC W DRUG-ELUTING STENT W/O MCC,704,16644.0
OR,871 - SEPTICEMIA OR SEVERE SEPSIS W/O MV 96+ HOURS W MCC,4520,14140.0
OR,872 - SEPTICEMIA OR SEVERE SEPSIS W/O MV >96 HOURS W/O MCC,1234,8536.0
OR,064 - INTRACRANIAL HEMORRHAGE OR CEREBRAL INFARCTION W MCC,606,14082.0
OR,176 - PULMONARY EMBOLISM W/O MCC,154,7496.0
OR,189 - PULMONARY EDEMA & RESPIRATORY FAILURE,1301,9758.0
OR,190 - CHRONIC OBSTRUCTIVE PULMONARY DISEASE W MCC,739,9147.0
OR,191 - CHRONIC OBSTRUCTIVE PULMONARY DISEASE W CC,455,7561.0
OR,193 - SIMPLE PNEUMONIA & PLEURISY W MCC,1002,10907.0
OR,194 - SIMPLE PNEUMONIA & PLEURISY W CC,885,7633.0
OR,"280 - ACUTE MYOCARDIAL INFARCTION, DISCHARGED ALIVE W MCC",679,13411.0
OR,"287 - CIRCULATORY DISORDERS EXCEPT AMI, W CARD CATH W/O MCC",443,9925.0
OR,291 - HEART FAILURE & SHOCK W MCC,1633,11908.0
OR,292 - HEART FAILURE & SHOCK W CC,1346,7911.0
OR,308 - CARDIAC ARRHYTHMIA & CONDUCTION DISORDERS W MCC,532,9726.0
OR,309 - CARDIAC ARRHYTHMIA & CONDUCTION DISORDERS W CC,607,6493.0
OR,312 - SYNCOPE & COLLAPSE,371,6398.0
OR,378 - G.I. HEMORRHAGE W CC,1010,8151.0
OR,389 - G.I. OBSTRUCTION W CC,342,7227.0
OR,390 - G.I. OBSTRUCTION W/O CC/MCC,170,4986.0
OR,"392 - ESOPHAGITIS, GASTROENT & MISC DIGEST DISORDERS W/O MCC",1092,6289.0
OR,470 - MAJOR JOINT REPLACEMENT OR REATTACHMENT OF LOWER EXTREMITY W/O MCC,4993,16480.0
OR,481 - HIP & FEMUR PROCEDURES EXCEPT MAJOR JOINT W CC,600,15098.0
OR,603 - CELLULITIS W/O MCC,766,6915.0
OR,"640 - MISC DISORDERS OF NUTRITION,METABOLISM,FLUIDS/ELECTROLYTES W MCC",451,9300.0
OR,"641 - MISC DISORDERS OF NUTRITION,METABOLISM,FLUIDS/ELECTROLYTES W/O MCC",556,6059.0
OR,682 - RENAL FAILURE W MCC,677,11427.0
OR,683 - RENAL FAILURE W CC,797,7589.0
OR,689 - KIDNEY & URINARY TRACT INFECTIONS W MCC,509,8319.0
OR,690 - KIDNEY & URINARY TRACT INFECTIONS W/O MCC,754,6186.0
OR,698 - OTHER KIDNEY & URINARY TRACT DIAGNOSES W MCC,332,11835.0
OR,812 - RED BLOOD CELL DISORDERS W/O MCC,157,6870.0
OR,853 - INFECTIOUS & PARASITIC DISEASES W O.R. PROCEDURE W MCC,474,43772.0
OR,460 - SPINAL FUSION EXCEPT CERVICAL W/O MCC,758,29429.0
OR,066 - INTRACRANIAL HEMORRHAGE OR CEREBRAL INFARCTION W/O CC/MCC,301,6382.0
OR,192 - CHRONIC OBSTRUCTIVE PULMONARY DISEASE W/O CC/MCC,150,5737.0
OR,195 - SIMPLE PNEUMONIA & PLEURISY W/O CC/MCC,183,5406.0
OR,069 - TRANSIENT ISCHEMIA,122,5747.0
OR,246 - PERC CARDIOVASC PROC W DRUG-ELUTING STENT W MCC OR 4+ VESSELS/STENTS,230,24192.0
OR,"281 - ACUTE MYOCARDIAL INFARCTION, DISCHARGED ALIVE W CC",377,8338.0
OR,293 - HEART FAILURE & SHOCK W/O CC/MCC,300,5555.0
OR,310 - CARDIAC ARRHYTHMIA & CONDUCTION DISORDERS W/O CC/MCC,260,4803.0
OR,313 - CHEST PAIN,164,5316.0
OR,330 - MAJOR SMALL & LARGE BOWEL PROCEDURES W CC,393,20915.0
OR,"391 - ESOPHAGITIS, GASTROENT & MISC DIGEST DISORDERS W MCC",254,10343.0
OR,467 - REVISION OF HIP OR KNEE REPLACEMENT W CC,108,27190.0
OR,468 - REVISION OF HIP OR KNEE REPLACEMENT W/O CC/MCC,133,21300.0
OR,473 - CERVICAL SPINAL FUSION W/O CC/MCC,269,17032.0
OR,552 - MEDICAL BACK PROBLEMS W/O MCC,345,7299.0
OR,699 - OTHER KIDNEY & URINARY TRACT DIAGNOSES W CC,131,8068.0
OR,948 - SIGNS & SYMPTOMS W/O MCC,180,6497.0
OR,520 - BACK & NECK PROC EXC SPINAL FUSION W/O CC/MCC,190,9071.0
OR,177 - RESPIRATORY INFECTIONS & INFLAMMATIONS W MCC,375,14885.0
OR,243 - PERMANENT CARDIAC PACEMAKER IMPLANT W CC,192,20337.0
OR,"286 - CIRCULATORY DISORDERS EXCEPT AMI, W CARD CATH W MCC",160,19852.0
OR,377 - G.I. HEMORRHAGE W MCC,403,14024.0
OR,101 - SEIZURES W/O MCC,161,7186.0
OR,219 - CARDIAC VALVE & OTH MAJ CARDIOTHORACIC PROC W/O CARD CATH W MCC,203,62170.0
OR,220 - CARDIAC VALVE & OTH MAJ CARDIOTHORACIC PROC W/O CARD CATH W CC,196,37855.0
OR,235 - CORONARY BYPASS W/O CARDIAC CATH W MCC,111,50269.0
OR,236 - CORONARY BYPASS W/O CARDIAC CATH W/O MCC,169,29199.0
OR,"327 - STOMACH, ESOPHAGEAL & DUODENAL PROC W CC",86,24023.0
OR,"328 - STOMACH, ESOPHAGEAL & DUODENAL PROC W/O CC/MCC",69,13380.0
OR,469 - MAJOR JOINT REPLACEMENT OR REATTACHMENT OF LOWER EXTREMITY W MCC,191,24048.0
OR,480 - HIP & FEMUR PROCEDURES EXCEPT MAJOR JOINT W MCC,210,24791.0
OR,483 - MAJOR JOINT/LIMB REATTACHMENT PROCEDURE OF UPPER EXTREMITIES,490,18284.0
OR,621 - O.R. PROCEDURES FOR OBESITY W/O CC/MCC,141,12867.0
OR,652 - KIDNEY TRANSPLANT,97,37291.0
OR,708 - MAJOR MALE PELVIC PROCEDURES W/O CC/MCC,210,11965.0
OR,025 - CRANIOTOMY & ENDOVASCULAR INTRACRANIAL PROCEDURES W MCC,174,41356.0
OR,039 - EXTRACRANIAL PROCEDURES W/O CC/MCC,248,8471.0
OR,056 - DEGENERATIVE NERVOUS SYSTEM DISORDERS W MCC,56,13630.0
OR,092 - OTHER DISORDERS OF NERVOUS SYSTEM W CC,84,7765.0
OR,100 - SEIZURES W MCC,100,15663.0
OR,164 - MAJOR CHEST PROCEDURES W CC,131,20915.0
OR,175 - PULMONARY EMBOLISM W MCC,76,11533.0
OR,202 - BRONCHITIS & ASTHMA W CC/MCC,61,7163.0
OR,208 - RESPIRATORY SYSTEM DIAGNOSIS W VENTILATOR SUPPORT <96 HOURS,334,19691.0
OR,238 - MAJOR CARDIOVASC PROCEDURES W/O MCC,242,26039.0
OR,242 - PERMANENT CARDIAC PACEMAKER IMPLANT W MCC,96,27964.0
OR,252 - OTHER VASCULAR PROCEDURES W MCC,199,28687.0
OR,253 - OTHER VASCULAR PROCEDURES W CC,343,19972.0
OR,"282 - ACUTE MYOCARDIAL INFARCTION, DISCHARGED ALIVE W/O CC/MCC",142,6062.0
OR,314 - OTHER CIRCULATORY SYSTEM DIAGNOSES W MCC,179,16698.0
OR,329 - MAJOR SMALL & LARGE BOWEL PROCEDURES W MCC,210,41686.0
OR,331 - MAJOR SMALL & LARGE BOWEL PROCEDURES W/O CC/MCC,129,13487.0
OR,388 - G.I. OBSTRUCTION W MCC,60,12251.0
OR,393 - OTHER DIGESTIVE SYSTEM DIAGNOSES W MCC,70,12763.0
OR,394 - OTHER DIGESTIVE SYSTEM DIAGNOSES W CC,197,8395.0
OR,"406 - PANCREAS, LIVER & SHUNT PROCEDURES W CC",56,28461.0
OR,417 - LAPAROSCOPIC CHOLECYSTECTOMY W/O C.D.E. W MCC,67,18011.0
OR,439 - DISORDERS OF PANCREAS EXCEPT MALIGNANCY W CC,98,7721.0
OR,"441 - DISORDERS OF LIVER EXCEPT MALIG,CIRR,ALC HEPA W MCC",109,15290.0
OR,472 - CERVICAL SPINAL FUSION W CC,80,24176.0
OR,"493 - LOWER EXTREM & HUMER PROC EXCEPT HIP,FOOT,FEMUR W CC",125,16929.0
OR,519 - BACK & NECK PROC EXC SPINAL FUSION W CC,115,13440.0
OR,536 - FRACTURES OF HIP & PELVIS W/O MCC,85,5649.0
OR,"563 - FX, SPRN, STRN & DISL EXCEPT FEMUR, HIP, PELVIS & THIGH W/O MCC",65,6240.0
OR,637 - DIABETES W MCC,101,10393.0
OR,638 - DIABETES W CC,186,6891.0
OR,847 - CHEMOTHERAPY W/O ACUTE LEUKEMIA AS SECONDARY DIAGNOSIS W CC,141,11046.0
OR,854 - INFECTIOUS & PARASITIC DISEASES W O.R. PROCEDURE W CC,74,16739.0
OR,907 - OTHER O.R. PROCEDURES FOR INJURIES W MCC,33,31379.0
OR,917 - POISONING & TOXIC EFFECTS OF DRUGS W MCC,233,11265.0
OR,038 - EXTRACRANIAL PROCEDURES W CC,60,11718.0
OR,071 - NONSPECIFIC CEREBROVASCULAR DISORDERS W CC,59,7476.0
OR,091 - OTHER DISORDERS OF NERVOUS SYSTEM W MCC,53,11259.0
OR,165 - MAJOR CHEST PROCEDURES W/O CC/MCC,65,14637.0
OR,233 - CORONARY BYPASS W CARDIAC CATH W MCC,98,55962.0
OR,234 - CORONARY BYPASS W CARDIAC CATH W/O MCC,165,36986.0
OR,237 - MAJOR CARDIOVASC PROCEDURES W MCC,124,48375.0
OR,244 - PERMANENT CARDIAC PACEMAKER IMPLANT W/O CC/MCC,62,15493.0
OR,249 - PERC CARDIOVASC PROC W NON-DRUG-ELUTING STENT W/O MCC,48,13807.0
OR,251 - PERC CARDIOVASC PROC W/O CORONARY ARTERY STENT W/O MCC,64,20397.0
OR,254 - OTHER VASCULAR PROCEDURES W/O CC/MCC,134,12027.0
OR,264 - OTHER CIRCULATORY SYSTEM O.R. PROCEDURES,51,27138.0
OR,266 - ENDOVASCULAR CARDIAC VALVE REPLACEMENT W MCC,93,67209.0
OR,267 - ENDOVASCULAR CARDIAC VALVE REPLACEMENT W/O MCC,53,50279.0
OR,371 - MAJOR GASTROINTESTINAL DISORDERS & PERITONEAL INFECTIONS W MCC,92,14989.0
OR,"442 - DISORDERS OF LIVER EXCEPT MALIG,CIRR,ALC HEPA W CC",96,8208.0
OR,602 - CELLULITIS W MCC,56,10342.0
OR,811 - RED BLOOD CELL DISORDERS W MCC,47,9556.0
OR,885 - PSYCHOSES,459,11129.0
OR,897 - ALCOHOL/DRUG ABUSE OR DEPENDENCE W/O REHABILITATION THERAPY W/O MCC,59,6641.0
OR,981 - EXTENSIVE O.R. PROCEDURE UNRELATED TO PRINCIPAL DIAGNOSIS W MCC,61,50838.0
OR,"086 - TRAUMATIC STUPOR & COMA, COMA <1 HR W CC",77,11654.0
OR,300 - PERIPHERAL VASCULAR DISORDERS W CC,101,8848.0
OR,"494 - LOWER EXTREM & HUMER PROC EXCEPT HIP,FOOT,FEMUR W/O CC/MCC",73,12571.0
OR,014 - ALLOGENEIC BONE MARROW TRANSPLANT,21,124437.0
OR,026 - CRANIOTOMY & ENDOVASCULAR INTRACRANIAL PROCEDURES W CC,63,27306.0
OR,027 - CRANIOTOMY & ENDOVASCULAR INTRACRANIAL PROCEDURES W/O CC/MCC,70,21551.0
OR,057 - DEGENERATIVE NERVOUS SYSTEM DISORDERS W/O MCC,91,8489.0
OR,163 - MAJOR CHEST PROCEDURES W MCC,75,41510.0
OR,178 - RESPIRATORY INFECTIONS & INFLAMMATIONS W CC,145,12689.0
OR,315 - OTHER CIRCULATORY SYSTEM DIAGNOSES W CC,64,8519.0
OR,372 - MAJOR GASTROINTESTINAL DISORDERS & PERITONEAL INFECTIONS W CC,68,9371.0
OR,454 - COMBINED ANTERIOR/POSTERIOR SPINAL FUSION W CC,54,67709.0
OR,455 - COMBINED ANTERIOR/POSTERIOR SPINAL FUSION W/O CC/MCC,47,45401.0
OR,918 - POISONING & TOXIC EFFECTS OF DRUGS W/O MCC,104,6129.0
OR,482 - HIP & FEMUR PROCEDURES EXCEPT MAJOR JOINT W/O CC/MCC,116,12713.0
OR,884 - ORGANIC DISTURBANCES & MENTAL RETARDATION,44,11800.0
WA,064 - INTRACRANIAL HEMORRHAGE OR CEREBRAL INFARCTION W MCC,1556,13221.0
WA,065 - INTRACRANIAL HEMORRHAGE OR CEREBRAL INFARCTION W CC OR TPA IN 24 HRS,1954,8405.0
WA,177 - RESPIRATORY INFECTIONS & INFLAMMATIONS W MCC,1181,13750.0
WA,189 - PULMONARY EDEMA & RESPIRATORY FAILURE,3482,9189.0
WA,190 - CHRONIC OBSTRUCTIVE PULMONARY DISEASE W MCC,1445,8991.0
WA,193 - SIMPLE PNEUMONIA & PLEURISY W MCC,2541,10601.0
WA,194 - SIMPLE PNEUMONIA & PLEURISY W CC,1692,7497.0
WA,208 - RESPIRATORY SYSTEM DIAGNOSIS W VENTILATOR SUPPORT <96 HOURS,1120,17804.0
WA,247 - PERC CARDIOVASC PROC W DRUG-ELUTING STENT W/O MCC,1431,16279.0
WA,"280 - ACUTE MYOCARDIAL INFARCTION, DISCHARGED ALIVE W MCC",1175,12779.0
WA,"281 - ACUTE MYOCARDIAL INFARCTION, DISCHARGED ALIVE W CC",745,7987.0
WA,291 - HEART FAILURE & SHOCK W MCC,4141,11232.0
WA,292 - HEART FAILURE & SHOCK W CC,2736,7574.0
WA,308 - CARDIAC ARRHYTHMIA & CONDUCTION DISORDERS W MCC,1314,9274.0
WA,309 - CARDIAC ARRHYTHMIA & CONDUCTION DISORDERS W CC,1601,6199.0
WA,310 - CARDIAC ARRHYTHMIA & CONDUCTION DISORDERS W/O CC/MCC,973,4649.0
WA,377 - G.I. HEMORRHAGE W MCC,1098,13667.0
WA,378 - G.I. HEMORRHAGE W CC,2633,7723.0
WA,389 - G.I. OBSTRUCTION W CC,990,7031.0
WA,390 - G.I. OBSTRUCTION W/O CC/MCC,431,5069.0
WA,"391 - ESOPHAGITIS, GASTROENT & MISC DIGEST DISORDERS W MCC",649,9443.0
WA,"392 - ESOPHAGITIS, GASTROENT & MISC DIGEST DISORDERS W/O MCC",2199,6249.0
WA,394 - OTHER DIGESTIVE SYSTEM DIAGNOSES W CC,749,7623.0
WA,469 - MAJOR JOINT REPLACEMENT OR REATTACHMENT OF LOWER EXTREMITY W MCC,530,23525.0
WA,470 - MAJOR JOINT REPLACEMENT OR REATTACHMENT OF LOWER EXTREMITY W/O MCC,10291,16603.0
WA,481 - HIP & FEMUR PROCEDURES EXCEPT MAJOR JOINT W CC,1493,14739.0
WA,603 - CELLULITIS W/O MCC,1682,6694.0
WA,"640 - MISC DISORDERS OF NUTRITION,METABOLISM,FLUIDS/ELECTROLYTES W MCC",1186,8722.0
WA,"641 - MISC DISORDERS OF NUTRITION,METABOLISM,FLUIDS/ELECTROLYTES W/O MCC",1347,5913.0
WA,682 - RENAL FAILURE W MCC,2021,11669.0
WA,683 - RENAL FAILURE W CC,2209,7356.0
WA,689 - KIDNEY & URINARY TRACT INFECTIONS W MCC,1280,8425.0
WA,698 - OTHER KIDNEY & URINARY TRACT DIAGNOSES W MCC,913,11919.0
WA,812 - RED BLOOD CELL DISORDERS W/O MCC,687,6870.0
WA,853 - INFECTIOUS & PARASITIC DISEASES W O.R. PROCEDURE W MCC,1152,40869.0
WA,870 - SEPTICEMIA OR SEVERE SEPSIS W MV >96 HOURS,312,47147.0
WA,871 - SEPTICEMIA OR SEVERE SEPSIS W/O MV 96+ HOURS W MCC,11512,13592.0
WA,872 - SEPTICEMIA OR SEVERE SEPSIS W/O MV >96 HOURS W/O MCC,3023,8195.0
WA,039 - EXTRACRANIAL PROCEDURES W/O CC/MCC,434,8260.0
WA,066 - INTRACRANIAL HEMORRHAGE OR CEREBRAL INFARCTION W/O CC/MCC,880,6496.0
WA,069 - TRANSIENT ISCHEMIA,683,5651.0
WA,071 - NONSPECIFIC CEREBROVASCULAR DISORDERS W CC,352,7552.0
WA,191 - CHRONIC OBSTRUCTIVE PULMONARY DISEASE W CC,979,7183.0
WA,192 - CHRONIC OBSTRUCTIVE PULMONARY DISEASE W/O CC/MCC,249,5622.0
WA,238 - MAJOR CARDIOVASC PROCEDURES W/O MCC,564,28232.0
WA,242 - PERMANENT CARDIAC PACEMAKER IMPLANT W MCC,230,26819.0
WA,"286 - CIRCULATORY DISORDERS EXCEPT AMI, W CARD CATH W MCC",312,19274.0
WA,"287 - CIRCULATORY DISORDERS EXCEPT AMI, W CARD CATH W/O MCC",862,9468.0
WA,293 - HEART FAILURE & SHOCK W/O CC/MCC,614,5335.0
WA,312 - SYNCOPE & COLLAPSE,890,6074.0
WA,313 - CHEST PAIN,585,5068.0
WA,329 - MAJOR SMALL & LARGE BOWEL PROCEDURES W MCC,555,41249.0
WA,330 - MAJOR SMALL & LARGE BOWEL PROCEDURES W CC,779,20040.0
WA,372 - MAJOR GASTROINTESTINAL DISORDERS & PERITONEAL INFECTIONS W CC,364,9056.0
WA,460 - SPINAL FUSION EXCEPT CERVICAL W/O MCC,1734,30952.0
WA,473 - CERVICAL SPINAL FUSION W/O CC/MCC,602,17366.0
WA,480 - HIP & FEMUR PROCEDURES EXCEPT MAJOR JOINT W MCC,534,22551.0
WA,520 - BACK & NECK PROC EXC SPINAL FUSION W/O CC/MCC,453,9272.0
WA,536 - FRACTURES OF HIP & PELVIS W/O MCC,203,5454.0
WA,552 - MEDICAL BACK PROBLEMS W/O MCC,615,6916.0
WA,"563 - FX, SPRN, STRN & DISL EXCEPT FEMUR, HIP, PELVIS & THIGH W/O MCC",151,6142.0
WA,620 - O.R. PROCEDURES FOR OBESITY W CC,62,16377.0
WA,621 - O.R. PROCEDURES FOR OBESITY W/O CC/MCC,226,12492.0
WA,638 - DIABETES W CC,519,6540.0
WA,690 - KIDNEY & URINARY TRACT INFECTIONS W/O MCC,1473,6099.0
WA,884 - ORGANIC DISTURBANCES & MENTAL RETARDATION,93,8390.0
WA,885 - PSYCHOSES,708,8402.0
WA,917 - POISONING & TOXIC EFFECTS OF DRUGS W MCC,638,11105.0
WA,948 - SIGNS & SYMPTOMS W/O MCC,320,6668.0
WA,"085 - TRAUMATIC STUPOR & COMA, COMA <1 HR W MCC",154,18068.0
WA,"086 - TRAUMATIC STUPOR & COMA, COMA <1 HR W CC",235,9100.0
WA,"087 - TRAUMATIC STUPOR & COMA, COMA <1 HR W/O CC/MCC",172,6684.0
WA,100 - SEIZURES W MCC,331,12922.0
WA,101 - SEIZURES W/O MCC,420,6899.0
WA,153 - OTITIS MEDIA & URI W/O MCC,116,5556.0
WA,176 - PULMONARY EMBOLISM W/O MCC,569,7719.0
WA,178 - RESPIRATORY INFECTIONS & INFLAMMATIONS W CC,363,10929.0
WA,195 - SIMPLE PNEUMONIA & PLEURISY W/O CC/MCC,301,5398.0
WA,202 - BRONCHITIS & ASTHMA W CC/MCC,220,7124.0
WA,220 - CARDIAC VALVE & OTH MAJ CARDIOTHORACIC PROC W/O CARD CATH W CC,551,44302.0
WA,236 - CORONARY BYPASS W/O CARDIAC CATH W/O MCC,426,33158.0
WA,243 - PERMANENT CARDIAC PACEMAKER IMPLANT W CC,330,19268.0
WA,244 - PERMANENT CARDIAC PACEMAKER IMPLANT W/O CC/MCC,169,15562.0
WA,246 - PERC CARDIOVASC PROC W DRUG-ELUTING STENT W MCC OR 4+ VESSELS/STENTS,587,25572.0
WA,253 - OTHER VASCULAR PROCEDURES W CC,446,20970.0
WA,254 - OTHER VASCULAR PROCEDURES W/O CC/MCC,179,13444.0
WA,266 - ENDOVASCULAR CARDIAC VALVE REPLACEMENT W MCC,165,77029.0
WA,300 - PERIPHERAL VASCULAR DISORDERS W CC,261,8471.0
WA,371 - MAJOR GASTROINTESTINAL DISORDERS & PERITONEAL INFECTIONS W MCC,217,14271.0
WA,388 - G.I. OBSTRUCTION W MCC,248,13004.0
WA,417 - LAPAROSCOPIC CHOLECYSTECTOMY W/O C.D.E. W MCC,209,18416.0
WA,418 - LAPAROSCOPIC CHOLECYSTECTOMY W/O C.D.E. W CC,230,12473.0
WA,419 - LAPAROSCOPIC CHOLECYSTECTOMY W/O C.D.E. W/O CC/MCC,117,9734.0
WA,445 - DISORDERS OF THE BILIARY TRACT W CC,177,8785.0
WA,467 - REVISION OF HIP OR KNEE REPLACEMENT W CC,372,25955.0
WA,468 - REVISION OF HIP OR KNEE REPLACEMENT W/O CC/MCC,230,22264.0
WA,482 - HIP & FEMUR PROCEDURES EXCEPT MAJOR JOINT W/O CC/MCC,175,11905.0
WA,483 - MAJOR JOINT/LIMB REATTACHMENT PROCEDURE OF UPPER EXTREMITIES,1085,18694.0
WA,543 - PATHOLOGICAL FRACTURES & MUSCULOSKELET & CONN TISS MALIG W CC,141,7990.0
WA,602 - CELLULITIS W MCC,347,10701.0
WA,699 - OTHER KIDNEY & URINARY TRACT DIAGNOSES W CC,293,8987.0
WA,811 - RED BLOOD CELL DISORDERS W MCC,190,11200.0
WA,070 - NONSPECIFIC CEREBROVASCULAR DISORDERS W MCC,233,12818.0
WA,393 - OTHER DIGESTIVE SYSTEM DIAGNOSES W MCC,264,14140.0
WA,074 - CRANIAL & PERIPHERAL NERVE DISORDERS W/O MCC,156,7240.0
WA,865 - VIRAL ILLNESS W MCC,73,11945.0
WA,092 - OTHER DISORDERS OF NERVOUS SYSTEM W CC,253,7530.0
WA,149 - DYSEQUILIBRIUM,68,5084.0
WA,180 - RESPIRATORY NEOPLASMS W MCC,210,13869.0
WA,237 - MAJOR CARDIOVASC PROCEDURES W MCC,252,48668.0
WA,252 - OTHER VASCULAR PROCEDURES W MCC,401,27477.0
WA,314 - OTHER CIRCULATORY SYSTEM DIAGNOSES W MCC,582,16309.0
WA,331 - MAJOR SMALL & LARGE BOWEL PROCEDURES W/O CC/MCC,280,13781.0
WA,374 - DIGESTIVE MALIGNANCY W MCC,119,18570.0
WA,439 - DISORDERS OF PANCREAS EXCEPT MALIGNANCY W CC,337,7104.0
WA,"441 - DISORDERS OF LIVER EXCEPT MALIG,CIRR,ALC HEPA W MCC",240,16381.0
WA,455 - COMBINED ANTERIOR/POSTERIOR SPINAL FUSION W/O CC/MCC,145,45027.0
WA,551 - MEDICAL BACK PROBLEMS W MCC,71,13369.0
WA,694 - URINARY STONES W/O ESW LITHOTRIPSY W/O MCC,46,5804.0
WA,847 - CHEMOTHERAPY W/O ACUTE LEUKEMIA AS SECONDARY DIAGNOSIS W CC,395,10641.0
WA,981 - EXTENSIVE O.R. PROCEDURE UNRELATED TO PRINCIPAL DIAGNOSIS W MCC,144,44743.0
WA,057 - DEGENERATIVE NERVOUS SYSTEM DISORDERS W/O MCC,89,8030.0
WA,175 - PULMONARY EMBOLISM W MCC,283,10919.0
WA,207 - RESPIRATORY SYSTEM DIAGNOSIS W VENTILATOR SUPPORT 96+ HOURS,212,41328.0
WA,"282 - ACUTE MYOCARDIAL INFARCTION, DISCHARGED ALIVE W/O CC/MCC",284,5885.0
WA,299 - PERIPHERAL VASCULAR DISORDERS W MCC,102,10331.0
WA,"493 - LOWER EXTREM & HUMER PROC EXCEPT HIP,FOOT,FEMUR W CC",215,17550.0
WA,637 - DIABETES W MCC,299,10632.0
WA,854 - INFECTIOUS & PARASITIC DISEASES W O.R. PROCEDURE W CC,227,20187.0
WA,025 - CRANIOTOMY & ENDOVASCULAR INTRACRANIAL PROCEDURES W MCC,368,42415.0
WA,027 - CRANIOTOMY & ENDOVASCULAR INTRACRANIAL PROCEDURES W/O CC/MCC,231,23301.0
WA,164 - MAJOR CHEST PROCEDURES W CC,264,23138.0
WA,165 - MAJOR CHEST PROCEDURES W/O CC/MCC,126,16693.0
WA,219 - CARDIAC VALVE & OTH MAJ CARDIOTHORACIC PROC W/O CARD CATH W MCC,333,68881.0
WA,234 - CORONARY BYPASS W CARDIAC CATH W/O MCC,262,39628.0
WA,250 - PERC CARDIOVASC PROC W/O CORONARY ARTERY STENT W MCC,116,35865.0
WA,251 - PERC CARDIOVASC PROC W/O CORONARY ARTERY STENT W/O MCC,184,20411.0
WA,267 - ENDOVASCULAR CARDIAC VALVE REPLACEMENT W/O MCC,265,58881.0
WA,315 - OTHER CIRCULATORY SYSTEM DIAGNOSES W CC,212,8810.0
WA,"326 - STOMACH, ESOPHAGEAL & DUODENAL PROC W MCC",79,54860.0
WA,"327 - STOMACH, ESOPHAGEAL & DUODENAL PROC W CC",139,26160.0
WA,"328 - STOMACH, ESOPHAGEAL & DUODENAL PROC W/O CC/MCC",151,15884.0
WA,336 - PERITONEAL ADHESIOLYSIS W CC,59,22233.0
WA,375 - DIGESTIVE MALIGNANCY W CC,83,12732.0
WA,"405 - PANCREAS, LIVER & SHUNT PROCEDURES W MCC",75,44933.0
WA,"406 - PANCREAS, LIVER & SHUNT PROCEDURES W CC",91,29537.0
WA,435 - MALIGNANCY OF HEPATOBILIARY SYSTEM OR PANCREAS W MCC,95,15285.0
WA,438 - DISORDERS OF PANCREAS EXCEPT MALIGNANCY W MCC,105,16686.0
WA,444 - DISORDERS OF THE BILIARY TRACT W MCC,88,14094.0
WA,462 - BILATERAL OR MULTIPLE MAJOR JOINT PROCS OF LOWER EXTREMITY W/O MCC,145,29301.0
WA,"464 - WND DEBRID & SKN GRFT EXC HAND, FOR MUSCULO-CONN TISS DIS W CC",47,26324.0
WA,519 - BACK & NECK PROC EXC SPINAL FUSION W CC,209,13337.0
WA,652 - KIDNEY TRANSPLANT,247,44780.0
WA,657 - KIDNEY & URETER PROCEDURES FOR NEOPLASM W CC,73,20384.0
WA,658 - KIDNEY & URETER PROCEDURES FOR NEOPLASM W/O CC/MCC,53,15051.0
WA,708 - MAJOR MALE PELVIC PROCEDURES W/O CC/MCC,277,12784.0
WA,809 - MAJOR HEMATOL/IMMUN DIAG EXC SICKLE CELL CRISIS & COAGUL W CC,120,14031.0
WA,862 - POSTOPERATIVE & POST-TRAUMATIC INFECTIONS W MCC,70,17517.0
WA,863 - POSTOPERATIVE & POST-TRAUMATIC INFECTIONS W/O MCC,74,9398.0
WA,897 - ALCOHOL/DRUG ABUSE OR DEPENDENCE W/O REHABILITATION THERAPY W/O MCC,365,5821.0
WA,919 - COMPLICATIONS OF TREATMENT W MCC,77,16171.0
WA,920 - COMPLICATIONS OF TREATMENT W CC,110,9534.0
WA,"003 - ECMO OR TRACH W MV >96 HRS OR PDX EXC FACE, MOUTH & NECK W MAJ O.R.",67,160333.0
WA,023 - CRANIO W MAJOR DEV IMPL/ACUTE COMPLEX CNS PDX W MCC OR CHEMO IMPLANT,109,53905.0
WA,026 - CRANIOTOMY & ENDOVASCULAR INTRACRANIAL PROCEDURES W CC,154,38226.0
WA,054 - NERVOUS SYSTEM NEOPLASMS W MCC,44,12220.0
WA,184 - MAJOR CHEST TRAUMA W CC,33,10742.0
WA,453 - COMBINED ANTERIOR/POSTERIOR SPINAL FUSION W MCC,33,108992.0
WA,454 - COMBINED ANTERIOR/POSTERIOR SPINAL FUSION W CC,72,69986.0
WA,457 - SPINAL FUS EXC CERV W SPINAL CURV/MALIG/INFEC OR EXT FUS W CC,89,76463.0
WA,472 - CERVICAL SPINAL FUSION W CC,196,23632.0
WA,"494 - LOWER EXTREM & HUMER PROC EXCEPT HIP,FOOT,FEMUR W/O CC/MCC",148,13768.0
WA,516 - OTHER MUSCULOSKELET SYS & CONN TISS O.R. PROC W CC,56,19664.0
WA,918 - POISONING & TOXIC EFFECTS OF DRUGS W/O MCC,131,5739.0
WA,957 - OTHER O.R. PROCEDURES FOR MULTIPLE SIGNIFICANT TRAUMA W MCC,59,87201.0
WA,036 - CAROTID ARTERY STENT PROCEDURE W/O CC/MCC,64,14118.0
WA,091 - OTHER DISORDERS OF NERVOUS SYSTEM W MCC,117,12027.0
WA,216 - CARDIAC VALVE & OTH MAJ CARDIOTHORACIC PROC W CARD CATH W MCC,107,91406.0
WA,235 - CORONARY BYPASS W/O CARDIAC CATH W MCC,78,45893.0
WA,248 - PERC CARDIOVASC PROC W NON-DRUG-ELUTING STENT W MCC OR 4+ VES/STENTS,48,24771.0
WA,249 - PERC CARDIOVASC PROC W NON-DRUG-ELUTING STENT W/O MCC,121,14475.0
WA,038 - EXTRACRANIAL PROCEDURES W CC,74,12468.0
WA,264 - OTHER CIRCULATORY SYSTEM O.R. PROCEDURES,43,22506.0
WA,379 - G.I. HEMORRHAGE W/O CC/MCC,113,5461.0
WA,395 - OTHER DIGESTIVE SYSTEM DIAGNOSES W/O CC/MCC,44,5255.0
WA,440 - DISORDERS OF PANCREAS EXCEPT MALIGNANCY W/O CC/MCC,88,5249.0
WA,"442 - DISORDERS OF LIVER EXCEPT MALIG,CIRR,ALC HEPA W CC",136,8593.0
WA,737 - UTERINE & ADNEXA PROC FOR OVARIAN OR ADNEXAL MALIGNANCY W CC,61,17402.0
WA,846 - CHEMOTHERAPY W/O ACUTE LEUKEMIA AS SECONDARY DIAGNOSIS W MCC,61,23029.0
WA,896 - ALCOHOL/DRUG ABUSE OR DEPENDENCE W/O REHABILITATION THERAPY W MCC,55,12807.0
WA,542 - PATHOLOGICAL FRACTURES & MUSCULOSKELET & CONN TISS MALIG W MCC,55,12170.0
WA,163 - MAJOR CHEST PROCEDURES W MCC,77,50164.0
WA,166 - OTHER RESP SYSTEM O.R. PROCEDURES W MCC,73,34304.0
WA,221 - CARDIAC VALVE & OTH MAJ CARDIOTHORACIC PROC W/O CARD CATH W/O CC/MCC,65,40186.0
WA,947 - SIGNS & SYMPTOMS W MCC,43,11277.0
WA,056 - DEGENERATIVE NERVOUS SYSTEM DISORDERS W MCC,70,13424.0
WA,"617 - AMPUTAT OF LOWER LIMB FOR ENDOCRINE,NUTRIT,& METABOL DIS W CC",43,14592.0
WA,684 - RENAL FAILURE W/O CC/MCC,51,4915.0
WA,305 - HYPERTENSION W/O MCC,98,4978.0
WA,303 - ATHEROSCLEROSIS W/O MCC,59,4667.0
WA,233 - CORONARY BYPASS W CARDIAC CATH W MCC,96,55846.0
WA,895 - ALCOHOL/DRUG ABUSE OR DEPENDENCE W REHABILITATION THERAPY,65,8240.0
AK,064 - INTRACRANIAL HEMORRHAGE OR CEREBRAL INFARCTION W MCC,71,19601.0
AK,065 - INTRACRANIAL HEMORRHAGE OR CEREBRAL INFARCTION W CC OR TPA IN 24 HRS,181,11531.0
AK,066 - INTRACRANIAL HEMORRHAGE OR CEREBRAL INFARCTION W/O CC/MCC,48,9227.0
AK,177 - RESPIRATORY INFECTIONS & INFLAMMATIONS W MCC,54,19650.0
AK,189 - PULMONARY EDEMA & RESPIRATORY FAILURE,154,13687.0
AK,190 - CHRONIC OBSTRUCTIVE PULMONARY DISEASE W MCC,121,12982.0
AK,191 - CHRONIC OBSTRUCTIVE PULMONARY DISEASE W CC,96,10340.0
AK,193 - SIMPLE PNEUMONIA & PLEURISY W MCC,146,15300.0
AK,194 - SIMPLE PNEUMONIA & PLEURISY W CC,213,10947.0
AK,208 - RESPIRATORY SYSTEM DIAGNOSIS W VENTILATOR SUPPORT <96 HOURS,54,27140.0
AK,238 - MAJOR CARDIOVASC PROCEDURES W/O MCC,49,38152.0
AK,246 - PERC CARDIOVASC PROC W DRUG-ELUTING STENT W MCC OR 4+ VESSELS/STENTS,69,35739.0
AK,247 - PERC CARDIOVASC PROC W DRUG-ELUTING STENT W/O MCC,139,19935.0
AK,291 - HEART FAILURE & SHOCK W MCC,160,16268.0
AK,292 - HEART FAILURE & SHOCK W CC,202,10907.0
AK,308 - CARDIAC ARRHYTHMIA & CONDUCTION DISORDERS W MCC,64,14808.0
AK,330 - MAJOR SMALL & LARGE BOWEL PROCEDURES W CC,76,26223.0
AK,378 - G.I. HEMORRHAGE W CC,190,10525.0
AK,389 - G.I. OBSTRUCTION W CC,46,8671.0
AK,"392 - ESOPHAGITIS, GASTROENT & MISC DIGEST DISORDERS W/O MCC",159,7519.0
AK,460 - SPINAL FUSION EXCEPT CERVICAL W/O MCC,161,35833.0
AK,470 - MAJOR JOINT REPLACEMENT OR REATTACHMENT OF LOWER EXTREMITY W/O MCC,783,21234.0
AK,473 - CERVICAL SPINAL FUSION W/O CC/MCC,90,21066.0
AK,481 - HIP & FEMUR PROCEDURES EXCEPT MAJOR JOINT W CC,114,20298.0
AK,483 - MAJOR JOINT/LIMB REATTACHMENT PROCEDURE OF UPPER EXTREMITIES,81,20401.0
AK,520 - BACK & NECK PROC EXC SPINAL FUSION W/O CC/MCC,44,9709.0
AK,603 - CELLULITIS W/O MCC,134,9362.0
AK,"641 - MISC DISORDERS OF NUTRITION,METABOLISM,FLUIDS/ELECTROLYTES W/O MCC",60,7476.0
AK,682 - RENAL FAILURE W MCC,82,17549.0
AK,683 - RENAL FAILURE W CC,162,10817.0
AK,690 - KIDNEY & URINARY TRACT INFECTIONS W/O MCC,163,7998.0
AK,853 - INFECTIOUS & PARASITIC DISEASES W O.R. PROCEDURE W MCC,80,50195.0
AK,854 - INFECTIOUS & PARASITIC DISEASES W O.R. PROCEDURE W CC,21,21353.0
AK,871 - SEPTICEMIA OR SEVERE SEPSIS W/O MV 96+ HOURS W MCC,588,19115.0
AK,872 - SEPTICEMIA OR SEVERE SEPSIS W/O MV >96 HOURS W/O MCC,245,10901.0
AK,885 - PSYCHOSES,163,13744.0
AK,918 - POISONING & TOXIC EFFECTS OF DRUGS W/O MCC,21,6700.0
AK,195 - SIMPLE PNEUMONIA & PLEURISY W/O CC/MCC,51,7383.0
AK,192 - CHRONIC OBSTRUCTIVE PULMONARY DISEASE W/O CC/MCC,46,6889.0
MA,081 - NONTRAUMATIC STUPOR & COMA W/O MCC,11,7936.0
MA,670 - TRANSURETHRAL PROCEDURES W/O CC/MCC,11,9779.0
MA,"011 - TRACHEOSTOMY FOR FACE,MOUTH & NECK DIAGNOSES W MCC",11,46015.0
MA,"134 - OTHER EAR, NOSE, MOUTH & THROAT O.R. PROCEDURES W/O CC/MCC",11,10253.0
MA,028 - SPINAL PROCEDURES W MCC,11,51997.0
MA,129 - MAJOR HEAD & NECK PROCEDURES W CC/MCC OR MAJOR DEVICE,11,23872.0
MA,742 - UTERINE & ADNEXA PROC FOR NON-MALIGNANCY W CC/MCC,11,18477.0
MA,"744 - D&C, CONIZATION, LAPAROSCOPY & TUBAL INTERRUPTION W CC/MCC",11,18931.0
MA,466 - REVISION OF HIP OR KNEE REPLACEMENT W MCC,11,36218.0
MA,685 - ADMIT FOR RENAL DIALYSIS,11,11282.0
MA,540 - OSTEOMYELITIS W CC,11,10404.0
RI,868 - OTHER INFECTIOUS & PARASITIC DISEASES DIAGNOSES W CC,11,6989.0
RI,388 - G.I. OBSTRUCTION W MCC,11,10710.0
RI,038 - EXTRACRANIAL PROCEDURES W CC,11,15138.0
RI,061 - ACUTE ISCHEMIC STROKE W USE OF THROMBOLYTIC AGENT W MCC,11,25848.0
RI,167 - OTHER RESP SYSTEM O.R. PROCEDURES W CC,11,18592.0
RI,444 - DISORDERS OF THE BILIARY TRACT W MCC,11,16129.0
RI,446 - DISORDERS OF THE BILIARY TRACT W/O CC/MCC,11,8073.0
RI,457 - SPINAL FUS EXC CERV W SPINAL CURV/MALIG/INFEC OR EXT FUS W CC,11,60590.0
RI,478 - BIOPSIES OF MUSCULOSKELETAL SYSTEM & CONNECTIVE TISSUE W CC,11,20899.0
RI,839 - CHEMO W ACUTE LEUKEMIA AS SDX W/O CC/MCC,11,12420.0
RI,865 - VIRAL ILLNESS W MCC,11,15045.0
RI,866 - VIRAL ILLNESS W/O MCC,11,7961.0
RI,919 - COMPLICATIONS OF TREATMENT W MCC,11,16148.0
RI,250 - PERC CARDIOVASC PROC W/O CORONARY ARTERY STENT W MCC,11,22576.0
RI,387 - INFLAMMATORY BOWEL DISEASE W/O CC/MCC,11,7079.0
RI,654 - MAJOR BLADDER PROCEDURES W CC,11,22380.0
NH,"012 - TRACHEOSTOMY FOR FACE,MOUTH & NECK DIAGNOSES W CC",11,33147.0
NH,016 - AUTOLOGOUS BONE MARROW TRANSPLANT W CC/MCC,11,53672.0
NH,029 - SPINAL PROCEDURES W CC OR SPINAL NEUROSTIMULATORS,11,29835.0
NH,091 - OTHER DISORDERS OF NERVOUS SYSTEM W MCC,11,15043.0
NH,217 - CARDIAC VALVE & OTH MAJ CARDIOTHORACIC PROC W CARD CATH W CC,11,56477.0
NH,354 - HERNIA PROCEDURES EXCEPT INGUINAL & FEMORAL W CC,11,16832.0
NH,355 - HERNIA PROCEDURES EXCEPT INGUINAL & FEMORAL W/O CC/MCC,11,12356.0
NH,415 - CHOLECYSTECTOMY EXCEPT BY LAPAROSCOPE W/O C.D.E. W CC,11,19557.0
NH,654 - MAJOR BLADDER PROCEDURES W CC,11,28572.0
NH,737 - UTERINE & ADNEXA PROC FOR OVARIAN OR ADNEXAL MALIGNANCY W CC,11,19821.0
NH,862 - POSTOPERATIVE & POST-TRAUMATIC INFECTIONS W MCC,11,18722.0
NH,"956 - LIMB REATTACHMENT, HIP & FEMUR PROC FOR MULTIPLE SIGNIFICANT TRAUMA",11,37178.0
NH,964 - OTHER MULTIPLE SIGNIFICANT TRAUMA W CC,11,13514.0
NH,071 - NONSPECIFIC CEREBROVASCULAR DISORDERS W CC,11,6110.0
NH,684 - RENAL FAILURE W/O CC/MCC,11,4169.0
ME,517 - OTHER MUSCULOSKELET SYS & CONN TISS O.R. PROC W/O CC/MCC,11,9807.0
ME,020 - INTRACRANIAL VASCULAR PROCEDURES W PDX HEMORRHAGE W MCC,11,85655.0
ME,024 - CRANIO W MAJOR DEV IMPL/ACUTE COMPLEX CNS PDX W/O MCC,11,27743.0
ME,028 - SPINAL PROCEDURES W MCC,11,44354.0
ME,"326 - STOMACH, ESOPHAGEAL & DUODENAL PROC W MCC",11,57658.0
ME,388 - G.I. OBSTRUCTION W MCC,11,12793.0
ME,"746 - VAGINA, CERVIX & VULVA PROCEDURES W CC/MCC",11,10772.0
ME,841 - LYMPHOMA & NON-ACUTE LEUKEMIA W CC,11,13224.0
ME,988 - NON-EXTENSIVE O.R. PROC UNRELATED TO PRINCIPAL DIAGNOSIS W CC,11,13103.0
ME,337 - PERITONEAL ADHESIOLYSIS W/O CC/MCC,11,10237.0
ME,"492 - LOWER EXTREM & HUMER PROC EXCEPT HIP,FOOT,FEMUR W MCC",11,19977.0
ME,"511 - SHOULDER,ELBOW OR FOREARM PROC,EXC MAJOR JOINT PROC W CC",11,10952.0
ME,673 - OTHER KIDNEY & URINARY TRACT PROCEDURES W MCC,11,22880.0
VT,149 - DYSEQUILIBRIUM,11,6344.0
VT,313 - CHEST PAIN,11,7070.0
VT,435 - MALIGNANCY OF HEPATOBILIARY SYSTEM OR PANCREAS W MCC,11,15256.0
VT,468 - REVISION OF HIP OR KNEE REPLACEMENT W/O CC/MCC,11,23175.0
VT,472 - CERVICAL SPINAL FUSION W CC,11,25761.0
VT,"493 - LOWER EXTREM & HUMER PROC EXCEPT HIP,FOOT,FEMUR W CC",11,19016.0
VT,520 - BACK & NECK PROC EXC SPINAL FUSION W/O CC/MCC,11,9912.0
VT,621 - O.R. PROCEDURES FOR OBESITY W/O CC/MCC,11,15964.0
VT,841 - LYMPHOMA & NON-ACUTE LEUKEMIA W CC,11,13463.0
CT,504 - FOOT PROCEDURES W CC,11,14580.0
CT,707 - MAJOR MALE PELVIC PROCEDURES W CC/MCC,11,16144.0
CT,957 - OTHER O.R. PROCEDURES FOR MULTIPLE SIGNIFICANT TRAUMA W MCC,11,58287.0
CT,060 - MULTIPLE SCLEROSIS & CEREBELLAR ATAXIA W/O CC/MCC,11,8568.0
CT,028 - SPINAL PROCEDURES W MCC,11,50466.0
CT,222 - CARDIAC DEFIB IMPLANT W CARDIAC CATH W AMI/HF/SHOCK W MCC,11,93886.0
CT,260 - CARDIAC PACEMAKER REVISION EXCEPT DEVICE REPLACEMENT W MCC,11,40280.0
CT,334 - RECTAL RESECTION W/O CC/MCC,11,23340.0
CT,"407 - PANCREAS, LIVER & SHUNT PROCEDURES W/O CC/MCC",11,20126.0
CT,459 - SPINAL FUSION EXCEPT CERVICAL W MCC,11,58175.0
CT,518 - BACK & NECK PROC EXC SPINAL FUSION W MCC OR DISC DEVICE/NEUROSTIM,11,27759.0
CT,582 - MASTECTOMY FOR MALIGNANCY W CC/MCC,11,14509.0
CT,775 - VAGINAL DELIVERY W/O COMPLICATING DIAGNOSES,11,6971.0
CT,935 - NON-EXTENSIVE BURNS,11,14579.0
CT,867 - OTHER INFECTIOUS & PARASITIC DISEASES DIAGNOSES W MCC,11,23163.0
CT,714 - TRANSURETHRAL PROSTATECTOMY W/O CC/MCC,11,7266.0
NJ,501 - SOFT TISSUE PROCEDURES W CC,11,15410.0
NJ,583 - MASTECTOMY FOR MALIGNANCY W/O CC/MCC,11,7503.0
NJ,063 - ACUTE ISCHEMIC STROKE W USE OF THROMBOLYTIC AGENT W/O CC/MCC,11,10478.0
NJ,205 - OTHER RESPIRATORY SYSTEM DIAGNOSES W MCC,11,22050.0
NJ,225 - CARDIAC DEFIB IMPLANT W CARDIAC CATH W/O AMI/HF/SHOCK W/O MCC,11,54913.0
NJ,229 - OTHER CARDIOTHORACIC PROCEDURES W CC,11,38061.0
NJ,707 - MAJOR MALE PELVIC PROCEDURES W CC/MCC,11,14564.0
NJ,668 - TRANSURETHRAL PROCEDURES W MCC,11,16760.0
NJ,880 - ACUTE ADJUSTMENT REACTION & PSYCHOSOCIAL DYSFUNCTION,11,15922.0
NJ,078 - HYPERTENSIVE ENCEPHALOPATHY W CC,11,7900.0
NJ,260 - CARDIAC PACEMAKER REVISION EXCEPT DEVICE REPLACEMENT W MCC,11,37863.0
NJ,089 - CONCUSSION W CC,11,10765.0
NJ,316 - OTHER CIRCULATORY SYSTEM DIAGNOSES W/O CC/MCC,11,5164.0
NJ,810 - MAJOR HEMATOL/IMMUN DIAG EXC SICKLE CELL CRISIS & COAGUL W/O CC/MCC,11,5766.0
NJ,656 - KIDNEY & URETER PROCEDURES FOR NEOPLASM W MCC,11,36766.0
NY,343 - APPENDECTOMY W/O COMPLICATED PRINCIPAL DIAG W/O CC/MCC,11,10972.0
NY,157 - DENTAL & ORAL DISEASES W MCC,11,23951.0
NY,339 - APPENDECTOMY W COMPLICATED PRINCIPAL DIAG W CC,11,21891.0
NY,423 - OTHER HEPATOBILIARY OR PANCREAS O.R. PROCEDURES W MCC,11,42226.0
NY,475 - AMPUTATION FOR MUSCULOSKELETAL SYS & CONN TISSUE DIS W CC,11,24521.0
NY,"511 - SHOULDER,ELBOW OR FOREARM PROC,EXC MAJOR JOINT PROC W CC",11,18111.0
NY,540 - OSTEOMYELITIS W CC,11,15785.0
NY,606 - MINOR SKIN DISORDERS W MCC,11,20263.0
NY,827 - MYELOPROLIF DISORD OR POORLY DIFF NEOPL W MAJ O.R. PROC W CC,11,25474.0
NY,983 - EXTENSIVE O.R. PROCEDURE UNRELATED TO PRINCIPAL DIAGNOSIS W/O CC/MCC,11,20500.0
NY,564 - OTHER MUSCULOSKELETAL SYS & CONNECTIVE TISSUE DIAGNOSES W MCC,11,19235.0
NY,957 - OTHER O.R. PROCEDURES FOR MULTIPLE SIGNIFICANT TRAUMA W MCC,11,72258.0
NY,964 - OTHER MULTIPLE SIGNIFICANT TRAUMA W CC,11,17534.0
NY,868 - OTHER INFECTIOUS & PARASITIC DISEASES DIAGNOSES W CC,11,7957.0
NY,035 - CAROTID ARTERY STENT PROCEDURE W CC,11,18491.0
PA,030 - SPINAL PROCEDURES W/O CC/MCC,11,14891.0
PA,502 - SOFT TISSUE PROCEDURES W/O CC/MCC,11,10625.0
PA,886 - BEHAVIORAL & DEVELOPMENTAL DISORDERS,11,6924.0
PA,061 - ACUTE ISCHEMIC STROKE W USE OF THROMBOLYTIC AGENT W MCC,11,31987.0
PA,963 - OTHER MULTIPLE SIGNIFICANT TRAUMA W MCC,11,16835.0
PA,479 - BIOPSIES OF MUSCULOSKELETAL SYSTEM & CONNECTIVE TISSUE W/O CC/MCC,11,10524.0
PA,346 - MINOR SMALL & LARGE BOWEL PROCEDURES W/O CC/MCC,11,8643.0
PA,384 - UNCOMPLICATED PEPTIC ULCER W/O MCC,11,7266.0
PA,"512 - SHOULDER,ELBOW OR FOREARM PROC,EXC MAJOR JOINT PROC W/O CC/MCC",11,8978.0
PA,728 - INFLAMMATION OF THE MALE REPRODUCTIVE SYSTEM W/O MCC,11,5988.0
PA,685 - ADMIT FOR RENAL DIALYSIS,11,5679.0
PA,"628 - OTHER ENDOCRINE, NUTRIT & METAB O.R. PROC W MCC",11,44451.0
PA,132 - CRANIAL/FACIAL PROCEDURES W/O CC/MCC,11,16307.0
PA,334 - RECTAL RESECTION W/O CC/MCC,11,18357.0
PA,615 - ADRENAL & PITUITARY PROCEDURES W/O CC/MCC,11,20799.0
PA,707 - MAJOR MALE PELVIC PROCEDURES W CC/MCC,11,21711.0
PA,"443 - DISORDERS OF LIVER EXCEPT MALIG,CIRR,ALC HEPA W/O CC/MCC",11,12611.0
PA,975 - HIV W MAJOR RELATED CONDITION W CC,11,9862.0
DE,032 - VENTRICULAR SHUNT PROCEDURES W CC,11,15417.0
DE,040 - PERIPH/CRANIAL NERVE & OTHER NERV SYST PROC W MCC,11,29068.0
DE,088 - CONCUSSION W MCC,11,14956.0
DE,139 - SALIVARY GLAND PROCEDURES,11,7460.0
DE,197 - INTERSTITIAL LUNG DISEASE W CC,11,8166.0
DE,343 - APPENDECTOMY W/O COMPLICATED PRINCIPAL DIAG W/O CC/MCC,11,7216.0
DE,369 - MAJOR ESOPHAGEAL DISORDERS W CC,11,8410.0
DE,"405 - PANCREAS, LIVER & SHUNT PROCEDURES W MCC",11,56755.0
DE,433 - CIRRHOSIS & ALCOHOLIC HEPATITIS W CC,11,7429.0
DE,501 - SOFT TISSUE PROCEDURES W CC,11,12130.0
DE,504 - FOOT PROCEDURES W CC,11,16096.0
DE,546 - CONNECTIVE TISSUE DISORDERS W CC,11,10382.0
DE,658 - KIDNEY & URETER PROCEDURES FOR NEOPLASM W/O CC/MCC,11,12489.0
DE,775 - VAGINAL DELIVERY W/O COMPLICATING DIAGNOSES,11,4792.0
DC,354 - HERNIA PROCEDURES EXCEPT INGUINAL & FEMORAL W CC,11,27694.0
DC,432 - CIRRHOSIS & ALCOHOLIC HEPATITIS W MCC,11,57012.0
DC,496 - LOCAL EXCISION & REMOVAL INT FIX DEVICES EXC HIP & FEMUR W CC,11,23760.0
DC,700 - OTHER KIDNEY & URINARY TRACT DIAGNOSES W/O CC/MCC,11,11820.0
DC,"082 - TRAUMATIC STUPOR & COMA, COMA >1 HR W MCC",11,18387.0
DC,091 - OTHER DISORDERS OF NERVOUS SYSTEM W MCC,11,14211.0
DC,218 - CARDIAC VALVE & OTH MAJ CARDIOTHORACIC PROC W CARD CATH W/O CC/MCC,11,47552.0
DC,248 - PERC CARDIOVASC PROC W NON-DRUG-ELUTING STENT W MCC OR 4+ VES/STENTS,11,24130.0
DC,261 - CARDIAC PACEMAKER REVISION EXCEPT DEVICE REPLACEMENT W CC,11,24922.0
DC,302 - ATHEROSCLEROSIS W MCC,11,10046.0
DC,661 - KIDNEY & URETER PROCEDURES FOR NON-NEOPLASM W/O CC/MCC,11,12020.0
DC,742 - UTERINE & ADNEXA PROC FOR NON-MALIGNANCY W CC/MCC,11,14732.0
DC,516 - OTHER MUSCULOSKELET SYS & CONN TISS O.R. PROC W CC,11,12072.0
DC,"894 - ALCOHOL/DRUG ABUSE OR DEPENDENCE, LEFT AMA",11,4511.0
MD,775 - VAGINAL DELIVERY W/O COMPLICATING DIAGNOSES,11,9728.0
MD,535 - FRACTURES OF HIP & PELVIS W MCC,11,11834.0
MD,504 - FOOT PROCEDURES W CC,11,10130.0
MD,534 - FRACTURES OF FEMUR W/O MCC,11,7439.0
MD,674 - OTHER KIDNEY & URINARY TRACT PROCEDURES W CC,11,13404.0
MD,"084 - TRAUMATIC STUPOR & COMA, COMA >1 HR W/O CC/MCC",11,9207.0
MD,466 - REVISION OF HIP OR KNEE REPLACEMENT W MCC,11,52498.0
MD,774 - VAGINAL DELIVERY W COMPLICATING DIAGNOSES,11,13961.0
MD,958 - OTHER O.R. PROCEDURES FOR MULTIPLE SIGNIFICANT TRAUMA W CC,11,34436.0
MD,501 - SOFT TISSUE PROCEDURES W CC,11,18122.0
MD,068 - NONSPECIFIC CVA & PRECEREBRAL OCCLUSION W/O INFARCT W/O MCC,11,9958.0
MD,024 - CRANIO W MAJOR DEV IMPL/ACUTE COMPLEX CNS PDX W/O MCC,11,47131.0
MD,345 - MINOR SMALL & LARGE BOWEL PROCEDURES W CC,11,17172.0
MD,351 - INGUINAL & FEMORAL HERNIA PROCEDURES W CC,11,22630.0
MD,839 - CHEMO W ACUTE LEUKEMIA AS SDX W/O CC/MCC,11,21020.0
MD,977 - HIV W OR W/O OTHER RELATED CONDITION,11,28852.0
MD,335 - PERITONEAL ADHESIOLYSIS W MCC,11,26955.0
MD,078 - HYPERTENSIVE ENCEPHALOPATHY W CC,11,7397.0
VA,020 - INTRACRANIAL VASCULAR PROCEDURES W PDX HEMORRHAGE W MCC,11,65637.0
VA,029 - SPINAL PROCEDURES W CC OR SPINAL NEUROSTIMULATORS,11,22310.0
VA,224 - CARDIAC DEFIB IMPLANT W CARDIAC CATH W/O AMI/HF/SHOCK W MCC,11,52487.0
VA,592 - SKIN ULCERS W MCC,11,7831.0
VA,916 - ALLERGIC REACTIONS W/O MCC,11,3912.0
VA,950 - AFTERCARE W/O CC/MCC,11,3834.0
VA,005 - LIVER TRANSPLANT W MCC OR INTESTINAL TRANSPLANT,11,126604.0
VA,348 - ANAL & STOMAL PROCEDURES W CC,11,14388.0
VA,456 - SPINAL FUS EXC CERV W SPINAL CURV/MALIG/INFEC OR 9+ FUS W MCC,11,100274.0
VA,578 - SKIN GRAFT EXC FOR SKIN ULCER OR CELLULITIS W/O CC/MCC,11,13306.0
VA,037 - EXTRACRANIAL PROCEDURES W MCC,11,18162.0
VA,501 - SOFT TISSUE PROCEDURES W CC,11,15801.0
VA,228 - OTHER CARDIOTHORACIC PROCEDURES W MCC,11,54835.0
VA,545 - CONNECTIVE TISSUE DISORDERS W MCC,11,22890.0
VA,958 - OTHER O.R. PROCEDURES FOR MULTIPLE SIGNIFICANT TRAUMA W CC,11,27673.0
VA,304 - HYPERTENSION W MCC,11,8168.0
VA,477 - BIOPSIES OF MUSCULOSKELETAL SYSTEM & CONNECTIVE TISSUE W MCC,11,35298.0
VA,882 - NEUROSES EXCEPT DEPRESSIVE,11,3994.0
VA,544 - PATHOLOGICAL FRACTURES & MUSCULOSKELET & CONN TISS MALIG W/O CC/MCC,11,5019.0
WV,089 - CONCUSSION W CC,11,6512.0
WV,348 - ANAL & STOMAL PROCEDURES W CC,11,8213.0
WV,386 - INFLAMMATORY BOWEL DISEASE W CC,11,9258.0
WV,"605 - TRAUMA TO THE SKIN, SUBCUT TISS & BREAST W/O MCC",11,5806.0
WV,856 - POSTOPERATIVE OR POST-TRAUMATIC INFECTIONS W O.R. PROC W MCC,11,26472.0
WV,907 - OTHER O.R. PROCEDURES FOR INJURIES W MCC,11,24379.0
WV,988 - NON-EXTENSIVE O.R. PROC UNRELATED TO PRINCIPAL DIAGNOSIS W CC,11,12045.0
WV,554 - BONE DISEASES & ARTHROPATHIES W/O MCC,11,4798.0
WV,063 - ACUTE ISCHEMIC STROKE W USE OF THROMBOLYTIC AGENT W/O CC/MCC,11,12722.0
WV,"084 - TRAUMATIC STUPOR & COMA, COMA >1 HR W/O CC/MCC",11,7952.0
WV,093 - OTHER DISORDERS OF NERVOUS SYSTEM W/O CC/MCC,11,6730.0
WV,311 - ANGINA PECTORIS,11,6116.0
WV,497 - LOCAL EXCISION & REMOVAL INT FIX DEVICES EXC HIP & FEMUR W/O CC/MCC,11,11346.0
WV,834 - ACUTE LEUKEMIA W/O MAJOR O.R. PROCEDURE W MCC,11,50869.0
WV,914 - TRAUMATIC INJURY W/O MCC,11,7046.0
NC,125 - OTHER DISORDERS OF THE EYE W/O MCC,11,10194.0
NC,"559 - AFTERCARE, MUSCULOSKELETAL SYSTEM & CONNECTIVE TISSUE W MCC",11,17968.0
NC,765 - CESAREAN SECTION W CC/MCC,11,12008.0
NC,351 - INGUINAL & FEMORAL HERNIA PROCEDURES W CC,11,12706.0
NC,"443 - DISORDERS OF LIVER EXCEPT MALIG,CIRR,ALC HEPA W/O CC/MCC",11,7211.0
NC,"560 - AFTERCARE, MUSCULOSKELETAL SYSTEM & CONNECTIVE TISSUE W CC",11,9113.0
NC,"626 - THYROID, PARATHYROID & THYROGLOSSAL PROCEDURES W CC",11,15921.0
NC,384 - UNCOMPLICATED PEPTIC ULCER W/O MCC,11,6042.0
NC,"623 - SKIN GRAFTS & WOUND DEBRID FOR ENDOC, NUTRIT & METAB DIS W CC",11,10771.0
NC,670 - TRANSURETHRAL PROCEDURES W/O CC/MCC,11,6634.0
NC,713 - TRANSURETHRAL PROSTATECTOMY W CC/MCC,11,10946.0
SC,765 - CESAREAN SECTION W CC/MCC,11,9444.0
SC,748 - FEMALE REPRODUCTIVE SYSTEM RECONSTRUCTIVE PROCEDURES,11,13984.0
SC,006 - LIVER TRANSPLANT W/O MCC,11,60978.0
SC,008 - SIMULTANEOUS PANCREAS/KIDNEY TRANSPLANT,11,54887.0
SC,306 - CARDIAC CONGENITAL & VALVULAR DISORDERS W MCC,11,15262.0
SC,"465 - WND DEBRID & SKN GRFT EXC HAND, FOR MUSCULO-CONN TISS DIS W/O CC/MCC",11,17682.0
SC,496 - LOCAL EXCISION & REMOVAL INT FIX DEVICES EXC HIP & FEMUR W CC,11,22444.0
SC,577 - SKIN GRAFT EXC FOR SKIN ULCER OR CELLULITIS W CC,11,19976.0
SC,656 - KIDNEY & URETER PROCEDURES FOR NEOPLASM W MCC,11,28361.0
SC,542 - PATHOLOGICAL FRACTURES & MUSCULOSKELET & CONN TISS MALIG W MCC,11,11935.0
SC,545 - CONNECTIVE TISSUE DISORDERS W MCC,11,15372.0
SC,571 - SKIN DEBRIDEMENT W CC,11,8975.0
SC,714 - TRANSURETHRAL PROSTATECTOMY W/O CC/MCC,11,4714.0
SC,183 - MAJOR CHEST TRAUMA W MCC,11,11816.0
SC,700 - OTHER KIDNEY & URINARY TRACT DIAGNOSES W/O CC/MCC,11,4573.0
GA,"956 - LIMB REATTACHMENT, HIP & FEMUR PROC FOR MULTIPLE SIGNIFICANT TRAUMA",11,20579.0
GA,334 - RECTAL RESECTION W/O CC/MCC,11,9733.0
GA,335 - PERITONEAL ADHESIOLYSIS W MCC,11,34065.0
GA,977 - HIV W OR W/O OTHER RELATED CONDITION,11,8558.0
GA,306 - CARDIAC CONGENITAL & VALVULAR DISORDERS W MCC,11,7895.0
GA,042 - PERIPH/CRANIAL NERVE & OTHER NERV SYST PROC W/O CC/MCC,11,13818.0
GA,835 - ACUTE LEUKEMIA W/O MAJOR O.R. PROCEDURE W CC,11,17614.0
GA,217 - CARDIAC VALVE & OTH MAJ CARDIOTHORACIC PROC W CARD CATH W CC,11,36284.0
GA,369 - MAJOR ESOPHAGEAL DISORDERS W CC,11,6776.0
GA,645 - ENDOCRINE DISORDERS W/O CC/MCC,11,4930.0
GA,737 - UTERINE & ADNEXA PROC FOR OVARIAN OR ADNEXAL MALIGNANCY W CC,11,12202.0
GA,356 - OTHER DIGESTIVE SYSTEM O.R. PROCEDURES W MCC,11,22667.0
GA,"463 - WND DEBRID & SKN GRFT EXC HAND, FOR MUSCULO-CONN TISS DIS W MCC",11,50702.0
GA,041 - PERIPH/CRANIAL NERVE & OTHER NERV SYST PROC W CC OR PERIPH NEUROSTIM,11,14085.0
GA,261 - CARDIAC PACEMAKER REVISION EXCEPT DEVICE REPLACEMENT W CC,11,12209.0
GA,063 - ACUTE ISCHEMIC STROKE W USE OF THROMBOLYTIC AGENT W/O CC/MCC,11,8545.0
GA,908 - OTHER O.R. PROCEDURES FOR INJURIES W CC,11,10112.0
FL,"557 - TENDONITIS, MYOSITIS & BURSITIS W MCC",11,9380.0
FL,228 - OTHER CARDIOTHORACIC PROCEDURES W MCC,11,55751.0
FL,642 - INBORN AND OTHER DISORDERS OF METABOLISM,11,7400.0
FL,848 - CHEMOTHERAPY W/O ACUTE LEUKEMIA AS SECONDARY DIAGNOSIS W/O CC/MCC,11,5011.0
FL,035 - CAROTID ARTERY STENT PROCEDURE W CC,11,14720.0
FL,077 - HYPERTENSIVE ENCEPHALOPATHY W MCC,11,10579.0
FL,102 - HEADACHES W MCC,11,7084.0
FL,"147 - EAR, NOSE, MOUTH & THROAT MALIGNANCY W CC",11,8566.0
FL,198 - INTERSTITIAL LUNG DISEASE W/O CC/MCC,11,5796.0
FL,346 - MINOR SMALL & LARGE BOWEL PROCEDURES W/O CC/MCC,11,9386.0
FL,369 - MAJOR ESOPHAGEAL DISORDERS W CC,11,8321.0
FL,385 - INFLAMMATORY BOWEL DISEASE W MCC,11,11862.0
FL,423 - OTHER HEPATOBILIARY OR PANCREAS O.R. PROCEDURES W MCC,11,30285.0
FL,437 - MALIGNANCY OF HEPATOBILIARY SYSTEM OR PANCREAS W/O CC/MCC,11,6270.0
FL,"513 - HAND OR WRIST PROC, EXCEPT MAJOR THUMB OR JOINT PROC W CC/MCC",11,9689.0
FL,"758 - INFECTIONS, FEMALE REPRODUCTIVE SYSTEM W CC",11,7243.0
FL,916 - ALLERGIC REACTIONS W/O MCC,11,4026.0
FL,928 - FULL THICKNESS BURN W SKIN GRAFT OR INHAL INJ W CC/MCC,11,37351.0
FL,414 - CHOLECYSTECTOMY EXCEPT BY LAPAROSCOPE W/O C.D.E. W MCC,11,26585.0
FL,415 - CHOLECYSTECTOMY EXCEPT BY LAPAROSCOPE W/O C.D.E. W CC,11,11601.0
FL,488 - KNEE PROCEDURES W/O PDX OF INFECTION W CC/MCC,11,10618.0
FL,089 - CONCUSSION W CC,11,5553.0
AL,001 - HEART TRANSPLANT OR IMPLANT OF HEART ASSIST SYSTEM W MCC,11,171081.0
AL,060 - MULTIPLE SCLEROSIS & CEREBELLAR ATAXIA W/O CC/MCC,11,12025.0
AL,369 - MAJOR ESOPHAGEAL DISORDERS W CC,11,9341.0
AL,"463 - WND DEBRID & SKN GRFT EXC HAND, FOR MUSCULO-CONN TISS DIS W MCC",11,35414.0
AL,642 - INBORN AND OTHER DISORDERS OF METABOLISM,11,17526.0
AL,654 - MAJOR BLADDER PROCEDURES W CC,11,19280.0
AL,774 - VAGINAL DELIVERY W COMPLICATING DIAGNOSES,11,8356.0
AL,781 - OTHER ANTEPARTUM DIAGNOSES W MEDICAL COMPLICATIONS,11,6219.0
AL,316 - OTHER CIRCULATORY SYSTEM DIAGNOSES W/O CC/MCC,11,4156.0
AL,348 - ANAL & STOMAL PROCEDURES W CC,11,8377.0
AL,"923 - OTHER INJURY, POISONING & TOXIC EFFECT DIAG W/O MCC",11,4782.0
AL,337 - PERITONEAL ADHESIOLYSIS W/O CC/MCC,11,10677.0
AL,501 - SOFT TISSUE PROCEDURES W CC,11,9387.0
AL,841 - LYMPHOMA & NON-ACUTE LEUKEMIA W CC,11,14938.0
AL,661 - KIDNEY & URETER PROCEDURES FOR NON-NEOPLASM W/O CC/MCC,11,7577.0
TN,909 - OTHER O.R. PROCEDURES FOR INJURIES W/O CC/MCC,11,8818.0
TN,653 - MAJOR BLADDER PROCEDURES W MCC,11,42735.0
TN,748 - FEMALE REPRODUCTIVE SYSTEM RECONSTRUCTIVE PROCEDURES,11,9230.0
TN,975 - HIV W MAJOR RELATED CONDITION W CC,11,10776.0
TN,453 - COMBINED ANTERIOR/POSTERIOR SPINAL FUSION W MCC,11,100086.0
TN,896 - ALCOHOL/DRUG ABUSE OR DEPENDENCE W/O REHABILITATION THERAPY W MCC,11,10704.0
TN,384 - UNCOMPLICATED PEPTIC ULCER W/O MCC,11,4517.0
TN,466 - REVISION OF HIP OR KNEE REPLACEMENT W MCC,11,23908.0
TN,661 - KIDNEY & URETER PROCEDURES FOR NON-NEOPLASM W/O CC/MCC,11,7382.0
TN,185 - MAJOR CHEST TRAUMA W/O CC/MCC,11,6320.0
TN,774 - VAGINAL DELIVERY W COMPLICATING DIAGNOSES,11,15784.0
TN,197 - INTERSTITIAL LUNG DISEASE W CC,11,8504.0
TN,570 - SKIN DEBRIDEMENT W MCC,11,16593.0
TN,"755 - MALIGNANCY, FEMALE REPRODUCTIVE SYSTEM W CC",11,8917.0
TN,823 - LYMPHOMA & NON-ACUTE LEUKEMIA W OTHER O.R. PROC W MCC,11,35212.0
TN,916 - ALLERGIC REACTIONS W/O MCC,11,5091.0
TN,259 - CARDIAC PACEMAKER DEVICE REPLACEMENT W/O MCC,11,11924.0
TN,"747 - VAGINA, CERVIX & VULVA PROCEDURES W/O CC/MCC",11,5704.0
TN,179 - RESPIRATORY INFECTIONS & INFLAMMATIONS W/O CC/MCC,11,5856.0
MS,374 - DIGESTIVE MALIGNANCY W MCC,11,12981.0
MS,444 - DISORDERS OF THE BILIARY TRACT W MCC,11,9331.0
MS,184 - MAJOR CHEST TRAUMA W CC,11,6743.0
MS,668 - TRANSURETHRAL PROCEDURES W MCC,11,14534.0
MS,"628 - OTHER ENDOCRINE, NUTRIT & METAB O.R. PROC W MCC",11,19789.0
MS,813 - COAGULATION DISORDERS,11,8788.0
MS,016 - AUTOLOGOUS BONE MARROW TRANSPLANT W CC/MCC,11,61224.0
MS,020 - INTRACRANIAL VASCULAR PROCEDURES W PDX HEMORRHAGE W MCC,11,71459.0
MS,659 - KIDNEY & URETER PROCEDURES FOR NON-NEOPLASM W MCC,11,27638.0
MS,839 - CHEMO W ACUTE LEUKEMIA AS SDX W/O CC/MCC,11,13267.0
MS,908 - OTHER O.R. PROCEDURES FOR INJURIES W CC,11,17021.0
MS,"956 - LIMB REATTACHMENT, HIP & FEMUR PROC FOR MULTIPLE SIGNIFICANT TRAUMA",11,40327.0
MS,256 - UPPER LIMB & TOE AMPUTATION FOR CIRC SYSTEM DISORDERS W CC,11,8325.0
MS,535 - FRACTURES OF HIP & PELVIS W MCC,11,6613.0
KY,260 - CARDIAC PACEMAKER REVISION EXCEPT DEVICE REPLACEMENT W MCC,11,25623.0
KY,199 - PNEUMOTHORAX W MCC,11,12659.0
KY,353 - HERNIA PROCEDURES EXCEPT INGUINAL & FEMORAL W MCC,11,20237.0
KY,381 - COMPLICATED PEPTIC ULCER W CC,11,7998.0
KY,453 - COMBINED ANTERIOR/POSTERIOR SPINAL FUSION W MCC,11,73944.0
KY,456 - SPINAL FUS EXC CERV W SPINAL CURV/MALIG/INFEC OR 9+ FUS W MCC,11,66761.0
KY,"463 - WND DEBRID & SKN GRFT EXC HAND, FOR MUSCULO-CONN TISS DIS W MCC",11,30797.0
KY,488 - KNEE PROCEDURES W/O PDX OF INFECTION W CC/MCC,11,12311.0
KY,592 - SKIN ULCERS W MCC,11,9137.0
KY,781 - OTHER ANTEPARTUM DIAGNOSES W MEDICAL COMPLICATIONS,11,6676.0
KY,840 - LYMPHOMA & NON-ACUTE LEUKEMIA W MCC,11,24251.0
KY,865 - VIRAL ILLNESS W MCC,11,10521.0
KY,"083 - TRAUMATIC STUPOR & COMA, COMA >1 HR W CC",11,12367.0
KY,055 - NERVOUS SYSTEM NEOPLASMS W/O MCC,11,5774.0
KY,334 - RECTAL RESECTION W/O CC/MCC,11,8489.0
KY,945 - REHABILITATION W CC/MCC,11,8383.0
KY,620 - O.R. PROCEDURES FOR OBESITY W CC,11,11884.0
KY,"011 - TRACHEOSTOMY FOR FACE,MOUTH & NECK DIAGNOSES W MCC",11,45497.0
KY,351 - INGUINAL & FEMORAL HERNIA PROCEDURES W CC,11,10108.0
KY,515 - OTHER MUSCULOSKELET SYS & CONN TISS O.R. PROC W MCC,11,18113.0
OH,028 - SPINAL PROCEDURES W MCC,11,65197.0
OH,265 - AICD LEAD PROCEDURES,11,23636.0
OH,311 - ANGINA PECTORIS,11,6384.0
OH,539 - OSTEOMYELITIS W MCC,11,15562.0
OH,592 - SKIN ULCERS W MCC,11,12680.0
OH,867 - OTHER INFECTIOUS & PARASITIC DISEASES DIAGNOSES W MCC,11,46256.0
OH,502 - SOFT TISSUE PROCEDURES W/O CC/MCC,11,8874.0
OH,"747 - VAGINA, CERVIX & VULVA PROCEDURES W/O CC/MCC",11,6163.0
OH,835 - ACUTE LEUKEMIA W/O MAJOR O.R. PROCEDURE W CC,11,33271.0
OH,014 - ALLOGENEIC BONE MARROW TRANSPLANT,11,114030.0
OH,168 - OTHER RESP SYSTEM O.R. PROCEDURES W/O CC/MCC,11,11979.0
OH,349 - ANAL & STOMAL PROCEDURES W/O CC/MCC,11,7456.0
OH,"465 - WND DEBRID & SKN GRFT EXC HAND, FOR MUSCULO-CONN TISS DIS W/O CC/MCC",11,16986.0
OH,"559 - AFTERCARE, MUSCULOSKELETAL SYSTEM & CONNECTIVE TISSUE W MCC",11,17486.0
OH,614 - ADRENAL & PITUITARY PROCEDURES W CC/MCC,11,18681.0
OH,866 - VIRAL ILLNESS W/O MCC,11,6638.0
OH,114 - ORBITAL PROCEDURES W/O CC/MCC,11,12550.0
OH,977 - HIV W OR W/O OTHER RELATED CONDITION,11,12476.0
OH,061 - ACUTE ISCHEMIC STROKE W USE OF THROMBOLYTIC AGENT W MCC,11,18296.0
IN,619 - O.R. PROCEDURES FOR OBESITY W MCC,11,19135.0
IN,077 - HYPERTENSIVE ENCEPHALOPATHY W MCC,11,15851.0
IN,408 - BILIARY TRACT PROC EXCEPT ONLY CHOLECYST W OR W/O C.D.E. W MCC,11,36783.0
IN,456 - SPINAL FUS EXC CERV W SPINAL CURV/MALIG/INFEC OR 9+ FUS W MCC,11,103270.0
IN,545 - CONNECTIVE TISSUE DISORDERS W MCC,11,23230.0
IN,614 - ADRENAL & PITUITARY PROCEDURES W CC/MCC,11,26292.0
IN,774 - VAGINAL DELIVERY W COMPLICATING DIAGNOSES,11,7917.0
IN,846 - CHEMOTHERAPY W/O ACUTE LEUKEMIA AS SECONDARY DIAGNOSIS W MCC,11,21501.0
IN,501 - SOFT TISSUE PROCEDURES W CC,11,13606.0
IN,540 - OSTEOMYELITIS W CC,11,9928.0
IN,"755 - MALIGNANCY, FEMALE REPRODUCTIVE SYSTEM W CC",11,8621.0
IN,060 - MULTIPLE SCLEROSIS & CEREBELLAR ATAXIA W/O CC/MCC,11,5888.0
IN,"155 - OTHER EAR, NOSE, MOUTH & THROAT DIAGNOSES W CC",11,6973.0
IN,565 - OTHER MUSCULOSKELETAL SYS & CONNECTIVE TISSUE DIAGNOSES W CC,11,5583.0
MI,157 - DENTAL & ORAL DISEASES W MCC,11,11361.0
MI,307 - CARDIAC CONGENITAL & VALVULAR DISORDERS W/O MCC,11,5767.0
MI,376 - DIGESTIVE MALIGNANCY W/O CC/MCC,11,6908.0
MI,"628 - OTHER ENDOCRINE, NUTRIT & METAB O.R. PROC W MCC",11,28121.0
MI,668 - TRANSURETHRAL PROCEDURES W MCC,11,17796.0
MI,"604 - TRAUMA TO THE SKIN, SUBCUT TISS & BREAST W MCC",11,7737.0
MI,570 - SKIN DEBRIDEMENT W MCC,11,15220.0
MI,337 - PERITONEAL ADHESIOLYSIS W/O CC/MCC,11,11076.0
MI,020 - INTRACRANIAL VASCULAR PROCEDURES W PDX HEMORRHAGE W MCC,11,107268.0
MI,385 - INFLAMMATORY BOWEL DISEASE W MCC,11,18296.0
MI,614 - ADRENAL & PITUITARY PROCEDURES W CC/MCC,11,23800.0
MI,737 - UTERINE & ADNEXA PROC FOR OVARIAN OR ADNEXAL MALIGNANCY W CC,11,19233.0
MI,928 - FULL THICKNESS BURN W SKIN GRAFT OR INHAL INJ W CC/MCC,11,49577.0
MI,060 - MULTIPLE SCLEROSIS & CEREBELLAR ATAXIA W/O CC/MCC,11,9028.0
MI,"923 - OTHER INJURY, POISONING & TOXIC EFFECT DIAG W/O MCC",11,7792.0
MI,474 - AMPUTATION FOR MUSCULOSKELETAL SYS & CONN TISSUE DIS W MCC,11,39255.0
MI,078 - HYPERTENSIVE ENCEPHALOPATHY W CC,11,8597.0
MI,915 - ALLERGIC REACTIONS W MCC,11,12857.0
MI,479 - BIOPSIES OF MUSCULOSKELETAL SYSTEM & CONNECTIVE TISSUE W/O CC/MCC,11,10243.0
MI,454 - COMBINED ANTERIOR/POSTERIOR SPINAL FUSION W CC,11,62497.0
MI,024 - CRANIO W MAJOR DEV IMPL/ACUTE COMPLEX CNS PDX W/O MCC,11,26953.0
MI,475 - AMPUTATION FOR MUSCULOSKELETAL SYS & CONN TISSUE DIS W CC,11,14397.0
MI,488 - KNEE PROCEDURES W/O PDX OF INFECTION W CC/MCC,11,14143.0
IA,658 - KIDNEY & URETER PROCEDURES FOR NEOPLASM W/O CC/MCC,11,9954.0
IA,673 - OTHER KIDNEY & URINARY TRACT PROCEDURES W MCC,11,22369.0
IA,"492 - LOWER EXTREM & HUMER PROC EXCEPT HIP,FOOT,FEMUR W MCC",11,18986.0
IA,496 - LOCAL EXCISION & REMOVAL INT FIX DEVICES EXC HIP & FEMUR W CC,11,10845.0
IA,028 - SPINAL PROCEDURES W MCC,11,41741.0
IA,"083 - TRAUMATIC STUPOR & COMA, COMA >1 HR W CC",11,11653.0
IA,333 - RECTAL RESECTION W CC,11,19791.0
IA,368 - MAJOR ESOPHAGEAL DISORDERS W MCC,11,16055.0
IA,565 - OTHER MUSCULOSKELETAL SYS & CONNECTIVE TISSUE DIAGNOSES W CC,11,9432.0
IA,"580 - OTHER SKIN, SUBCUT TISS & BREAST PROC W CC",11,14336.0
IA,620 - O.R. PROCEDURES FOR OBESITY W CC,11,16086.0
IA,656 - KIDNEY & URETER PROCEDURES FOR NEOPLASM W MCC,11,32248.0
IA,737 - UTERINE & ADNEXA PROC FOR OVARIAN OR ADNEXAL MALIGNANCY W CC,11,17778.0
IA,813 - COAGULATION DISORDERS,11,15973.0
IA,827 - MYELOPROLIF DISORD OR POORLY DIFF NEOPL W MAJ O.R. PROC W CC,11,20026.0
IA,834 - ACUTE LEUKEMIA W/O MAJOR O.R. PROCEDURE W MCC,11,47428.0
IA,454 - COMBINED ANTERIOR/POSTERIOR SPINAL FUSION W CC,11,42918.0
WI,037 - EXTRACRANIAL PROCEDURES W MCC,11,21558.0
WI,229 - OTHER CARDIOTHORACIC PROCEDURES W CC,11,34604.0
WI,433 - CIRRHOSIS & ALCOHOLIC HEPATITIS W CC,11,7197.0
WI,"463 - WND DEBRID & SKN GRFT EXC HAND, FOR MUSCULO-CONN TISS DIS W MCC",11,49402.0
WI,502 - SOFT TISSUE PROCEDURES W/O CC/MCC,11,8369.0
WI,545 - CONNECTIVE TISSUE DISORDERS W MCC,11,24843.0
WI,"579 - OTHER SKIN, SUBCUT TISS & BREAST PROC W MCC",11,20378.0
WI,"629 - OTHER ENDOCRINE, NUTRIT & METAB O.R. PROC W CC",11,16865.0
WI,466 - REVISION OF HIP OR KNEE REPLACEMENT W MCC,11,39493.0
WI,837 - CHEMO W ACUTE LEUKEMIA AS SDX OR W HIGH DOSE CHEMO AGENT W MCC,11,66046.0
WI,478 - BIOPSIES OF MUSCULOSKELETAL SYSTEM & CONNECTIVE TISSUE W CC,11,13894.0
WI,775 - VAGINAL DELIVERY W/O COMPLICATING DIAGNOSES,11,4232.0
WI,544 - PATHOLOGICAL FRACTURES & MUSCULOSKELET & CONN TISS MALIG W/O CC/MCC,11,5802.0
WI,337 - PERITONEAL ADHESIOLYSIS W/O CC/MCC,11,15618.0
WI,348 - ANAL & STOMAL PROCEDURES W CC,11,16335.0
WI,446 - DISORDERS OF THE BILIARY TRACT W/O CC/MCC,11,7807.0
WI,614 - ADRENAL & PITUITARY PROCEDURES W CC/MCC,11,23315.0
WI,822 - LYMPHOMA & LEUKEMIA W MAJOR O.R. PROCEDURE W/O CC/MCC,11,11753.0
MN,714 - TRANSURETHRAL PROSTATECTOMY W/O CC/MCC,11,8365.0
MN,316 - OTHER CIRCULATORY SYSTEM DIAGNOSES W/O CC/MCC,11,4737.0
MN,713 - TRANSURETHRAL PROSTATECTOMY W CC/MCC,11,10393.0
MN,774 - VAGINAL DELIVERY W COMPLICATING DIAGNOSES,11,5392.0
MN,573 - SKIN GRAFT FOR SKIN ULCER OR CELLULITIS W MCC,11,29207.0
MN,017 - AUTOLOGOUS BONE MARROW TRANSPLANT W/O CC/MCC,11,47032.0
MN,030 - SPINAL PROCEDURES W/O CC/MCC,11,20439.0
MN,"134 - OTHER EAR, NOSE, MOUTH & THROAT O.R. PROCEDURES W/O CC/MCC",11,12060.0
MN,199 - PNEUMOTHORAX W MCC,11,16984.0
MN,474 - AMPUTATION FOR MUSCULOSKELETAL SYS & CONN TISSUE DIS W MCC,11,35825.0
MN,488 - KNEE PROCEDURES W/O PDX OF INFECTION W CC/MCC,11,16586.0
MN,489 - KNEE PROCEDURES W/O PDX OF INFECTION W/O CC/MCC,11,12306.0
MN,"561 - AFTERCARE, MUSCULOSKELETAL SYSTEM & CONNECTIVE TISSUE W/O CC/MCC",11,6820.0
MN,570 - SKIN DEBRIDEMENT W MCC,11,37077.0
MN,"579 - OTHER SKIN, SUBCUT TISS & BREAST PROC W MCC",11,29249.0
MN,593 - SKIN ULCERS W CC,11,11586.0
SD,206 - OTHER RESPIRATORY SYSTEM DIAGNOSES W/O MCC,11,6167.0
SD,535 - FRACTURES OF HIP & PELVIS W MCC,11,10632.0
SD,669 - TRANSURETHRAL PROCEDURES W CC,11,9109.0
SD,685 - ADMIT FOR RENAL DIALYSIS,11,7663.0
SD,857 - POSTOPERATIVE OR POST-TRAUMATIC INFECTIONS W O.R. PROC W CC,11,15827.0
SD,041 - PERIPH/CRANIAL NERVE & OTHER NERV SYST PROC W CC OR PERIPH NEUROSTIM,11,14003.0
SD,074 - CRANIAL & PERIPHERAL NERVE DISORDERS W/O MCC,11,6420.0
SD,"283 - ACUTE MYOCARDIAL INFARCTION, EXPIRED W MCC",11,11288.0
SD,436 - MALIGNANCY OF HEPATOBILIARY SYSTEM OR PANCREAS W CC,11,8310.0
SD,"605 - TRAUMA TO THE SKIN, SUBCUT TISS & BREAST W/O MCC",11,5665.0
SD,"617 - AMPUTAT OF LOWER LIMB FOR ENDOCRINE,NUTRIT,& METABOL DIS W CC",11,13398.0
SD,"627 - THYROID, PARATHYROID & THYROGLOSSAL PROCEDURES W/O CC/MCC",11,6298.0
SD,"747 - VAGINA, CERVIX & VULVA PROCEDURES W/O CC/MCC",11,6478.0
SD,947 - SIGNS & SYMPTOMS W MCC,11,8393.0
SD,"004 - TRACH W MV 96+ HRS OR PDX EXC FACE, MOUTH & NECK W/O MAJ O.R.",11,84900.0
SD,808 - MAJOR HEMATOL/IMMUN DIAG EXC SICKLE CELL CRISIS & COAGUL W MCC,11,17539.0
ND,743 - UTERINE & ADNEXA PROC FOR NON-MALIGNANCY W/O CC/MCC,11,6368.0
ND,026 - CRANIOTOMY & ENDOVASCULAR INTRACRANIAL PROCEDURES W CC,11,19210.0
ND,093 - OTHER DISORDERS OF NERVOUS SYSTEM W/O CC/MCC,11,4919.0
ND,152 - OTITIS MEDIA & URI W MCC,11,6980.0
ND,355 - HERNIA PROCEDURES EXCEPT INGUINAL & FEMORAL W/O CC/MCC,11,8462.0
ND,"405 - PANCREAS, LIVER & SHUNT PROCEDURES W MCC",11,34866.0
ND,"464 - WND DEBRID & SKN GRFT EXC HAND, FOR MUSCULO-CONN TISS DIS W CC",11,18419.0
ND,516 - OTHER MUSCULOSKELET SYS & CONN TISS O.R. PROC W CC,11,13347.0
ND,556 - SIGNS & SYMPTOMS OF MUSCULOSKELETAL SYSTEM & CONN TISSUE W/O MCC,11,5078.0
ND,885 - PSYCHOSES,11,7020.0
ND,165 - MAJOR CHEST PROCEDURES W/O CC/MCC,11,15138.0
ND,438 - DISORDERS OF PANCREAS EXCEPT MALIGNANCY W MCC,11,11778.0
ND,440 - DISORDERS OF PANCREAS EXCEPT MALIGNANCY W/O CC/MCC,11,4689.0
ND,444 - DISORDERS OF THE BILIARY TRACT W MCC,11,10105.0
ND,811 - RED BLOOD CELL DISORDERS W MCC,11,8056.0
MT,654 - MAJOR BLADDER PROCEDURES W CC,11,19488.0
MT,660 - KIDNEY & URETER PROCEDURES FOR NON-NEOPLASM W CC,11,12074.0
MT,315 - OTHER CIRCULATORY SYSTEM DIAGNOSES W CC,11,6523.0
MT,454 - COMBINED ANTERIOR/POSTERIOR SPINAL FUSION W CC,11,58584.0
MT,180 - RESPIRATORY NEOPLASMS W MCC,11,13119.0
MT,181 - RESPIRATORY NEOPLASMS W CC,11,7807.0
MT,186 - PLEURAL EFFUSION W MCC,11,10335.0
MT,305 - HYPERTENSION W/O MCC,11,4279.0
MT,440 - DISORDERS OF PANCREAS EXCEPT MALIGNANCY W/O CC/MCC,11,4093.0
MT,445 - DISORDERS OF THE BILIARY TRACT W CC,11,7344.0
MT,810 - MAJOR HEMATOL/IMMUN DIAG EXC SICKLE CELL CRISIS & COAGUL W/O CC/MCC,11,6331.0
IL,728 - INFLAMMATION OF THE MALE REPRODUCTIVE SYSTEM W/O MCC,11,7682.0
IL,661 - KIDNEY & URETER PROCEDURES FOR NON-NEOPLASM W/O CC/MCC,11,12431.0
IL,928 - FULL THICKNESS BURN W SKIN GRAFT OR INHAL INJ W CC/MCC,11,50067.0
IL,335 - PERITONEAL ADHESIOLYSIS W MCC,11,32590.0
IL,592 - SKIN ULCERS W MCC,11,7704.0
IL,737 - UTERINE & ADNEXA PROC FOR OVARIAN OR ADNEXAL MALIGNANCY W CC,11,20493.0
IL,306 - CARDIAC CONGENITAL & VALVULAR DISORDERS W MCC,11,11683.0
IL,345 - MINOR SMALL & LARGE BOWEL PROCEDURES W CC,11,15856.0
IL,"579 - OTHER SKIN, SUBCUT TISS & BREAST PROC W MCC",11,21962.0
IL,459 - SPINAL FUSION EXCEPT CERVICAL W MCC,11,64639.0
IL,"744 - D&C, CONIZATION, LAPAROSCOPY & TUBAL INTERRUPTION W CC/MCC",11,17044.0
IL,369 - MAJOR ESOPHAGEAL DISORDERS W CC,11,9084.0
IL,867 - OTHER INFECTIOUS & PARASITIC DISEASES DIAGNOSES W MCC,11,40920.0
IL,455 - COMBINED ANTERIOR/POSTERIOR SPINAL FUSION W/O CC/MCC,11,36244.0
IL,515 - OTHER MUSCULOSKELET SYS & CONN TISS O.R. PROC W MCC,11,18546.0
IL,823 - LYMPHOMA & NON-ACUTE LEUKEMIA W OTHER O.R. PROC W MCC,11,28380.0
IL,"084 - TRAUMATIC STUPOR & COMA, COMA >1 HR W/O CC/MCC",11,6038.0
IL,"492 - LOWER EXTREM & HUMER PROC EXCEPT HIP,FOOT,FEMUR W MCC",11,20011.0
MO,028 - SPINAL PROCEDURES W MCC,11,60549.0
MO,033 - VENTRICULAR SHUNT PROCEDURES W/O CC/MCC,11,11651.0
MO,"083 - TRAUMATIC STUPOR & COMA, COMA >1 HR W CC",11,9452.0
MO,"443 - DISORDERS OF LIVER EXCEPT MALIG,CIRR,ALC HEPA W/O CC/MCC",11,5307.0
MO,453 - COMBINED ANTERIOR/POSTERIOR SPINAL FUSION W MCC,11,112955.0
MO,"465 - WND DEBRID & SKN GRFT EXC HAND, FOR MUSCULO-CONN TISS DIS W/O CC/MCC",11,16044.0
MO,471 - CERVICAL SPINAL FUSION W MCC,11,37079.0
MO,502 - SOFT TISSUE PROCEDURES W/O CC/MCC,11,8824.0
MO,564 - OTHER MUSCULOSKELETAL SYS & CONNECTIVE TISSUE DIAGNOSES W MCC,11,10528.0
MO,"626 - THYROID, PARATHYROID & THYROGLOSSAL PROCEDURES W CC",11,10053.0
MO,655 - MAJOR BLADDER PROCEDURES W/O CC/MCC,11,16479.0
MO,707 - MAJOR MALE PELVIC PROCEDURES W CC/MCC,11,21879.0
MO,"735 - PELVIC EVISCERATION, RAD HYSTERECTOMY & RAD VULVECTOMY W/O CC/MCC",11,9358.0
MO,736 - UTERINE & ADNEXA PROC FOR OVARIAN OR ADNEXAL MALIGNANCY W MCC,11,31452.0
MO,"755 - MALIGNANCY, FEMALE REPRODUCTIVE SYSTEM W CC",11,9488.0
MO,964 - OTHER MULTIPLE SIGNIFICANT TRAUMA W CC,11,15303.0
MO,573 - SKIN GRAFT FOR SKIN ULCER OR CELLULITIS W MCC,11,22114.0
MO,"604 - TRAUMA TO THE SKIN, SUBCUT TISS & BREAST W MCC",11,10111.0
MO,123 - NEUROLOGICAL EYE DISORDERS,11,5024.0
MO,"747 - VAGINA, CERVIX & VULVA PROCEDURES W/O CC/MCC",11,6397.0
MO,596 - MAJOR SKIN DISORDERS W/O MCC,11,5955.0
MO,685 - ADMIT FOR RENAL DIALYSIS,11,8274.0
MO,068 - NONSPECIFIC CVA & PRECEREBRAL OCCLUSION W/O INFARCT W/O MCC,11,5288.0
KS,696 - KIDNEY & URINARY TRACT SIGNS & SYMPTOMS W/O MCC,11,4087.0
KS,337 - PERITONEAL ADHESIOLYSIS W/O CC/MCC,11,10955.0
KS,458 - SPINAL FUS EXC CERV W SPINAL CURV/MALIG/INFEC OR 9+ FUS W/O CC/MCC,11,37911.0
KS,475 - AMPUTATION FOR MUSCULOSKELETAL SYS & CONN TISSUE DIS W CC,11,14715.0
KS,496 - LOCAL EXCISION & REMOVAL INT FIX DEVICES EXC HIP & FEMUR W CC,11,12867.0
KS,501 - SOFT TISSUE PROCEDURES W CC,11,11465.0
KS,737 - UTERINE & ADNEXA PROC FOR OVARIAN OR ADNEXAL MALIGNANCY W CC,11,13924.0
KS,333 - RECTAL RESECTION W CC,11,13697.0
KS,041 - PERIPH/CRANIAL NERVE & OTHER NERV SYST PROC W CC OR PERIPH NEUROSTIM,11,12269.0
KS,841 - LYMPHOMA & NON-ACUTE LEUKEMIA W CC,11,12531.0
NE,742 - UTERINE & ADNEXA PROC FOR NON-MALIGNANCY W CC/MCC,11,8726.0
NE,248 - PERC CARDIOVASC PROC W NON-DRUG-ELUTING STENT W MCC OR 4+ VES/STENTS,11,19757.0
NE,059 - MULTIPLE SCLEROSIS & CEREBELLAR ATAXIA W CC,11,12008.0
NE,103 - HEADACHES W/O MCC,11,7035.0
NE,205 - OTHER RESPIRATORY SYSTEM DIAGNOSES W MCC,11,11682.0
NE,"463 - WND DEBRID & SKN GRFT EXC HAND, FOR MUSCULO-CONN TISS DIS W MCC",11,58287.0
NE,659 - KIDNEY & URETER PROCEDURES FOR NON-NEOPLASM W MCC,11,31331.0
NE,837 - CHEMO W ACUTE LEUKEMIA AS SDX OR W HIGH DOSE CHEMO AGENT W MCC,11,46926.0
NE,"296 - CARDIAC ARREST, UNEXPLAINED W MCC",11,7638.0
NE,373 - MAJOR GASTROINTESTINAL DISORDERS & PERITONEAL INFECTIONS W/O CC/MCC,11,5675.0
NE,395 - OTHER DIGESTIVE SYSTEM DIAGNOSES W/O CC/MCC,11,4315.0
NE,496 - LOCAL EXCISION & REMOVAL INT FIX DEVICES EXC HIP & FEMUR W CC,11,10479.0
NE,501 - SOFT TISSUE PROCEDURES W CC,11,9666.0
NE,639 - DIABETES W/O CC/MCC,11,3980.0
NE,714 - TRANSURETHRAL PROSTATECTOMY W/O CC/MCC,11,5520.0
NE,865 - VIRAL ILLNESS W MCC,11,9244.0
NE,908 - OTHER O.R. PROCEDURES FOR INJURIES W CC,11,11409.0
LA,654 - MAJOR BLADDER PROCEDURES W CC,11,13223.0
LA,306 - CARDIAC CONGENITAL & VALVULAR DISORDERS W MCC,11,14562.0
LA,834 - ACUTE LEUKEMIA W/O MAJOR O.R. PROCEDURE W MCC,11,72223.0
LA,343 - APPENDECTOMY W/O COMPLICATED PRINCIPAL DIAG W/O CC/MCC,11,5616.0
LA,928 - FULL THICKNESS BURN W SKIN GRAFT OR INHAL INJ W CC/MCC,11,32259.0
LA,068 - NONSPECIFIC CVA & PRECEREBRAL OCCLUSION W/O INFARCT W/O MCC,11,6390.0
LA,775 - VAGINAL DELIVERY W/O COMPLICATING DIAGNOSES,11,42214.0
LA,226 - CARDIAC DEFIBRILLATOR IMPLANT W/O CARDIAC CATH W MCC,11,41192.0
LA,908 - OTHER O.R. PROCEDURES FOR INJURIES W CC,11,11412.0
LA,"740 - UTERINE,ADNEXA PROC FOR NON-OVARIAN/ADNEXAL MALIG W CC",11,9976.0
AR,239 - AMPUTATION FOR CIRC SYS DISORDERS EXC UPPER LIMB & TOE W MCC,11,32498.0
AR,200 - PNEUMOTHORAX W CC,11,5659.0
AR,471 - CERVICAL SPINAL FUSION W MCC,11,30596.0
AR,856 - POSTOPERATIVE OR POST-TRAUMATIC INFECTIONS W O.R. PROC W MCC,11,30202.0
AR,"012 - TRACHEOSTOMY FOR FACE,MOUTH & NECK DIAGNOSES W CC",11,26524.0
AR,496 - LOCAL EXCISION & REMOVAL INT FIX DEVICES EXC HIP & FEMUR W CC,11,15454.0
AR,654 - MAJOR BLADDER PROCEDURES W CC,11,21811.0
AR,"741 - UTERINE,ADNEXA PROC FOR NON-OVARIAN/ADNEXAL MALIG W/O CC/MCC",11,10411.0
AR,957 - OTHER O.R. PROCEDURES FOR MULTIPLE SIGNIFICANT TRAUMA W MCC,11,54079.0
AR,196 - INTERSTITIAL LUNG DISEASE W MCC,11,9920.0
AR,"283 - ACUTE MYOCARDIAL INFARCTION, EXPIRED W MCC",11,10264.0
AR,356 - OTHER DIGESTIVE SYSTEM O.R. PROCEDURES W MCC,11,20529.0
AR,369 - MAJOR ESOPHAGEAL DISORDERS W CC,11,6662.0
AR,446 - DISORDERS OF THE BILIARY TRACT W/O CC/MCC,11,4907.0
AR,"492 - LOWER EXTREM & HUMER PROC EXCEPT HIP,FOOT,FEMUR W MCC",11,17828.0
AR,837 - CHEMO W ACUTE LEUKEMIA AS SDX OR W HIGH DOSE CHEMO AGENT W MCC,11,40039.0
AR,867 - OTHER INFECTIOUS & PARASITIC DISEASES DIAGNOSES W MCC,11,15203.0
AR,035 - CAROTID ARTERY STENT PROCEDURE W CC,11,11293.0
AR,225 - CARDIAC DEFIB IMPLANT W CARDIAC CATH W/O AMI/HF/SHOCK W/O MCC,11,35952.0
AR,333 - RECTAL RESECTION W CC,11,14149.0
AR,374 - DIGESTIVE MALIGNANCY W MCC,11,11021.0
AR,775 - VAGINAL DELIVERY W/O COMPLICATING DIAGNOSES,11,3877.0
OK,020 - INTRACRANIAL VASCULAR PROCEDURES W PDX HEMORRHAGE W MCC,11,87601.0
OK,024 - CRANIO W MAJOR DEV IMPL/ACUTE COMPLEX CNS PDX W/O MCC,11,35464.0
OK,"084 - TRAUMATIC STUPOR & COMA, COMA >1 HR W/O CC/MCC",11,10214.0
OK,737 - UTERINE & ADNEXA PROC FOR OVARIAN OR ADNEXAL MALIGNANCY W CC,11,19237.0
OK,"741 - UTERINE,ADNEXA PROC FOR NON-OVARIAN/ADNEXAL MALIG W/O CC/MCC",11,12452.0
OK,974 - HIV W MAJOR RELATED CONDITION W MCC,11,26293.0
OK,456 - SPINAL FUS EXC CERV W SPINAL CURV/MALIG/INFEC OR 9+ FUS W MCC,11,58572.0
OK,535 - FRACTURES OF HIP & PELVIS W MCC,11,7421.0
OK,987 - NON-EXTENSIVE O.R. PROC UNRELATED TO PRINCIPAL DIAGNOSIS W MCC,11,18094.0
OK,228 - OTHER CARDIOTHORACIC PROCEDURES W MCC,11,38525.0
OK,462 - BILATERAL OR MULTIPLE MAJOR JOINT PROCS OF LOWER EXTREMITY W/O MCC,11,23149.0
OK,935 - NON-EXTENSIVE BURNS,11,10212.0
OK,813 - COAGULATION DISORDERS,11,10274.0
OK,"492 - LOWER EXTREM & HUMER PROC EXCEPT HIP,FOOT,FEMUR W MCC",11,18047.0
TX,488 - KNEE PROCEDURES W/O PDX OF INFECTION W CC/MCC,11,10818.0
TX,130 - MAJOR HEAD & NECK PROCEDURES W/O CC/MCC,11,9541.0
TX,539 - OSTEOMYELITIS W MCC,11,13814.0
TX,545 - CONNECTIVE TISSUE DISORDERS W MCC,11,22678.0
TX,060 - MULTIPLE SCLEROSIS & CEREBELLAR ATAXIA W/O CC/MCC,11,6683.0
TX,368 - MAJOR ESOPHAGEAL DISORDERS W MCC,11,10283.0
TX,458 - SPINAL FUS EXC CERV W SPINAL CURV/MALIG/INFEC OR 9+ FUS W/O CC/MCC,11,29494.0
TX,077 - HYPERTENSIVE ENCEPHALOPATHY W MCC,11,10219.0
TX,081 - NONTRAUMATIC STUPOR & COMA W/O MCC,11,4538.0
TX,346 - MINOR SMALL & LARGE BOWEL PROCEDURES W/O CC/MCC,11,8864.0
TX,839 - CHEMO W ACUTE LEUKEMIA AS SDX W/O CC/MCC,11,9679.0
TX,914 - TRAUMATIC INJURY W/O MCC,11,7600.0
TX,006 - LIVER TRANSPLANT W/O MCC,11,47812.0
TX,"011 - TRACHEOSTOMY FOR FACE,MOUTH & NECK DIAGNOSES W MCC",11,30511.0
TX,158 - DENTAL & ORAL DISEASES W CC,11,6464.0
TX,437 - MALIGNANCY OF HEPATOBILIARY SYSTEM OR PANCREAS W/O CC/MCC,11,6452.0
TX,502 - SOFT TISSUE PROCEDURES W/O CC/MCC,11,8418.0
TX,"559 - AFTERCARE, MUSCULOSKELETAL SYSTEM & CONNECTIVE TISSUE W MCC",11,12588.0
TX,"740 - UTERINE,ADNEXA PROC FOR NON-OVARIAN/ADNEXAL MALIG W CC",11,11178.0
TX,882 - NEUROSES EXCEPT DEPRESSIVE,11,5823.0
TX,020 - INTRACRANIAL VASCULAR PROCEDURES W PDX HEMORRHAGE W MCC,11,57280.0
TX,125 - OTHER DISORDERS OF THE EYE W/O MCC,11,8983.0
CO,001 - HEART TRANSPLANT OR IMPLANT OF HEART ASSIST SYSTEM W MCC,11,225020.0
CO,264 - OTHER CIRCULATORY SYSTEM O.R. PROCEDURES,11,25011.0
CO,466 - REVISION OF HIP OR KNEE REPLACEMENT W MCC,11,48246.0
CO,546 - CONNECTIVE TISSUE DISORDERS W CC,11,12280.0
CO,657 - KIDNEY & URETER PROCEDURES FOR NEOPLASM W CC,11,19326.0
CO,669 - TRANSURETHRAL PROCEDURES W CC,11,12423.0
CO,909 - OTHER O.R. PROCEDURES FOR INJURIES W/O CC/MCC,11,13899.0
CO,983 - EXTENSIVE O.R. PROCEDURE UNRELATED TO PRINCIPAL DIAGNOSIS W/O CC/MCC,11,18561.0
CO,988 - NON-EXTENSIVE O.R. PROC UNRELATED TO PRINCIPAL DIAGNOSIS W CC,11,16457.0
CO,471 - CERVICAL SPINAL FUSION W MCC,11,30475.0
CO,"740 - UTERINE,ADNEXA PROC FOR NON-OVARIAN/ADNEXAL MALIG W CC",11,10389.0
CO,497 - LOCAL EXCISION & REMOVAL INT FIX DEVICES EXC HIP & FEMUR W/O CC/MCC,11,7165.0
CO,489 - KNEE PROCEDURES W/O PDX OF INFECTION W/O CC/MCC,11,8318.0
CO,183 - MAJOR CHEST TRAUMA W MCC,11,13098.0
CO,964 - OTHER MULTIPLE SIGNIFICANT TRAUMA W CC,11,9534.0
CO,354 - HERNIA PROCEDURES EXCEPT INGUINAL & FEMORAL W CC,11,10470.0
WY,166 - OTHER RESP SYSTEM O.R. PROCEDURES W MCC,11,30917.0
WY,439 - DISORDERS OF PANCREAS EXCEPT MALIGNANCY W CC,11,8145.0
WY,237 - MAJOR CARDIOVASC PROCEDURES W MCC,11,34394.0
WY,249 - PERC CARDIOVASC PROC W NON-DRUG-ELUTING STENT W/O MCC,11,15507.0
WY,"282 - ACUTE MYOCARDIAL INFARCTION, DISCHARGED ALIVE W/O CC/MCC",11,7972.0
WY,393 - OTHER DIGESTIVE SYSTEM DIAGNOSES W MCC,11,11496.0
WY,"441 - DISORDERS OF LIVER EXCEPT MALIG,CIRR,ALC HEPA W MCC",11,11607.0
WY,870 - SEPTICEMIA OR SEVERE SEPSIS W MV >96 HOURS,11,38867.0
ID,149 - DYSEQUILIBRIUM,11,3955.0
ID,684 - RENAL FAILURE W/O CC/MCC,11,3798.0
ID,694 - URINARY STONES W/O ESW LITHOTRIPSY W/O MCC,11,4775.0
ID,459 - SPINAL FUSION EXCEPT CERVICAL W MCC,11,44222.0
ID,551 - MEDICAL BACK PROBLEMS W MCC,11,9572.0
ID,743 - UTERINE & ADNEXA PROC FOR NON-MALIGNANCY W/O CC/MCC,11,6857.0
ID,395 - OTHER DIGESTIVE SYSTEM DIAGNOSES W/O CC/MCC,11,4895.0
ID,444 - DISORDERS OF THE BILIARY TRACT W MCC,11,11908.0
ID,643 - ENDOCRINE DISORDERS W MCC,11,10538.0
ID,657 - KIDNEY & URETER PROCEDURES FOR NEOPLASM W CC,11,12578.0
ID,057 - DEGENERATIVE NERVOUS SYSTEM DISORDERS W/O MCC,11,6956.0
UT,"326 - STOMACH, ESOPHAGEAL & DUODENAL PROC W MCC",11,33718.0
UT,163 - MAJOR CHEST PROCEDURES W MCC,11,31750.0
UT,200 - PNEUMOTHORAX W CC,11,8298.0
UT,299 - PERIPHERAL VASCULAR DISORDERS W MCC,11,13972.0
UT,371 - MAJOR GASTROINTESTINAL DISORDERS & PERITONEAL INFECTIONS W MCC,11,11468.0
UT,388 - G.I. OBSTRUCTION W MCC,11,12048.0
UT,947 - SIGNS & SYMPTOMS W MCC,11,9611.0
UT,440 - DISORDERS OF PANCREAS EXCEPT MALIGNANCY W/O CC/MCC,11,5094.0
UT,016 - AUTOLOGOUS BONE MARROW TRANSPLANT W CC/MCC,11,59548.0
UT,374 - DIGESTIVE MALIGNANCY W MCC,11,19625.0
UT,432 - CIRRHOSIS & ALCOHOLIC HEPATITIS W MCC,11,15577.0
UT,"463 - WND DEBRID & SKN GRFT EXC HAND, FOR MUSCULO-CONN TISS DIS W MCC",11,37311.0
UT,"581 - OTHER SKIN, SUBCUT TISS & BREAST PROC W/O CC/MCC",11,10974.0
UT,742 - UTERINE & ADNEXA PROC FOR NON-MALIGNANCY W CC/MCC,11,13739.0
UT,497 - LOCAL EXCISION & REMOVAL INT FIX DEVICES EXC HIP & FEMUR W/O CC/MCC,11,9875.0
UT,300 - PERIPHERAL VASCULAR DISORDERS W CC,11,6384.0
UT,355 - HERNIA PROCEDURES EXCEPT INGUINAL & FEMORAL W/O CC/MCC,11,8320.0
AZ,"155 - OTHER EAR, NOSE, MOUTH & THROAT DIAGNOSES W CC",11,8474.0
AZ,028 - SPINAL PROCEDURES W MCC,11,49955.0
AZ,471 - CERVICAL SPINAL FUSION W MCC,11,39477.0
AZ,005 - LIVER TRANSPLANT W MCC OR INTESTINAL TRANSPLANT,11,120999.0
AZ,196 - INTERSTITIAL LUNG DISEASE W MCC,11,18484.0
AZ,577 - SKIN GRAFT EXC FOR SKIN ULCER OR CELLULITIS W CC,11,16056.0
AZ,659 - KIDNEY & URETER PROCEDURES FOR NON-NEOPLASM W MCC,11,53924.0
AZ,535 - FRACTURES OF HIP & PELVIS W MCC,11,9641.0
AZ,896 - ALCOHOL/DRUG ABUSE OR DEPENDENCE W/O REHABILITATION THERAPY W MCC,11,13093.0
AZ,335 - PERITONEAL ADHESIOLYSIS W MCC,11,23979.0
AZ,226 - CARDIAC DEFIBRILLATOR IMPLANT W/O CARDIAC CATH W MCC,11,40916.0
AZ,248 - PERC CARDIOVASC PROC W NON-DRUG-ELUTING STENT W MCC OR 4+ VES/STENTS,11,20223.0
AZ,639 - DIABETES W/O CC/MCC,11,5028.0
AZ,089 - CONCUSSION W CC,11,7064.0
AZ,607 - MINOR SKIN DISORDERS W/O MCC,11,4588.0
AZ,333 - RECTAL RESECTION W CC,11,16636.0
AZ,517 - OTHER MUSCULOSKELET SYS & CONN TISS O.R. PROC W/O CC/MCC,11,10632.0
NM,239 - AMPUTATION FOR CIRC SYS DISORDERS EXC UPPER LIMB & TOE W MCC,11,25468.0
NM,660 - KIDNEY & URETER PROCEDURES FOR NON-NEOPLASM W CC,11,13003.0
NM,775 - VAGINAL DELIVERY W/O COMPLICATING DIAGNOSES,11,10071.0
NM,884 - ORGANIC DISTURBANCES & MENTAL RETARDATION,11,8567.0
NV,153 - OTITIS MEDIA & URI W/O MCC,11,5964.0
NV,227 - CARDIAC DEFIBRILLATOR IMPLANT W/O CARDIAC CATH W/O MCC,11,40786.0
NV,374 - DIGESTIVE MALIGNANCY W MCC,11,15544.0
NV,181 - RESPIRATORY NEOPLASMS W CC,11,8199.0
NV,742 - UTERINE & ADNEXA PROC FOR NON-MALIGNANCY W CC/MCC,11,10108.0
NV,357 - OTHER DIGESTIVE SYSTEM O.R. PROCEDURES W CC,11,15145.0
NV,459 - SPINAL FUSION EXCEPT CERVICAL W MCC,11,53298.0
NV,908 - OTHER O.R. PROCEDURES FOR INJURIES W CC,11,14008.0
NV,061 - ACUTE ISCHEMIC STROKE W USE OF THROMBOLYTIC AGENT W MCC,11,17800.0
NV,880 - ACUTE ADJUSTMENT REACTION & PSYCHOSOCIAL DYSFUNCTION,11,4684.0
NV,848 - CHEMOTHERAPY W/O ACUTE LEUKEMIA AS SECONDARY DIAGNOSIS W/O CC/MCC,11,6589.0
CA,582 - MASTECTOMY FOR MALIGNANCY W CC/MCC,11,12092.0
CA,"011 - TRACHEOSTOMY FOR FACE,MOUTH & NECK DIAGNOSES W MCC",11,73468.0
CA,458 - SPINAL FUS EXC CERV W SPINAL CURV/MALIG/INFEC OR 9+ FUS W/O CC/MCC,11,41819.0
CA,037 - EXTRACRANIAL PROCEDURES W MCC,11,26490.0
CA,158 - DENTAL & ORAL DISEASES W CC,11,5859.0
CA,199 - PNEUMOTHORAX W MCC,11,12803.0
CA,914 - TRAUMATIC INJURY W/O MCC,11,5345.0
CA,765 - CESAREAN SECTION W CC/MCC,11,13643.0
CA,958 - OTHER O.R. PROCEDURES FOR MULTIPLE SIGNIFICANT TRAUMA W CC,11,43847.0
CA,008 - SIMULTANEOUS PANCREAS/KIDNEY TRANSPLANT,11,85080.0
CA,020 - INTRACRANIAL VASCULAR PROCEDURES W PDX HEMORRHAGE W MCC,11,132117.0
CA,619 - O.R. PROCEDURES FOR OBESITY W MCC,11,58598.0
CA,132 - CRANIAL/FACIAL PROCEDURES W/O CC/MCC,11,18606.0
CA,068 - NONSPECIFIC CVA & PRECEREBRAL OCCLUSION W/O INFARCT W/O MCC,11,9099.0
CA,256 - UPPER LIMB & TOE AMPUTATION FOR CIRC SYSTEM DISORDERS W CC,11,14369.0
CA,061 - ACUTE ISCHEMIC STROKE W USE OF THROMBOLYTIC AGENT W MCC,11,20863.0
HI,039 - EXTRACRANIAL PROCEDURES W/O CC/MCC,11,15121.0
HI,026 - CRANIOTOMY & ENDOVASCULAR INTRACRANIAL PROCEDURES W CC,11,31867.0
HI,"083 - TRAUMATIC STUPOR & COMA, COMA >1 HR W CC",11,13486.0
HI,375 - DIGESTIVE MALIGNANCY W CC,11,15827.0
HI,419 - LAPAROSCOPIC CHOLECYSTECTOMY W/O C.D.E. W/O CC/MCC,11,13057.0
HI,643 - ENDOCRINE DISORDERS W MCC,11,16098.0
HI,657 - KIDNEY & URETER PROCEDURES FOR NEOPLASM W CC,11,20856.0
HI,674 - OTHER KIDNEY & URINARY TRACT PROCEDURES W CC,11,22893.0
HI,"956 - LIMB REATTACHMENT, HIP & FEMUR PROC FOR MULTIPLE SIGNIFICANT TRAUMA",11,61978.0
OR,152 - OTITIS MEDIA & URI W MCC,11,8056.0
OR,"283 - ACUTE MYOCARDIAL INFARCTION, EXPIRED W MCC",11,12268.0
OR,573 - SKIN GRAFT FOR SKIN ULCER OR CELLULITIS W MCC,11,32165.0
OR,457 - SPINAL FUS EXC CERV W SPINAL CURV/MALIG/INFEC OR EXT FUS W CC,11,65353.0
OR,458 - SPINAL FUS EXC CERV W SPINAL CURV/MALIG/INFEC OR 9+ FUS W/O CC/MCC,11,49661.0
OR,"464 - WND DEBRID & SKN GRFT EXC HAND, FOR MUSCULO-CONN TISS DIS W CC",11,29059.0
OR,822 - LYMPHOMA & LEUKEMIA W MAJOR O.R. PROCEDURE W/O CC/MCC,11,13246.0
OR,856 - POSTOPERATIVE OR POST-TRAUMATIC INFECTIONS W O.R. PROC W MCC,11,45652.0
OR,964 - OTHER MULTIPLE SIGNIFICANT TRAUMA W CC,11,16027.0
OR,433 - CIRRHOSIS & ALCOHOLIC HEPATITIS W CC,11,7114.0
OR,379 - G.I. HEMORRHAGE W/O CC/MCC,11,5264.0
OR,149 - DYSEQUILIBRIUM,11,5046.0
OR,"740 - UTERINE,ADNEXA PROC FOR NON-OVARIAN/ADNEXAL MALIG W CC",11,13922.0
OR,742 - UTERINE & ADNEXA PROC FOR NON-MALIGNANCY W CC/MCC,11,11056.0
WA,179 - RESPIRATORY INFECTIONS & INFLAMMATIONS W/O CC/MCC,11,6550.0
WA,354 - HERNIA PROCEDURES EXCEPT INGUINAL & FEMORAL W CC,11,11812.0
WA,474 - AMPUTATION FOR MUSCULOSKELETAL SYS & CONN TISSUE DIS W MCC,11,33181.0
WA,357 - OTHER DIGESTIVE SYSTEM O.R. PROCEDURES W CC,11,16431.0
WA,673 - OTHER KIDNEY & URINARY TRACT PROCEDURES W MCC,11,29364.0
WA,"012 - TRACHEOSTOMY FOR FACE,MOUTH & NECK DIAGNOSES W CC",11,37233.0
WA,"133 - OTHER EAR, NOSE, MOUTH & THROAT O.R. PROCEDURES W CC/MCC",11,25615.0
WA,655 - MAJOR BLADDER PROCEDURES W/O CC/MCC,11,25964.0
WA,"734 - PELVIC EVISCERATION, RAD HYSTERECTOMY & RAD VULVECTOMY W CC/MCC",11,31111.0
WA,386 - INFLAMMATORY BOWEL DISEASE W CC,11,7588.0
WA,103 - HEADACHES W/O MCC,11,5792.0
WA,037 - EXTRACRANIAL PROCEDURES W MCC,11,26565.0
WA,"283 - ACUTE MYOCARDIAL INFARCTION, EXPIRED W MCC",11,13240.0
AK,057 - DEGENERATIVE NERVOUS SYSTEM DISORDERS W/O MCC,11,9544.0
AK,069 - TRANSIENT ISCHEMIA,11,7018.0
AK,"494 - LOWER EXTREM & HUMER PROC EXCEPT HIP,FOOT,FEMUR W/O CC/MCC",11,14182.0
AK,689 - KIDNEY & URINARY TRACT INFECTIONS W MCC,11,10175.0
AK,907 - OTHER O.R. PROCEDURES FOR INJURIES W MCC,11,31619.0
AK,981 - EXTENSIVE O.R. PROCEDURE UNRELATED TO PRINCIPAL DIAGNOSIS W MCC,11,50397.0
AK,881 - DEPRESSIVE NEUROSES,11,10446.0
MA,068 - NONSPECIFIC CVA & PRECEREBRAL OCCLUSION W/O INFARCT W/O MCC,12,7665.0
MA,"083 - TRAUMATIC STUPOR & COMA, COMA >1 HR W CC",12,14061.0
MA,158 - DENTAL & ORAL DISEASES W CC,12,9307.0
MA,615 - ADRENAL & PITUITARY PROCEDURES W/O CC/MCC,12,13963.0
MA,726 - BENIGN PROSTATIC HYPERTROPHY W/O MCC,12,8103.0
MA,829 - MYELOPROLIF DISORD OR POORLY DIFF NEOPL W OTHER O.R. PROC W CC/MCC,12,38422.0
MA,117 - INTRAOCULAR PROCEDURES W/O CC/MCC,12,8545.0
MA,"133 - OTHER EAR, NOSE, MOUTH & THROAT O.R. PROCEDURES W CC/MCC",12,18715.0
MA,334 - RECTAL RESECTION W/O CC/MCC,12,16114.0
MA,606 - MINOR SKIN DISORDERS W MCC,12,15253.0
MA,"626 - THYROID, PARATHYROID & THYROGLOSSAL PROCEDURES W CC",12,13793.0
MA,822 - LYMPHOMA & LEUKEMIA W MAJOR O.R. PROCEDURE W/O CC/MCC,12,17909.0
MA,453 - COMBINED ANTERIOR/POSTERIOR SPINAL FUSION W MCC,12,123491.0
MA,381 - COMPLICATED PEPTIC ULCER W CC,12,8087.0
MA,"557 - TENDONITIS, MYOSITIS & BURSITIS W MCC",12,9617.0
MA,256 - UPPER LIMB & TOE AMPUTATION FOR CIRC SYSTEM DISORDERS W CC,12,17245.0
MA,593 - SKIN ULCERS W CC,12,11375.0
MA,921 - COMPLICATIONS OF TREATMENT W/O CC/MCC,12,8134.0
MA,571 - SKIN DEBRIDEMENT W CC,12,10143.0
MA,766 - CESAREAN SECTION W/O CC/MCC,12,6514.0
RI,024 - CRANIO W MAJOR DEV IMPL/ACUTE COMPLEX CNS PDX W/O MCC,12,33525.0
RI,187 - PLEURAL EFFUSION W CC,12,10561.0
RI,234 - CORONARY BYPASS W CARDIAC CATH W/O MCC,12,44288.0
RI,244 - PERMANENT CARDIAC PACEMAKER IMPLANT W/O CC/MCC,12,19566.0
RI,"326 - STOMACH, ESOPHAGEAL & DUODENAL PROC W MCC",12,49341.0
RI,432 - CIRRHOSIS & ALCOHOLIC HEPATITIS W MCC,12,16042.0
RI,"492 - LOWER EXTREM & HUMER PROC EXCEPT HIP,FOOT,FEMUR W MCC",12,30934.0
RI,607 - MINOR SKIN DISORDERS W/O MCC,12,8406.0
RI,856 - POSTOPERATIVE OR POST-TRAUMATIC INFECTIONS W O.R. PROC W MCC,12,39766.0
RI,935 - NON-EXTENSIVE BURNS,12,16072.0
RI,947 - SIGNS & SYMPTOMS W MCC,12,11521.0
RI,958 - OTHER O.R. PROCEDURES FOR MULTIPLE SIGNIFICANT TRAUMA W CC,12,35533.0
RI,196 - INTERSTITIAL LUNG DISEASE W MCC,12,11954.0
RI,694 - URINARY STONES W/O ESW LITHOTRIPSY W/O MCC,12,5206.0
RI,864 - FEVER,12,6340.0
NH,181 - RESPIRATORY NEOPLASMS W CC,12,7596.0
NH,299 - PERIPHERAL VASCULAR DISORDERS W MCC,12,10616.0
NH,240 - AMPUTATION FOR CIRC SYS DISORDERS EXC UPPER LIMB & TOE W CC,12,25128.0
NH,488 - KNEE PROCEDURES W/O PDX OF INFECTION W CC/MCC,12,15873.0
NH,673 - OTHER KIDNEY & URINARY TRACT PROCEDURES W MCC,12,36156.0
NH,694 - URINARY STONES W/O ESW LITHOTRIPSY W/O MCC,12,7872.0
NH,808 - MAJOR HEMATOL/IMMUN DIAG EXC SICKLE CELL CRISIS & COAGUL W MCC,12,25974.0
NH,864 - FEVER,12,5440.0
ME,884 - ORGANIC DISTURBANCES & MENTAL RETARDATION,12,6592.0
ME,062 - ACUTE ISCHEMIC STROKE W USE OF THROMBOLYTIC AGENT W CC,12,18139.0
ME,"082 - TRAUMATIC STUPOR & COMA, COMA >1 HR W MCC",12,20326.0
ME,199 - PNEUMOTHORAX W MCC,12,14141.0
ME,436 - MALIGNANCY OF HEPATOBILIARY SYSTEM OR PANCREAS W CC,12,9208.0
ME,554 - BONE DISEASES & ARTHROPATHIES W/O MCC,12,6234.0
ME,658 - KIDNEY & URETER PROCEDURES FOR NEOPLASM W/O CC/MCC,12,11497.0
ME,775 - VAGINAL DELIVERY W/O COMPLICATING DIAGNOSES,12,5389.0
ME,840 - LYMPHOMA & NON-ACUTE LEUKEMIA W MCC,12,24306.0
ME,867 - OTHER INFECTIOUS & PARASITIC DISEASES DIAGNOSES W MCC,12,18569.0
ME,"956 - LIMB REATTACHMENT, HIP & FEMUR PROC FOR MULTIPLE SIGNIFICANT TRAUMA",12,29605.0
ME,987 - NON-EXTENSIVE O.R. PROC UNRELATED TO PRINCIPAL DIAGNOSIS W MCC,12,29793.0
ME,620 - O.R. PROCEDURES FOR OBESITY W CC,12,11780.0
ME,386 - INFLAMMATORY BOWEL DISEASE W CC,12,7044.0
ME,475 - AMPUTATION FOR MUSCULOSKELETAL SYS & CONN TISSUE DIS W CC,12,12910.0
VT,"004 - TRACH W MV 96+ HRS OR PDX EXC FACE, MOUTH & NECK W/O MAJ O.R.",12,117791.0
VT,030 - SPINAL PROCEDURES W/O CC/MCC,12,15169.0
VT,252 - OTHER VASCULAR PROCEDURES W MCC,12,28349.0
VT,482 - HIP & FEMUR PROCEDURES EXCEPT MAJOR JOINT W/O CC/MCC,12,13582.0
VT,908 - OTHER O.R. PROCEDURES FOR INJURIES W CC,12,24800.0
VT,"441 - DISORDERS OF LIVER EXCEPT MALIG,CIRR,ALC HEPA W MCC",12,15640.0
CT,"082 - TRAUMATIC STUPOR & COMA, COMA >1 HR W MCC",12,20379.0
CT,020 - INTRACRANIAL VASCULAR PROCEDURES W PDX HEMORRHAGE W MCC,12,101315.0
CT,032 - VENTRICULAR SHUNT PROCEDURES W CC,12,19002.0
CT,130 - MAJOR HEAD & NECK PROCEDURES W/O CC/MCC,12,13278.0
CT,199 - PNEUMOTHORAX W MCC,12,18905.0
CT,475 - AMPUTATION FOR MUSCULOSKELETAL SYS & CONN TISSUE DIS W CC,12,20779.0
CT,496 - LOCAL EXCISION & REMOVAL INT FIX DEVICES EXC HIP & FEMUR W CC,12,17574.0
CT,515 - OTHER MUSCULOSKELET SYS & CONN TISS O.R. PROC W MCC,12,61796.0
CT,668 - TRANSURETHRAL PROCEDURES W MCC,12,25354.0
CT,674 - OTHER KIDNEY & URINARY TRACT PROCEDURES W CC,12,28035.0
CT,781 - OTHER ANTEPARTUM DIAGNOSES W MEDICAL COMPLICATIONS,12,27545.0
CT,813 - COAGULATION DISORDERS,12,19458.0
CT,827 - MYELOPROLIF DISORD OR POORLY DIFF NEOPL W MAJ O.R. PROC W CC,12,23509.0
NJ,224 - CARDIAC DEFIB IMPLANT W CARDIAC CATH W/O AMI/HF/SHOCK W MCC,12,63910.0
NJ,"511 - SHOULDER,ELBOW OR FOREARM PROC,EXC MAJOR JOINT PROC W CC",12,22638.0
NJ,059 - MULTIPLE SCLEROSIS & CEREBELLAR ATAXIA W CC,12,10658.0
NJ,035 - CAROTID ARTERY STENT PROCEDURE W CC,12,17622.0
NJ,726 - BENIGN PROSTATIC HYPERTROPHY W/O MCC,12,6410.0
NJ,090 - CONCUSSION W/O CC/MCC,12,7018.0
NJ,574 - SKIN GRAFT FOR SKIN ULCER OR CELLULITIS W CC,12,16461.0
NY,028 - SPINAL PROCEDURES W MCC,12,56623.0
NY,168 - OTHER RESP SYSTEM O.R. PROCEDURES W/O CC/MCC,12,15050.0
NY,288 - ACUTE & SUBACUTE ENDOCARDITIS W MCC,12,48614.0
NY,458 - SPINAL FUS EXC CERV W SPINAL CURV/MALIG/INFEC OR 9+ FUS W/O CC/MCC,12,52806.0
NY,474 - AMPUTATION FOR MUSCULOSKELETAL SYS & CONN TISSUE DIS W MCC,12,41861.0
NY,479 - BIOPSIES OF MUSCULOSKELETAL SYSTEM & CONNECTIVE TISSUE W/O CC/MCC,12,19238.0
NY,"604 - TRAUMA TO THE SKIN, SUBCUT TISS & BREAST W MCC",12,16416.0
NY,822 - LYMPHOMA & LEUKEMIA W MAJOR O.R. PROCEDURE W/O CC/MCC,12,15957.0
NY,928 - FULL THICKNESS BURN W SKIN GRAFT OR INHAL INJ W CC/MCC,12,56355.0
NY,988 - NON-EXTENSIVE O.R. PROC UNRELATED TO PRINCIPAL DIAGNOSIS W CC,12,20681.0
NY,256 - UPPER LIMB & TOE AMPUTATION FOR CIRC SYSTEM DISORDERS W CC,12,24611.0
NY,031 - VENTRICULAR SHUNT PROCEDURES W MCC,12,44504.0
NY,262 - CARDIAC PACEMAKER REVISION EXCEPT DEVICE REPLACEMENT W/O CC/MCC,12,14914.0
PA,130 - MAJOR HEAD & NECK PROCEDURES W/O CC/MCC,12,13757.0
PA,"560 - AFTERCARE, MUSCULOSKELETAL SYSTEM & CONNECTIVE TISSUE W CC",12,10326.0
PA,596 - MAJOR SKIN DISORDERS W/O MCC,12,9123.0
PA,614 - ADRENAL & PITUITARY PROCEDURES W CC/MCC,12,20160.0
PA,957 - OTHER O.R. PROCEDURES FOR MULTIPLE SIGNIFICANT TRAUMA W MCC,12,55232.0
PA,909 - OTHER O.R. PROCEDURES FOR INJURIES W/O CC/MCC,12,12648.0
PA,229 - OTHER CARDIOTHORACIC PROCEDURES W CC,12,31931.0
PA,544 - PATHOLOGICAL FRACTURES & MUSCULOSKELET & CONN TISS MALIG W/O CC/MCC,12,6069.0
PA,223 - CARDIAC DEFIB IMPLANT W CARDIAC CATH W AMI/HF/SHOCK W/O MCC,12,41292.0
PA,"581 - OTHER SKIN, SUBCUT TISS & BREAST PROC W/O CC/MCC",12,7768.0
PA,345 - MINOR SMALL & LARGE BOWEL PROCEDURES W CC,12,17479.0
PA,670 - TRANSURETHRAL PROCEDURES W/O CC/MCC,12,9565.0
PA,839 - CHEMO W ACUTE LEUKEMIA AS SDX W/O CC/MCC,12,17511.0
PA,535 - FRACTURES OF HIP & PELVIS W MCC,12,9346.0
DE,052 - SPINAL DISORDERS & INJURIES W CC/MCC,12,20415.0
DE,055 - NERVOUS SYSTEM NEOPLASMS W/O MCC,12,10210.0
DE,093 - OTHER DISORDERS OF NERVOUS SYSTEM W/O CC/MCC,12,6651.0
DE,"133 - OTHER EAR, NOSE, MOUTH & THROAT O.R. PROCEDURES W CC/MCC",12,14889.0
DE,185 - MAJOR CHEST TRAUMA W/O CC/MCC,12,6300.0
DE,337 - PERITONEAL ADHESIOLYSIS W/O CC/MCC,12,11613.0
DE,348 - ANAL & STOMAL PROCEDURES W CC,12,11012.0
DE,488 - KNEE PROCEDURES W/O PDX OF INFECTION W CC/MCC,12,11435.0
DE,555 - SIGNS & SYMPTOMS OF MUSCULOSKELETAL SYSTEM & CONN TISSUE W MCC,12,10257.0
DE,"557 - TENDONITIS, MYOSITIS & BURSITIS W MCC",12,11218.0
DE,737 - UTERINE & ADNEXA PROC FOR OVARIAN OR ADNEXAL MALIGNANCY W CC,12,17342.0
DE,808 - MAJOR HEMATOL/IMMUN DIAG EXC SICKLE CELL CRISIS & COAGUL W MCC,12,18122.0
DE,042 - PERIPH/CRANIAL NERVE & OTHER NERV SYST PROC W/O CC/MCC,12,12442.0
DC,073 - CRANIAL & PERIPHERAL NERVE DISORDERS W MCC,12,11868.0
DC,125 - OTHER DISORDERS OF THE EYE W/O MCC,12,6831.0
DC,417 - LAPAROSCOPIC CHOLECYSTECTOMY W/O C.D.E. W MCC,12,19626.0
DC,"627 - THYROID, PARATHYROID & THYROGLOSSAL PROCEDURES W/O CC/MCC",12,7473.0
DC,655 - MAJOR BLADDER PROCEDURES W/O CC/MCC,12,18054.0
DC,"740 - UTERINE,ADNEXA PROC FOR NON-OVARIAN/ADNEXAL MALIG W CC",12,15288.0
DC,808 - MAJOR HEMATOL/IMMUN DIAG EXC SICKLE CELL CRISIS & COAGUL W MCC,12,20314.0
DC,916 - ALLERGIC REACTIONS W/O MCC,12,5635.0
DC,669 - TRANSURETHRAL PROCEDURES W CC,12,13548.0
MD,063 - ACUTE ISCHEMIC STROKE W USE OF THROMBOLYTIC AGENT W/O CC/MCC,12,14557.0
MD,"511 - SHOULDER,ELBOW OR FOREARM PROC,EXC MAJOR JOINT PROC W CC",12,13336.0
MD,131 - CRANIAL/FACIAL PROCEDURES W CC/MCC,12,51059.0
MD,"735 - PELVIC EVISCERATION, RAD HYSTERECTOMY & RAD VULVECTOMY W/O CC/MCC",12,9125.0
MD,"747 - VAGINA, CERVIX & VULVA PROCEDURES W/O CC/MCC",12,7703.0
MD,081 - NONTRAUMATIC STUPOR & COMA W/O MCC,12,8850.0
MD,"623 - SKIN GRAFTS & WOUND DEBRID FOR ENDOC, NUTRIT & METAB DIS W CC",12,9788.0
MD,302 - ATHEROSCLEROSIS W MCC,12,32520.0
MD,337 - PERITONEAL ADHESIOLYSIS W/O CC/MCC,12,14969.0
VA,515 - OTHER MUSCULOSKELET SYS & CONN TISS O.R. PROC W MCC,12,24576.0
VA,"560 - AFTERCARE, MUSCULOSKELETAL SYSTEM & CONNECTIVE TISSUE W CC",12,9971.0
VA,904 - SKIN GRAFTS FOR INJURIES W CC/MCC,12,26311.0
VA,571 - SKIN DEBRIDEMENT W CC,12,9042.0
VA,036 - CAROTID ARTERY STENT PROCEDURE W/O CC/MCC,12,18458.0
VA,334 - RECTAL RESECTION W/O CC/MCC,12,15654.0
VA,433 - CIRRHOSIS & ALCOHOLIC HEPATITIS W CC,12,10463.0
VA,614 - ADRENAL & PITUITARY PROCEDURES W CC/MCC,12,27762.0
VA,620 - O.R. PROCEDURES FOR OBESITY W CC,12,17433.0
VA,316 - OTHER CIRCULATORY SYSTEM DIAGNOSES W/O CC/MCC,12,4053.0
VA,446 - DISORDERS OF THE BILIARY TRACT W/O CC/MCC,12,6034.0
VA,229 - OTHER CARDIOTHORACIC PROCEDURES W CC,12,30502.0
VA,489 - KNEE PROCEDURES W/O PDX OF INFECTION W/O CC/MCC,12,7123.0
VA,880 - ACUTE ADJUSTMENT REACTION & PSYCHOSOCIAL DYSFUNCTION,12,5220.0
VA,582 - MASTECTOMY FOR MALIGNANCY W CC/MCC,12,7883.0
WV,337 - PERITONEAL ADHESIOLYSIS W/O CC/MCC,12,11662.0
WV,"580 - OTHER SKIN, SUBCUT TISS & BREAST PROC W CC",12,10517.0
WV,841 - LYMPHOMA & NON-ACUTE LEUKEMIA W CC,12,11449.0
WV,056 - DEGENERATIVE NERVOUS SYSTEM DISORDERS W MCC,12,14737.0
WV,061 - ACUTE ISCHEMIC STROKE W USE OF THROMBOLYTIC AGENT W MCC,12,25477.0
WV,516 - OTHER MUSCULOSKELET SYS & CONN TISS O.R. PROC W CC,12,18331.0
WV,896 - ALCOHOL/DRUG ABUSE OR DEPENDENCE W/O REHABILITATION THERAPY W MCC,12,13724.0
NC,501 - SOFT TISSUE PROCEDURES W CC,12,15218.0
NC,"747 - VAGINA, CERVIX & VULVA PROCEDURES W/O CC/MCC",12,8746.0
NC,822 - LYMPHOMA & LEUKEMIA W MAJOR O.R. PROCEDURE W/O CC/MCC,12,10240.0
NC,168 - OTHER RESP SYSTEM O.R. PROCEDURES W/O CC/MCC,12,12218.0
NC,781 - OTHER ANTEPARTUM DIAGNOSES W MEDICAL COMPLICATIONS,12,8219.0
NC,842 - LYMPHOMA & NON-ACUTE LEUKEMIA W/O CC/MCC,12,18567.0
NC,059 - MULTIPLE SCLEROSIS & CEREBELLAR ATAXIA W CC,12,11570.0
NC,157 - DENTAL & ORAL DISEASES W MCC,12,12166.0
NC,224 - CARDIAC DEFIB IMPLANT W CARDIAC CATH W/O AMI/HF/SHOCK W MCC,12,58436.0
NC,774 - VAGINAL DELIVERY W COMPLICATING DIAGNOSES,12,6574.0
NC,921 - COMPLICATIONS OF TREATMENT W/O CC/MCC,12,5876.0
NC,"579 - OTHER SKIN, SUBCUT TISS & BREAST PROC W MCC",12,15972.0
SC,"741 - UTERINE,ADNEXA PROC FOR NON-OVARIAN/ADNEXAL MALIG W/O CC/MCC",12,10974.0
SC,696 - KIDNEY & URINARY TRACT SIGNS & SYMPTOMS W/O MCC,12,5101.0
SC,433 - CIRRHOSIS & ALCOHOLIC HEPATITIS W CC,12,6436.0
SC,255 - UPPER LIMB & TOE AMPUTATION FOR CIRC SYSTEM DISORDERS W MCC,12,10675.0
SC,016 - AUTOLOGOUS BONE MARROW TRANSPLANT W CC/MCC,12,46280.0
SC,033 - VENTRICULAR SHUNT PROCEDURES W/O CC/MCC,12,13778.0
SC,813 - COAGULATION DISORDERS,12,16779.0
SC,916 - ALLERGIC REACTIONS W/O MCC,12,3421.0
SC,368 - MAJOR ESOPHAGEAL DISORDERS W MCC,12,12143.0
SC,"083 - TRAUMATIC STUPOR & COMA, COMA >1 HR W CC",12,6818.0
SC,"084 - TRAUMATIC STUPOR & COMA, COMA >1 HR W/O CC/MCC",12,4970.0
SC,957 - OTHER O.R. PROCEDURES FOR MULTIPLE SIGNIFICANT TRAUMA W MCC,12,40628.0
SC,337 - PERITONEAL ADHESIOLYSIS W/O CC/MCC,12,11178.0
GA,035 - CAROTID ARTERY STENT PROCEDURE W CC,12,15214.0
GA,459 - SPINAL FUSION EXCEPT CERVICAL W MCC,12,41319.0
GA,668 - TRANSURETHRAL PROCEDURES W MCC,12,14462.0
GA,474 - AMPUTATION FOR MUSCULOSKELETAL SYS & CONN TISSUE DIS W MCC,12,27489.0
GA,017 - AUTOLOGOUS BONE MARROW TRANSPLANT W/O CC/MCC,12,31340.0
GA,033 - VENTRICULAR SHUNT PROCEDURES W/O CC/MCC,12,12199.0
GA,"443 - DISORDERS OF LIVER EXCEPT MALIG,CIRR,ALC HEPA W/O CC/MCC",12,5724.0
GA,489 - KNEE PROCEDURES W/O PDX OF INFECTION W/O CC/MCC,12,7758.0
GA,311 - ANGINA PECTORIS,12,4635.0
GA,781 - OTHER ANTEPARTUM DIAGNOSES W MEDICAL COMPLICATIONS,12,6135.0
GA,964 - OTHER MULTIPLE SIGNIFICANT TRAUMA W CC,12,10543.0
GA,188 - PLEURAL EFFUSION W/O CC/MCC,12,4300.0
FL,020 - INTRACRANIAL VASCULAR PROCEDURES W PDX HEMORRHAGE W MCC,12,69676.0
FL,502 - SOFT TISSUE PROCEDURES W/O CC/MCC,12,11152.0
FL,262 - CARDIAC PACEMAKER REVISION EXCEPT DEVICE REPLACEMENT W/O CC/MCC,12,9152.0
FL,302 - ATHEROSCLEROSIS W MCC,12,8347.0
FL,353 - HERNIA PROCEDURES EXCEPT INGUINAL & FEMORAL W MCC,12,18122.0
FL,505 - FOOT PROCEDURES W/O CC/MCC,12,16791.0
FL,574 - SKIN GRAFT FOR SKIN ULCER OR CELLULITIS W CC,12,15284.0
FL,748 - FEMALE REPRODUCTIVE SYSTEM RECONSTRUCTIVE PROCEDURES,12,8154.0
FL,"757 - INFECTIONS, FEMALE REPRODUCTIVE SYSTEM W MCC",12,10198.0
FL,963 - OTHER MULTIPLE SIGNIFICANT TRAUMA W MCC,12,21372.0
FL,886 - BEHAVIORAL & DEVELOPMENTAL DISORDERS,12,5375.0
FL,063 - ACUTE ISCHEMIC STROKE W USE OF THROMBOLYTIC AGENT W/O CC/MCC,12,8785.0
AL,032 - VENTRICULAR SHUNT PROCEDURES W CC,12,13243.0
AL,197 - INTERSTITIAL LUNG DISEASE W CC,12,12169.0
AL,306 - CARDIAC CONGENITAL & VALVULAR DISORDERS W MCC,12,9995.0
AL,656 - KIDNEY & URETER PROCEDURES FOR NEOPLASM W MCC,12,27227.0
AL,"755 - MALIGNANCY, FEMALE REPRODUCTIVE SYSTEM W CC",12,8340.0
AL,041 - PERIPH/CRANIAL NERVE & OTHER NERV SYST PROC W CC OR PERIPH NEUROSTIM,12,12504.0
AL,183 - MAJOR CHEST TRAUMA W MCC,12,9639.0
AL,229 - OTHER CARDIOTHORACIC PROCEDURES W CC,12,25408.0
AL,540 - OSTEOMYELITIS W CC,12,7593.0
AL,645 - ENDOCRINE DISORDERS W/O CC/MCC,12,4528.0
AL,"627 - THYROID, PARATHYROID & THYROGLOSSAL PROCEDURES W/O CC/MCC",12,4650.0
AL,"155 - OTHER EAR, NOSE, MOUTH & THROAT DIAGNOSES W CC",12,6983.0
TN,"894 - ALCOHOL/DRUG ABUSE OR DEPENDENCE, LEFT AMA",12,3261.0
TN,129 - MAJOR HEAD & NECK PROCEDURES W CC/MCC OR MAJOR DEVICE,12,18167.0
TN,501 - SOFT TISSUE PROCEDURES W CC,12,15933.0
TN,620 - O.R. PROCEDURES FOR OBESITY W CC,12,15295.0
TN,655 - MAJOR BLADDER PROCEDURES W/O CC/MCC,12,16979.0
TN,829 - MYELOPROLIF DISORD OR POORLY DIFF NEOPL W OTHER O.R. PROC W CC/MCC,12,31653.0
TN,904 - SKIN GRAFTS FOR INJURIES W CC/MCC,12,29752.0
TN,471 - CERVICAL SPINAL FUSION W MCC,12,32694.0
TN,337 - PERITONEAL ADHESIOLYSIS W/O CC/MCC,12,8042.0
TN,540 - OSTEOMYELITIS W CC,12,8520.0
TN,016 - AUTOLOGOUS BONE MARROW TRANSPLANT W CC/MCC,12,40491.0
TN,"155 - OTHER EAR, NOSE, MOUTH & THROAT DIAGNOSES W CC",12,7205.0
TN,564 - OTHER MUSCULOSKELETAL SYS & CONNECTIVE TISSUE DIAGNOSES W MCC,12,11969.0
TN,"580 - OTHER SKIN, SUBCUT TISS & BREAST PROC W CC",12,12236.0
MS,230 - OTHER CARDIOTHORACIC PROCEDURES W/O CC/MCC,12,23317.0
MS,355 - HERNIA PROCEDURES EXCEPT INGUINAL & FEMORAL W/O CC/MCC,12,7580.0
MS,583 - MASTECTOMY FOR MALIGNANCY W/O CC/MCC,12,6092.0
MS,661 - KIDNEY & URETER PROCEDURES FOR NON-NEOPLASM W/O CC/MCC,12,7242.0
MS,040 - PERIPH/CRANIAL NERVE & OTHER NERV SYST PROC W MCC,12,33367.0
MS,808 - MAJOR HEMATOL/IMMUN DIAG EXC SICKLE CELL CRISIS & COAGUL W MCC,12,44694.0
MS,024 - CRANIO W MAJOR DEV IMPL/ACUTE COMPLEX CNS PDX W/O MCC,12,19350.0
MS,032 - VENTRICULAR SHUNT PROCEDURES W CC,12,11778.0
MS,"579 - OTHER SKIN, SUBCUT TISS & BREAST PROC W MCC",12,15558.0
MS,841 - LYMPHOMA & NON-ACUTE LEUKEMIA W CC,12,10488.0
KY,"443 - DISORDERS OF LIVER EXCEPT MALIG,CIRR,ALC HEPA W/O CC/MCC",12,11778.0
KY,384 - UNCOMPLICATED PEPTIC ULCER W/O MCC,12,6725.0
KY,414 - CHOLECYSTECTOMY EXCEPT BY LAPAROSCOPE W/O C.D.E. W MCC,12,24662.0
KY,"629 - OTHER ENDOCRINE, NUTRIT & METAB O.R. PROC W CC",12,15016.0
KY,668 - TRANSURETHRAL PROCEDURES W MCC,12,18907.0
OH,"560 - AFTERCARE, MUSCULOSKELETAL SYSTEM & CONNECTIVE TISSUE W CC",12,7884.0
OH,"492 - LOWER EXTREM & HUMER PROC EXCEPT HIP,FOOT,FEMUR W MCC",12,24226.0
OH,"755 - MALIGNANCY, FEMALE REPRODUCTIVE SYSTEM W CC",12,12521.0
OH,387 - INFLAMMATORY BOWEL DISEASE W/O CC/MCC,12,6558.0
OH,496 - LOCAL EXCISION & REMOVAL INT FIX DEVICES EXC HIP & FEMUR W CC,12,13221.0
OH,737 - UTERINE & ADNEXA PROC FOR OVARIAN OR ADNEXAL MALIGNANCY W CC,12,19570.0
OH,814 - RETICULOENDOTHELIAL & IMMUNITY DISORDERS W MCC,12,18021.0
OH,090 - CONCUSSION W/O CC/MCC,12,6073.0
OH,837 - CHEMO W ACUTE LEUKEMIA AS SDX OR W HIGH DOSE CHEMO AGENT W MCC,12,65912.0
OH,535 - FRACTURES OF HIP & PELVIS W MCC,12,7813.0
OH,935 - NON-EXTENSIVE BURNS,12,13138.0
IN,125 - OTHER DISORDERS OF THE EYE W/O MCC,12,8668.0
IN,183 - MAJOR CHEST TRAUMA W MCC,12,14443.0
IN,867 - OTHER INFECTIOUS & PARASITIC DISEASES DIAGNOSES W MCC,12,25566.0
IN,921 - COMPLICATIONS OF TREATMENT W/O CC/MCC,12,9373.0
IN,"084 - TRAUMATIC STUPOR & COMA, COMA >1 HR W/O CC/MCC",12,6893.0
IN,225 - CARDIAC DEFIB IMPLANT W CARDIAC CATH W/O AMI/HF/SHOCK W/O MCC,12,33963.0
IN,713 - TRANSURETHRAL PROSTATECTOMY W CC/MCC,12,16867.0
IN,062 - ACUTE ISCHEMIC STROKE W USE OF THROMBOLYTIC AGENT W CC,12,12588.0
IN,158 - DENTAL & ORAL DISEASES W CC,12,5638.0
MI,"156 - OTHER EAR, NOSE, MOUTH & THROAT DIAGNOSES W/O CC/MCC",12,6395.0
MI,368 - MAJOR ESOPHAGEAL DISORDERS W MCC,12,13588.0
MI,486 - KNEE PROCEDURES W PDX OF INFECTION W CC,12,14767.0
MI,497 - LOCAL EXCISION & REMOVAL INT FIX DEVICES EXC HIP & FEMUR W/O CC/MCC,12,8866.0
MI,"561 - AFTERCARE, MUSCULOSKELETAL SYSTEM & CONNECTIVE TISSUE W/O CC/MCC",12,5154.0
MI,700 - OTHER KIDNEY & URINARY TRACT DIAGNOSES W/O CC/MCC,12,5496.0
MI,"557 - TENDONITIS, MYOSITIS & BURSITIS W MCC",12,9443.0
MI,007 - LUNG TRANSPLANT,12,83990.0
MI,821 - LYMPHOMA & LEUKEMIA W MAJOR O.R. PROCEDURE W CC,12,21789.0
MI,774 - VAGINAL DELIVERY W COMPLICATING DIAGNOSES,12,8199.0
MI,"581 - OTHER SKIN, SUBCUT TISS & BREAST PROC W/O CC/MCC",12,8853.0
IA,336 - PERITONEAL ADHESIOLYSIS W CC,12,16351.0
IA,856 - POSTOPERATIVE OR POST-TRAUMATIC INFECTIONS W O.R. PROC W MCC,12,28975.0
IA,355 - HERNIA PROCEDURES EXCEPT INGUINAL & FEMORAL W/O CC/MCC,12,7748.0
IA,685 - ADMIT FOR RENAL DIALYSIS,12,5634.0
IA,033 - VENTRICULAR SHUNT PROCEDURES W/O CC/MCC,12,13903.0
IA,041 - PERIPH/CRANIAL NERVE & OTHER NERV SYST PROC W CC OR PERIPH NEUROSTIM,12,19467.0
IA,"134 - OTHER EAR, NOSE, MOUTH & THROAT O.R. PROCEDURES W/O CC/MCC",12,11836.0
IA,"155 - OTHER EAR, NOSE, MOUTH & THROAT DIAGNOSES W CC",12,9009.0
IA,896 - ALCOHOL/DRUG ABUSE OR DEPENDENCE W/O REHABILITATION THERAPY W MCC,12,13997.0
WI,"557 - TENDONITIS, MYOSITIS & BURSITIS W MCC",12,7611.0
WI,150 - EPISTAXIS W MCC,12,11907.0
WI,301 - PERIPHERAL VASCULAR DISORDERS W/O CC/MCC,12,5466.0
WI,353 - HERNIA PROCEDURES EXCEPT INGUINAL & FEMORAL W MCC,12,26748.0
WI,373 - MAJOR GASTROINTESTINAL DISORDERS & PERITONEAL INFECTIONS W/O CC/MCC,12,6879.0
WI,471 - CERVICAL SPINAL FUSION W MCC,12,39957.0
WI,808 - MAJOR HEMATOL/IMMUN DIAG EXC SICKLE CELL CRISIS & COAGUL W MCC,12,16557.0
WI,475 - AMPUTATION FOR MUSCULOSKELETAL SYS & CONN TISSUE DIS W CC,12,35452.0
WI,303 - ATHEROSCLEROSIS W/O MCC,12,5472.0
WI,571 - SKIN DEBRIDEMENT W CC,12,9009.0
WI,024 - CRANIO W MAJOR DEV IMPL/ACUTE COMPLEX CNS PDX W/O MCC,12,22887.0
MN,"084 - TRAUMATIC STUPOR & COMA, COMA >1 HR W/O CC/MCC",12,11035.0
MN,179 - RESPIRATORY INFECTIONS & INFLAMMATIONS W/O CC/MCC,12,9811.0
MN,224 - CARDIAC DEFIB IMPLANT W CARDIAC CATH W/O AMI/HF/SHOCK W MCC,12,73984.0
MN,471 - CERVICAL SPINAL FUSION W MCC,12,64444.0
MN,500 - SOFT TISSUE PROCEDURES W MCC,12,36118.0
MN,565 - OTHER MUSCULOSKELETAL SYS & CONNECTIVE TISSUE DIAGNOSES W CC,12,9505.0
MN,571 - SKIN DEBRIDEMENT W CC,12,15524.0
MN,596 - MAJOR SKIN DISORDERS W/O MCC,12,9499.0
MN,"629 - OTHER ENDOCRINE, NUTRIT & METAB O.R. PROC W CC",12,23078.0
MN,843 - OTHER MYELOPROLIF DIS OR POORLY DIFF NEOPL DIAG W MCC,12,27680.0
MN,865 - VIRAL ILLNESS W MCC,12,16744.0
SD,556 - SIGNS & SYMPTOMS OF MUSCULOSKELETAL SYSTEM & CONN TISSUE W/O MCC,12,5701.0
SD,"741 - UTERINE,ADNEXA PROC FOR NON-OVARIAN/ADNEXAL MALIG W/O CC/MCC",12,8535.0
SD,221 - CARDIAC VALVE & OTH MAJ CARDIOTHORACIC PROC W/O CARD CATH W/O CC/MCC,12,37599.0
SD,227 - CARDIAC DEFIBRILLATOR IMPLANT W/O CARDIAC CATH W/O MCC,12,34274.0
SD,373 - MAJOR GASTROINTESTINAL DISORDERS & PERITONEAL INFECTIONS W/O CC/MCC,12,5958.0
SD,"580 - OTHER SKIN, SUBCUT TISS & BREAST PROC W CC",12,10483.0
SD,184 - MAJOR CHEST TRAUMA W CC,12,7985.0
ND,074 - CRANIAL & PERIPHERAL NERVE DISORDERS W/O MCC,12,6806.0
ND,181 - RESPIRATORY NEOPLASMS W CC,12,8010.0
ND,432 - CIRRHOSIS & ALCOHOLIC HEPATITIS W MCC,12,12342.0
ND,643 - ENDOCRINE DISORDERS W MCC,12,10825.0
ND,"326 - STOMACH, ESOPHAGEAL & DUODENAL PROC W MCC",12,42854.0
ND,071 - NONSPECIFIC CEREBROVASCULAR DISORDERS W CC,12,6238.0
ND,837 - CHEMO W ACUTE LEUKEMIA AS SDX OR W HIGH DOSE CHEMO AGENT W MCC,12,38904.0
ND,216 - CARDIAC VALVE & OTH MAJ CARDIOTHORACIC PROC W CARD CATH W MCC,12,58601.0
ND,264 - OTHER CIRCULATORY SYSTEM O.R. PROCEDURES,12,16411.0
ND,"558 - TENDONITIS, MYOSITIS & BURSITIS W/O MCC",12,8254.0
MT,233 - CORONARY BYPASS W CARDIAC CATH W MCC,12,44515.0
MT,435 - MALIGNANCY OF HEPATOBILIARY SYSTEM OR PANCREAS W MCC,12,11776.0
MT,620 - O.R. PROCEDURES FOR OBESITY W CC,12,11844.0
MT,920 - COMPLICATIONS OF TREATMENT W CC,12,6624.0
MT,"085 - TRAUMATIC STUPOR & COMA, COMA <1 HR W MCC",12,13257.0
MT,166 - OTHER RESP SYSTEM O.R. PROCEDURES W MCC,12,24966.0
MT,854 - INFECTIOUS & PARASITIC DISEASES W O.R. PROCEDURE W CC,12,15954.0
MT,444 - DISORDERS OF THE BILIARY TRACT W MCC,12,9557.0
IL,381 - COMPLICATED PEPTIC ULCER W CC,12,7671.0
IL,502 - SOFT TISSUE PROCEDURES W/O CC/MCC,12,7865.0
IL,909 - OTHER O.R. PROCEDURES FOR INJURIES W/O CC/MCC,12,8575.0
IL,260 - CARDIAC PACEMAKER REVISION EXCEPT DEVICE REPLACEMENT W MCC,12,28926.0
IL,351 - INGUINAL & FEMORAL HERNIA PROCEDURES W CC,12,8156.0
IL,"956 - LIMB REATTACHMENT, HIP & FEMUR PROC FOR MULTIPLE SIGNIFICANT TRAUMA",12,19160.0
IL,032 - VENTRICULAR SHUNT PROCEDURES W CC,12,15899.0
IL,474 - AMPUTATION FOR MUSCULOSKELETAL SYS & CONN TISSUE DIS W MCC,12,25937.0
IL,477 - BIOPSIES OF MUSCULOSKELETAL SYSTEM & CONNECTIVE TISSUE W MCC,12,24384.0
IL,835 - ACUTE LEUKEMIA W/O MAJOR O.R. PROCEDURE W CC,12,17316.0
IL,904 - SKIN GRAFTS FOR INJURIES W CC/MCC,12,27706.0
IL,081 - NONTRAUMATIC STUPOR & COMA W/O MCC,12,17993.0
IL,655 - MAJOR BLADDER PROCEDURES W/O CC/MCC,12,30956.0
IL,037 - EXTRACRANIAL PROCEDURES W MCC,12,20760.0
IL,355 - HERNIA PROCEDURES EXCEPT INGUINAL & FEMORAL W/O CC/MCC,12,10162.0
IL,716 - OTHER MALE REPRODUCTIVE SYSTEM O.R. PROC FOR MALIGNANCY W/O CC/MCC,12,8149.0
IL,880 - ACUTE ADJUSTMENT REACTION & PSYCHOSOCIAL DYSFUNCTION,12,5178.0
MO,042 - PERIPH/CRANIAL NERVE & OTHER NERV SYST PROC W/O CC/MCC,12,13725.0
MO,"155 - OTHER EAR, NOSE, MOUTH & THROAT DIAGNOSES W CC",12,7002.0
MO,307 - CARDIAC CONGENITAL & VALVULAR DISORDERS W/O MCC,12,7519.0
MO,348 - ANAL & STOMAL PROCEDURES W CC,12,10431.0
MO,606 - MINOR SKIN DISORDERS W MCC,12,10664.0
MO,823 - LYMPHOMA & NON-ACUTE LEUKEMIA W OTHER O.R. PROC W MCC,12,31647.0
MO,963 - OTHER MULTIPLE SIGNIFICANT TRAUMA W MCC,12,20106.0
MO,"580 - OTHER SKIN, SUBCUT TISS & BREAST PROC W CC",12,8396.0
MO,474 - AMPUTATION FOR MUSCULOSKELETAL SYS & CONN TISSUE DIS W MCC,12,26252.0
KS,578 - SKIN GRAFT EXC FOR SKIN ULCER OR CELLULITIS W/O CC/MCC,12,9418.0
KS,"580 - OTHER SKIN, SUBCUT TISS & BREAST PROC W CC",12,11889.0
KS,"626 - THYROID, PARATHYROID & THYROGLOSSAL PROCEDURES W CC",12,9360.0
KS,935 - NON-EXTENSIVE BURNS,12,10413.0
KS,395 - OTHER DIGESTIVE SYSTEM DIAGNOSES W/O CC/MCC,12,4092.0
KS,373 - MAJOR GASTROINTESTINAL DISORDERS & PERITONEAL INFECTIONS W/O CC/MCC,12,5043.0
KS,040 - PERIPH/CRANIAL NERVE & OTHER NERV SYST PROC W MCC,12,25062.0
KS,881 - DEPRESSIVE NEUROSES,12,4357.0
KS,459 - SPINAL FUSION EXCEPT CERVICAL W MCC,12,39015.0
KS,964 - OTHER MULTIPLE SIGNIFICANT TRAUMA W CC,12,12297.0
NE,187 - PLEURAL EFFUSION W CC,12,8671.0
NE,607 - MINOR SKIN DISORDERS W/O MCC,12,6297.0
NE,068 - NONSPECIFIC CVA & PRECEREBRAL OCCLUSION W/O INFARCT W/O MCC,12,5348.0
NE,200 - PNEUMOTHORAX W CC,12,6572.0
NE,239 - AMPUTATION FOR CIRC SYS DISORDERS EXC UPPER LIMB & TOE W MCC,12,20002.0
NE,573 - SKIN GRAFT FOR SKIN ULCER OR CELLULITIS W MCC,12,20884.0
LA,230 - OTHER CARDIOTHORACIC PROCEDURES W/O CC/MCC,12,43140.0
LA,433 - CIRRHOSIS & ALCOHOLIC HEPATITIS W CC,12,9390.0
LA,707 - MAJOR MALE PELVIC PROCEDURES W CC/MCC,12,12500.0
LA,"956 - LIMB REATTACHMENT, HIP & FEMUR PROC FOR MULTIPLE SIGNIFICANT TRAUMA",12,25392.0
LA,103 - HEADACHES W/O MCC,12,4445.0
LA,316 - OTHER CIRCULATORY SYSTEM DIAGNOSES W/O CC/MCC,12,4125.0
LA,353 - HERNIA PROCEDURES EXCEPT INGUINAL & FEMORAL W MCC,12,17906.0
LA,"755 - MALIGNANCY, FEMALE REPRODUCTIVE SYSTEM W CC",12,8244.0
LA,841 - LYMPHOMA & NON-ACUTE LEUKEMIA W CC,12,8977.0
LA,311 - ANGINA PECTORIS,12,3240.0
AR,206 - OTHER RESPIRATORY SYSTEM DIAGNOSES W/O MCC,12,4705.0
AR,032 - VENTRICULAR SHUNT PROCEDURES W CC,12,11256.0
AR,334 - RECTAL RESECTION W/O CC/MCC,12,9155.0
AR,453 - COMBINED ANTERIOR/POSTERIOR SPINAL FUSION W MCC,12,62992.0
AR,742 - UTERINE & ADNEXA PROC FOR NON-MALIGNANCY W CC/MCC,12,13717.0
AR,880 - ACUTE ADJUSTMENT REACTION & PSYCHOSOCIAL DYSFUNCTION,12,6952.0
AR,947 - SIGNS & SYMPTOMS W MCC,12,10179.0
AR,"011 - TRACHEOSTOMY FOR FACE,MOUTH & NECK DIAGNOSES W MCC",12,26743.0
OK,221 - CARDIAC VALVE & OTH MAJ CARDIOTHORACIC PROC W/O CARD CATH W/O CC/MCC,12,33884.0
OK,356 - OTHER DIGESTIVE SYSTEM O.R. PROCEDURES W MCC,12,27604.0
OK,471 - CERVICAL SPINAL FUSION W MCC,12,29080.0
OK,261 - CARDIAC PACEMAKER REVISION EXCEPT DEVICE REPLACEMENT W CC,12,9768.0
OK,"296 - CARDIAC ARREST, UNEXPLAINED W MCC",12,9032.0
OK,037 - EXTRACRANIAL PROCEDURES W MCC,12,24012.0
OK,444 - DISORDERS OF THE BILIARY TRACT W MCC,12,20044.0
OK,"562 - FX, SPRN, STRN & DISL EXCEPT FEMUR, HIP, PELVIS & THIGH W MCC",12,8284.0
TX,456 - SPINAL FUS EXC CERV W SPINAL CURV/MALIG/INFEC OR 9+ FUS W MCC,12,81368.0
TX,229 - OTHER CARDIOTHORACIC PROCEDURES W CC,12,26291.0
TX,"133 - OTHER EAR, NOSE, MOUTH & THROAT O.R. PROCEDURES W CC/MCC",12,16689.0
TX,642 - INBORN AND OTHER DISORDERS OF METABOLISM,12,8538.0
TX,042 - PERIPH/CRANIAL NERVE & OTHER NERV SYST PROC W/O CC/MCC,12,11930.0
TX,"604 - TRAUMA TO THE SKIN, SUBCUT TISS & BREAST W MCC",12,9081.0
TX,"084 - TRAUMATIC STUPOR & COMA, COMA >1 HR W/O CC/MCC",12,10661.0
TX,032 - VENTRICULAR SHUNT PROCEDURES W CC,12,16231.0
TX,353 - HERNIA PROCEDURES EXCEPT INGUINAL & FEMORAL W MCC,12,19350.0
TX,"626 - THYROID, PARATHYROID & THYROGLOSSAL PROCEDURES W CC",12,8948.0
TX,736 - UTERINE & ADNEXA PROC FOR OVARIAN OR ADNEXAL MALIGNANCY W MCC,12,49622.0
CO,007 - LUNG TRANSPLANT,12,123805.0
CO,042 - PERIPH/CRANIAL NERVE & OTHER NERV SYST PROC W/O CC/MCC,12,16461.0
CO,168 - OTHER RESP SYSTEM O.R. PROCEDURES W/O CC/MCC,12,13502.0
CO,187 - PLEURAL EFFUSION W CC,12,11304.0
CO,216 - CARDIAC VALVE & OTH MAJ CARDIOTHORACIC PROC W CARD CATH W MCC,12,86307.0
CO,301 - PERIPHERAL VASCULAR DISORDERS W/O CC/MCC,12,7248.0
CO,502 - SOFT TISSUE PROCEDURES W/O CC/MCC,12,11642.0
CO,643 - ENDOCRINE DISORDERS W MCC,12,17703.0
CO,658 - KIDNEY & URETER PROCEDURES FOR NEOPLASM W/O CC/MCC,12,14751.0
CO,866 - VIRAL ILLNESS W/O MCC,12,8606.0
CO,880 - ACUTE ADJUSTMENT REACTION & PSYCHOSOCIAL DYSFUNCTION,12,7573.0
CO,535 - FRACTURES OF HIP & PELVIS W MCC,12,8328.0
CO,"558 - TENDONITIS, MYOSITIS & BURSITIS W/O MCC",12,5568.0
CO,"492 - LOWER EXTREM & HUMER PROC EXCEPT HIP,FOOT,FEMUR W MCC",12,18255.0
WY,069 - TRANSIENT ISCHEMIA,12,6280.0
WY,101 - SEIZURES W/O MCC,12,6795.0
WY,556 - SIGNS & SYMPTOMS OF MUSCULOSKELETAL SYSTEM & CONN TISSUE W/O MCC,12,6455.0
WY,091 - OTHER DISORDERS OF NERVOUS SYSTEM W MCC,12,10305.0
WY,204 - RESPIRATORY SIGNS & SYMPTOMS,12,4804.0
WY,234 - CORONARY BYPASS W CARDIAC CATH W/O MCC,12,41760.0
WY,254 - OTHER VASCULAR PROCEDURES W/O CC/MCC,12,12628.0
WY,708 - MAJOR MALE PELVIC PROCEDURES W/O CC/MCC,12,8744.0
WY,698 - OTHER KIDNEY & URINARY TRACT DIAGNOSES W MCC,12,15755.0
ID,206 - OTHER RESPIRATORY SYSTEM DIAGNOSES W/O MCC,12,5389.0
ID,264 - OTHER CIRCULATORY SYSTEM O.R. PROCEDURES,12,23666.0
ID,355 - HERNIA PROCEDURES EXCEPT INGUINAL & FEMORAL W/O CC/MCC,12,8261.0
ID,354 - HERNIA PROCEDURES EXCEPT INGUINAL & FEMORAL W CC,12,11228.0
UT,438 - DISORDERS OF PANCREAS EXCEPT MALIGNANCY W MCC,12,16845.0
UT,811 - RED BLOOD CELL DISORDERS W MCC,12,11243.0
UT,"012 - TRACHEOSTOMY FOR FACE,MOUTH & NECK DIAGNOSES W CC",12,28084.0
UT,"405 - PANCREAS, LIVER & SHUNT PROCEDURES W MCC",12,52820.0
UT,516 - OTHER MUSCULOSKELET SYS & CONN TISS O.R. PROC W CC,12,20611.0
UT,517 - OTHER MUSCULOSKELET SYS & CONN TISS O.R. PROC W/O CC/MCC,12,14764.0
UT,659 - KIDNEY & URETER PROCEDURES FOR NON-NEOPLASM W MCC,12,38259.0
UT,857 - POSTOPERATIVE OR POST-TRAUMATIC INFECTIONS W O.R. PROC W CC,12,17800.0
UT,673 - OTHER KIDNEY & URINARY TRACT PROCEDURES W MCC,12,27870.0
AZ,571 - SKIN DEBRIDEMENT W CC,12,11119.0
AZ,673 - OTHER KIDNEY & URINARY TRACT PROCEDURES W MCC,12,27377.0
AZ,674 - OTHER KIDNEY & URINARY TRACT PROCEDURES W CC,12,18926.0
AZ,"956 - LIMB REATTACHMENT, HIP & FEMUR PROC FOR MULTIPLE SIGNIFICANT TRAUMA",12,24871.0
AZ,935 - NON-EXTENSIVE BURNS,12,25146.0
AZ,"011 - TRACHEOSTOMY FOR FACE,MOUTH & NECK DIAGNOSES W MCC",12,51646.0
AZ,988 - NON-EXTENSIVE O.R. PROC UNRELATED TO PRINCIPAL DIAGNOSIS W CC,12,12413.0
AZ,203 - BRONCHITIS & ASTHMA W/O CC/MCC,12,3851.0
AZ,691 - URINARY STONES W ESW LITHOTRIPSY W CC/MCC,12,9316.0
AZ,728 - INFLAMMATION OF THE MALE REPRODUCTIVE SYSTEM W/O MCC,12,5682.0
NM,"558 - TENDONITIS, MYOSITIS & BURSITIS W/O MCC",12,12224.0
NM,920 - COMPLICATIONS OF TREATMENT W CC,12,14466.0
NM,433 - CIRRHOSIS & ALCOHOLIC HEPATITIS W CC,12,7341.0
NM,438 - DISORDERS OF PANCREAS EXCEPT MALIGNANCY W MCC,12,12064.0
NM,551 - MEDICAL BACK PROBLEMS W MCC,12,10551.0
NM,658 - KIDNEY & URETER PROCEDURES FOR NEOPLASM W/O CC/MCC,12,10780.0
NM,264 - OTHER CIRCULATORY SYSTEM O.R. PROCEDURES,12,21776.0
NV,974 - HIV W MAJOR RELATED CONDITION W MCC,12,20264.0
NV,093 - OTHER DISORDERS OF NERVOUS SYSTEM W/O CC/MCC,12,6436.0
NV,200 - PNEUMOTHORAX W CC,12,10229.0
NV,809 - MAJOR HEMATOL/IMMUN DIAG EXC SICKLE CELL CRISIS & COAGUL W CC,12,9624.0
NV,639 - DIABETES W/O CC/MCC,12,4381.0
NV,264 - OTHER CIRCULATORY SYSTEM O.R. PROCEDURES,12,20604.0
NV,"328 - STOMACH, ESOPHAGEAL & DUODENAL PROC W/O CC/MCC",12,10989.0
NV,457 - SPINAL FUS EXC CERV W SPINAL CURV/MALIG/INFEC OR EXT FUS W CC,12,47118.0
NV,471 - CERVICAL SPINAL FUSION W MCC,12,36929.0
CA,226 - CARDIAC DEFIBRILLATOR IMPLANT W/O CARDIAC CATH W MCC,12,72035.0
CA,539 - OSTEOMYELITIS W MCC,12,18032.0
CA,"604 - TRAUMA TO THE SKIN, SUBCUT TISS & BREAST W MCC",12,12429.0
CA,645 - ENDOCRINE DISORDERS W/O CC/MCC,12,7294.0
CA,988 - NON-EXTENSIVE O.R. PROC UNRELATED TO PRINCIPAL DIAGNOSIS W CC,12,16633.0
CA,042 - PERIPH/CRANIAL NERVE & OTHER NERV SYST PROC W/O CC/MCC,12,23803.0
CA,433 - CIRRHOSIS & ALCOHOLIC HEPATITIS W CC,12,7873.0
CA,351 - INGUINAL & FEMORAL HERNIA PROCEDURES W CC,12,10361.0
CA,345 - MINOR SMALL & LARGE BOWEL PROCEDURES W CC,12,22675.0
CA,497 - LOCAL EXCISION & REMOVAL INT FIX DEVICES EXC HIP & FEMUR W/O CC/MCC,12,18001.0
CA,577 - SKIN GRAFT EXC FOR SKIN ULCER OR CELLULITIS W CC,12,26006.0
CA,821 - LYMPHOMA & LEUKEMIA W MAJOR O.R. PROCEDURE W CC,12,30975.0
CA,828 - MYELOPROLIF DISORD OR POORLY DIFF NEOPL W MAJ O.R. PROC W/O CC/MCC,12,20576.0
CA,909 - OTHER O.R. PROCEDURES FOR INJURIES W/O CC/MCC,12,16978.0
CA,691 - URINARY STONES W ESW LITHOTRIPSY W CC/MCC,12,14161.0
CA,200 - PNEUMOTHORAX W CC,12,8896.0
HI,"003 - ECMO OR TRACH W MV >96 HRS OR PDX EXC FACE, MOUTH & NECK W MAJ O.R.",12,276840.0
HI,239 - AMPUTATION FOR CIRC SYS DISORDERS EXC UPPER LIMB & TOE W MCC,12,43863.0
HI,242 - PERMANENT CARDIAC PACEMAKER IMPLANT W MCC,12,38033.0
HI,"441 - DISORDERS OF LIVER EXCEPT MALIG,CIRR,ALC HEPA W MCC",12,23568.0
HI,444 - DISORDERS OF THE BILIARY TRACT W MCC,12,16730.0
HI,571 - SKIN DEBRIDEMENT W CC,12,16147.0
HI,812 - RED BLOOD CELL DISORDERS W/O MCC,12,9496.0
HI,070 - NONSPECIFIC CEREBROVASCULAR DISORDERS W MCC,12,17972.0
HI,235 - CORONARY BYPASS W/O CARDIAC CATH W MCC,12,44270.0
OR,"133 - OTHER EAR, NOSE, MOUTH & THROAT O.R. PROCEDURES W CC/MCC",12,25064.0
OR,497 - LOCAL EXCISION & REMOVAL INT FIX DEVICES EXC HIP & FEMUR W/O CC/MCC,12,14184.0
OR,207 - RESPIRATORY SYSTEM DIAGNOSIS W VENTILATOR SUPPORT 96+ HOURS,12,37288.0
OR,438 - DISORDERS OF PANCREAS EXCEPT MALIGNANCY W MCC,12,12286.0
OR,103 - HEADACHES W/O MCC,12,5426.0
OR,333 - RECTAL RESECTION W CC,12,17128.0
OR,374 - DIGESTIVE MALIGNANCY W MCC,12,14345.0
OR,471 - CERVICAL SPINAL FUSION W MCC,12,39012.0
OR,743 - UTERINE & ADNEXA PROC FOR NON-MALIGNANCY W/O CC/MCC,12,8089.0
WA,029 - SPINAL PROCEDURES W CC OR SPINAL NEUROSTIMULATORS,12,32466.0
WA,"741 - UTERINE,ADNEXA PROC FOR NON-OVARIAN/ADNEXAL MALIG W/O CC/MCC",12,13894.0
WA,765 - CESAREAN SECTION W CC/MCC,12,8716.0
WA,982 - EXTENSIVE O.R. PROCEDURE UNRELATED TO PRINCIPAL DIAGNOSIS W CC,12,27470.0
WA,517 - OTHER MUSCULOSKELET SYS & CONN TISS O.R. PROC W/O CC/MCC,12,19207.0
WA,834 - ACUTE LEUKEMIA W/O MAJOR O.R. PROCEDURE W MCC,12,81470.0
WA,240 - AMPUTATION FOR CIRC SYS DISORDERS EXC UPPER LIMB & TOE W CC,12,16949.0
WA,"558 - TENDONITIS, MYOSITIS & BURSITIS W/O MCC",12,5970.0
WA,"004 - TRACH W MV 96+ HRS OR PDX EXC FACE, MOUTH & NECK W/O MAJ O.R.",12,70734.0
WA,063 - ACUTE ISCHEMIC STROKE W USE OF THROMBOLYTIC AGENT W/O CC/MCC,12,12578.0
WA,656 - KIDNEY & URETER PROCEDURES FOR NEOPLASM W MCC,12,29264.0
WA,685 - ADMIT FOR RENAL DIALYSIS,12,7786.0
AK,"003 - ECMO OR TRACH W MV >96 HRS OR PDX EXC FACE, MOUTH & NECK W MAJ O.R.",12,130684.0
AK,054 - NERVOUS SYSTEM NEOPLASMS W MCC,12,12498.0
AK,253 - OTHER VASCULAR PROCEDURES W CC,12,22992.0
AK,439 - DISORDERS OF PANCREAS EXCEPT MALIGNANCY W CC,12,15568.0
AK,638 - DIABETES W CC,12,11248.0
AK,708 - MAJOR MALE PELVIC PROCEDURES W/O CC/MCC,12,13096.0
AK,331 - MAJOR SMALL & LARGE BOWEL PROCEDURES W/O CC/MCC,12,26335.0
MA,"084 - TRAUMATIC STUPOR & COMA, COMA >1 HR W/O CC/MCC",13,8975.0
MA,474 - AMPUTATION FOR MUSCULOSKELETAL SYS & CONN TISSUE DIS W MCC,13,27254.0
MA,748 - FEMALE REPRODUCTIVE SYSTEM RECONSTRUCTIVE PROCEDURES,13,8070.0
MA,479 - BIOPSIES OF MUSCULOSKELETAL SYSTEM & CONNECTIVE TISSUE W/O CC/MCC,13,13693.0
MA,037 - EXTRACRANIAL PROCEDURES W MCC,13,32407.0
MA,459 - SPINAL FUSION EXCEPT CERVICAL W MCC,13,60888.0
MA,"465 - WND DEBRID & SKN GRFT EXC HAND, FOR MUSCULO-CONN TISS DIS W/O CC/MCC",13,19796.0
MA,547 - CONNECTIVE TISSUE DISORDERS W/O CC/MCC,13,8816.0
MA,458 - SPINAL FUS EXC CERV W SPINAL CURV/MALIG/INFEC OR 9+ FUS W/O CC/MCC,13,39587.0
RI,468 - REVISION OF HIP OR KNEE REPLACEMENT W/O CC/MCC,13,18546.0
RI,311 - ANGINA PECTORIS,13,4218.0
RI,026 - CRANIOTOMY & ENDOVASCULAR INTRACRANIAL PROCEDURES W CC,13,25526.0
RI,055 - NERVOUS SYSTEM NEOPLASMS W/O MCC,13,8801.0
RI,299 - PERIPHERAL VASCULAR DISORDERS W MCC,13,14640.0
RI,395 - OTHER DIGESTIVE SYSTEM DIAGNOSES W/O CC/MCC,13,7389.0
RI,645 - ENDOCRINE DISORDERS W/O CC/MCC,13,5404.0
NH,"085 - TRAUMATIC STUPOR & COMA, COMA <1 HR W MCC",13,18479.0
NH,357 - OTHER DIGESTIVE SYSTEM O.R. PROCEDURES W CC,13,19446.0
NH,375 - DIGESTIVE MALIGNANCY W CC,13,11805.0
NH,432 - CIRRHOSIS & ALCOHOLIC HEPATITIS W MCC,13,16245.0
NH,"463 - WND DEBRID & SKN GRFT EXC HAND, FOR MUSCULO-CONN TISS DIS W MCC",13,55892.0
NH,475 - AMPUTATION FOR MUSCULOSKELETAL SYS & CONN TISSUE DIS W CC,13,20279.0
NH,"580 - OTHER SKIN, SUBCUT TISS & BREAST PROC W CC",13,14703.0
NH,743 - UTERINE & ADNEXA PROC FOR NON-MALIGNANCY W/O CC/MCC,13,9483.0
NH,908 - OTHER O.R. PROCEDURES FOR INJURIES W CC,13,19942.0
NH,919 - COMPLICATIONS OF TREATMENT W MCC,13,15846.0
NH,957 - OTHER O.R. PROCEDURES FOR MULTIPLE SIGNIFICANT TRAUMA W MCC,13,77433.0
ME,224 - CARDIAC DEFIB IMPLANT W CARDIAC CATH W/O AMI/HF/SHOCK W MCC,13,61961.0
ME,239 - AMPUTATION FOR CIRC SYS DISORDERS EXC UPPER LIMB & TOE W MCC,13,35919.0
ME,345 - MINOR SMALL & LARGE BOWEL PROCEDURES W CC,13,14028.0
ME,542 - PATHOLOGICAL FRACTURES & MUSCULOSKELET & CONN TISS MALIG W MCC,13,17855.0
ME,659 - KIDNEY & URETER PROCEDURES FOR NON-NEOPLASM W MCC,13,22939.0
ME,765 - CESAREAN SECTION W CC/MCC,13,8938.0
ME,"894 - ALCOHOL/DRUG ABUSE OR DEPENDENCE, LEFT AMA",13,3727.0
ME,221 - CARDIAC VALVE & OTH MAJ CARDIOTHORACIC PROC W/O CARD CATH W/O CC/MCC,13,28787.0
ME,669 - TRANSURETHRAL PROCEDURES W CC,13,8454.0
VT,038 - EXTRACRANIAL PROCEDURES W CC,13,14137.0
VT,054 - NERVOUS SYSTEM NEOPLASMS W MCC,13,16060.0
VT,055 - NERVOUS SYSTEM NEOPLASMS W/O MCC,13,8687.0
VT,070 - NONSPECIFIC CEREBROVASCULAR DISORDERS W MCC,13,21215.0
VT,"617 - AMPUTAT OF LOWER LIMB FOR ENDOCRINE,NUTRIT,& METABOL DIS W CC",13,14369.0
VT,644 - ENDOCRINE DISORDERS W CC,13,9117.0
VT,652 - KIDNEY TRANSPLANT,13,57051.0
CT,"628 - OTHER ENDOCRINE, NUTRIT & METAB O.R. PROC W MCC",13,27870.0
CT,661 - KIDNEY & URETER PROCEDURES FOR NON-NEOPLASM W/O CC/MCC,13,12389.0
CT,131 - CRANIAL/FACIAL PROCEDURES W CC/MCC,13,22633.0
CT,355 - HERNIA PROCEDURES EXCEPT INGUINAL & FEMORAL W/O CC/MCC,13,12727.0
CT,"492 - LOWER EXTREM & HUMER PROC EXCEPT HIP,FOOT,FEMUR W MCC",13,29034.0
CT,501 - SOFT TISSUE PROCEDURES W CC,13,18843.0
CT,834 - ACUTE LEUKEMIA W/O MAJOR O.R. PROCEDURE W MCC,13,72686.0
CT,880 - ACUTE ADJUSTMENT REACTION & PSYCHOSOCIAL DYSFUNCTION,13,8447.0
CT,256 - UPPER LIMB & TOE AMPUTATION FOR CIRC SYSTEM DISORDERS W CC,13,13029.0
NJ,302 - ATHEROSCLEROSIS W MCC,13,10276.0
NJ,307 - CARDIAC CONGENITAL & VALVULAR DISORDERS W/O MCC,13,6524.0
NJ,867 - OTHER INFECTIOUS & PARASITIC DISEASES DIAGNOSES W MCC,13,22045.0
NJ,354 - HERNIA PROCEDURES EXCEPT INGUINAL & FEMORAL W CC,13,18942.0
NJ,546 - CONNECTIVE TISSUE DISORDERS W CC,13,10255.0
NJ,245 - AICD GENERATOR PROCEDURES,13,42066.0
NY,916 - ALLERGIC REACTIONS W/O MCC,13,6287.0
NY,823 - LYMPHOMA & NON-ACUTE LEUKEMIA W OTHER O.R. PROC W MCC,13,52442.0
NY,348 - ANAL & STOMAL PROCEDURES W CC,13,16808.0
NY,"084 - TRAUMATIC STUPOR & COMA, COMA >1 HR W/O CC/MCC",13,12612.0
NY,573 - SKIN GRAFT FOR SKIN ULCER OR CELLULITIS W MCC,13,33911.0
PA,774 - VAGINAL DELIVERY W COMPLICATING DIAGNOSES,13,11470.0
PA,592 - SKIN ULCERS W MCC,13,12915.0
PA,333 - RECTAL RESECTION W CC,13,16458.0
PA,"013 - TRACHEOSTOMY FOR FACE,MOUTH & NECK DIAGNOSES W/O CC/MCC",13,25376.0
PA,222 - CARDIAC DEFIB IMPLANT W CARDIAC CATH W AMI/HF/SHOCK W MCC,13,69103.0
PA,"465 - WND DEBRID & SKN GRFT EXC HAND, FOR MUSCULO-CONN TISS DIS W/O CC/MCC",13,19949.0
PA,668 - TRANSURETHRAL PROCEDURES W MCC,13,26318.0
PA,"623 - SKIN GRAFTS & WOUND DEBRID FOR ENDOC, NUTRIT & METAB DIS W CC",13,13867.0
PA,"511 - SHOULDER,ELBOW OR FOREARM PROC,EXC MAJOR JOINT PROC W CC",13,11662.0
PA,"629 - OTHER ENDOCRINE, NUTRIT & METAB O.R. PROC W CC",13,17572.0
DE,217 - CARDIAC VALVE & OTH MAJ CARDIOTHORACIC PROC W CARD CATH W CC,13,45059.0
DE,261 - CARDIAC PACEMAKER REVISION EXCEPT DEVICE REPLACEMENT W CC,13,21860.0
DE,303 - ATHEROSCLEROSIS W/O MCC,13,6936.0
DE,334 - RECTAL RESECTION W/O CC/MCC,13,15549.0
DE,345 - MINOR SMALL & LARGE BOWEL PROCEDURES W CC,13,13401.0
DE,415 - CHOLECYSTECTOMY EXCEPT BY LAPAROSCOPE W/O C.D.E. W CC,13,15782.0
DE,457 - SPINAL FUS EXC CERV W SPINAL CURV/MALIG/INFEC OR EXT FUS W CC,13,49312.0
DE,466 - REVISION OF HIP OR KNEE REPLACEMENT W MCC,13,34542.0
DE,571 - SKIN DEBRIDEMENT W CC,13,10968.0
DE,728 - INFLAMMATION OF THE MALE REPRODUCTIVE SYSTEM W/O MCC,13,6634.0
DC,457 - SPINAL FUS EXC CERV W SPINAL CURV/MALIG/INFEC OR EXT FUS W CC,13,74924.0
DC,056 - DEGENERATIVE NERVOUS SYSTEM DISORDERS W MCC,13,19702.0
DC,440 - DISORDERS OF PANCREAS EXCEPT MALIGNANCY W/O CC/MCC,13,6300.0
DC,474 - AMPUTATION FOR MUSCULOSKELETAL SYS & CONN TISSUE DIS W MCC,13,29562.0
DC,593 - SKIN ULCERS W CC,13,9689.0
DC,674 - OTHER KIDNEY & URINARY TRACT PROCEDURES W CC,13,18223.0
DC,929 - FULL THICKNESS BURN W SKIN GRAFT OR INHAL INJ W/O CC/MCC,13,21614.0
MD,088 - CONCUSSION W MCC,13,14577.0
MD,007 - LUNG TRANSPLANT,13,167684.0
MD,028 - SPINAL PROCEDURES W MCC,13,69685.0
MD,198 - INTERSTITIAL LUNG DISEASE W/O CC/MCC,13,14037.0
MD,642 - INBORN AND OTHER DISORDERS OF METABOLISM,13,17849.0
MD,781 - OTHER ANTEPARTUM DIAGNOSES W MEDICAL COMPLICATIONS,13,13858.0
MD,883 - DISORDERS OF PERSONALITY & IMPULSE CONTROL,13,74623.0
MD,518 - BACK & NECK PROC EXC SPINAL FUSION W MCC OR DISC DEVICE/NEUROSTIM,13,16844.0
VA,345 - MINOR SMALL & LARGE BOWEL PROCEDURES W CC,13,15497.0
VA,496 - LOCAL EXCISION & REMOVAL INT FIX DEVICES EXC HIP & FEMUR W CC,13,13381.0
VA,"735 - PELVIC EVISCERATION, RAD HYSTERECTOMY & RAD VULVECTOMY W/O CC/MCC",13,9671.0
VA,846 - CHEMOTHERAPY W/O ACUTE LEUKEMIA AS SECONDARY DIAGNOSIS W MCC,13,24897.0
VA,"011 - TRACHEOSTOMY FOR FACE,MOUTH & NECK DIAGNOSES W MCC",13,73658.0
VA,260 - CARDIAC PACEMAKER REVISION EXCEPT DEVICE REPLACEMENT W MCC,13,36298.0
VA,129 - MAJOR HEAD & NECK PROCEDURES W CC/MCC OR MAJOR DEVICE,13,28805.0
VA,988 - NON-EXTENSIVE O.R. PROC UNRELATED TO PRINCIPAL DIAGNOSIS W CC,13,15660.0
VA,369 - MAJOR ESOPHAGEAL DISORDERS W CC,13,6680.0
WV,041 - PERIPH/CRANIAL NERVE & OTHER NERV SYST PROC W CC OR PERIPH NEUROSTIM,13,13336.0
WV,187 - PLEURAL EFFUSION W CC,13,7799.0
WV,356 - OTHER DIGESTIVE SYSTEM O.R. PROCEDURES W MCC,13,29117.0
WV,374 - DIGESTIVE MALIGNANCY W MCC,13,14255.0
WV,416 - CHOLECYSTECTOMY EXCEPT BY LAPAROSCOPE W/O C.D.E. W/O CC/MCC,13,8939.0
WV,639 - DIABETES W/O CC/MCC,13,4861.0
WV,674 - OTHER KIDNEY & URINARY TRACT PROCEDURES W CC,13,15929.0
WV,519 - BACK & NECK PROC EXC SPINAL FUSION W CC,13,10014.0
WV,"741 - UTERINE,ADNEXA PROC FOR NON-OVARIAN/ADNEXAL MALIG W/O CC/MCC",13,7183.0
WV,026 - CRANIOTOMY & ENDOVASCULAR INTRACRANIAL PROCEDURES W CC,13,28562.0
WV,040 - PERIPH/CRANIAL NERVE & OTHER NERV SYST PROC W MCC,13,32921.0
WV,"956 - LIMB REATTACHMENT, HIP & FEMUR PROC FOR MULTIPLE SIGNIFICANT TRAUMA",13,30781.0
WV,958 - OTHER O.R. PROCEDURES FOR MULTIPLE SIGNIFICANT TRAUMA W CC,13,41208.0
NC,895 - ALCOHOL/DRUG ABUSE OR DEPENDENCE W REHABILITATION THERAPY,13,7315.0
NC,348 - ANAL & STOMAL PROCEDURES W CC,13,16893.0
NC,615 - ADRENAL & PITUITARY PROCEDURES W/O CC/MCC,13,12761.0
NC,"561 - AFTERCARE, MUSCULOSKELETAL SYSTEM & CONNECTIVE TISSUE W/O CC/MCC",13,7170.0
NC,909 - OTHER O.R. PROCEDURES FOR INJURIES W/O CC/MCC,13,12037.0
NC,229 - OTHER CARDIOTHORACIC PROCEDURES W CC,13,32762.0
NC,570 - SKIN DEBRIDEMENT W MCC,13,17210.0
NC,714 - TRANSURETHRAL PROSTATECTOMY W/O CC/MCC,13,5628.0
SC,654 - MAJOR BLADDER PROCEDURES W CC,13,19212.0
SC,005 - LIVER TRANSPLANT W MCC OR INTESTINAL TRANSPLANT,13,111415.0
SC,454 - COMBINED ANTERIOR/POSTERIOR SPINAL FUSION W CC,13,67989.0
GA,643 - ENDOCRINE DISORDERS W MCC,13,10233.0
GA,179 - RESPIRATORY INFECTIONS & INFLAMMATIONS W/O CC/MCC,13,6011.0
GA,014 - ALLOGENEIC BONE MARROW TRANSPLANT,13,87107.0
GA,032 - VENTRICULAR SHUNT PROCEDURES W CC,13,16834.0
GA,742 - UTERINE & ADNEXA PROC FOR NON-MALIGNANCY W CC/MCC,13,12467.0
GA,037 - EXTRACRANIAL PROCEDURES W MCC,13,19706.0
GA,381 - COMPLICATED PEPTIC ULCER W CC,13,7450.0
GA,865 - VIRAL ILLNESS W MCC,13,9309.0
FL,958 - OTHER O.R. PROCEDURES FOR MULTIPLE SIGNIFICANT TRAUMA W CC,13,32991.0
FL,"156 - OTHER EAR, NOSE, MOUTH & THROAT DIAGNOSES W/O CC/MCC",13,5056.0
FL,245 - AICD GENERATOR PROCEDURES,13,29456.0
FL,383 - UNCOMPLICATED PEPTIC ULCER W MCC,13,8747.0
FL,614 - ADRENAL & PITUITARY PROCEDURES W CC/MCC,13,17186.0
FL,"616 - AMPUTAT OF LOWER LIMB FOR ENDOCRINE,NUTRIT,& METABOL DIS W MCC",13,44644.0
FL,653 - MAJOR BLADDER PROCEDURES W MCC,13,42070.0
FL,685 - ADMIT FOR RENAL DIALYSIS,13,6784.0
FL,726 - BENIGN PROSTATIC HYPERTROPHY W/O MCC,13,5277.0
FL,130 - MAJOR HEAD & NECK PROCEDURES W/O CC/MCC,13,9551.0
AL,042 - PERIPH/CRANIAL NERVE & OTHER NERV SYST PROC W/O CC/MCC,13,10022.0
AL,115 - EXTRAOCULAR PROCEDURES EXCEPT ORBIT,13,10374.0
AL,346 - MINOR SMALL & LARGE BOWEL PROCEDURES W/O CC/MCC,13,10899.0
AL,577 - SKIN GRAFT EXC FOR SKIN ULCER OR CELLULITIS W CC,13,13663.0
TN,"560 - AFTERCARE, MUSCULOSKELETAL SYSTEM & CONNECTIVE TISSUE W CC",13,6962.0
TN,835 - ACUTE LEUKEMIA W/O MAJOR O.R. PROCEDURE W CC,13,18777.0
TN,132 - CRANIAL/FACIAL PROCEDURES W/O CC/MCC,13,11622.0
TN,"465 - WND DEBRID & SKN GRFT EXC HAND, FOR MUSCULO-CONN TISS DIS W/O CC/MCC",13,14775.0
TN,614 - ADRENAL & PITUITARY PROCEDURES W CC/MCC,13,21457.0
TN,068 - NONSPECIFIC CVA & PRECEREBRAL OCCLUSION W/O INFARCT W/O MCC,13,6816.0
TN,123 - NEUROLOGICAL EYE DISORDERS,13,5742.0
TN,"629 - OTHER ENDOCRINE, NUTRIT & METAB O.R. PROC W CC",13,15379.0
TN,477 - BIOPSIES OF MUSCULOSKELETAL SYSTEM & CONNECTIVE TISSUE W MCC,13,16092.0
TN,518 - BACK & NECK PROC EXC SPINAL FUSION W MCC OR DISC DEVICE/NEUROSTIM,13,16511.0
TN,474 - AMPUTATION FOR MUSCULOSKELETAL SYS & CONN TISSUE DIS W MCC,13,23369.0
TN,"562 - FX, SPRN, STRN & DISL EXCEPT FEMUR, HIP, PELVIS & THIGH W MCC",13,9455.0
TN,645 - ENDOCRINE DISORDERS W/O CC/MCC,13,4276.0
MS,988 - NON-EXTENSIVE O.R. PROC UNRELATED TO PRINCIPAL DIAGNOSIS W CC,13,10152.0
MS,037 - EXTRACRANIAL PROCEDURES W MCC,13,22288.0
MS,571 - SKIN DEBRIDEMENT W CC,13,8676.0
MS,334 - RECTAL RESECTION W/O CC/MCC,13,8518.0
MS,354 - HERNIA PROCEDURES EXCEPT INGUINAL & FEMORAL W CC,13,8967.0
MS,"580 - OTHER SKIN, SUBCUT TISS & BREAST PROC W CC",13,8560.0
MS,928 - FULL THICKNESS BURN W SKIN GRAFT OR INHAL INJ W CC/MCC,13,31187.0
MS,"082 - TRAUMATIC STUPOR & COMA, COMA >1 HR W MCC",13,17875.0
MS,765 - CESAREAN SECTION W CC/MCC,13,12599.0
MS,957 - OTHER O.R. PROCEDURES FOR MULTIPLE SIGNIFICANT TRAUMA W MCC,13,60239.0
MS,"283 - ACUTE MYOCARDIAL INFARCTION, EXPIRED W MCC",13,9590.0
MS,266 - ENDOVASCULAR CARDIAC VALVE REPLACEMENT W MCC,13,47921.0
MS,865 - VIRAL ILLNESS W MCC,13,9089.0
KY,037 - EXTRACRANIAL PROCEDURES W MCC,13,20529.0
KY,072 - NONSPECIFIC CEREBROVASCULAR DISORDERS W/O CC/MCC,13,5670.0
KY,570 - SKIN DEBRIDEMENT W MCC,13,13456.0
KY,"628 - OTHER ENDOCRINE, NUTRIT & METAB O.R. PROC W MCC",13,24608.0
KY,974 - HIV W MAJOR RELATED CONDITION W MCC,13,17347.0
KY,311 - ANGINA PECTORIS,13,3452.0
OH,059 - MULTIPLE SCLEROSIS & CEREBELLAR ATAXIA W CC,13,7112.0
OH,"741 - UTERINE,ADNEXA PROC FOR NON-OVARIAN/ADNEXAL MALIG W/O CC/MCC",13,10486.0
OH,035 - CAROTID ARTERY STENT PROCEDURE W CC,13,16815.0
OH,302 - ATHEROSCLEROSIS W MCC,13,10555.0
OH,477 - BIOPSIES OF MUSCULOSKELETAL SYSTEM & CONNECTIVE TISSUE W MCC,13,29784.0
OH,501 - SOFT TISSUE PROCEDURES W CC,13,14761.0
OH,921 - COMPLICATIONS OF TREATMENT W/O CC/MCC,13,5663.0
OH,957 - OTHER O.R. PROCEDURES FOR MULTIPLE SIGNIFICANT TRAUMA W MCC,13,59792.0
OH,713 - TRANSURETHRAL PROSTATECTOMY W CC/MCC,13,10362.0
IN,311 - ANGINA PECTORIS,13,7985.0
IN,474 - AMPUTATION FOR MUSCULOSKELETAL SYS & CONN TISSUE DIS W MCC,13,26952.0
IN,"581 - OTHER SKIN, SUBCUT TISS & BREAST PROC W/O CC/MCC",13,15104.0
IN,"628 - OTHER ENDOCRINE, NUTRIT & METAB O.R. PROC W MCC",13,35962.0
IN,781 - OTHER ANTEPARTUM DIAGNOSES W MEDICAL COMPLICATIONS,13,8634.0
IN,880 - ACUTE ADJUSTMENT REACTION & PSYCHOSOCIAL DYSFUNCTION,13,9295.0
IN,089 - CONCUSSION W CC,13,9726.0
IN,592 - SKIN ULCERS W MCC,13,9517.0
IN,036 - CAROTID ARTERY STENT PROCEDURE W/O CC/MCC,13,10571.0
IN,302 - ATHEROSCLEROSIS W MCC,13,5950.0
MI,387 - INFLAMMATORY BOWEL DISEASE W/O CC/MCC,13,5001.0
MI,029 - SPINAL PROCEDURES W CC OR SPINAL NEUROSTIMULATORS,13,36645.0
MI,"629 - OTHER ENDOCRINE, NUTRIT & METAB O.R. PROC W CC",13,14835.0
MI,974 - HIV W MAJOR RELATED CONDITION W MCC,13,30953.0
IA,"741 - UTERINE,ADNEXA PROC FOR NON-OVARIAN/ADNEXAL MALIG W/O CC/MCC",13,7820.0
IA,"560 - AFTERCARE, MUSCULOSKELETAL SYSTEM & CONNECTIVE TISSUE W CC",13,7186.0
IA,775 - VAGINAL DELIVERY W/O COMPLICATING DIAGNOSES,13,4162.0
IA,"894 - ALCOHOL/DRUG ABUSE OR DEPENDENCE, LEFT AMA",13,3457.0
IA,020 - INTRACRANIAL VASCULAR PROCEDURES W PDX HEMORRHAGE W MCC,13,74810.0
IA,115 - EXTRAOCULAR PROCEDURES EXCEPT ORBIT,13,14847.0
IA,348 - ANAL & STOMAL PROCEDURES W CC,13,12866.0
IA,501 - SOFT TISSUE PROCEDURES W CC,13,16864.0
IA,659 - KIDNEY & URETER PROCEDURES FOR NON-NEOPLASM W MCC,13,26672.0
IA,838 - CHEMO W ACUTE LEUKEMIA AS SDX W CC OR HIGH DOSE CHEMO AGENT,13,22922.0
IA,"562 - FX, SPRN, STRN & DISL EXCEPT FEMUR, HIP, PELVIS & THIGH W MCC",13,8354.0
WI,639 - DIABETES W/O CC/MCC,13,5652.0
WI,555 - SIGNS & SYMPTOMS OF MUSCULOSKELETAL SYSTEM & CONN TISSUE W MCC,13,9428.0
WI,987 - NON-EXTENSIVE O.R. PROC UNRELATED TO PRINCIPAL DIAGNOSIS W MCC,13,37505.0
WI,055 - NERVOUS SYSTEM NEOPLASMS W/O MCC,13,9621.0
WI,"012 - TRACHEOSTOMY FOR FACE,MOUTH & NECK DIAGNOSES W CC",13,35710.0
WI,654 - MAJOR BLADDER PROCEDURES W CC,13,50815.0
WI,964 - OTHER MULTIPLE SIGNIFICANT TRAUMA W CC,13,15297.0
MN,"626 - THYROID, PARATHYROID & THYROGLOSSAL PROCEDURES W CC",13,12177.0
MN,748 - FEMALE REPRODUCTIVE SYSTEM RECONSTRUCTIVE PROCEDURES,13,11328.0
MN,902 - WOUND DEBRIDEMENTS FOR INJURIES W CC,13,25229.0
SD,164 - MAJOR CHEST PROCEDURES W CC,13,15372.0
SD,092 - OTHER DISORDERS OF NERVOUS SYSTEM W CC,13,7270.0
SD,919 - COMPLICATIONS OF TREATMENT W MCC,13,21354.0
SD,"003 - ECMO OR TRACH W MV >96 HRS OR PDX EXC FACE, MOUTH & NECK W MAJ O.R.",13,103391.0
SD,204 - RESPIRATORY SIGNS & SYMPTOMS,13,5307.0
SD,315 - OTHER CIRCULATORY SYSTEM DIAGNOSES W CC,13,6778.0
SD,395 - OTHER DIGESTIVE SYSTEM DIAGNOSES W/O CC/MCC,13,5035.0
SD,694 - URINARY STONES W/O ESW LITHOTRIPSY W/O MCC,13,5437.0
ND,023 - CRANIO W MAJOR DEV IMPL/ACUTE COMPLEX CNS PDX W MCC OR CHEMO IMPLANT,13,30951.0
ND,057 - DEGENERATIVE NERVOUS SYSTEM DISORDERS W/O MCC,13,6470.0
ND,091 - OTHER DISORDERS OF NERVOUS SYSTEM W MCC,13,10809.0
ND,"327 - STOMACH, ESOPHAGEAL & DUODENAL PROC W CC",13,15982.0
ND,"492 - LOWER EXTREM & HUMER PROC EXCEPT HIP,FOOT,FEMUR W MCC",13,19891.0
ND,621 - O.R. PROCEDURES FOR OBESITY W/O CC/MCC,13,10146.0
ND,657 - KIDNEY & URETER PROCEDURES FOR NEOPLASM W CC,13,13145.0
ND,856 - POSTOPERATIVE OR POST-TRAUMATIC INFECTIONS W O.R. PROC W MCC,13,30416.0
ND,862 - POSTOPERATIVE & POST-TRAUMATIC INFECTIONS W MCC,13,13560.0
ND,867 - OTHER INFECTIOUS & PARASITIC DISEASES DIAGNOSES W MCC,13,19638.0
ND,240 - AMPUTATION FOR CIRC SYS DISORDERS EXC UPPER LIMB & TOE W CC,13,16211.0
MT,092 - OTHER DISORDERS OF NERVOUS SYSTEM W CC,13,6106.0
MT,207 - RESPIRATORY SYSTEM DIAGNOSIS W VENTILATOR SUPPORT 96+ HOURS,13,36717.0
MT,393 - OTHER DIGESTIVE SYSTEM DIAGNOSES W MCC,13,11432.0
MT,252 - OTHER VASCULAR PROCEDURES W MCC,13,20503.0
MT,165 - MAJOR CHEST PROCEDURES W/O CC/MCC,13,12206.0
MT,187 - PLEURAL EFFUSION W CC,13,7161.0
IL,466 - REVISION OF HIP OR KNEE REPLACEMENT W MCC,13,34574.0
IL,475 - AMPUTATION FOR MUSCULOSKELETAL SYS & CONN TISSUE DIS W CC,13,19072.0
IL,934 - FULL THICKNESS BURN W/O SKIN GRFT OR INHAL INJ,13,15461.0
IL,151 - EPISTAXIS W/O MCC,13,4616.0
IL,921 - COMPLICATIONS OF TREATMENT W/O CC/MCC,13,4565.0
IL,479 - BIOPSIES OF MUSCULOSKELETAL SYSTEM & CONNECTIVE TISSUE W/O CC/MCC,13,10411.0
IL,024 - CRANIO W MAJOR DEV IMPL/ACUTE COMPLEX CNS PDX W/O MCC,13,36722.0
IL,304 - HYPERTENSION W MCC,13,9302.0
MO,059 - MULTIPLE SCLEROSIS & CEREBELLAR ATAXIA W CC,13,9335.0
MO,125 - OTHER DISORDERS OF THE EYE W/O MCC,13,5631.0
MO,184 - MAJOR CHEST TRAUMA W CC,13,7722.0
MO,229 - OTHER CARDIOTHORACIC PROCEDURES W CC,13,39269.0
MO,661 - KIDNEY & URETER PROCEDURES FOR NON-NEOPLASM W/O CC/MCC,13,13007.0
MO,"744 - D&C, CONIZATION, LAPAROSCOPY & TUBAL INTERRUPTION W CC/MCC",13,13358.0
MO,713 - TRANSURETHRAL PROSTATECTOMY W CC/MCC,13,10689.0
MO,700 - OTHER KIDNEY & URINARY TRACT DIAGNOSES W/O CC/MCC,13,3828.0
MO,882 - NEUROSES EXCEPT DEPRESSIVE,13,4836.0
MO,"734 - PELVIC EVISCERATION, RAD HYSTERECTOMY & RAD VULVECTOMY W CC/MCC",13,14933.0
KS,261 - CARDIAC PACEMAKER REVISION EXCEPT DEVICE REPLACEMENT W CC,13,13295.0
KS,355 - HERNIA PROCEDURES EXCEPT INGUINAL & FEMORAL W/O CC/MCC,13,8998.0
KS,653 - MAJOR BLADDER PROCEDURES W MCC,13,57550.0
KS,921 - COMPLICATIONS OF TREATMENT W/O CC/MCC,13,5196.0
KS,989 - NON-EXTENSIVE O.R. PROC UNRELATED TO PRINCIPAL DIAGNOSIS W/O CC/MCC,13,6245.0
KS,184 - MAJOR CHEST TRAUMA W CC,13,6247.0
KS,028 - SPINAL PROCEDURES W MCC,13,30036.0
KS,"562 - FX, SPRN, STRN & DISL EXCEPT FEMUR, HIP, PELVIS & THIGH W MCC",13,8369.0
KS,864 - FEVER,13,5982.0
KS,743 - UTERINE & ADNEXA PROC FOR NON-MALIGNANCY W/O CC/MCC,13,7177.0
KS,036 - CAROTID ARTERY STENT PROCEDURE W/O CC/MCC,13,8922.0
NE,056 - DEGENERATIVE NERVOUS SYSTEM DISORDERS W MCC,13,17365.0
NE,093 - OTHER DISORDERS OF NERVOUS SYSTEM W/O CC/MCC,13,9078.0
NE,227 - CARDIAC DEFIBRILLATOR IMPLANT W/O CARDIAC CATH W/O MCC,13,42649.0
NE,415 - CHOLECYSTECTOMY EXCEPT BY LAPAROSCOPE W/O C.D.E. W CC,13,16301.0
NE,203 - BRONCHITIS & ASTHMA W/O CC/MCC,13,4288.0
NE,301 - PERIPHERAL VASCULAR DISORDERS W/O CC/MCC,13,4445.0
NE,446 - DISORDERS OF THE BILIARY TRACT W/O CC/MCC,13,4879.0
NE,571 - SKIN DEBRIDEMENT W CC,13,8688.0
LA,896 - ALCOHOL/DRUG ABUSE OR DEPENDENCE W/O REHABILITATION THERAPY W MCC,13,15799.0
LA,055 - NERVOUS SYSTEM NEOPLASMS W/O MCC,13,6020.0
LA,334 - RECTAL RESECTION W/O CC/MCC,13,8581.0
LA,543 - PATHOLOGICAL FRACTURES & MUSCULOSKELET & CONN TISS MALIG W CC,13,6088.0
LA,935 - NON-EXTENSIVE BURNS,13,9545.0
LA,415 - CHOLECYSTECTOMY EXCEPT BY LAPAROSCOPE W/O C.D.E. W CC,13,10177.0
LA,"011 - TRACHEOSTOMY FOR FACE,MOUTH & NECK DIAGNOSES W MCC",13,48503.0
LA,261 - CARDIAC PACEMAKER REVISION EXCEPT DEVICE REPLACEMENT W CC,13,10703.0
LA,357 - OTHER DIGESTIVE SYSTEM O.R. PROCEDURES W CC,13,11575.0
LA,728 - INFLAMMATION OF THE MALE REPRODUCTIVE SYSTEM W/O MCC,13,5118.0
AR,020 - INTRACRANIAL VASCULAR PROCEDURES W PDX HEMORRHAGE W MCC,13,55968.0
AR,489 - KNEE PROCEDURES W/O PDX OF INFECTION W/O CC/MCC,13,7523.0
AR,478 - BIOPSIES OF MUSCULOSKELETAL SYSTEM & CONNECTIVE TISSUE W CC,13,22362.0
AR,659 - KIDNEY & URETER PROCEDURES FOR NON-NEOPLASM W MCC,13,30064.0
AR,373 - MAJOR GASTROINTESTINAL DISORDERS & PERITONEAL INFECTIONS W/O CC/MCC,13,5244.0
AR,415 - CHOLECYSTECTOMY EXCEPT BY LAPAROSCOPE W/O C.D.E. W CC,13,12038.0
AR,866 - VIRAL ILLNESS W/O MCC,13,4927.0
AR,149 - DYSEQUILIBRIUM,13,4036.0
AR,455 - COMBINED ANTERIOR/POSTERIOR SPINAL FUSION W/O CC/MCC,13,32298.0
OK,"011 - TRACHEOSTOMY FOR FACE,MOUTH & NECK DIAGNOSES W MCC",13,51110.0
OK,040 - PERIPH/CRANIAL NERVE & OTHER NERV SYST PROC W MCC,13,33353.0
OK,654 - MAJOR BLADDER PROCEDURES W CC,13,28712.0
OK,"740 - UTERINE,ADNEXA PROC FOR NON-OVARIAN/ADNEXAL MALIG W CC",13,16785.0
OK,964 - OTHER MULTIPLE SIGNIFICANT TRAUMA W CC,13,15412.0
OK,573 - SKIN GRAFT FOR SKIN ULCER OR CELLULITIS W MCC,13,15200.0
OK,007 - LUNG TRANSPLANT,13,61362.0
OK,346 - MINOR SMALL & LARGE BOWEL PROCEDURES W/O CC/MCC,13,9192.0
OK,230 - OTHER CARDIOTHORACIC PROCEDURES W/O CC/MCC,13,21944.0
OK,196 - INTERSTITIAL LUNG DISEASE W MCC,13,9214.0
OK,239 - AMPUTATION FOR CIRC SYS DISORDERS EXC UPPER LIMB & TOE W MCC,13,26576.0
OK,517 - OTHER MUSCULOSKELET SYS & CONN TISS O.R. PROC W/O CC/MCC,13,10440.0
OK,656 - KIDNEY & URETER PROCEDURES FOR NEOPLASM W MCC,13,21733.0
OK,866 - VIRAL ILLNESS W/O MCC,13,4505.0
OK,542 - PATHOLOGICAL FRACTURES & MUSCULOSKELET & CONN TISS MALIG W MCC,13,11646.0
OK,"558 - TENDONITIS, MYOSITIS & BURSITIS W/O MCC",13,5600.0
OK,"629 - OTHER ENDOCRINE, NUTRIT & METAB O.R. PROC W CC",13,14378.0
OK,837 - CHEMO W ACUTE LEUKEMIA AS SDX OR W HIGH DOSE CHEMO AGENT W MCC,13,35336.0
OK,856 - POSTOPERATIVE OR POST-TRAUMATIC INFECTIONS W O.R. PROC W MCC,13,33555.0
TX,865 - VIRAL ILLNESS W MCC,13,11386.0
TX,916 - ALLERGIC REACTIONS W/O MCC,13,4649.0
TX,197 - INTERSTITIAL LUNG DISEASE W CC,13,9971.0
TX,477 - BIOPSIES OF MUSCULOSKELETAL SYSTEM & CONNECTIVE TISSUE W MCC,13,25448.0
TX,343 - APPENDECTOMY W/O COMPLICATED PRINCIPAL DIAG W/O CC/MCC,13,6622.0
TX,489 - KNEE PROCEDURES W/O PDX OF INFECTION W/O CC/MCC,13,8436.0
TX,259 - CARDIAC PACEMAKER DEVICE REPLACEMENT W/O MCC,13,12767.0
TX,387 - INFLAMMATORY BOWEL DISEASE W/O CC/MCC,13,6220.0
TX,596 - MAJOR SKIN DISORDERS W/O MCC,13,9307.0
TX,656 - KIDNEY & URETER PROCEDURES FOR NEOPLASM W MCC,13,21156.0
TX,823 - LYMPHOMA & NON-ACUTE LEUKEMIA W OTHER O.R. PROC W MCC,13,27889.0
CO,056 - DEGENERATIVE NERVOUS SYSTEM DISORDERS W MCC,13,27902.0
CO,356 - OTHER DIGESTIVE SYSTEM O.R. PROCEDURES W MCC,13,40841.0
CO,653 - MAJOR BLADDER PROCEDURES W MCC,13,47168.0
CO,035 - CAROTID ARTERY STENT PROCEDURE W CC,13,14051.0
CO,982 - EXTENSIVE O.R. PROCEDURE UNRELATED TO PRINCIPAL DIAGNOSIS W CC,13,20102.0
CO,200 - PNEUMOTHORAX W CC,13,6524.0
CO,221 - CARDIAC VALVE & OTH MAJ CARDIOTHORACIC PROC W/O CARD CATH W/O CC/MCC,13,37800.0
WY,315 - OTHER CIRCULATORY SYSTEM DIAGNOSES W CC,13,8636.0
WY,811 - RED BLOOD CELL DISORDERS W MCC,13,11524.0
WY,"442 - DISORDERS OF LIVER EXCEPT MALIG,CIRR,ALC HEPA W CC",13,6208.0
WY,457 - SPINAL FUS EXC CERV W SPINAL CURV/MALIG/INFEC OR EXT FUS W CC,13,43397.0
ID,455 - COMBINED ANTERIOR/POSTERIOR SPINAL FUSION W/O CC/MCC,13,36380.0
ID,"003 - ECMO OR TRACH W MV >96 HRS OR PDX EXC FACE, MOUTH & NECK W MAJ O.R.",13,184614.0
ID,964 - OTHER MULTIPLE SIGNIFICANT TRAUMA W CC,13,9371.0
ID,300 - PERIPHERAL VASCULAR DISORDERS W CC,13,6697.0
ID,896 - ALCOHOL/DRUG ABUSE OR DEPENDENCE W/O REHABILITATION THERAPY W MCC,13,10703.0
UT,620 - O.R. PROCEDURES FOR OBESITY W CC,13,11491.0
UT,038 - EXTRACRANIAL PROCEDURES W CC,13,11161.0
UT,062 - ACUTE ISCHEMIC STROKE W USE OF THROMBOLYTIC AGENT W CC,13,14358.0
UT,153 - OTITIS MEDIA & URI W/O MCC,13,5539.0
UT,186 - PLEURAL EFFUSION W MCC,13,9332.0
UT,305 - HYPERTENSION W/O MCC,13,4944.0
UT,249 - PERC CARDIOVASC PROC W NON-DRUG-ELUTING STENT W/O MCC,13,16202.0
UT,445 - DISORDERS OF THE BILIARY TRACT W CC,13,10583.0
UT,543 - PATHOLOGICAL FRACTURES & MUSCULOSKELET & CONN TISS MALIG W CC,13,10488.0
UT,707 - MAJOR MALE PELVIC PROCEDURES W CC/MCC,13,15534.0
UT,737 - UTERINE & ADNEXA PROC FOR OVARIAN OR ADNEXAL MALIGNANCY W CC,13,17919.0
UT,"740 - UTERINE,ADNEXA PROC FOR NON-OVARIAN/ADNEXAL MALIG W CC",13,14955.0
UT,856 - POSTOPERATIVE OR POST-TRAUMATIC INFECTIONS W O.R. PROC W MCC,13,42689.0
UT,072 - NONSPECIFIC CEREBROVASCULAR DISORDERS W/O CC/MCC,13,4555.0
AZ,041 - PERIPH/CRANIAL NERVE & OTHER NERV SYST PROC W CC OR PERIPH NEUROSTIM,13,15199.0
AZ,444 - DISORDERS OF THE BILIARY TRACT W MCC,13,13618.0
AZ,072 - NONSPECIFIC CEREBROVASCULAR DISORDERS W/O CC/MCC,13,4566.0
AZ,"012 - TRACHEOSTOMY FOR FACE,MOUTH & NECK DIAGNOSES W CC",13,44689.0
AZ,014 - ALLOGENEIC BONE MARROW TRANSPLANT,13,111195.0
AZ,374 - DIGESTIVE MALIGNANCY W MCC,13,14427.0
AZ,827 - MYELOPROLIF DISORD OR POORLY DIFF NEOPL W MAJ O.R. PROC W CC,13,20079.0
AZ,"492 - LOWER EXTREM & HUMER PROC EXCEPT HIP,FOOT,FEMUR W MCC",13,19948.0
AZ,035 - CAROTID ARTERY STENT PROCEDURE W CC,13,15511.0
AZ,"557 - TENDONITIS, MYOSITIS & BURSITIS W MCC",13,10007.0
AZ,964 - OTHER MULTIPLE SIGNIFICANT TRAUMA W CC,13,13877.0
NM,254 - OTHER VASCULAR PROCEDURES W/O CC/MCC,13,10571.0
NM,054 - NERVOUS SYSTEM NEOPLASMS W MCC,13,17850.0
NM,180 - RESPIRATORY NEOPLASMS W MCC,13,12860.0
NM,221 - CARDIAC VALVE & OTH MAJ CARDIOTHORACIC PROC W/O CARD CATH W/O CC/MCC,13,31294.0
NM,369 - MAJOR ESOPHAGEAL DISORDERS W CC,13,8249.0
NM,395 - OTHER DIGESTIVE SYSTEM DIAGNOSES W/O CC/MCC,13,5631.0
NM,"617 - AMPUTAT OF LOWER LIMB FOR ENDOCRINE,NUTRIT,& METABOL DIS W CC",13,12732.0
NM,543 - PATHOLOGICAL FRACTURES & MUSCULOSKELET & CONN TISS MALIG W CC,13,8657.0
NM,163 - MAJOR CHEST PROCEDURES W MCC,13,26729.0
NV,957 - OTHER O.R. PROCEDURES FOR MULTIPLE SIGNIFICANT TRAUMA W MCC,13,69775.0
NV,056 - DEGENERATIVE NERVOUS SYSTEM DISORDERS W MCC,13,14671.0
NV,"084 - TRAUMATIC STUPOR & COMA, COMA >1 HR W/O CC/MCC",13,7876.0
NV,"283 - ACUTE MYOCARDIAL INFARCTION, EXPIRED W MCC",13,12209.0
NV,336 - PERITONEAL ADHESIOLYSIS W CC,13,16487.0
NV,673 - OTHER KIDNEY & URINARY TRACT PROCEDURES W MCC,13,32188.0
NV,857 - POSTOPERATIVE OR POST-TRAUMATIC INFECTIONS W O.R. PROC W CC,13,17246.0
NV,920 - COMPLICATIONS OF TREATMENT W CC,13,7573.0
CA,059 - MULTIPLE SCLEROSIS & CEREBELLAR ATAXIA W CC,13,10238.0
CA,385 - INFLAMMATORY BOWEL DISEASE W MCC,13,20387.0
CA,477 - BIOPSIES OF MUSCULOSKELETAL SYSTEM & CONNECTIVE TISSUE W MCC,13,27592.0
CA,"512 - SHOULDER,ELBOW OR FOREARM PROC,EXC MAJOR JOINT PROC W/O CC/MCC",13,10977.0
CA,749 - OTHER FEMALE REPRODUCTIVE SYSTEM O.R. PROCEDURES W CC/MCC,13,58985.0
CA,"443 - DISORDERS OF LIVER EXCEPT MALIG,CIRR,ALC HEPA W/O CC/MCC",13,7353.0
CA,700 - OTHER KIDNEY & URINARY TRACT DIAGNOSES W/O CC/MCC,13,11010.0
CA,838 - CHEMO W ACUTE LEUKEMIA AS SDX W CC OR HIGH DOSE CHEMO AGENT,13,37417.0
HI,379 - G.I. HEMORRHAGE W/O CC/MCC,13,6953.0
HI,244 - PERMANENT CARDIAC PACEMAKER IMPLANT W/O CC/MCC,13,32883.0
HI,038 - EXTRACRANIAL PROCEDURES W CC,13,16956.0
HI,054 - NERVOUS SYSTEM NEOPLASMS W MCC,13,12396.0
HI,254 - OTHER VASCULAR PROCEDURES W/O CC/MCC,13,16889.0
HI,371 - MAJOR GASTROINTESTINAL DISORDERS & PERITONEAL INFECTIONS W MCC,13,18985.0
HI,542 - PATHOLOGICAL FRACTURES & MUSCULOSKELET & CONN TISS MALIG W MCC,13,24271.0
HI,"617 - AMPUTAT OF LOWER LIMB FOR ENDOCRINE,NUTRIT,& METABOL DIS W CC",13,22120.0
HI,919 - COMPLICATIONS OF TREATMENT W MCC,13,19666.0
OR,518 - BACK & NECK PROC EXC SPINAL FUSION W MCC OR DISC DEVICE/NEUROSTIM,13,21256.0
OR,748 - FEMALE REPRODUCTIVE SYSTEM RECONSTRUCTIVE PROCEDURES,13,8263.0
OR,303 - ATHEROSCLEROSIS W/O MCC,13,8108.0
OR,"405 - PANCREAS, LIVER & SHUNT PROCEDURES W MCC",13,62132.0
OR,"407 - PANCREAS, LIVER & SHUNT PROCEDURES W/O CC/MCC",13,21246.0
OR,459 - SPINAL FUSION EXCEPT CERVICAL W MCC,13,68786.0
OR,"617 - AMPUTAT OF LOWER LIMB FOR ENDOCRINE,NUTRIT,& METABOL DIS W CC",13,22849.0
OR,660 - KIDNEY & URETER PROCEDURES FOR NON-NEOPLASM W CC,13,21939.0
OR,834 - ACUTE LEUKEMIA W/O MAJOR O.R. PROCEDURE W MCC,13,78157.0
OR,908 - OTHER O.R. PROCEDURES FOR INJURIES W CC,13,24348.0
OR,221 - CARDIAC VALVE & OTH MAJ CARDIOTHORACIC PROC W/O CARD CATH W/O CC/MCC,13,29315.0
OR,947 - SIGNS & SYMPTOMS W MCC,13,8415.0
WA,471 - CERVICAL SPINAL FUSION W MCC,13,49770.0
WA,781 - OTHER ANTEPARTUM DIAGNOSES W MEDICAL COMPLICATIONS,13,7013.0
WA,659 - KIDNEY & URETER PROCEDURES FOR NON-NEOPLASM W MCC,13,38004.0
WA,840 - LYMPHOMA & NON-ACUTE LEUKEMIA W MCC,13,39491.0
WA,639 - DIABETES W/O CC/MCC,13,4378.0
AK,394 - OTHER DIGESTIVE SYSTEM DIAGNOSES W CC,13,9047.0
AK,417 - LAPAROSCOPIC CHOLECYSTECTOMY W/O C.D.E. W MCC,13,28941.0
MA,518 - BACK & NECK PROC EXC SPINAL FUSION W MCC OR DISC DEVICE/NEUROSTIM,14,24055.0
MA,335 - PERITONEAL ADHESIOLYSIS W MCC,14,35262.0
MA,346 - MINOR SMALL & LARGE BOWEL PROCEDURES W/O CC/MCC,14,12202.0
MA,668 - TRANSURETHRAL PROCEDURES W MCC,14,24990.0
MA,815 - RETICULOENDOTHELIAL & IMMUNITY DISORDERS W CC,14,10771.0
MA,904 - SKIN GRAFTS FOR INJURIES W CC/MCC,14,43508.0
MA,935 - NON-EXTENSIVE BURNS,14,18389.0
RI,"004 - TRACH W MV 96+ HRS OR PDX EXC FACE, MOUTH & NECK W/O MAJ O.R.",14,106676.0
RI,183 - MAJOR CHEST TRAUMA W MCC,14,14718.0
RI,266 - ENDOVASCULAR CARDIAC VALVE REPLACEMENT W MCC,14,74661.0
RI,301 - PERIPHERAL VASCULAR DISORDERS W/O CC/MCC,14,7205.0
RI,"327 - STOMACH, ESOPHAGEAL & DUODENAL PROC W CC",14,24128.0
RI,472 - CERVICAL SPINAL FUSION W CC,14,26437.0
RI,516 - OTHER MUSCULOSKELET SYS & CONN TISS O.R. PROC W CC,14,14760.0
NH,775 - VAGINAL DELIVERY W/O COMPLICATING DIAGNOSES,14,3858.0
NH,381 - COMPLICATED PEPTIC ULCER W CC,14,7408.0
NH,374 - DIGESTIVE MALIGNANCY W MCC,14,19013.0
NH,765 - CESAREAN SECTION W CC/MCC,14,12220.0
NH,840 - LYMPHOMA & NON-ACUTE LEUKEMIA W MCC,14,30394.0
NH,857 - POSTOPERATIVE OR POST-TRAUMATIC INFECTIONS W O.R. PROC W CC,14,19783.0
ME,"084 - TRAUMATIC STUPOR & COMA, COMA >1 HR W/O CC/MCC",14,7094.0
ME,205 - OTHER RESPIRATORY SYSTEM DIAGNOSES W MCC,14,10937.0
ME,306 - CARDIAC CONGENITAL & VALVULAR DISORDERS W MCC,14,10692.0
ME,742 - UTERINE & ADNEXA PROC FOR NON-MALIGNANCY W CC/MCC,14,12403.0
ME,907 - OTHER O.R. PROCEDURES FOR INJURIES W MCC,14,32306.0
ME,964 - OTHER MULTIPLE SIGNIFICANT TRAUMA W CC,14,13943.0
VT,027 - CRANIOTOMY & ENDOVASCULAR INTRACRANIAL PROCEDURES W/O CC/MCC,14,19327.0
VT,074 - CRANIAL & PERIPHERAL NERVE DISORDERS W/O MCC,14,8107.0
VT,"085 - TRAUMATIC STUPOR & COMA, COMA <1 HR W MCC",14,18033.0
VT,"087 - TRAUMATIC STUPOR & COMA, COMA <1 HR W/O CC/MCC",14,6758.0
VT,103 - HEADACHES W/O MCC,14,12445.0
VT,216 - CARDIAC VALVE & OTH MAJ CARDIOTHORACIC PROC W CARD CATH W MCC,14,79239.0
VT,"286 - CIRCULATORY DISORDERS EXCEPT AMI, W CARD CATH W MCC",14,18214.0
VT,440 - DISORDERS OF PANCREAS EXCEPT MALIGNANCY W/O CC/MCC,14,6239.0
VT,862 - POSTOPERATIVE & POST-TRAUMATIC INFECTIONS W MCC,14,19779.0
VT,920 - COMPLICATIONS OF TREATMENT W CC,14,8964.0
VT,602 - CELLULITIS W MCC,14,14566.0
VT,207 - RESPIRATORY SYSTEM DIAGNOSIS W VENTILATOR SUPPORT 96+ HOURS,14,46578.0
CT,072 - NONSPECIFIC CEREBROVASCULAR DISORDERS W/O CC/MCC,14,6500.0
CT,014 - ALLOGENEIC BONE MARROW TRANSPLANT,14,159285.0
CT,221 - CARDIAC VALVE & OTH MAJ CARDIOTHORACIC PROC W/O CARD CATH W/O CC/MCC,14,45090.0
CT,471 - CERVICAL SPINAL FUSION W MCC,14,48221.0
CT,815 - RETICULOENDOTHELIAL & IMMUNITY DISORDERS W CC,14,15846.0
CT,963 - OTHER MULTIPLE SIGNIFICANT TRAUMA W MCC,14,31040.0
NJ,294 - DEEP VEIN THROMBOPHLEBITIS W CC/MCC,14,7147.0
NJ,"463 - WND DEBRID & SKN GRFT EXC HAND, FOR MUSCULO-CONN TISS DIS W MCC",14,56616.0
NJ,824 - LYMPHOMA & NON-ACUTE LEUKEMIA W OTHER O.R. PROC W CC,14,19205.0
NJ,837 - CHEMO W ACUTE LEUKEMIA AS SDX OR W HIGH DOSE CHEMO AGENT W MCC,14,53138.0
NJ,352 - INGUINAL & FEMORAL HERNIA PROCEDURES W/O CC/MCC,14,8612.0
NJ,571 - SKIN DEBRIDEMENT W CC,14,9853.0
NJ,713 - TRANSURETHRAL PROSTATECTOMY W CC/MCC,14,10035.0
NJ,381 - COMPLICATED PEPTIC ULCER W CC,14,7459.0
NJ,883 - DISORDERS OF PERSONALITY & IMPULSE CONTROL,14,9111.0
NY,081 - NONTRAUMATIC STUPOR & COMA W/O MCC,14,10616.0
NY,539 - OSTEOMYELITIS W MCC,14,23152.0
NY,505 - FOOT PROCEDURES W/O CC/MCC,14,11986.0
NY,078 - HYPERTENSIVE ENCEPHALOPATHY W CC,14,7202.0
PA,028 - SPINAL PROCEDURES W MCC,14,53002.0
PA,835 - ACUTE LEUKEMIA W/O MAJOR O.R. PROCEDURE W CC,14,28346.0
PA,059 - MULTIPLE SCLEROSIS & CEREBELLAR ATAXIA W CC,14,8100.0
PA,225 - CARDIAC DEFIB IMPLANT W CARDIAC CATH W/O AMI/HF/SHOCK W/O MCC,14,48004.0
PA,571 - SKIN DEBRIDEMENT W CC,14,11518.0
PA,232 - CORONARY BYPASS W PTCA W/O MCC,14,41050.0
PA,553 - BONE DISEASES & ARTHROPATHIES W MCC,14,36843.0
PA,842 - LYMPHOMA & NON-ACUTE LEUKEMIA W/O CC/MCC,14,13242.0
PA,659 - KIDNEY & URETER PROCEDURES FOR NON-NEOPLASM W MCC,14,34314.0
PA,916 - ALLERGIC REACTIONS W/O MCC,14,8355.0
DE,028 - SPINAL PROCEDURES W MCC,14,39973.0
DE,036 - CAROTID ARTERY STENT PROCEDURE W/O CC/MCC,14,14212.0
DE,123 - NEUROLOGICAL EYE DISORDERS,14,5407.0
DE,240 - AMPUTATION FOR CIRC SYS DISORDERS EXC UPPER LIMB & TOE W CC,14,25640.0
DE,316 - OTHER CIRCULATORY SYSTEM DIAGNOSES W/O CC/MCC,14,5209.0
DE,352 - INGUINAL & FEMORAL HERNIA PROCEDURES W/O CC/MCC,14,7270.0
DE,"463 - WND DEBRID & SKN GRFT EXC HAND, FOR MUSCULO-CONN TISS DIS W MCC",14,28395.0
DE,542 - PATHOLOGICAL FRACTURES & MUSCULOSKELET & CONN TISS MALIG W MCC,14,19023.0
DE,596 - MAJOR SKIN DISORDERS W/O MCC,14,7745.0
DE,620 - O.R. PROCEDURES FOR OBESITY W CC,14,17653.0
DE,673 - OTHER KIDNEY & URINARY TRACT PROCEDURES W MCC,14,28666.0
DE,674 - OTHER KIDNEY & URINARY TRACT PROCEDURES W CC,14,17802.0
DE,"740 - UTERINE,ADNEXA PROC FOR NON-OVARIAN/ADNEXAL MALIG W CC",14,12199.0
DE,841 - LYMPHOMA & NON-ACUTE LEUKEMIA W CC,14,13908.0
DE,856 - POSTOPERATIVE OR POST-TRAUMATIC INFECTIONS W O.R. PROC W MCC,14,36173.0
DE,957 - OTHER O.R. PROCEDURES FOR MULTIPLE SIGNIFICANT TRAUMA W MCC,14,65860.0
DE,963 - OTHER MULTIPLE SIGNIFICANT TRAUMA W MCC,14,21656.0
DC,041 - PERIPH/CRANIAL NERVE & OTHER NERV SYST PROC W CC OR PERIPH NEUROSTIM,14,26760.0
DC,042 - PERIPH/CRANIAL NERVE & OTHER NERV SYST PROC W/O CC/MCC,14,19066.0
DC,037 - EXTRACRANIAL PROCEDURES W MCC,14,26283.0
DC,092 - OTHER DISORDERS OF NERVOUS SYSTEM W CC,14,9275.0
DC,446 - DISORDERS OF THE BILIARY TRACT W/O CC/MCC,14,7440.0
DC,659 - KIDNEY & URETER PROCEDURES FOR NON-NEOPLASM W MCC,14,26350.0
DC,987 - NON-EXTENSIVE O.R. PROC UNRELATED TO PRINCIPAL DIAGNOSIS W MCC,14,29690.0
MD,471 - CERVICAL SPINAL FUSION W MCC,14,69121.0
MD,700 - OTHER KIDNEY & URINARY TRACT DIAGNOSES W/O CC/MCC,14,7442.0
MD,"561 - AFTERCARE, MUSCULOSKELETAL SYSTEM & CONNECTIVE TISSUE W/O CC/MCC",14,14424.0
MD,916 - ALLERGIC REACTIONS W/O MCC,14,4483.0
MD,125 - OTHER DISORDERS OF THE EYE W/O MCC,14,9515.0
MD,229 - OTHER CARDIOTHORACIC PROCEDURES W CC,14,36677.0
MD,415 - CHOLECYSTECTOMY EXCEPT BY LAPAROSCOPE W/O C.D.E. W CC,14,44689.0
MD,456 - SPINAL FUS EXC CERV W SPINAL CURV/MALIG/INFEC OR 9+ FUS W MCC,14,133379.0
MD,607 - MINOR SKIN DISORDERS W/O MCC,14,12523.0
MD,837 - CHEMO W ACUTE LEUKEMIA AS SDX OR W HIGH DOSE CHEMO AGENT W MCC,14,131648.0
MD,940 - O.R. PROC W DIAGNOSES OF OTHER CONTACT W HEALTH SERVICES W CC,14,16852.0
VA,199 - PNEUMOTHORAX W MCC,14,16548.0
VA,346 - MINOR SMALL & LARGE BOWEL PROCEDURES W/O CC/MCC,14,12502.0
VA,"443 - DISORDERS OF LIVER EXCEPT MALIG,CIRR,ALC HEPA W/O CC/MCC",14,8212.0
VA,256 - UPPER LIMB & TOE AMPUTATION FOR CIRC SYSTEM DISORDERS W CC,14,10845.0
VA,839 - CHEMO W ACUTE LEUKEMIA AS SDX W/O CC/MCC,14,13375.0
WV,571 - SKIN DEBRIDEMENT W CC,14,7369.0
WV,742 - UTERINE & ADNEXA PROC FOR NON-MALIGNANCY W CC/MCC,14,13259.0
WV,813 - COAGULATION DISORDERS,14,14541.0
NC,975 - HIV W MAJOR RELATED CONDITION W CC,14,12493.0
NC,068 - NONSPECIFIC CVA & PRECEREBRAL OCCLUSION W/O INFARCT W/O MCC,14,6842.0
NC,077 - HYPERTENSIVE ENCEPHALOPATHY W MCC,14,14144.0
NC,502 - SOFT TISSUE PROCEDURES W/O CC/MCC,14,9941.0
NC,302 - ATHEROSCLEROSIS W MCC,14,7486.0
NC,486 - KNEE PROCEDURES W PDX OF INFECTION W CC,14,15316.0
NC,218 - CARDIAC VALVE & OTH MAJ CARDIOTHORACIC PROC W CARD CATH W/O CC/MCC,14,32175.0
SC,670 - TRANSURETHRAL PROCEDURES W/O CC/MCC,14,8232.0
SC,029 - SPINAL PROCEDURES W CC OR SPINAL NEUROSTIMULATORS,14,28125.0
SC,030 - SPINAL PROCEDURES W/O CC/MCC,14,17732.0
SC,614 - ADRENAL & PITUITARY PROCEDURES W CC/MCC,14,24096.0
SC,088 - CONCUSSION W MCC,14,8535.0
SC,093 - OTHER DISORDERS OF NERVOUS SYSTEM W/O CC/MCC,14,3885.0
SC,334 - RECTAL RESECTION W/O CC/MCC,14,11871.0
GA,"628 - OTHER ENDOCRINE, NUTRIT & METAB O.R. PROC W MCC",14,21313.0
GA,867 - OTHER INFECTIOUS & PARASITIC DISEASES DIAGNOSES W MCC,14,17612.0
GA,904 - SKIN GRAFTS FOR INJURIES W CC/MCC,14,21830.0
GA,927 - EXTENSIVE BURNS OR FULL THICKNESS BURNS W MV >96 HRS W SKIN GRAFT,14,96924.0
GA,187 - PLEURAL EFFUSION W CC,14,7646.0
GA,"082 - TRAUMATIC STUPOR & COMA, COMA >1 HR W MCC",14,13256.0
FL,838 - CHEMO W ACUTE LEUKEMIA AS SDX W CC OR HIGH DOSE CHEMO AGENT,14,36125.0
FL,059 - MULTIPLE SCLEROSIS & CEREBELLAR ATAXIA W CC,14,9567.0
FL,288 - ACUTE & SUBACUTE ENDOCARDITIS W MCC,14,32826.0
FL,489 - KNEE PROCEDURES W/O PDX OF INFECTION W/O CC/MCC,14,8393.0
FL,544 - PATHOLOGICAL FRACTURES & MUSCULOSKELET & CONN TISS MALIG W/O CC/MCC,14,5597.0
FL,547 - CONNECTIVE TISSUE DISORDERS W/O CC/MCC,14,5692.0
FL,564 - OTHER MUSCULOSKELETAL SYS & CONNECTIVE TISSUE DIAGNOSES W MCC,14,9937.0
FL,727 - INFLAMMATION OF THE MALE REPRODUCTIVE SYSTEM W MCC,14,41267.0
FL,865 - VIRAL ILLNESS W MCC,14,13470.0
FL,577 - SKIN GRAFT EXC FOR SKIN ULCER OR CELLULITIS W CC,14,14829.0
FL,"747 - VAGINA, CERVIX & VULVA PROCEDURES W/O CC/MCC",14,5184.0
AL,072 - NONSPECIFIC CEREBROVASCULAR DISORDERS W/O CC/MCC,14,4221.0
AL,014 - ALLOGENEIC BONE MARROW TRANSPLANT,14,106592.0
AL,028 - SPINAL PROCEDURES W MCC,14,36738.0
AL,958 - OTHER O.R. PROCEDURES FOR MULTIPLE SIGNIFICANT TRAUMA W CC,14,25356.0
AL,062 - ACUTE ISCHEMIC STROKE W USE OF THROMBOLYTIC AGENT W CC,14,10997.0
AL,068 - NONSPECIFIC CVA & PRECEREBRAL OCCLUSION W/O INFARCT W/O MCC,14,5420.0
AL,696 - KIDNEY & URINARY TRACT SIGNS & SYMPTOMS W/O MCC,14,4730.0
AL,217 - CARDIAC VALVE & OTH MAJ CARDIOTHORACIC PROC W CARD CATH W CC,14,32178.0
TN,032 - VENTRICULAR SHUNT PROCEDURES W CC,14,18021.0
TN,199 - PNEUMOTHORAX W MCC,14,11870.0
TN,446 - DISORDERS OF THE BILIARY TRACT W/O CC/MCC,14,6403.0
TN,843 - OTHER MYELOPROLIF DIS OR POORLY DIFF NEOPL DIAG W MCC,14,13352.0
MS,179 - RESPIRATORY INFECTIONS & INFLAMMATIONS W/O CC/MCC,14,6016.0
MS,196 - INTERSTITIAL LUNG DISEASE W MCC,14,9725.0
MS,728 - INFLAMMATION OF THE MALE REPRODUCTIVE SYSTEM W/O MCC,14,5175.0
MS,"012 - TRACHEOSTOMY FOR FACE,MOUTH & NECK DIAGNOSES W CC",14,27982.0
MS,846 - CHEMOTHERAPY W/O ACUTE LEUKEMIA AS SECONDARY DIAGNOSIS W MCC,14,26457.0
MS,963 - OTHER MULTIPLE SIGNIFICANT TRAUMA W MCC,14,26644.0
MS,033 - VENTRICULAR SHUNT PROCEDURES W/O CC/MCC,14,8506.0
MS,459 - SPINAL FUSION EXCEPT CERVICAL W MCC,14,28424.0
KY,"296 - CARDIAC ARREST, UNEXPLAINED W MCC",14,8744.0
KY,369 - MAJOR ESOPHAGEAL DISORDERS W CC,14,7953.0
KY,"747 - VAGINA, CERVIX & VULVA PROCEDURES W/O CC/MCC",14,6755.0
KY,"511 - SHOULDER,ELBOW OR FOREARM PROC,EXC MAJOR JOINT PROC W CC",14,14910.0
KY,935 - NON-EXTENSIVE BURNS,14,14715.0
KY,466 - REVISION OF HIP OR KNEE REPLACEMENT W MCC,14,25698.0
KY,016 - AUTOLOGOUS BONE MARROW TRANSPLANT W CC/MCC,14,55361.0
OH,458 - SPINAL FUS EXC CERV W SPINAL CURV/MALIG/INFEC OR 9+ FUS W/O CC/MCC,14,39079.0
OH,060 - MULTIPLE SCLEROSIS & CEREBELLAR ATAXIA W/O CC/MCC,14,6638.0
OH,515 - OTHER MUSCULOSKELET SYS & CONN TISS O.R. PROC W MCC,14,19645.0
OH,129 - MAJOR HEAD & NECK PROCEDURES W CC/MCC OR MAJOR DEVICE,14,21655.0
OH,197 - INTERSTITIAL LUNG DISEASE W CC,14,8535.0
OH,577 - SKIN GRAFT EXC FOR SKIN ULCER OR CELLULITIS W CC,14,16733.0
IN,040 - PERIPH/CRANIAL NERVE & OTHER NERV SYST PROC W MCC,14,30718.0
IN,775 - VAGINAL DELIVERY W/O COMPLICATING DIAGNOSES,14,6679.0
IN,957 - OTHER O.R. PROCEDURES FOR MULTIPLE SIGNIFICANT TRAUMA W MCC,14,58119.0
IN,974 - HIV W MAJOR RELATED CONDITION W MCC,14,26166.0
IN,685 - ADMIT FOR RENAL DIALYSIS,14,5620.0
MI,033 - VENTRICULAR SHUNT PROCEDURES W/O CC/MCC,14,11073.0
MI,352 - INGUINAL & FEMORAL HERNIA PROCEDURES W/O CC/MCC,14,6907.0
MI,"579 - OTHER SKIN, SUBCUT TISS & BREAST PROC W MCC",14,19618.0
MI,593 - SKIN ULCERS W CC,14,7975.0
MI,061 - ACUTE ISCHEMIC STROKE W USE OF THROMBOLYTIC AGENT W MCC,14,19746.0
MI,346 - MINOR SMALL & LARGE BOWEL PROCEDURES W/O CC/MCC,14,8862.0
IA,217 - CARDIAC VALVE & OTH MAJ CARDIOTHORACIC PROC W CARD CATH W CC,14,37675.0
IA,373 - MAJOR GASTROINTESTINAL DISORDERS & PERITONEAL INFECTIONS W/O CC/MCC,14,5578.0
IA,386 - INFLAMMATORY BOWEL DISEASE W CC,14,6564.0
IA,014 - ALLOGENEIC BONE MARROW TRANSPLANT,14,101688.0
IA,024 - CRANIO W MAJOR DEV IMPL/ACUTE COMPLEX CNS PDX W/O MCC,14,32301.0
WI,217 - CARDIAC VALVE & OTH MAJ CARDIOTHORACIC PROC W CARD CATH W CC,14,42000.0
WI,356 - OTHER DIGESTIVE SYSTEM O.R. PROCEDURES W MCC,14,50987.0
WI,357 - OTHER DIGESTIVE SYSTEM O.R. PROCEDURES W CC,14,25907.0
WI,"443 - DISORDERS OF LIVER EXCEPT MALIG,CIRR,ALC HEPA W/O CC/MCC",14,7406.0
WI,"741 - UTERINE,ADNEXA PROC FOR NON-OVARIAN/ADNEXAL MALIG W/O CC/MCC",14,11186.0
MN,"557 - TENDONITIS, MYOSITIS & BURSITIS W MCC",14,8748.0
MN,935 - NON-EXTENSIVE BURNS,14,21059.0
MN,028 - SPINAL PROCEDURES W MCC,14,56981.0
MN,348 - ANAL & STOMAL PROCEDURES W CC,14,17963.0
MN,353 - HERNIA PROCEDURES EXCEPT INGUINAL & FEMORAL W MCC,14,34190.0
MN,674 - OTHER KIDNEY & URINARY TRACT PROCEDURES W CC,14,21654.0
MN,"746 - VAGINA, CERVIX & VULVA PROCEDURES W CC/MCC",14,14214.0
SD,186 - PLEURAL EFFUSION W MCC,14,10773.0
SD,299 - PERIPHERAL VASCULAR DISORDERS W MCC,14,10109.0
SD,657 - KIDNEY & URETER PROCEDURES FOR NEOPLASM W CC,14,13971.0
SD,673 - OTHER KIDNEY & URINARY TRACT PROCEDURES W MCC,14,31635.0
SD,684 - RENAL FAILURE W/O CC/MCC,14,4905.0
SD,864 - FEVER,14,6550.0
SD,035 - CAROTID ARTERY STENT PROCEDURE W CC,14,14477.0
SD,"563 - FX, SPRN, STRN & DISL EXCEPT FEMUR, HIP, PELVIS & THIGH W/O MCC",14,5796.0
SD,865 - VIRAL ILLNESS W MCC,14,10642.0
SD,896 - ALCOHOL/DRUG ABUSE OR DEPENDENCE W/O REHABILITATION THERAPY W MCC,14,12086.0
ND,354 - HERNIA PROCEDURES EXCEPT INGUINAL & FEMORAL W CC,14,11263.0
ND,"605 - TRAUMA TO THE SKIN, SUBCUT TISS & BREAST W/O MCC",14,7135.0
ND,644 - ENDOCRINE DISORDERS W CC,14,7406.0
ND,864 - FEVER,14,6160.0
ND,907 - OTHER O.R. PROCEDURES FOR INJURIES W MCC,14,25954.0
MT,026 - CRANIOTOMY & ENDOVASCULAR INTRACRANIAL PROCEDURES W CC,14,19029.0
IL,035 - CAROTID ARTERY STENT PROCEDURE W CC,14,13242.0
IL,008 - SIMULTANEOUS PANCREAS/KIDNEY TRANSPLANT,14,90179.0
IL,030 - SPINAL PROCEDURES W/O CC/MCC,14,14069.0
IL,072 - NONSPECIFIC CEREBROVASCULAR DISORDERS W/O CC/MCC,14,6616.0
MO,030 - SPINAL PROCEDURES W/O CC/MCC,14,14000.0
MO,226 - CARDIAC DEFIBRILLATOR IMPLANT W/O CARDIAC CATH W MCC,14,50602.0
MO,260 - CARDIAC PACEMAKER REVISION EXCEPT DEVICE REPLACEMENT W MCC,14,27237.0
MO,957 - OTHER O.R. PROCEDURES FOR MULTIPLE SIGNIFICANT TRAUMA W MCC,14,54342.0
MO,883 - DISORDERS OF PERSONALITY & IMPULSE CONTROL,14,7885.0
KS,577 - SKIN GRAFT EXC FOR SKIN ULCER OR CELLULITIS W CC,14,16013.0
KS,614 - ADRENAL & PITUITARY PROCEDURES W CC/MCC,14,20451.0
KS,661 - KIDNEY & URETER PROCEDURES FOR NON-NEOPLASM W/O CC/MCC,14,10075.0
KS,542 - PATHOLOGICAL FRACTURES & MUSCULOSKELET & CONN TISS MALIG W MCC,14,10395.0
KS,240 - AMPUTATION FOR CIRC SYS DISORDERS EXC UPPER LIMB & TOE W CC,14,12932.0
KS,381 - COMPLICATED PEPTIC ULCER W CC,14,6871.0
KS,"617 - AMPUTAT OF LOWER LIMB FOR ENDOCRINE,NUTRIT,& METABOL DIS W CC",14,13490.0
KS,866 - VIRAL ILLNESS W/O MCC,14,4905.0
KS,974 - HIV W MAJOR RELATED CONDITION W MCC,14,16966.0
KS,"956 - LIMB REATTACHMENT, HIP & FEMUR PROC FOR MULTIPLE SIGNIFICANT TRAUMA",14,35448.0
NE,081 - NONTRAUMATIC STUPOR & COMA W/O MCC,14,5054.0
NE,089 - CONCUSSION W CC,14,6045.0
LA,466 - REVISION OF HIP OR KNEE REPLACEMENT W MCC,14,30111.0
LA,471 - CERVICAL SPINAL FUSION W MCC,14,28742.0
LA,129 - MAJOR HEAD & NECK PROCEDURES W CC/MCC OR MAJOR DEVICE,14,21106.0
LA,808 - MAJOR HEMATOL/IMMUN DIAG EXC SICKLE CELL CRISIS & COAGUL W MCC,14,12024.0
AR,642 - INBORN AND OTHER DISORDERS OF METABOLISM,14,6742.0
AR,024 - CRANIO W MAJOR DEV IMPL/ACUTE COMPLEX CNS PDX W/O MCC,14,30073.0
AR,"405 - PANCREAS, LIVER & SHUNT PROCEDURES W MCC",14,41168.0
AR,774 - VAGINAL DELIVERY W COMPLICATING DIAGNOSES,14,8399.0
AR,857 - POSTOPERATIVE OR POST-TRAUMATIC INFECTIONS W O.R. PROC W CC,14,17365.0
AR,882 - NEUROSES EXCEPT DEPRESSIVE,14,4467.0
OK,016 - AUTOLOGOUS BONE MARROW TRANSPLANT W CC/MCC,14,69428.0
OK,"082 - TRAUMATIC STUPOR & COMA, COMA >1 HR W MCC",14,26003.0
OK,"755 - MALIGNANCY, FEMALE REPRODUCTIVE SYSTEM W CC",14,12249.0
OK,685 - ADMIT FOR RENAL DIALYSIS,14,8383.0
OK,748 - FEMALE REPRODUCTIVE SYSTEM RECONSTRUCTIVE PROCEDURES,14,6049.0
TX,815 - RETICULOENDOTHELIAL & IMMUNITY DISORDERS W CC,14,6796.0
TX,977 - HIV W OR W/O OTHER RELATED CONDITION,14,18540.0
TX,261 - CARDIAC PACEMAKER REVISION EXCEPT DEVICE REPLACEMENT W CC,14,14233.0
TX,131 - CRANIAL/FACIAL PROCEDURES W CC/MCC,14,15092.0
TX,230 - OTHER CARDIOTHORACIC PROCEDURES W/O CC/MCC,14,24367.0
TX,835 - ACUTE LEUKEMIA W/O MAJOR O.R. PROCEDURE W CC,14,13043.0
TX,921 - COMPLICATIONS OF TREATMENT W/O CC/MCC,14,5699.0
CO,935 - NON-EXTENSIVE BURNS,14,14058.0
CO,072 - NONSPECIFIC CEREBROVASCULAR DISORDERS W/O CC/MCC,14,5224.0
CO,014 - ALLOGENEIC BONE MARROW TRANSPLANT,14,116648.0
CO,475 - AMPUTATION FOR MUSCULOSKELETAL SYS & CONN TISSUE DIS W CC,14,16752.0
WY,236 - CORONARY BYPASS W/O CARDIAC CATH W/O MCC,14,28426.0
WY,331 - MAJOR SMALL & LARGE BOWEL PROCEDURES W/O CC/MCC,14,10838.0
WY,417 - LAPAROSCOPIC CHOLECYSTECTOMY W/O C.D.E. W MCC,14,20588.0
ID,"286 - CIRCULATORY DISORDERS EXCEPT AMI, W CARD CATH W MCC",14,15264.0
ID,026 - CRANIOTOMY & ENDOVASCULAR INTRACRANIAL PROCEDURES W CC,14,20600.0
ID,200 - PNEUMOTHORAX W CC,14,6786.0
ID,299 - PERIPHERAL VASCULAR DISORDERS W MCC,14,12344.0
ID,233 - CORONARY BYPASS W CARDIAC CATH W MCC,14,43595.0
ID,602 - CELLULITIS W MCC,14,9630.0
UT,216 - CARDIAC VALVE & OTH MAJ CARDIOTHORACIC PROC W CARD CATH W MCC,14,70540.0
UT,556 - SIGNS & SYMPTOMS OF MUSCULOSKELETAL SYSTEM & CONN TISSUE W/O MCC,14,7559.0
UT,457 - SPINAL FUS EXC CERV W SPINAL CURV/MALIG/INFEC OR EXT FUS W CC,14,59282.0
UT,654 - MAJOR BLADDER PROCEDURES W CC,14,26101.0
UT,982 - EXTENSIVE O.R. PROCEDURE UNRELATED TO PRINCIPAL DIAGNOSIS W CC,14,25171.0
AZ,239 - AMPUTATION FOR CIRC SYS DISORDERS EXC UPPER LIMB & TOE W MCC,14,29868.0
AZ,093 - OTHER DISORDERS OF NERVOUS SYSTEM W/O CC/MCC,14,7918.0
AZ,456 - SPINAL FUS EXC CERV W SPINAL CURV/MALIG/INFEC OR 9+ FUS W MCC,14,75465.0
AZ,743 - UTERINE & ADNEXA PROC FOR NON-MALIGNANCY W/O CC/MCC,14,10883.0
AZ,841 - LYMPHOMA & NON-ACUTE LEUKEMIA W CC,14,15220.0
AZ,179 - RESPIRATORY INFECTIONS & INFLAMMATIONS W/O CC/MCC,14,5538.0
NM,813 - COAGULATION DISORDERS,14,13795.0
NM,315 - OTHER CIRCULATORY SYSTEM DIAGNOSES W CC,14,7423.0
NV,935 - NON-EXTENSIVE BURNS,14,17040.0
NV,060 - MULTIPLE SCLEROSIS & CEREBELLAR ATAXIA W/O CC/MCC,14,5510.0
NV,055 - NERVOUS SYSTEM NEOPLASMS W/O MCC,14,7830.0
NV,221 - CARDIAC VALVE & OTH MAJ CARDIOTHORACIC PROC W/O CARD CATH W/O CC/MCC,14,31991.0
NV,419 - LAPAROSCOPIC CHOLECYSTECTOMY W/O C.D.E. W/O CC/MCC,14,9608.0
CA,"155 - OTHER EAR, NOSE, MOUTH & THROAT DIAGNOSES W CC",14,8776.0
CA,380 - COMPLICATED PEPTIC ULCER W MCC,14,18200.0
CA,545 - CONNECTIVE TISSUE DISORDERS W MCC,14,25660.0
CA,583 - MASTECTOMY FOR MALIGNANCY W/O CC/MCC,14,10887.0
CA,592 - SKIN ULCERS W MCC,14,13867.0
CA,987 - NON-EXTENSIVE O.R. PROC UNRELATED TO PRINCIPAL DIAGNOSIS W MCC,14,41522.0
CA,304 - HYPERTENSION W MCC,14,8620.0
CA,"628 - OTHER ENDOCRINE, NUTRIT & METAB O.R. PROC W MCC",14,29119.0
CA,"083 - TRAUMATIC STUPOR & COMA, COMA >1 HR W CC",14,23809.0
CA,"465 - WND DEBRID & SKN GRFT EXC HAND, FOR MUSCULO-CONN TISS DIS W/O CC/MCC",14,27376.0
CA,488 - KNEE PROCEDURES W/O PDX OF INFECTION W CC/MCC,14,23326.0
CA,"626 - THYROID, PARATHYROID & THYROGLOSSAL PROCEDURES W CC",14,19333.0
HI,163 - MAJOR CHEST PROCEDURES W MCC,14,49430.0
HI,175 - PULMONARY EMBOLISM W MCC,14,17192.0
HI,233 - CORONARY BYPASS W CARDIAC CATH W MCC,14,60788.0
HI,"283 - ACUTE MYOCARDIAL INFARCTION, EXPIRED W MCC",14,16178.0
HI,315 - OTHER CIRCULATORY SYSTEM DIAGNOSES W CC,14,12474.0
HI,417 - LAPAROSCOPIC CHOLECYSTECTOMY W/O C.D.E. W MCC,14,27186.0
HI,445 - DISORDERS OF THE BILIARY TRACT W CC,14,11647.0
HI,714 - TRANSURETHRAL PROSTATECTOMY W/O CC/MCC,14,9420.0
HI,907 - OTHER O.R. PROCEDURES FOR INJURIES W MCC,14,38030.0
OR,673 - OTHER KIDNEY & URINARY TRACT PROCEDURES W MCC,14,24808.0
OR,"605 - TRAUMA TO THE SKIN, SUBCUT TISS & BREAST W/O MCC",14,10879.0
OR,335 - PERITONEAL ADHESIOLYSIS W MCC,14,41614.0
OR,840 - LYMPHOMA & NON-ACUTE LEUKEMIA W MCC,14,35735.0
OR,841 - LYMPHOMA & NON-ACUTE LEUKEMIA W CC,14,17223.0
WA,881 - DEPRESSIVE NEUROSES,14,5534.0
WA,535 - FRACTURES OF HIP & PELVIS W MCC,14,8711.0
WA,005 - LIVER TRANSPLANT W MCC OR INTESTINAL TRANSPLANT,14,150024.0
WA,839 - CHEMO W ACUTE LEUKEMIA AS SDX W/O CC/MCC,14,15054.0
WA,882 - NEUROSES EXCEPT DEPRESSIVE,14,6394.0
WA,226 - CARDIAC DEFIBRILLATOR IMPLANT W/O CARDIAC CATH W MCC,14,52665.0
WA,227 - CARDIAC DEFIBRILLATOR IMPLANT W/O CARDIAC CATH W/O MCC,14,41785.0
WA,333 - RECTAL RESECTION W CC,14,19179.0
WA,334 - RECTAL RESECTION W/O CC/MCC,14,12595.0
AK,221 - CARDIAC VALVE & OTH MAJ CARDIOTHORACIC PROC W/O CARD CATH W/O CC/MCC,14,39407.0
AK,234 - CORONARY BYPASS W CARDIAC CATH W/O MCC,14,51187.0
AK,673 - OTHER KIDNEY & URINARY TRACT PROCEDURES W MCC,14,46364.0
MA,"013 - TRACHEOSTOMY FOR FACE,MOUTH & NECK DIAGNOSES W/O CC/MCC",15,21962.0
MA,261 - CARDIAC PACEMAKER REVISION EXCEPT DEVICE REPLACEMENT W CC,15,19072.0
MA,655 - MAJOR BLADDER PROCEDURES W/O CC/MCC,15,22695.0
MA,828 - MYELOPROLIF DISORD OR POORLY DIFF NEOPL W MAJ O.R. PROC W/O CC/MCC,15,17192.0
MA,489 - KNEE PROCEDURES W/O PDX OF INFECTION W/O CC/MCC,15,9758.0
RI,103 - HEADACHES W/O MCC,15,7408.0
RI,205 - OTHER RESPIRATORY SYSTEM DIAGNOSES W MCC,15,13017.0
RI,742 - UTERINE & ADNEXA PROC FOR NON-MALIGNANCY W CC/MCC,15,26610.0
RI,774 - VAGINAL DELIVERY W COMPLICATING DIAGNOSES,15,18862.0
NH,227 - CARDIAC DEFIBRILLATOR IMPLANT W/O CARDIAC CATH W/O MCC,15,38583.0
NH,167 - OTHER RESP SYSTEM O.R. PROCEDURES W CC,15,19136.0
NH,438 - DISORDERS OF PANCREAS EXCEPT MALIGNANCY W MCC,15,21241.0
NH,472 - CERVICAL SPINAL FUSION W CC,15,26411.0
NH,659 - KIDNEY & URETER PROCEDURES FOR NON-NEOPLASM W MCC,15,34859.0
NH,742 - UTERINE & ADNEXA PROC FOR NON-MALIGNANCY W CC/MCC,15,15060.0
ME,036 - CAROTID ARTERY STENT PROCEDURE W/O CC/MCC,15,12682.0
ME,551 - MEDICAL BACK PROBLEMS W MCC,15,14239.0
ME,556 - SIGNS & SYMPTOMS OF MUSCULOSKELETAL SYSTEM & CONN TISSUE W/O MCC,15,6165.0
ME,070 - NONSPECIFIC CEREBROVASCULAR DISORDERS W MCC,15,12038.0
ME,446 - DISORDERS OF THE BILIARY TRACT W/O CC/MCC,15,6242.0
ME,"464 - WND DEBRID & SKN GRFT EXC HAND, FOR MUSCULO-CONN TISS DIS W CC",15,19222.0
VT,100 - SEIZURES W MCC,15,16756.0
VT,248 - PERC CARDIOVASC PROC W NON-DRUG-ELUTING STENT W MCC OR 4+ VES/STENTS,15,27255.0
VT,375 - DIGESTIVE MALIGNANCY W CC,15,10655.0
VT,388 - G.I. OBSTRUCTION W MCC,15,13209.0
VT,436 - MALIGNANCY OF HEPATOBILIARY SYSTEM OR PANCREAS W CC,15,10651.0
VT,"442 - DISORDERS OF LIVER EXCEPT MALIG,CIRR,ALC HEPA W CC",15,8764.0
VT,543 - PATHOLOGICAL FRACTURES & MUSCULOSKELET & CONN TISS MALIG W CC,15,11718.0
VT,660 - KIDNEY & URETER PROCEDURES FOR NON-NEOPLASM W CC,15,19923.0
VT,981 - EXTENSIVE O.R. PROCEDURE UNRELATED TO PRINCIPAL DIAGNOSIS W MCC,15,43217.0
VT,303 - ATHEROSCLEROSIS W/O MCC,15,5823.0
CT,356 - OTHER DIGESTIVE SYSTEM O.R. PROCEDURES W MCC,15,41844.0
CT,454 - COMBINED ANTERIOR/POSTERIOR SPINAL FUSION W CC,15,70660.0
CT,457 - SPINAL FUS EXC CERV W SPINAL CURV/MALIG/INFEC OR EXT FUS W CC,15,65533.0
CT,565 - OTHER MUSCULOSKELETAL SYS & CONNECTIVE TISSUE DIAGNOSES W CC,15,11903.0
CT,645 - ENDOCRINE DISORDERS W/O CC/MCC,15,9285.0
CT,988 - NON-EXTENSIVE O.R. PROC UNRELATED TO PRINCIPAL DIAGNOSIS W CC,15,18241.0
NJ,454 - COMBINED ANTERIOR/POSTERIOR SPINAL FUSION W CC,15,69765.0
NJ,921 - COMPLICATIONS OF TREATMENT W/O CC/MCC,15,5475.0
NJ,151 - EPISTAXIS W/O MCC,15,5600.0
NJ,516 - OTHER MUSCULOSKELET SYS & CONN TISS O.R. PROC W CC,15,26370.0
NJ,489 - KNEE PROCEDURES W/O PDX OF INFECTION W/O CC/MCC,15,10646.0
NJ,914 - TRAUMATIC INJURY W/O MCC,15,10345.0
NJ,"557 - TENDONITIS, MYOSITIS & BURSITIS W MCC",15,9654.0
NY,456 - SPINAL FUS EXC CERV W SPINAL CURV/MALIG/INFEC OR 9+ FUS W MCC,15,141775.0
NY,384 - UNCOMPLICATED PEPTIC ULCER W/O MCC,15,10782.0
NY,"755 - MALIGNANCY, FEMALE REPRODUCTIVE SYSTEM W CC",15,7175.0
PA,781 - OTHER ANTEPARTUM DIAGNOSES W MEDICAL COMPLICATIONS,15,12030.0
PA,645 - ENDOCRINE DISORDERS W/O CC/MCC,15,4938.0
PA,151 - EPISTAXIS W/O MCC,15,5333.0
PA,168 - OTHER RESP SYSTEM O.R. PROCEDURES W/O CC/MCC,15,15943.0
PA,115 - EXTRAOCULAR PROCEDURES EXCEPT ORBIT,15,13142.0
PA,887 - OTHER MENTAL DISORDER DIAGNOSES,15,6117.0
DE,037 - EXTRACRANIAL PROCEDURES W MCC,15,26944.0
DE,"083 - TRAUMATIC STUPOR & COMA, COMA >1 HR W CC",15,20949.0
DE,200 - PNEUMOTHORAX W CC,15,8203.0
DE,479 - BIOPSIES OF MUSCULOSKELETAL SYSTEM & CONNECTIVE TISSUE W/O CC/MCC,15,12455.0
DE,"741 - UTERINE,ADNEXA PROC FOR NON-OVARIAN/ADNEXAL MALIG W/O CC/MCC",15,8948.0
DE,866 - VIRAL ILLNESS W/O MCC,15,6671.0
DE,867 - OTHER INFECTIOUS & PARASITIC DISEASES DIAGNOSES W MCC,15,27521.0
DC,221 - CARDIAC VALVE & OTH MAJ CARDIOTHORACIC PROC W/O CARD CATH W/O CC/MCC,15,37277.0
DC,316 - OTHER CIRCULATORY SYSTEM DIAGNOSES W/O CC/MCC,15,6017.0
DC,546 - CONNECTIVE TISSUE DISORDERS W CC,15,10550.0
DC,573 - SKIN GRAFT FOR SKIN ULCER OR CELLULITIS W MCC,15,38083.0
DC,596 - MAJOR SKIN DISORDERS W/O MCC,15,9954.0
MD,020 - INTRACRANIAL VASCULAR PROCEDURES W PDX HEMORRHAGE W MCC,15,139003.0
MD,152 - OTITIS MEDIA & URI W MCC,15,8213.0
MD,815 - RETICULOENDOTHELIAL & IMMUNITY DISORDERS W CC,15,16349.0
MD,643 - ENDOCRINE DISORDERS W MCC,15,8381.0
VA,"734 - PELVIC EVISCERATION, RAD HYSTERECTOMY & RAD VULVECTOMY W CC/MCC",15,20143.0
VA,"627 - THYROID, PARATHYROID & THYROGLOSSAL PROCEDURES W/O CC/MCC",15,8764.0
VA,837 - CHEMO W ACUTE LEUKEMIA AS SDX OR W HIGH DOSE CHEMO AGENT W MCC,15,75622.0
VA,335 - PERITONEAL ADHESIOLYSIS W MCC,15,26213.0
WV,152 - OTITIS MEDIA & URI W MCC,15,7884.0
WV,354 - HERNIA PROCEDURES EXCEPT INGUINAL & FEMORAL W CC,15,10421.0
WV,478 - BIOPSIES OF MUSCULOSKELETAL SYSTEM & CONNECTIVE TISSUE W CC,15,14379.0
WV,696 - KIDNEY & URINARY TRACT SIGNS & SYMPTOMS W/O MCC,15,4619.0
WV,454 - COMBINED ANTERIOR/POSTERIOR SPINAL FUSION W CC,15,58081.0
NC,"581 - OTHER SKIN, SUBCUT TISS & BREAST PROC W/O CC/MCC",15,12175.0
NC,934 - FULL THICKNESS BURN W/O SKIN GRFT OR INHAL INJ,15,21178.0
NC,827 - MYELOPROLIF DISORD OR POORLY DIFF NEOPL W MAJ O.R. PROC W CC,15,21296.0
NC,353 - HERNIA PROCEDURES EXCEPT INGUINAL & FEMORAL W MCC,15,22813.0
NC,453 - COMBINED ANTERIOR/POSTERIOR SPINAL FUSION W MCC,15,94553.0
NC,544 - PATHOLOGICAL FRACTURES & MUSCULOSKELET & CONN TISS MALIG W/O CC/MCC,15,5010.0
NC,369 - MAJOR ESOPHAGEAL DISORDERS W CC,15,7755.0
SC,373 - MAJOR GASTROINTESTINAL DISORDERS & PERITONEAL INFECTIONS W/O CC/MCC,15,5518.0
SC,020 - INTRACRANIAL VASCULAR PROCEDURES W PDX HEMORRHAGE W MCC,15,82751.0
SC,024 - CRANIO W MAJOR DEV IMPL/ACUTE COMPLEX CNS PDX W/O MCC,15,29672.0
SC,808 - MAJOR HEMATOL/IMMUN DIAG EXC SICKLE CELL CRISIS & COAGUL W MCC,15,24433.0
SC,846 - CHEMOTHERAPY W/O ACUTE LEUKEMIA AS SECONDARY DIAGNOSIS W MCC,15,22108.0
SC,060 - MULTIPLE SCLEROSIS & CEREBELLAR ATAXIA W/O CC/MCC,15,6696.0
SC,152 - OTITIS MEDIA & URI W MCC,15,7654.0
SC,"492 - LOWER EXTREM & HUMER PROC EXCEPT HIP,FOOT,FEMUR W MCC",15,18676.0
SC,"082 - TRAUMATIC STUPOR & COMA, COMA >1 HR W MCC",15,14157.0
GA,615 - ADRENAL & PITUITARY PROCEDURES W/O CC/MCC,15,10844.0
GA,655 - MAJOR BLADDER PROCEDURES W/O CC/MCC,15,17260.0
GA,535 - FRACTURES OF HIP & PELVIS W MCC,15,7755.0
GA,416 - CHOLECYSTECTOMY EXCEPT BY LAPAROSCOPE W/O C.D.E. W/O CC/MCC,15,8702.0
FL,"154 - OTHER EAR, NOSE, MOUTH & THROAT DIAGNOSES W MCC",15,9025.0
FL,260 - CARDIAC PACEMAKER REVISION EXCEPT DEVICE REPLACEMENT W MCC,15,24038.0
FL,504 - FOOT PROCEDURES W CC,15,11574.0
FL,687 - KIDNEY & URINARY TRACT NEOPLASMS W CC,15,7037.0
FL,844 - OTHER MYELOPROLIF DIS OR POORLY DIFF NEOPL DIAG W CC,15,8240.0
FL,129 - MAJOR HEAD & NECK PROCEDURES W CC/MCC OR MAJOR DEVICE,15,17768.0
AL,"013 - TRACHEOSTOMY FOR FACE,MOUTH & NECK DIAGNOSES W/O CC/MCC",15,14705.0
AL,131 - CRANIAL/FACIAL PROCEDURES W CC/MCC,15,19840.0
AL,828 - MYELOPROLIF DISORD OR POORLY DIFF NEOPL W MAJ O.R. PROC W/O CC/MCC,15,10959.0
AL,433 - CIRRHOSIS & ALCOHOLIC HEPATITIS W CC,15,5796.0
AL,199 - PNEUMOTHORAX W MCC,15,11207.0
AL,458 - SPINAL FUS EXC CERV W SPINAL CURV/MALIG/INFEC OR 9+ FUS W/O CC/MCC,15,29700.0
TN,838 - CHEMO W ACUTE LEUKEMIA AS SDX W CC OR HIGH DOSE CHEMO AGENT,15,27236.0
TN,306 - CARDIAC CONGENITAL & VALVULAR DISORDERS W MCC,15,7458.0
TN,035 - CAROTID ARTERY STENT PROCEDURE W CC,15,13783.0
TN,765 - CESAREAN SECTION W CC/MCC,15,19447.0
MS,848 - CHEMOTHERAPY W/O ACUTE LEUKEMIA AS SECONDARY DIAGNOSIS W/O CC/MCC,15,10061.0
MS,055 - NERVOUS SYSTEM NEOPLASMS W/O MCC,15,5755.0
MS,337 - PERITONEAL ADHESIOLYSIS W/O CC/MCC,15,8992.0
KY,335 - PERITONEAL ADHESIOLYSIS W MCC,15,29370.0
KY,496 - LOCAL EXCISION & REMOVAL INT FIX DEVICES EXC HIP & FEMUR W CC,15,11453.0
KY,837 - CHEMO W ACUTE LEUKEMIA AS SDX OR W HIGH DOSE CHEMO AGENT W MCC,15,75073.0
OH,183 - MAJOR CHEST TRAUMA W MCC,15,11449.0
OH,316 - OTHER CIRCULATORY SYSTEM DIAGNOSES W/O CC/MCC,15,5729.0
OH,542 - PATHOLOGICAL FRACTURES & MUSCULOSKELET & CONN TISS MALIG W MCC,15,15585.0
OH,"579 - OTHER SKIN, SUBCUT TISS & BREAST PROC W MCC",15,23969.0
OH,904 - SKIN GRAFTS FOR INJURIES W CC/MCC,15,34008.0
OH,988 - NON-EXTENSIVE O.R. PROC UNRELATED TO PRINCIPAL DIAGNOSIS W CC,15,13712.0
OH,593 - SKIN ULCERS W CC,15,6145.0
IN,072 - NONSPECIFIC CEREBROVASCULAR DISORDERS W/O CC/MCC,15,7522.0
IN,"562 - FX, SPRN, STRN & DISL EXCEPT FEMUR, HIP, PELVIS & THIGH W MCC",15,12524.0
IN,909 - OTHER O.R. PROCEDURES FOR INJURIES W/O CC/MCC,15,14986.0
IN,964 - OTHER MULTIPLE SIGNIFICANT TRAUMA W CC,15,13823.0
IN,"579 - OTHER SKIN, SUBCUT TISS & BREAST PROC W MCC",15,17368.0
IN,882 - NEUROSES EXCEPT DEPRESSIVE,15,4604.0
IN,230 - OTHER CARDIOTHORACIC PROCEDURES W/O CC/MCC,15,21427.0
IN,187 - PLEURAL EFFUSION W CC,15,6234.0
MI,466 - REVISION OF HIP OR KNEE REPLACEMENT W MCC,15,32917.0
MI,655 - MAJOR BLADDER PROCEDURES W/O CC/MCC,15,20021.0
MI,822 - LYMPHOMA & LEUKEMIA W MAJOR O.R. PROCEDURE W/O CC/MCC,15,15284.0
MI,199 - PNEUMOTHORAX W MCC,15,12995.0
IA,184 - MAJOR CHEST TRAUMA W CC,15,6702.0
IA,226 - CARDIAC DEFIBRILLATOR IMPLANT W/O CARDIAC CATH W MCC,15,42784.0
IA,"133 - OTHER EAR, NOSE, MOUTH & THROAT O.R. PROCEDURES W CC/MCC",15,16425.0
IA,356 - OTHER DIGESTIVE SYSTEM O.R. PROCEDURES W MCC,15,30388.0
WI,059 - MULTIPLE SCLEROSIS & CEREBELLAR ATAXIA W CC,15,7894.0
WI,"734 - PELVIC EVISCERATION, RAD HYSTERECTOMY & RAD VULVECTOMY W CC/MCC",15,33725.0
WI,457 - SPINAL FUS EXC CERV W SPINAL CURV/MALIG/INFEC OR EXT FUS W CC,15,59615.0
WI,607 - MINOR SKIN DISORDERS W/O MCC,15,9159.0
WI,827 - MYELOPROLIF DISORD OR POORLY DIFF NEOPL W MAJ O.R. PROC W CC,15,24545.0
WI,963 - OTHER MULTIPLE SIGNIFICANT TRAUMA W MCC,15,36976.0
WI,"894 - ALCOHOL/DRUG ABUSE OR DEPENDENCE, LEFT AMA",15,3599.0
WI,455 - COMBINED ANTERIOR/POSTERIOR SPINAL FUSION W/O CC/MCC,15,38189.0
MN,515 - OTHER MUSCULOSKELET SYS & CONN TISS O.R. PROC W MCC,15,37903.0
SD,163 - MAJOR CHEST PROCEDURES W MCC,15,29571.0
SD,356 - OTHER DIGESTIVE SYSTEM O.R. PROCEDURES W MCC,15,30277.0
ND,336 - PERITONEAL ADHESIOLYSIS W CC,15,16918.0
MT,202 - BRONCHITIS & ASTHMA W CC/MCC,15,5969.0
MT,240 - AMPUTATION FOR CIRC SYS DISORDERS EXC UPPER LIMB & TOE W CC,15,17563.0
MT,100 - SEIZURES W MCC,15,10258.0
MT,206 - OTHER RESPIRATORY SYSTEM DIAGNOSES W/O MCC,15,5335.0
MT,070 - NONSPECIFIC CEREBROVASCULAR DISORDERS W MCC,15,8639.0
MT,251 - PERC CARDIOVASC PROC W/O CORONARY ARTERY STENT W/O MCC,15,14603.0
IL,033 - VENTRICULAR SHUNT PROCEDURES W/O CC/MCC,15,14040.0
IL,935 - NON-EXTENSIVE BURNS,15,14658.0
IL,700 - OTHER KIDNEY & URINARY TRACT DIAGNOSES W/O CC/MCC,15,4723.0
IL,977 - HIV W OR W/O OTHER RELATED CONDITION,15,15096.0
MO,037 - EXTRACRANIAL PROCEDURES W MCC,15,22579.0
MO,306 - CARDIAC CONGENITAL & VALVULAR DISORDERS W MCC,15,17066.0
MO,477 - BIOPSIES OF MUSCULOSKELETAL SYSTEM & CONNECTIVE TISSUE W MCC,15,22593.0
MO,497 - LOCAL EXCISION & REMOVAL INT FIX DEVICES EXC HIP & FEMUR W/O CC/MCC,15,9337.0
MO,977 - HIV W OR W/O OTHER RELATED CONDITION,15,9355.0
MO,"579 - OTHER SKIN, SUBCUT TISS & BREAST PROC W MCC",15,15248.0
KS,203 - BRONCHITIS & ASTHMA W/O CC/MCC,15,3891.0
KS,357 - OTHER DIGESTIVE SYSTEM O.R. PROCEDURES W CC,15,14917.0
KS,466 - REVISION OF HIP OR KNEE REPLACEMENT W MCC,15,32512.0
KS,607 - MINOR SKIN DISORDERS W/O MCC,15,5739.0
KS,639 - DIABETES W/O CC/MCC,15,5581.0
NE,466 - REVISION OF HIP OR KNEE REPLACEMENT W MCC,15,33299.0
NE,356 - OTHER DIGESTIVE SYSTEM O.R. PROCEDURES W MCC,15,37763.0
NE,357 - OTHER DIGESTIVE SYSTEM O.R. PROCEDURES W CC,15,16436.0
NE,856 - POSTOPERATIVE OR POST-TRAUMATIC INFECTIONS W O.R. PROC W MCC,15,39060.0
NE,055 - NERVOUS SYSTEM NEOPLASMS W/O MCC,15,6263.0
NE,"283 - ACUTE MYOCARDIAL INFARCTION, EXPIRED W MCC",15,10891.0
NE,303 - ATHEROSCLEROSIS W/O MCC,15,3886.0
LA,040 - PERIPH/CRANIAL NERVE & OTHER NERV SYST PROC W MCC,15,28473.0
LA,179 - RESPIRATORY INFECTIONS & INFLAMMATIONS W/O CC/MCC,15,6080.0
LA,060 - MULTIPLE SCLEROSIS & CEREBELLAR ATAXIA W/O CC/MCC,15,9807.0
LA,081 - NONTRAUMATIC STUPOR & COMA W/O MCC,15,5323.0
LA,987 - NON-EXTENSIVE O.R. PROC UNRELATED TO PRINCIPAL DIAGNOSIS W MCC,15,18454.0
AR,518 - BACK & NECK PROC EXC SPINAL FUSION W MCC OR DISC DEVICE/NEUROSTIM,15,15240.0
AR,033 - VENTRICULAR SHUNT PROCEDURES W/O CC/MCC,15,8911.0
AR,459 - SPINAL FUSION EXCEPT CERVICAL W MCC,15,35046.0
AR,"740 - UTERINE,ADNEXA PROC FOR NON-OVARIAN/ADNEXAL MALIG W CC",15,13334.0
AR,834 - ACUTE LEUKEMIA W/O MAJOR O.R. PROCEDURE W MCC,15,48164.0
AR,072 - NONSPECIFIC CEREBROVASCULAR DISORDERS W/O CC/MCC,15,4498.0
AR,433 - CIRRHOSIS & ALCOHOLIC HEPATITIS W CC,15,5679.0
OK,674 - OTHER KIDNEY & URINARY TRACT PROCEDURES W CC,15,16841.0
OK,187 - PLEURAL EFFUSION W CC,15,6695.0
OK,333 - RECTAL RESECTION W CC,15,14175.0
TX,129 - MAJOR HEAD & NECK PROCEDURES W CC/MCC OR MAJOR DEVICE,15,16991.0
TX,"623 - SKIN GRAFTS & WOUND DEBRID FOR ENDOC, NUTRIT & METAB DIS W CC",15,14083.0
CO,029 - SPINAL PROCEDURES W CC OR SPINAL NEUROSTIMULATORS,15,29067.0
CO,374 - DIGESTIVE MALIGNANCY W MCC,15,20424.0
CO,478 - BIOPSIES OF MUSCULOSKELETAL SYSTEM & CONNECTIVE TISSUE W CC,15,20224.0
CO,781 - OTHER ANTEPARTUM DIAGNOSES W MEDICAL COMPLICATIONS,15,8574.0
CO,203 - BRONCHITIS & ASTHMA W/O CC/MCC,15,4775.0
CO,217 - CARDIAC VALVE & OTH MAJ CARDIOTHORACIC PROC W CARD CATH W CC,15,40830.0
WY,070 - NONSPECIFIC CEREBROVASCULAR DISORDERS W MCC,15,14783.0
WY,379 - G.I. HEMORRHAGE W/O CC/MCC,15,6092.0
WY,602 - CELLULITIS W MCC,15,13091.0
WY,684 - RENAL FAILURE W/O CC/MCC,15,6852.0
ID,375 - DIGESTIVE MALIGNANCY W CC,15,7975.0
ID,535 - FRACTURES OF HIP & PELVIS W MCC,15,8141.0
UT,001 - HEART TRANSPLANT OR IMPLANT OF HEART ASSIST SYSTEM W MCC,15,292849.0
UT,573 - SKIN GRAFT FOR SKIN ULCER OR CELLULITIS W MCC,15,26915.0
UT,840 - LYMPHOMA & NON-ACUTE LEUKEMIA W MCC,15,29821.0
UT,"605 - TRAUMA TO THE SKIN, SUBCUT TISS & BREAST W/O MCC",15,5501.0
AZ,055 - NERVOUS SYSTEM NEOPLASMS W/O MCC,15,10765.0
AZ,373 - MAJOR GASTROINTESTINAL DISORDERS & PERITONEAL INFECTIONS W/O CC/MCC,15,4685.0
NM,164 - MAJOR CHEST PROCEDURES W CC,15,15367.0
NM,"405 - PANCREAS, LIVER & SHUNT PROCEDURES W MCC",15,55210.0
NM,862 - POSTOPERATIVE & POST-TRAUMATIC INFECTIONS W MCC,15,21919.0
NM,"464 - WND DEBRID & SKN GRFT EXC HAND, FOR MUSCULO-CONN TISS DIS W CC",15,17486.0
NM,669 - TRANSURETHRAL PROCEDURES W CC,15,9407.0
NV,518 - BACK & NECK PROC EXC SPINAL FUSION W MCC OR DISC DEVICE/NEUROSTIM,15,22575.0
NV,516 - OTHER MUSCULOSKELET SYS & CONN TISS O.R. PROC W CC,15,14682.0
NV,542 - PATHOLOGICAL FRACTURES & MUSCULOSKELET & CONN TISS MALIG W MCC,15,12693.0
CA,977 - HIV W OR W/O OTHER RELATED CONDITION,15,13054.0
CA,571 - SKIN DEBRIDEMENT W CC,15,12207.0
CA,502 - SOFT TISSUE PROCEDURES W/O CC/MCC,15,17134.0
HI,176 - PULMONARY EMBOLISM W/O MCC,15,12302.0
HI,216 - CARDIAC VALVE & OTH MAJ CARDIOTHORACIC PROC W CARD CATH W MCC,15,116818.0
HI,251 - PERC CARDIOVASC PROC W/O CORONARY ARTERY STENT W/O MCC,15,21889.0
HI,264 - OTHER CIRCULATORY SYSTEM O.R. PROCEDURES,15,27577.0
HI,388 - G.I. OBSTRUCTION W MCC,15,18950.0
HI,"391 - ESOPHAGITIS, GASTROENT & MISC DIGEST DISORDERS W MCC",15,12716.0
HI,"493 - LOWER EXTREM & HUMER PROC EXCEPT HIP,FOOT,FEMUR W CC",15,20095.0
HI,520 - BACK & NECK PROC EXC SPINAL FUSION W/O CC/MCC,15,12664.0
HI,551 - MEDICAL BACK PROBLEMS W MCC,15,18843.0
HI,660 - KIDNEY & URETER PROCEDURES FOR NON-NEOPLASM W CC,15,20564.0
HI,699 - OTHER KIDNEY & URINARY TRACT DIAGNOSES W CC,15,11934.0
OR,542 - PATHOLOGICAL FRACTURES & MUSCULOSKELET & CONN TISS MALIG W MCC,15,13868.0
OR,"012 - TRACHEOSTOMY FOR FACE,MOUTH & NECK DIAGNOSES W CC",15,45883.0
OR,862 - POSTOPERATIVE & POST-TRAUMATIC INFECTIONS W MCC,15,22655.0
OR,167 - OTHER RESP SYSTEM O.R. PROCEDURES W CC,15,12958.0
OR,248 - PERC CARDIOVASC PROC W NON-DRUG-ELUTING STENT W MCC OR 4+ VES/STENTS,15,21059.0
WA,028 - SPINAL PROCEDURES W MCC,15,61874.0
WA,497 - LOCAL EXCISION & REMOVAL INT FIX DEVICES EXC HIP & FEMUR W/O CC/MCC,15,14236.0
WA,515 - OTHER MUSCULOSKELET SYS & CONN TISS O.R. PROC W MCC,15,33605.0
WA,906 - HAND PROCEDURES FOR INJURIES,15,12147.0
WA,"011 - TRACHEOSTOMY FOR FACE,MOUTH & NECK DIAGNOSES W MCC",15,62126.0
WA,707 - MAJOR MALE PELVIC PROCEDURES W CC/MCC,15,17581.0
WA,129 - MAJOR HEAD & NECK PROCEDURES W CC/MCC OR MAJOR DEVICE,15,38811.0
WA,838 - CHEMO W ACUTE LEUKEMIA AS SDX W CC OR HIGH DOSE CHEMO AGENT,15,30731.0
AK,163 - MAJOR CHEST PROCEDURES W MCC,15,61997.0
AK,418 - LAPAROSCOPIC CHOLECYSTECTOMY W/O C.D.E. W CC,15,14671.0
MA,"741 - UTERINE,ADNEXA PROC FOR NON-OVARIAN/ADNEXAL MALIG W/O CC/MCC",16,11754.0
MA,123 - NEUROLOGICAL EYE DISORDERS,16,7343.0
MA,"561 - AFTERCARE, MUSCULOSKELETAL SYSTEM & CONNECTIVE TISSUE W/O CC/MCC",16,9436.0
MA,963 - OTHER MULTIPLE SIGNIFICANT TRAUMA W MCC,16,26998.0
MA,260 - CARDIAC PACEMAKER REVISION EXCEPT DEVICE REPLACEMENT W MCC,16,31609.0
RI,251 - PERC CARDIOVASC PROC W/O CORONARY ARTERY STENT W/O MCC,16,18846.0
RI,545 - CONNECTIVE TISSUE DISORDERS W MCC,16,20806.0
RI,908 - OTHER O.R. PROCEDURES FOR INJURIES W CC,16,22969.0
RI,964 - OTHER MULTIPLE SIGNIFICANT TRAUMA W CC,16,14406.0
RI,657 - KIDNEY & URETER PROCEDURES FOR NEOPLASM W CC,16,16048.0
RI,708 - MAJOR MALE PELVIC PROCEDURES W/O CC/MCC,16,10351.0
NH,356 - OTHER DIGESTIVE SYSTEM O.R. PROCEDURES W MCC,16,39060.0
ME,639 - DIABETES W/O CC/MCC,16,5199.0
VT,"283 - ACUTE MYOCARDIAL INFARCTION, EXPIRED W MCC",16,18386.0
VT,"326 - STOMACH, ESOPHAGEAL & DUODENAL PROC W MCC",16,49539.0
VT,519 - BACK & NECK PROC EXC SPINAL FUSION W CC,16,14497.0
VT,684 - RENAL FAILURE W/O CC/MCC,16,5924.0
VT,919 - COMPLICATIONS OF TREATMENT W MCC,16,15276.0
VT,669 - TRANSURETHRAL PROCEDURES W CC,16,12595.0
CT,187 - PLEURAL EFFUSION W CC,16,21237.0
CT,"740 - UTERINE,ADNEXA PROC FOR NON-OVARIAN/ADNEXAL MALIG W CC",16,18268.0
NJ,020 - INTRACRANIAL VASCULAR PROCEDURES W PDX HEMORRHAGE W MCC,16,118982.0
NJ,334 - RECTAL RESECTION W/O CC/MCC,16,10656.0
NY,368 - MAJOR ESOPHAGEAL DISORDERS W MCC,16,27791.0
NY,547 - CONNECTIVE TISSUE DISORDERS W/O CC/MCC,16,10153.0
NY,820 - LYMPHOMA & LEUKEMIA W MAJOR O.R. PROCEDURE W MCC,16,118664.0
NY,185 - MAJOR CHEST TRAUMA W/O CC/MCC,16,6918.0
PA,"579 - OTHER SKIN, SUBCUT TISS & BREAST PROC W MCC",16,25171.0
PA,555 - SIGNS & SYMPTOMS OF MUSCULOSKELETAL SYSTEM & CONN TISSUE W MCC,16,9654.0
PA,033 - VENTRICULAR SHUNT PROCEDURES W/O CC/MCC,16,17448.0
DE,373 - MAJOR GASTROINTESTINAL DISORDERS & PERITONEAL INFECTIONS W/O CC/MCC,16,6979.0
DE,496 - LOCAL EXCISION & REMOVAL INT FIX DEVICES EXC HIP & FEMUR W CC,16,12868.0
DE,834 - ACUTE LEUKEMIA W/O MAJOR O.R. PROCEDURE W MCC,16,59189.0
DC,055 - NERVOUS SYSTEM NEOPLASMS W/O MCC,16,9737.0
DC,167 - OTHER RESP SYSTEM O.R. PROCEDURES W CC,16,17806.0
DC,644 - ENDOCRINE DISORDERS W CC,16,10499.0
DC,657 - KIDNEY & URETER PROCEDURES FOR NEOPLASM W CC,16,17745.0
DC,857 - POSTOPERATIVE OR POST-TRAUMATIC INFECTIONS W O.R. PROC W CC,16,23434.0
MD,248 - PERC CARDIOVASC PROC W NON-DRUG-ELUTING STENT W MCC OR 4+ VES/STENTS,16,25737.0
MD,"133 - OTHER EAR, NOSE, MOUTH & THROAT O.R. PROCEDURES W CC/MCC",16,19713.0
MD,546 - CONNECTIVE TISSUE DISORDERS W CC,16,21826.0
VA,615 - ADRENAL & PITUITARY PROCEDURES W/O CC/MCC,16,14378.0
VA,583 - MASTECTOMY FOR MALIGNANCY W/O CC/MCC,16,6897.0
VA,032 - VENTRICULAR SHUNT PROCEDURES W CC,16,23326.0
VA,"623 - SKIN GRAFTS & WOUND DEBRID FOR ENDOC, NUTRIT & METAB DIS W CC",16,10322.0
VA,765 - CESAREAN SECTION W CC/MCC,16,10693.0
WV,179 - RESPIRATORY INFECTIONS & INFLAMMATIONS W/O CC/MCC,16,6320.0
WV,203 - BRONCHITIS & ASTHMA W/O CC/MCC,16,3962.0
WV,"579 - OTHER SKIN, SUBCUT TISS & BREAST PROC W MCC",16,17485.0
NC,129 - MAJOR HEAD & NECK PROCEDURES W CC/MCC OR MAJOR DEVICE,16,19166.0
SC,707 - MAJOR MALE PELVIC PROCEDURES W CC/MCC,16,12537.0
SC,032 - VENTRICULAR SHUNT PROCEDURES W CC,16,19162.0
SC,"734 - PELVIC EVISCERATION, RAD HYSTERECTOMY & RAD VULVECTOMY W CC/MCC",16,38050.0
SC,867 - OTHER INFECTIOUS & PARASITIC DISEASES DIAGNOSES W MCC,16,29332.0
GA,866 - VIRAL ILLNESS W/O MCC,16,6374.0
GA,221 - CARDIAC VALVE & OTH MAJ CARDIOTHORACIC PROC W/O CARD CATH W/O CC/MCC,16,25961.0
GA,573 - SKIN GRAFT FOR SKIN ULCER OR CELLULITIS W MCC,16,27746.0
FL,158 - DENTAL & ORAL DISEASES W CC,16,6079.0
FL,351 - INGUINAL & FEMORAL HERNIA PROCEDURES W CC,16,12050.0
FL,474 - AMPUTATION FOR MUSCULOSKELETAL SYS & CONN TISSUE DIS W MCC,16,25852.0
FL,598 - MALIGNANT BREAST DISORDERS W CC,16,11246.0
FL,115 - EXTRAOCULAR PROCEDURES EXCEPT ORBIT,16,12760.0
AL,334 - RECTAL RESECTION W/O CC/MCC,16,8437.0
AL,488 - KNEE PROCEDURES W/O PDX OF INFECTION W CC/MCC,16,8711.0
AL,345 - MINOR SMALL & LARGE BOWEL PROCEDURES W CC,16,12085.0
AL,545 - CONNECTIVE TISSUE DISORDERS W MCC,16,18843.0
AL,573 - SKIN GRAFT FOR SKIN ULCER OR CELLULITIS W MCC,16,22637.0
AL,607 - MINOR SKIN DISORDERS W/O MCC,16,6139.0
AL,904 - SKIN GRAFTS FOR INJURIES W CC/MCC,16,22744.0
TN,714 - TRANSURETHRAL PROSTATECTOMY W/O CC/MCC,16,4896.0
TN,836 - ACUTE LEUKEMIA W/O MAJOR O.R. PROCEDURE W/O CC/MCC,16,14305.0
TN,131 - CRANIAL/FACIAL PROCEDURES W CC/MCC,16,18521.0
TN,"407 - PANCREAS, LIVER & SHUNT PROCEDURES W/O CC/MCC",16,15578.0
TN,866 - VIRAL ILLNESS W/O MCC,16,6979.0
TN,895 - ALCOHOL/DRUG ABUSE OR DEPENDENCE W REHABILITATION THERAPY,16,6381.0
TN,489 - KNEE PROCEDURES W/O PDX OF INFECTION W/O CC/MCC,16,7267.0
TN,063 - ACUTE ISCHEMIC STROKE W USE OF THROMBOLYTIC AGENT W/O CC/MCC,16,11020.0
TN,546 - CONNECTIVE TISSUE DISORDERS W CC,16,13444.0
MS,896 - ALCOHOL/DRUG ABUSE OR DEPENDENCE W/O REHABILITATION THERAPY W MCC,16,8980.0
MS,062 - ACUTE ISCHEMIC STROKE W USE OF THROMBOLYTIC AGENT W CC,16,10348.0
MS,882 - NEUROSES EXCEPT DEPRESSIVE,16,4501.0
KY,"557 - TENDONITIS, MYOSITIS & BURSITIS W MCC",16,9740.0
KY,661 - KIDNEY & URETER PROCEDURES FOR NON-NEOPLASM W/O CC/MCC,16,9779.0
KY,"740 - UTERINE,ADNEXA PROC FOR NON-OVARIAN/ADNEXAL MALIG W CC",16,14386.0
OH,914 - TRAUMATIC INJURY W/O MCC,16,4053.0
OH,125 - OTHER DISORDERS OF THE EYE W/O MCC,16,6358.0
IN,475 - AMPUTATION FOR MUSCULOSKELETAL SYS & CONN TISSUE DIS W CC,16,17673.0
IN,642 - INBORN AND OTHER DISORDERS OF METABOLISM,16,11325.0
IN,515 - OTHER MUSCULOSKELET SYS & CONN TISS O.R. PROC W MCC,16,17039.0
MI,502 - SOFT TISSUE PROCEDURES W/O CC/MCC,16,8394.0
MI,577 - SKIN GRAFT EXC FOR SKIN ULCER OR CELLULITIS W CC,16,19773.0
MI,"627 - THYROID, PARATHYROID & THYROGLOSSAL PROCEDURES W/O CC/MCC",16,6761.0
IA,"012 - TRACHEOSTOMY FOR FACE,MOUTH & NECK DIAGNOSES W CC",16,32730.0
IA,577 - SKIN GRAFT EXC FOR SKIN ULCER OR CELLULITIS W CC,16,19627.0
IA,883 - DISORDERS OF PERSONALITY & IMPULSE CONTROL,16,7729.0
WI,187 - PLEURAL EFFUSION W CC,16,8176.0
WI,203 - BRONCHITIS & ASTHMA W/O CC/MCC,16,5282.0
WI,748 - FEMALE REPRODUCTIVE SYSTEM RECONSTRUCTIVE PROCEDURES,16,8652.0
WI,643 - ENDOCRINE DISORDERS W MCC,16,11641.0
WI,032 - VENTRICULAR SHUNT PROCEDURES W CC,16,22552.0
MN,157 - DENTAL & ORAL DISEASES W MCC,16,17289.0
MN,436 - MALIGNANCY OF HEPATOBILIARY SYSTEM OR PANCREAS W CC,16,11284.0
MN,983 - EXTENSIVE O.R. PROCEDURE UNRELATED TO PRINCIPAL DIAGNOSIS W/O CC/MCC,16,16590.0
SD,551 - MEDICAL BACK PROBLEMS W MCC,16,10540.0
SD,"734 - PELVIC EVISCERATION, RAD HYSTERECTOMY & RAD VULVECTOMY W CC/MCC",16,17622.0
SD,884 - ORGANIC DISTURBANCES & MENTAL RETARDATION,16,7493.0
ND,221 - CARDIAC VALVE & OTH MAJ CARDIOTHORACIC PROC W/O CARD CATH W/O CC/MCC,16,28954.0
ND,375 - DIGESTIVE MALIGNANCY W CC,16,8630.0
ND,445 - DISORDERS OF THE BILIARY TRACT W CC,16,7155.0
ND,543 - PATHOLOGICAL FRACTURES & MUSCULOSKELET & CONN TISS MALIG W CC,16,7944.0
ND,551 - MEDICAL BACK PROBLEMS W MCC,16,11040.0
ND,920 - COMPLICATIONS OF TREATMENT W CC,16,6772.0
MT,"326 - STOMACH, ESOPHAGEAL & DUODENAL PROC W MCC",16,33665.0
MT,"493 - LOWER EXTREM & HUMER PROC EXCEPT HIP,FOOT,FEMUR W CC",16,14074.0
MT,266 - ENDOVASCULAR CARDIAC VALVE REPLACEMENT W MCC,16,54700.0
IL,988 - NON-EXTENSIVE O.R. PROC UNRELATED TO PRINCIPAL DIAGNOSIS W CC,16,9785.0
IL,"013 - TRACHEOSTOMY FOR FACE,MOUTH & NECK DIAGNOSES W/O CC/MCC",16,20512.0
IL,"407 - PANCREAS, LIVER & SHUNT PROCEDURES W/O CC/MCC",16,19514.0
IL,229 - OTHER CARDIOTHORACIC PROCEDURES W CC,16,24967.0
MO,020 - INTRACRANIAL VASCULAR PROCEDURES W PDX HEMORRHAGE W MCC,16,71974.0
MO,032 - VENTRICULAR SHUNT PROCEDURES W CC,16,15474.0
MO,158 - DENTAL & ORAL DISEASES W CC,16,6775.0
MO,"463 - WND DEBRID & SKN GRFT EXC HAND, FOR MUSCULO-CONN TISS DIS W MCC",16,38638.0
MO,539 - OSTEOMYELITIS W MCC,16,13906.0
MO,546 - CONNECTIVE TISSUE DISORDERS W CC,16,9183.0
MO,829 - MYELOPROLIF DISORD OR POORLY DIFF NEOPL W OTHER O.R. PROC W CC/MCC,16,30675.0
MO,228 - OTHER CARDIOTHORACIC PROCEDURES W MCC,16,50206.0
MO,535 - FRACTURES OF HIP & PELVIS W MCC,16,10272.0
MO,369 - MAJOR ESOPHAGEAL DISORDERS W CC,16,6517.0
KS,"407 - PANCREAS, LIVER & SHUNT PROCEDURES W/O CC/MCC",16,13438.0
KS,742 - UTERINE & ADNEXA PROC FOR NON-MALIGNANCY W CC/MCC,16,10826.0
NE,696 - KIDNEY & URINARY TRACT SIGNS & SYMPTOMS W/O MCC,16,4653.0
LA,008 - SIMULTANEOUS PANCREAS/KIDNEY TRANSPLANT,16,55602.0
LA,"617 - AMPUTAT OF LOWER LIMB FOR ENDOCRINE,NUTRIT,& METABOL DIS W CC",16,11552.0
LA,856 - POSTOPERATIVE OR POST-TRAUMATIC INFECTIONS W O.R. PROC W MCC,16,26914.0
AR,691 - URINARY STONES W ESW LITHOTRIPSY W CC/MCC,16,9045.0
AR,765 - CESAREAN SECTION W CC/MCC,16,9944.0
AR,357 - OTHER DIGESTIVE SYSTEM O.R. PROCEDURES W CC,16,12065.0
OK,620 - O.R. PROCEDURES FOR OBESITY W CC,16,12181.0
OK,988 - NON-EXTENSIVE O.R. PROC UNRELATED TO PRINCIPAL DIAGNOSIS W CC,16,10138.0
OK,486 - KNEE PROCEDURES W PDX OF INFECTION W CC,16,14583.0
OK,"894 - ALCOHOL/DRUG ABUSE OR DEPENDENCE, LEFT AMA",16,5095.0
OK,958 - OTHER O.R. PROCEDURES FOR MULTIPLE SIGNIFICANT TRAUMA W CC,16,34788.0
OK,"627 - THYROID, PARATHYROID & THYROGLOSSAL PROCEDURES W/O CC/MCC",16,6935.0
OK,775 - VAGINAL DELIVERY W/O COMPLICATING DIAGNOSES,16,5016.0
OK,240 - AMPUTATION FOR CIRC SYS DISORDERS EXC UPPER LIMB & TOE W CC,16,16150.0
OK,696 - KIDNEY & URINARY TRACT SIGNS & SYMPTOMS W/O MCC,16,4173.0
OK,"579 - OTHER SKIN, SUBCUT TISS & BREAST PROC W MCC",16,30436.0
OK,152 - OTITIS MEDIA & URI W MCC,16,6565.0
OK,199 - PNEUMOTHORAX W MCC,16,11103.0
OK,846 - CHEMOTHERAPY W/O ACUTE LEUKEMIA AS SECONDARY DIAGNOSIS W MCC,16,19406.0
TX,348 - ANAL & STOMAL PROCEDURES W CC,16,9537.0
TX,"741 - UTERINE,ADNEXA PROC FOR NON-OVARIAN/ADNEXAL MALIG W/O CC/MCC",16,9850.0
CO,005 - LIVER TRANSPLANT W MCC OR INTESTINAL TRANSPLANT,16,111901.0
CO,316 - OTHER CIRCULATORY SYSTEM DIAGNOSES W/O CC/MCC,16,7157.0
CO,020 - INTRACRANIAL VASCULAR PROCEDURES W PDX HEMORRHAGE W MCC,16,76902.0
CO,024 - CRANIO W MAJOR DEV IMPL/ACUTE COMPLEX CNS PDX W/O MCC,16,24049.0
CO,129 - MAJOR HEAD & NECK PROCEDURES W CC/MCC OR MAJOR DEVICE,16,16946.0
CO,837 - CHEMO W ACUTE LEUKEMIA AS SDX OR W HIGH DOSE CHEMO AGENT W MCC,16,87327.0
CO,248 - PERC CARDIOVASC PROC W NON-DRUG-ELUTING STENT W MCC OR 4+ VES/STENTS,16,19386.0
WY,809 - MAJOR HEMATOL/IMMUN DIAG EXC SICKLE CELL CRISIS & COAGUL W CC,16,10802.0
ID,038 - EXTRACRANIAL PROCEDURES W CC,16,9968.0
ID,489 - KNEE PROCEDURES W/O PDX OF INFECTION W/O CC/MCC,16,9838.0
UT,054 - NERVOUS SYSTEM NEOPLASMS W MCC,16,11800.0
AZ,345 - MINOR SMALL & LARGE BOWEL PROCEDURES W CC,16,16038.0
AZ,656 - KIDNEY & URETER PROCEDURES FOR NEOPLASM W MCC,16,26364.0
AZ,947 - SIGNS & SYMPTOMS W MCC,16,11791.0
NM,023 - CRANIO W MAJOR DEV IMPL/ACUTE COMPLEX CNS PDX W MCC OR CHEMO IMPLANT,16,46799.0
NM,057 - DEGENERATIVE NERVOUS SYSTEM DISORDERS W/O MCC,16,15685.0
NM,091 - OTHER DISORDERS OF NERVOUS SYSTEM W MCC,16,14137.0
NM,152 - OTITIS MEDIA & URI W MCC,16,7870.0
NM,186 - PLEURAL EFFUSION W MCC,16,11022.0
NM,445 - DISORDERS OF THE BILIARY TRACT W CC,16,7877.0
NM,674 - OTHER KIDNEY & URINARY TRACT PROCEDURES W CC,16,18895.0
NM,518 - BACK & NECK PROC EXC SPINAL FUSION W MCC OR DISC DEVICE/NEUROSTIM,16,17980.0
NV,619 - O.R. PROCEDURES FOR OBESITY W MCC,16,22685.0
NV,466 - REVISION OF HIP OR KNEE REPLACEMENT W MCC,16,36808.0
NV,204 - RESPIRATORY SIGNS & SYMPTOMS,16,4978.0
NV,"327 - STOMACH, ESOPHAGEAL & DUODENAL PROC W CC",16,18258.0
NV,217 - CARDIAC VALVE & OTH MAJ CARDIOTHORACIC PROC W CARD CATH W CC,16,49107.0
CA,034 - CAROTID ARTERY STENT PROCEDURE W MCC,16,42141.0
CA,827 - MYELOPROLIF DISORD OR POORLY DIFF NEOPL W MAJ O.R. PROC W CC,16,38817.0
CA,217 - CARDIAC VALVE & OTH MAJ CARDIOTHORACIC PROC W CARD CATH W CC,16,53638.0
HI,027 - CRANIOTOMY & ENDOVASCULAR INTRACRANIAL PROCEDURES W/O CC/MCC,16,25753.0
HI,101 - SEIZURES W/O MCC,16,9597.0
HI,207 - RESPIRATORY SYSTEM DIAGNOSIS W VENTILATOR SUPPORT 96+ HOURS,16,64035.0
HI,249 - PERC CARDIOVASC PROC W NON-DRUG-ELUTING STENT W/O MCC,16,18457.0
HI,483 - MAJOR JOINT/LIMB REATTACHMENT PROCEDURE OF UPPER EXTREMITIES,16,22075.0
HI,713 - TRANSURETHRAL PROSTATECTOMY W CC/MCC,16,15109.0
OR,444 - DISORDERS OF THE BILIARY TRACT W MCC,16,11561.0
WA,934 - FULL THICKNESS BURN W/O SKIN GRFT OR INHAL INJ,16,22392.0
WA,"956 - LIMB REATTACHMENT, HIP & FEMUR PROC FOR MULTIPLE SIGNIFICANT TRAUMA",16,73715.0
AK,100 - SEIZURES W MCC,16,16820.0
AK,176 - PULMONARY EMBOLISM W/O MCC,16,8891.0
AK,244 - PERMANENT CARDIAC PACEMAKER IMPLANT W/O CC/MCC,16,19266.0
AK,266 - ENDOVASCULAR CARDIAC VALVE REPLACEMENT W MCC,16,76952.0
AK,"391 - ESOPHAGITIS, GASTROENT & MISC DIGEST DISORDERS W MCC",16,11284.0
AK,657 - KIDNEY & URETER PROCEDURES FOR NEOPLASM W CC,16,17497.0
AK,074 - CRANIAL & PERIPHERAL NERVE DISORDERS W/O MCC,16,8076.0
AK,379 - G.I. HEMORRHAGE W/O CC/MCC,16,6983.0
MA,501 - SOFT TISSUE PROCEDURES W CC,17,16432.0
MA,596 - MAJOR SKIN DISORDERS W/O MCC,17,11417.0
MA,824 - LYMPHOMA & NON-ACUTE LEUKEMIA W OTHER O.R. PROC W CC,17,24751.0
MA,835 - ACUTE LEUKEMIA W/O MAJOR O.R. PROCEDURE W CC,17,31991.0
MA,843 - OTHER MYELOPROLIF DIS OR POORLY DIFF NEOPL DIAG W MCC,17,18917.0
RI,062 - ACUTE ISCHEMIC STROKE W USE OF THROMBOLYTIC AGENT W CC,17,17518.0
RI,"155 - OTHER EAR, NOSE, MOUTH & THROAT DIAGNOSES W CC",17,9233.0
RI,200 - PNEUMOTHORAX W CC,17,10598.0
RI,254 - OTHER VASCULAR PROCEDURES W/O CC/MCC,17,16376.0
RI,436 - MALIGNANCY OF HEPATOBILIARY SYSTEM OR PANCREAS W CC,17,11600.0
RI,840 - LYMPHOMA & NON-ACUTE LEUKEMIA W MCC,17,24028.0
RI,981 - EXTENSIVE O.R. PROCEDURE UNRELATED TO PRINCIPAL DIAGNOSIS W MCC,17,42502.0
RI,556 - SIGNS & SYMPTOMS OF MUSCULOSKELETAL SYSTEM & CONN TISSUE W/O MCC,17,5674.0
NH,023 - CRANIO W MAJOR DEV IMPL/ACUTE COMPLEX CNS PDX W MCC OR CHEMO IMPLANT,17,49646.0
NH,166 - OTHER RESP SYSTEM O.R. PROCEDURES W MCC,17,62678.0
NH,444 - DISORDERS OF THE BILIARY TRACT W MCC,17,16252.0
NH,658 - KIDNEY & URETER PROCEDURES FOR NEOPLASM W/O CC/MCC,17,17161.0
NH,813 - COAGULATION DISORDERS,17,16312.0
ME,184 - MAJOR CHEST TRAUMA W CC,17,8415.0
VT,847 - CHEMOTHERAPY W/O ACUTE LEUKEMIA AS SECONDARY DIAGNOSIS W CC,17,10325.0
CT,036 - CAROTID ARTERY STENT PROCEDURE W/O CC/MCC,17,18521.0
CT,583 - MASTECTOMY FOR MALIGNANCY W/O CC/MCC,17,12150.0
CT,713 - TRANSURETHRAL PROSTATECTOMY W CC/MCC,17,12835.0
NJ,"735 - PELVIC EVISCERATION, RAD HYSTERECTOMY & RAD VULVECTOMY W/O CC/MCC",17,10956.0
NJ,928 - FULL THICKNESS BURN W SKIN GRAFT OR INHAL INJ W CC/MCC,17,53422.0
NY,615 - ADRENAL & PITUITARY PROCEDURES W/O CC/MCC,17,15721.0
NY,183 - MAJOR CHEST TRAUMA W MCC,17,14625.0
PA,577 - SKIN GRAFT EXC FOR SKIN ULCER OR CELLULITIS W CC,17,19405.0
DE,163 - MAJOR CHEST PROCEDURES W MCC,17,35310.0
DE,645 - ENDOCRINE DISORDERS W/O CC/MCC,17,6873.0
DE,847 - CHEMOTHERAPY W/O ACUTE LEUKEMIA AS SECONDARY DIAGNOSIS W CC,17,9164.0
DC,574 - SKIN GRAFT FOR SKIN ULCER OR CELLULITIS W CC,17,29974.0
DC,152 - OTITIS MEDIA & URI W MCC,17,9610.0
DC,355 - HERNIA PROCEDURES EXCEPT INGUINAL & FEMORAL W/O CC/MCC,17,11517.0
DC,"558 - TENDONITIS, MYOSITIS & BURSITIS W/O MCC",17,8256.0
DC,"563 - FX, SPRN, STRN & DISL EXCEPT FEMUR, HIP, PELVIS & THIGH W/O MCC",17,7378.0
DC,694 - URINARY STONES W/O ESW LITHOTRIPSY W/O MCC,17,7150.0
DC,696 - KIDNEY & URINARY TRACT SIGNS & SYMPTOMS W/O MCC,17,7095.0
DC,840 - LYMPHOMA & NON-ACUTE LEUKEMIA W MCC,17,28284.0
DC,864 - FEVER,17,8238.0
MD,488 - KNEE PROCEDURES W/O PDX OF INFECTION W CC/MCC,17,23805.0
MD,928 - FULL THICKNESS BURN W SKIN GRAFT OR INHAL INJ W CC/MCC,17,38821.0
MD,458 - SPINAL FUS EXC CERV W SPINAL CURV/MALIG/INFEC OR 9+ FUS W/O CC/MCC,17,51821.0
MD,656 - KIDNEY & URETER PROCEDURES FOR NEOPLASM W MCC,17,43975.0
MD,983 - EXTENSIVE O.R. PROCEDURE UNRELATED TO PRINCIPAL DIAGNOSIS W/O CC/MCC,17,28561.0
WV,920 - COMPLICATIONS OF TREATMENT W CC,17,7325.0
WV,935 - NON-EXTENSIVE BURNS,17,23197.0
NC,685 - ADMIT FOR RENAL DIALYSIS,17,7265.0
NC,005 - LIVER TRANSPLANT W MCC OR INTESTINAL TRANSPLANT,17,116165.0
NC,072 - NONSPECIFIC CEREBROVASCULAR DISORDERS W/O CC/MCC,17,5106.0
SC,"464 - WND DEBRID & SKN GRFT EXC HAND, FOR MUSCULO-CONN TISS DIS W CC",17,25221.0
SC,226 - CARDIAC DEFIBRILLATOR IMPLANT W/O CARDIAC CATH W MCC,17,39673.0
GA,545 - CONNECTIVE TISSUE DISORDERS W MCC,17,18722.0
AL,005 - LIVER TRANSPLANT W MCC OR INTESTINAL TRANSPLANT,17,72264.0
AL,059 - MULTIPLE SCLEROSIS & CEREBELLAR ATAXIA W CC,17,13833.0
AL,130 - MAJOR HEAD & NECK PROCEDURES W/O CC/MCC,17,10344.0
AL,168 - OTHER RESP SYSTEM O.R. PROCEDURES W/O CC/MCC,17,9691.0
AL,459 - SPINAL FUSION EXCEPT CERVICAL W MCC,17,50761.0
AL,963 - OTHER MULTIPLE SIGNIFICANT TRAUMA W MCC,17,24574.0
AL,700 - OTHER KIDNEY & URINARY TRACT DIAGNOSES W/O CC/MCC,17,4600.0
AL,200 - PNEUMOTHORAX W CC,17,6199.0
AL,"492 - LOWER EXTREM & HUMER PROC EXCEPT HIP,FOOT,FEMUR W MCC",17,17241.0
TN,014 - ALLOGENEIC BONE MARROW TRANSPLANT,17,78878.0
TN,"133 - OTHER EAR, NOSE, MOUTH & THROAT O.R. PROCEDURES W CC/MCC",17,16074.0
TN,496 - LOCAL EXCISION & REMOVAL INT FIX DEVICES EXC HIP & FEMUR W CC,17,13722.0
TN,988 - NON-EXTENSIVE O.R. PROC UNRELATED TO PRINCIPAL DIAGNOSIS W CC,17,13325.0
MS,840 - LYMPHOMA & NON-ACUTE LEUKEMIA W MCC,17,19126.0
MS,187 - PLEURAL EFFUSION W CC,17,6037.0
MS,356 - OTHER DIGESTIVE SYSTEM O.R. PROCEDURES W MCC,17,30082.0
MS,"581 - OTHER SKIN, SUBCUT TISS & BREAST PROC W/O CC/MCC",17,6421.0
MS,929 - FULL THICKNESS BURN W SKIN GRAFT OR INHAL INJ W/O CC/MCC,17,24250.0
KY,696 - KIDNEY & URINARY TRACT SIGNS & SYMPTOMS W/O MCC,17,5596.0
KY,024 - CRANIO W MAJOR DEV IMPL/ACUTE COMPLEX CNS PDX W/O MCC,17,27954.0
KY,957 - OTHER O.R. PROCEDURES FOR MULTIPLE SIGNIFICANT TRAUMA W MCC,17,59352.0
OH,228 - OTHER CARDIOTHORACIC PROCEDURES W MCC,17,59377.0
OH,"581 - OTHER SKIN, SUBCUT TISS & BREAST PROC W/O CC/MCC",17,8727.0
IN,546 - CONNECTIVE TISSUE DISORDERS W CC,17,7190.0
MI,185 - MAJOR CHEST TRAUMA W/O CC/MCC,17,5878.0
IA,457 - SPINAL FUS EXC CERV W SPINAL CURV/MALIG/INFEC OR EXT FUS W CC,17,39961.0
IA,"328 - STOMACH, ESOPHAGEAL & DUODENAL PROC W/O CC/MCC",17,9820.0
IA,203 - BRONCHITIS & ASTHMA W/O CC/MCC,17,4777.0
IA,029 - SPINAL PROCEDURES W CC OR SPINAL NEUROSTIMULATORS,17,28705.0
IA,857 - POSTOPERATIVE OR POST-TRAUMATIC INFECTIONS W O.R. PROC W CC,17,17233.0
WI,200 - PNEUMOTHORAX W CC,17,7750.0
WI,240 - AMPUTATION FOR CIRC SYS DISORDERS EXC UPPER LIMB & TOE W CC,17,25285.0
WI,542 - PATHOLOGICAL FRACTURES & MUSCULOSKELET & CONN TISS MALIG W MCC,17,13649.0
WI,737 - UTERINE & ADNEXA PROC FOR OVARIAN OR ADNEXAL MALIGNANCY W CC,17,20884.0
WI,685 - ADMIT FOR RENAL DIALYSIS,17,8168.0
MN,974 - HIV W MAJOR RELATED CONDITION W MCC,17,28331.0
MN,008 - SIMULTANEOUS PANCREAS/KIDNEY TRANSPLANT,17,63010.0
MN,642 - INBORN AND OTHER DISORDERS OF METABOLISM,17,24488.0
MN,"740 - UTERINE,ADNEXA PROC FOR NON-OVARIAN/ADNEXAL MALIG W CC",17,14820.0
MN,824 - LYMPHOMA & NON-ACUTE LEUKEMIA W OTHER O.R. PROC W CC,17,30988.0
MN,829 - MYELOPROLIF DISORD OR POORLY DIFF NEOPL W OTHER O.R. PROC W CC/MCC,17,45774.0
MN,904 - SKIN GRAFTS FOR INJURIES W CC/MCC,17,55852.0
SD,180 - RESPIRATORY NEOPLASMS W MCC,17,11689.0
ND,180 - RESPIRATORY NEOPLASMS W MCC,17,11231.0
ND,863 - POSTOPERATIVE & POST-TRAUMATIC INFECTIONS W/O MCC,17,6847.0
ND,908 - OTHER O.R. PROCEDURES FOR INJURIES W CC,17,12405.0
MT,216 - CARDIAC VALVE & OTH MAJ CARDIOTHORACIC PROC W CARD CATH W MCC,17,61794.0
MT,707 - MAJOR MALE PELVIC PROCEDURES W CC/MCC,17,11662.0
IL,005 - LIVER TRANSPLANT W MCC OR INTESTINAL TRANSPLANT,17,161166.0
IL,975 - HIV W MAJOR RELATED CONDITION W CC,17,17435.0
IL,653 - MAJOR BLADDER PROCEDURES W MCC,17,58643.0
MO,"011 - TRACHEOSTOMY FOR FACE,MOUTH & NECK DIAGNOSES W MCC",17,39186.0
MO,909 - OTHER O.R. PROCEDURES FOR INJURIES W/O CC/MCC,17,9438.0
KS,"627 - THYROID, PARATHYROID & THYROGLOSSAL PROCEDURES W/O CC/MCC",17,7154.0
KS,656 - KIDNEY & URETER PROCEDURES FOR NEOPLASM W MCC,17,23137.0
KS,928 - FULL THICKNESS BURN W SKIN GRAFT OR INHAL INJ W CC/MCC,17,48669.0
KS,061 - ACUTE ISCHEMIC STROKE W USE OF THROMBOLYTIC AGENT W MCC,17,16452.0
KS,217 - CARDIAC VALVE & OTH MAJ CARDIOTHORACIC PROC W CARD CATH W CC,17,34810.0
NE,907 - OTHER O.R. PROCEDURES FOR INJURIES W MCC,17,38538.0
NE,517 - OTHER MUSCULOSKELET SYS & CONN TISS O.R. PROC W/O CC/MCC,17,10382.0
LA,620 - O.R. PROCEDURES FOR OBESITY W CC,17,14599.0
LA,644 - ENDOCRINE DISORDERS W CC,17,10394.0
AR,454 - COMBINED ANTERIOR/POSTERIOR SPINAL FUSION W CC,17,60951.0
AR,620 - O.R. PROCEDURES FOR OBESITY W CC,17,11112.0
AR,808 - MAJOR HEMATOL/IMMUN DIAG EXC SICKLE CELL CRISIS & COAGUL W MCC,17,17855.0
OK,"012 - TRACHEOSTOMY FOR FACE,MOUTH & NECK DIAGNOSES W CC",17,36386.0
OK,963 - OTHER MULTIPLE SIGNIFICANT TRAUMA W MCC,17,32145.0
OK,205 - OTHER RESPIRATORY SYSTEM DIAGNOSES W MCC,17,13801.0
TX,895 - ALCOHOL/DRUG ABUSE OR DEPENDENCE W REHABILITATION THERAPY,17,7346.0
TX,"557 - TENDONITIS, MYOSITIS & BURSITIS W MCC",17,10036.0
TX,475 - AMPUTATION FOR MUSCULOSKELETAL SYS & CONN TISSUE DIS W CC,17,11516.0
TX,055 - NERVOUS SYSTEM NEOPLASMS W/O MCC,17,7344.0
CO,303 - ATHEROSCLEROSIS W/O MCC,17,7273.0
CO,808 - MAJOR HEMATOL/IMMUN DIAG EXC SICKLE CELL CRISIS & COAGUL W MCC,17,22102.0
WY,847 - CHEMOTHERAPY W/O ACUTE LEUKEMIA AS SECONDARY DIAGNOSIS W CC,17,11740.0
ID,180 - RESPIRATORY NEOPLASMS W MCC,17,11202.0
ID,371 - MAJOR GASTROINTESTINAL DISORDERS & PERITONEAL INFECTIONS W MCC,17,11821.0
UT,435 - MALIGNANCY OF HEPATOBILIARY SYSTEM OR PANCREAS W MCC,17,16090.0
UT,920 - COMPLICATIONS OF TREATMENT W CC,17,9724.0
UT,459 - SPINAL FUSION EXCEPT CERVICAL W MCC,17,52193.0
NM,235 - CORONARY BYPASS W/O CARDIAC CATH W MCC,17,35027.0
NM,266 - ENDOVASCULAR CARDIAC VALVE REPLACEMENT W MCC,17,51038.0
NM,203 - BRONCHITIS & ASTHMA W/O CC/MCC,17,6548.0
NV,062 - ACUTE ISCHEMIC STROKE W USE OF THROMBOLYTIC AGENT W CC,17,13434.0
CA,653 - MAJOR BLADDER PROCEDURES W MCC,17,63871.0
CA,668 - TRANSURETHRAL PROCEDURES W MCC,17,39565.0
CA,230 - OTHER CARDIOTHORACIC PROCEDURES W/O CC/MCC,17,35315.0
HI,202 - BRONCHITIS & ASTHMA W CC/MCC,17,9707.0
HI,266 - ENDOVASCULAR CARDIAC VALVE REPLACEMENT W MCC,17,79518.0
HI,331 - MAJOR SMALL & LARGE BOWEL PROCEDURES W/O CC/MCC,17,16497.0
HI,372 - MAJOR GASTROINTESTINAL DISORDERS & PERITONEAL INFECTIONS W CC,17,12769.0
WA,007 - LUNG TRANSPLANT,17,182275.0
WA,654 - MAJOR BLADDER PROCEDURES W CC,17,32976.0
AK,233 - CORONARY BYPASS W CARDIAC CATH W MCC,17,69395.0
AK,242 - PERMANENT CARDIAC PACEMAKER IMPLANT W MCC,17,32241.0
AK,"286 - CIRCULATORY DISORDERS EXCEPT AMI, W CARD CATH W MCC",17,25751.0
AK,315 - OTHER CIRCULATORY SYSTEM DIAGNOSES W CC,17,9140.0
MA,024 - CRANIO W MAJOR DEV IMPL/ACUTE COMPLEX CNS PDX W/O MCC,18,35594.0
MA,316 - OTHER CIRCULATORY SYSTEM DIAGNOSES W/O CC/MCC,18,7588.0
MA,928 - FULL THICKNESS BURN W SKIN GRAFT OR INHAL INJ W CC/MCC,18,52368.0
RI,482 - HIP & FEMUR PROCEDURES EXCEPT MAJOR JOINT W/O CC/MCC,18,15455.0
RI,519 - BACK & NECK PROC EXC SPINAL FUSION W CC,18,15755.0
RI,535 - FRACTURES OF HIP & PELVIS W MCC,18,12346.0
RI,813 - COAGULATION DISORDERS,18,19239.0
RI,846 - CHEMOTHERAPY W/O ACUTE LEUKEMIA AS SECONDARY DIAGNOSIS W MCC,18,22792.0
NH,"004 - TRACH W MV 96+ HRS OR PDX EXC FACE, MOUTH & NECK W/O MAJ O.R.",18,160950.0
NH,841 - LYMPHOMA & NON-ACUTE LEUKEMIA W CC,18,15515.0
NH,846 - CHEMOTHERAPY W/O ACUTE LEUKEMIA AS SECONDARY DIAGNOSIS W MCC,18,26004.0
NH,907 - OTHER O.R. PROCEDURES FOR INJURIES W MCC,18,43790.0
ME,206 - OTHER RESPIRATORY SYSTEM DIAGNOSES W/O MCC,18,6798.0
ME,737 - UTERINE & ADNEXA PROC FOR OVARIAN OR ADNEXAL MALIGNANCY W CC,18,16699.0
ME,856 - POSTOPERATIVE OR POST-TRAUMATIC INFECTIONS W O.R. PROC W MCC,18,54593.0
ME,419 - LAPAROSCOPIC CHOLECYSTECTOMY W/O C.D.E. W/O CC/MCC,18,10011.0
VT,165 - MAJOR CHEST PROCEDURES W/O CC/MCC,18,16940.0
VT,"328 - STOMACH, ESOPHAGEAL & DUODENAL PROC W/O CC/MCC",18,13025.0
VT,657 - KIDNEY & URETER PROCEDURES FOR NEOPLASM W CC,18,16871.0
VT,982 - EXTENSIVE O.R. PROCEDURE UNRELATED TO PRINCIPAL DIAGNOSIS W CC,18,22344.0
CT,073 - CRANIAL & PERIPHERAL NERVE DISORDERS W MCC,18,17064.0
CT,354 - HERNIA PROCEDURES EXCEPT INGUINAL & FEMORAL W CC,18,19119.0
CT,596 - MAJOR SKIN DISORDERS W/O MCC,18,11131.0
CT,742 - UTERINE & ADNEXA PROC FOR NON-MALIGNANCY W CC/MCC,18,16111.0
NJ,"406 - PANCREAS, LIVER & SHUNT PROCEDURES W CC",18,26992.0
NJ,477 - BIOPSIES OF MUSCULOSKELETAL SYSTEM & CONNECTIVE TISSUE W MCC,18,31251.0
NY,063 - ACUTE ISCHEMIC STROKE W USE OF THROMBOLYTIC AGENT W/O CC/MCC,18,16764.0
NY,125 - OTHER DISORDERS OF THE EYE W/O MCC,18,8894.0
PA,113 - ORBITAL PROCEDURES W CC/MCC,18,18759.0
DE,024 - CRANIO W MAJOR DEV IMPL/ACUTE COMPLEX CNS PDX W/O MCC,18,30608.0
DE,073 - CRANIAL & PERIPHERAL NERVE DISORDERS W MCC,18,10222.0
DE,089 - CONCUSSION W CC,18,9496.0
DE,374 - DIGESTIVE MALIGNANCY W MCC,18,16523.0
DE,"492 - LOWER EXTREM & HUMER PROC EXCEPT HIP,FOOT,FEMUR W MCC",18,26877.0
DE,592 - SKIN ULCERS W MCC,18,16620.0
DE,607 - MINOR SKIN DISORDERS W/O MCC,18,6044.0
DC,"328 - STOMACH, ESOPHAGEAL & DUODENAL PROC W/O CC/MCC",18,15455.0
DC,187 - PLEURAL EFFUSION W CC,18,11189.0
DC,685 - ADMIT FOR RENAL DIALYSIS,18,9690.0
MD,306 - CARDIAC CONGENITAL & VALVULAR DISORDERS W MCC,18,79061.0
MD,196 - INTERSTITIAL LUNG DISEASE W MCC,18,29808.0
MD,838 - CHEMO W ACUTE LEUKEMIA AS SDX W CC OR HIGH DOSE CHEMO AGENT,18,59112.0
VA,"084 - TRAUMATIC STUPOR & COMA, COMA >1 HR W/O CC/MCC",18,7578.0
VA,935 - NON-EXTENSIVE BURNS,18,23854.0
VA,781 - OTHER ANTEPARTUM DIAGNOSES W MEDICAL COMPLICATIONS,18,7641.0
WV,652 - KIDNEY TRANSPLANT,18,23711.0
WV,658 - KIDNEY & URETER PROCEDURES FOR NEOPLASM W/O CC/MCC,18,9723.0
NC,036 - CAROTID ARTERY STENT PROCEDURE W/O CC/MCC,18,9436.0
NC,307 - CARDIAC CONGENITAL & VALVULAR DISORDERS W/O MCC,18,9847.0
NC,904 - SKIN GRAFTS FOR INJURIES W CC/MCC,18,28586.0
NC,368 - MAJOR ESOPHAGEAL DISORDERS W MCC,18,15476.0
NC,032 - VENTRICULAR SHUNT PROCEDURES W CC,18,15814.0
SC,061 - ACUTE ISCHEMIC STROKE W USE OF THROMBOLYTIC AGENT W MCC,18,22394.0
SC,184 - MAJOR CHEST TRAUMA W CC,18,8534.0
SC,865 - VIRAL ILLNESS W MCC,18,12319.0
GA,228 - OTHER CARDIOTHORACIC PROCEDURES W MCC,18,51042.0
GA,020 - INTRACRANIAL VASCULAR PROCEDURES W PDX HEMORRHAGE W MCC,18,72309.0
GA,571 - SKIN DEBRIDEMENT W CC,18,10621.0
FL,"407 - PANCREAS, LIVER & SHUNT PROCEDURES W/O CC/MCC",18,17801.0
FL,042 - PERIPH/CRANIAL NERVE & OTHER NERV SYST PROC W/O CC/MCC,18,12925.0
FL,125 - OTHER DISORDERS OF THE EYE W/O MCC,18,4828.0
AL,457 - SPINAL FUS EXC CERV W SPINAL CURV/MALIG/INFEC OR EXT FUS W CC,18,40531.0
AL,882 - NEUROSES EXCEPT DEPRESSIVE,18,4615.0
AL,335 - PERITONEAL ADHESIOLYSIS W MCC,18,24993.0
TN,"012 - TRACHEOSTOMY FOR FACE,MOUTH & NECK DIAGNOSES W CC",18,25901.0
TN,880 - ACUTE ADJUSTMENT REACTION & PSYCHOSOCIAL DYSFUNCTION,18,6316.0
TN,006 - LIVER TRANSPLANT W/O MCC,18,39484.0
TN,304 - HYPERTENSION W MCC,18,8111.0
MS,781 - OTHER ANTEPARTUM DIAGNOSES W MEDICAL COMPLICATIONS,18,9645.0
KY,535 - FRACTURES OF HIP & PELVIS W MCC,18,9691.0
KY,"562 - FX, SPRN, STRN & DISL EXCEPT FEMUR, HIP, PELVIS & THIGH W MCC",18,9101.0
KY,"012 - TRACHEOSTOMY FOR FACE,MOUTH & NECK DIAGNOSES W CC",18,35601.0
OH,518 - BACK & NECK PROC EXC SPINAL FUSION W MCC OR DISC DEVICE/NEUROSTIM,18,21288.0
OH,700 - OTHER KIDNEY & URINARY TRACT DIAGNOSES W/O CC/MCC,18,4367.0
OH,333 - RECTAL RESECTION W CC,18,23855.0
OH,457 - SPINAL FUS EXC CERV W SPINAL CURV/MALIG/INFEC OR EXT FUS W CC,18,53573.0
OH,474 - AMPUTATION FOR MUSCULOSKELETAL SYS & CONN TISSUE DIS W MCC,18,32633.0
OH,546 - CONNECTIVE TISSUE DISORDERS W CC,18,16126.0
IN,024 - CRANIO W MAJOR DEV IMPL/ACUTE COMPLEX CNS PDX W/O MCC,18,43148.0
IN,"083 - TRAUMATIC STUPOR & COMA, COMA >1 HR W CC",18,12104.0
IN,226 - CARDIAC DEFIBRILLATOR IMPLANT W/O CARDIAC CATH W MCC,18,47718.0
MI,"011 - TRACHEOSTOMY FOR FACE,MOUTH & NECK DIAGNOSES W MCC",18,48445.0
IA,742 - UTERINE & ADNEXA PROC FOR NON-MALIGNANCY W CC/MCC,18,14200.0
IA,928 - FULL THICKNESS BURN W SKIN GRAFT OR INHAL INJ W CC/MCC,18,43536.0
WI,001 - HEART TRANSPLANT OR IMPLANT OF HEART ASSIST SYSTEM W MCC,18,174730.0
WI,227 - CARDIAC DEFIBRILLATOR IMPLANT W/O CARDIAC CATH W/O MCC,18,39821.0
WI,838 - CHEMO W ACUTE LEUKEMIA AS SDX W CC OR HIGH DOSE CHEMO AGENT,18,42929.0
WI,345 - MINOR SMALL & LARGE BOWEL PROCEDURES W CC,18,18171.0
MN,685 - ADMIT FOR RENAL DIALYSIS,18,8929.0
MN,346 - MINOR SMALL & LARGE BOWEL PROCEDURES W/O CC/MCC,18,12043.0
MN,577 - SKIN GRAFT EXC FOR SKIN ULCER OR CELLULITIS W CC,18,19580.0
MN,828 - MYELOPROLIF DISORD OR POORLY DIFF NEOPL W MAJ O.R. PROC W/O CC/MCC,18,15308.0
MN,940 - O.R. PROC W DIAGNOSES OF OTHER CONTACT W HEALTH SERVICES W CC,18,19627.0
SD,863 - POSTOPERATIVE & POST-TRAUMATIC INFECTIONS W/O MCC,18,11013.0
ND,092 - OTHER DISORDERS OF NERVOUS SYSTEM W CC,18,6369.0
ND,254 - OTHER VASCULAR PROCEDURES W/O CC/MCC,18,12410.0
ND,315 - OTHER CIRCULATORY SYSTEM DIAGNOSES W CC,18,6883.0
ND,919 - COMPLICATIONS OF TREATMENT W MCC,18,11325.0
MT,657 - KIDNEY & URETER PROCEDURES FOR NEOPLASM W CC,18,12867.0
MT,884 - ORGANIC DISTURBANCES & MENTAL RETARDATION,18,7073.0
MT,153 - OTITIS MEDIA & URI W/O MCC,18,4649.0
IL,007 - LUNG TRANSPLANT,18,81560.0
IL,028 - SPINAL PROCEDURES W MCC,18,46042.0
MO,036 - CAROTID ARTERY STENT PROCEDURE W/O CC/MCC,18,10953.0
MO,"082 - TRAUMATIC STUPOR & COMA, COMA >1 HR W MCC",18,15138.0
MO,614 - ADRENAL & PITUITARY PROCEDURES W CC/MCC,18,25173.0
MO,311 - ANGINA PECTORIS,18,4674.0
KS,226 - CARDIAC DEFIBRILLATOR IMPLANT W/O CARDIAC CATH W MCC,18,45535.0
KS,354 - HERNIA PROCEDURES EXCEPT INGUINAL & FEMORAL W CC,18,11824.0
KS,543 - PATHOLOGICAL FRACTURES & MUSCULOSKELET & CONN TISS MALIG W CC,18,8146.0
KS,857 - POSTOPERATIVE OR POST-TRAUMATIC INFECTIONS W O.R. PROC W CC,18,15880.0
KS,229 - OTHER CARDIOTHORACIC PROCEDURES W CC,18,23461.0
NE,737 - UTERINE & ADNEXA PROC FOR OVARIAN OR ADNEXAL MALIGNANCY W CC,18,12276.0
NE,023 - CRANIO W MAJOR DEV IMPL/ACUTE COMPLEX CNS PDX W MCC OR CHEMO IMPLANT,18,45029.0
NE,644 - ENDOCRINE DISORDERS W CC,18,8654.0
LA,658 - KIDNEY & URETER PROCEDURES FOR NEOPLASM W/O CC/MCC,18,15286.0
LA,386 - INFLAMMATORY BOWEL DISEASE W CC,18,10080.0
LA,840 - LYMPHOMA & NON-ACUTE LEUKEMIA W MCC,18,28508.0
LA,518 - BACK & NECK PROC EXC SPINAL FUSION W MCC OR DISC DEVICE/NEUROSTIM,18,14742.0
AR,457 - SPINAL FUS EXC CERV W SPINAL CURV/MALIG/INFEC OR EXT FUS W CC,18,42048.0
AR,707 - MAJOR MALE PELVIC PROCEDURES W CC/MCC,18,10474.0
OK,217 - CARDIAC VALVE & OTH MAJ CARDIOTHORACIC PROC W CARD CATH W CC,18,37325.0
TX,151 - EPISTAXIS W/O MCC,18,5266.0
TX,"894 - ALCOHOL/DRUG ABUSE OR DEPENDENCE, LEFT AMA",18,4040.0
CO,444 - DISORDERS OF THE BILIARY TRACT W MCC,18,15312.0
CO,654 - MAJOR BLADDER PROCEDURES W CC,18,28246.0
CO,659 - KIDNEY & URETER PROCEDURES FOR NON-NEOPLASM W MCC,18,29837.0
WY,202 - BRONCHITIS & ASTHMA W CC/MCC,18,7885.0
NM,267 - ENDOVASCULAR CARDIAC VALVE REPLACEMENT W/O MCC,18,41730.0
NV,694 - URINARY STONES W/O ESW LITHOTRIPSY W/O MCC,18,6722.0
HI,153 - OTITIS MEDIA & URI W/O MCC,18,8064.0
HI,658 - KIDNEY & URETER PROCEDURES FOR NEOPLASM W/O CC/MCC,18,18536.0
OR,707 - MAJOR MALE PELVIC PROCEDURES W CC/MCC,18,16392.0
OR,239 - AMPUTATION FOR CIRC SYS DISORDERS EXC UPPER LIMB & TOE W MCC,18,30996.0
OR,001 - HEART TRANSPLANT OR IMPLANT OF HEART ASSIST SYSTEM W MCC,18,217723.0
OR,024 - CRANIO W MAJOR DEV IMPL/ACUTE COMPLEX CNS PDX W/O MCC,18,37268.0
OR,685 - ADMIT FOR RENAL DIALYSIS,18,6970.0
WA,501 - SOFT TISSUE PROCEDURES W CC,18,16210.0
WA,928 - FULL THICKNESS BURN W SKIN GRAFT OR INHAL INJ W CC/MCC,18,52830.0
WA,205 - OTHER RESPIRATORY SYSTEM DIAGNOSES W MCC,18,22078.0
AK,237 - MAJOR CARDIOVASC PROCEDURES W MCC,18,58072.0
AK,252 - OTHER VASCULAR PROCEDURES W MCC,18,35756.0
AK,310 - CARDIAC ARRHYTHMIA & CONDUCTION DISORDERS W/O CC/MCC,18,5829.0
AK,419 - LAPAROSCOPIC CHOLECYSTECTOMY W/O C.D.E. W/O CC/MCC,18,12352.0
AK,469 - MAJOR JOINT REPLACEMENT OR REATTACHMENT OF LOWER EXTREMITY W MCC,18,30065.0
AK,038 - EXTRACRANIAL PROCEDURES W CC,18,12575.0
MA,040 - PERIPH/CRANIAL NERVE & OTHER NERV SYST PROC W MCC,19,40490.0
MA,821 - LYMPHOMA & LEUKEMIA W MAJOR O.R. PROCEDURE W CC,19,23016.0
MA,837 - CHEMO W ACUTE LEUKEMIA AS SDX OR W HIGH DOSE CHEMO AGENT W MCC,19,82415.0
RI,033 - VENTRICULAR SHUNT PROCEDURES W/O CC/MCC,19,15089.0
ME,644 - ENDOCRINE DISORDERS W CC,19,8134.0
ME,854 - INFECTIOUS & PARASITIC DISEASES W O.R. PROCEDURE W CC,19,17908.0
VT,071 - NONSPECIFIC CEREBROVASCULAR DISORDERS W CC,19,9513.0
VT,091 - OTHER DISORDERS OF NERVOUS SYSTEM W MCC,19,16194.0
VT,235 - CORONARY BYPASS W/O CARDIAC CATH W MCC,19,41184.0
VT,249 - PERC CARDIOVASC PROC W NON-DRUG-ELUTING STENT W/O MCC,19,15729.0
VT,445 - DISORDERS OF THE BILIARY TRACT W CC,19,10753.0
VT,"640 - MISC DISORDERS OF NUTRITION,METABOLISM,FLUIDS/ELECTROLYTES W MCC",19,10350.0
VT,658 - KIDNEY & URETER PROCEDURES FOR NEOPLASM W/O CC/MCC,19,13940.0
VT,809 - MAJOR HEMATOL/IMMUN DIAG EXC SICKLE CELL CRISIS & COAGUL W CC,19,11268.0
CT,033 - VENTRICULAR SHUNT PROCEDURES W/O CC/MCC,19,16788.0
CT,357 - OTHER DIGESTIVE SYSTEM O.R. PROCEDURES W CC,19,19990.0
CT,488 - KNEE PROCEDURES W/O PDX OF INFECTION W CC/MCC,19,18767.0
NJ,975 - HIV W MAJOR RELATED CONDITION W CC,19,19515.0
NJ,"405 - PANCREAS, LIVER & SHUNT PROCEDURES W MCC",19,51552.0
NJ,963 - OTHER MULTIPLE SIGNIFICANT TRAUMA W MCC,19,38199.0
NY,014 - ALLOGENEIC BONE MARROW TRANSPLANT,19,142080.0
NY,197 - INTERSTITIAL LUNG DISEASE W CC,19,14648.0
NY,471 - CERVICAL SPINAL FUSION W MCC,19,57867.0
NY,466 - REVISION OF HIP OR KNEE REPLACEMENT W MCC,19,48901.0
NY,488 - KNEE PROCEDURES W/O PDX OF INFECTION W CC/MCC,19,14656.0
PA,005 - LIVER TRANSPLANT W MCC OR INTESTINAL TRANSPLANT,19,136152.0
DE,357 - OTHER DIGESTIVE SYSTEM O.R. PROCEDURES W CC,19,16138.0
DE,535 - FRACTURES OF HIP & PELVIS W MCC,19,9264.0
DE,"629 - OTHER ENDOCRINE, NUTRIT & METAB O.R. PROC W CC",19,17323.0
DE,660 - KIDNEY & URETER PROCEDURES FOR NON-NEOPLASM W CC,19,14351.0
DE,983 - EXTENSIVE O.R. PROCEDURE UNRELATED TO PRINCIPAL DIAGNOSIS W/O CC/MCC,19,13191.0
DC,419 - LAPAROSCOPIC CHOLECYSTECTOMY W/O C.D.E. W/O CC/MCC,19,10929.0
DC,570 - SKIN DEBRIDEMENT W MCC,19,27358.0
DC,607 - MINOR SKIN DISORDERS W/O MCC,19,7406.0
MD,867 - OTHER INFECTIOUS & PARASITIC DISEASES DIAGNOSES W MCC,19,60774.0
VA,921 - COMPLICATIONS OF TREATMENT W/O CC/MCC,19,8641.0
WV,184 - MAJOR CHEST TRAUMA W CC,19,8064.0
WV,444 - DISORDERS OF THE BILIARY TRACT W MCC,19,14382.0
WV,"492 - LOWER EXTREM & HUMER PROC EXCEPT HIP,FOOT,FEMUR W MCC",19,28479.0
NC,"741 - UTERINE,ADNEXA PROC FOR NON-OVARIAN/ADNEXAL MALIG W/O CC/MCC",19,7354.0
SC,090 - CONCUSSION W/O CC/MCC,19,4740.0
SC,661 - KIDNEY & URETER PROCEDURES FOR NON-NEOPLASM W/O CC/MCC,19,10619.0
GA,"011 - TRACHEOSTOMY FOR FACE,MOUTH & NECK DIAGNOSES W MCC",19,34863.0
GA,206 - OTHER RESPIRATORY SYSTEM DIAGNOSES W/O MCC,19,9872.0
GA,840 - LYMPHOMA & NON-ACUTE LEUKEMIA W MCC,19,40498.0
GA,577 - SKIN GRAFT EXC FOR SKIN ULCER OR CELLULITIS W CC,19,13552.0
AL,474 - AMPUTATION FOR MUSCULOSKELETAL SYS & CONN TISSUE DIS W MCC,19,28637.0
AL,659 - KIDNEY & URETER PROCEDURES FOR NON-NEOPLASM W MCC,19,23098.0
AL,822 - LYMPHOMA & LEUKEMIA W MAJOR O.R. PROCEDURE W/O CC/MCC,19,9294.0
AL,856 - POSTOPERATIVE OR POST-TRAUMATIC INFECTIONS W O.R. PROC W MCC,19,28522.0
AL,262 - CARDIAC PACEMAKER REVISION EXCEPT DEVICE REPLACEMENT W/O CC/MCC,19,8463.0
AL,226 - CARDIAC DEFIBRILLATOR IMPLANT W/O CARDIAC CATH W MCC,19,39034.0
TN,839 - CHEMO W ACUTE LEUKEMIA AS SDX W/O CC/MCC,19,9281.0
TN,958 - OTHER O.R. PROCEDURES FOR MULTIPLE SIGNIFICANT TRAUMA W CC,19,37256.0
TN,935 - NON-EXTENSIVE BURNS,19,24010.0
TN,841 - LYMPHOMA & NON-ACUTE LEUKEMIA W CC,19,11948.0
MS,660 - KIDNEY & URETER PROCEDURES FOR NON-NEOPLASM W CC,19,20701.0
MS,543 - PATHOLOGICAL FRACTURES & MUSCULOSKELET & CONN TISS MALIG W CC,19,7668.0
OH,"407 - PANCREAS, LIVER & SHUNT PROCEDURES W/O CC/MCC",19,14638.0
OH,655 - MAJOR BLADDER PROCEDURES W/O CC/MCC,19,17643.0
OH,834 - ACUTE LEUKEMIA W/O MAJOR O.R. PROCEDURE W MCC,19,53832.0
OH,479 - BIOPSIES OF MUSCULOSKELETAL SYSTEM & CONNECTIVE TISSUE W/O CC/MCC,19,11224.0
IN,935 - NON-EXTENSIVE BURNS,19,28868.0
IN,"082 - TRAUMATIC STUPOR & COMA, COMA >1 HR W MCC",19,17464.0
IN,217 - CARDIAC VALVE & OTH MAJ CARDIOTHORACIC PROC W CARD CATH W CC,19,37286.0
IA,"011 - TRACHEOSTOMY FOR FACE,MOUTH & NECK DIAGNOSES W MCC",19,38964.0
IA,"082 - TRAUMATIC STUPOR & COMA, COMA >1 HR W MCC",19,18917.0
IA,"740 - UTERINE,ADNEXA PROC FOR NON-OVARIAN/ADNEXAL MALIG W CC",19,14459.0
SD,908 - OTHER O.R. PROCEDURES FOR INJURIES W CC,19,13210.0
SD,305 - HYPERTENSION W/O MCC,19,4989.0
ND,"085 - TRAUMATIC STUPOR & COMA, COMA <1 HR W MCC",19,13244.0
ND,"441 - DISORDERS OF LIVER EXCEPT MALIG,CIRR,ALC HEPA W MCC",19,14237.0
ND,694 - URINARY STONES W/O ESW LITHOTRIPSY W/O MCC,19,5614.0
IL,674 - OTHER KIDNEY & URINARY TRACT PROCEDURES W CC,19,21997.0
IL,068 - NONSPECIFIC CVA & PRECEREBRAL OCCLUSION W/O INFARCT W/O MCC,19,9983.0
MO,060 - MULTIPLE SCLEROSIS & CEREBELLAR ATAXIA W/O CC/MCC,19,6274.0
MO,656 - KIDNEY & URETER PROCEDURES FOR NEOPLASM W MCC,19,29843.0
MO,696 - KIDNEY & URINARY TRACT SIGNS & SYMPTOMS W/O MCC,19,5510.0
MO,921 - COMPLICATIONS OF TREATMENT W/O CC/MCC,19,5924.0
MO,"894 - ALCOHOL/DRUG ABUSE OR DEPENDENCE, LEFT AMA",19,3337.0
KS,055 - NERVOUS SYSTEM NEOPLASMS W/O MCC,19,7323.0
NE,016 - AUTOLOGOUS BONE MARROW TRANSPLANT W CC/MCC,19,49960.0
NE,371 - MAJOR GASTROINTESTINAL DISORDERS & PERITONEAL INFECTIONS W MCC,19,16437.0
NE,438 - DISORDERS OF PANCREAS EXCEPT MALIGNANCY W MCC,19,13923.0
NE,674 - OTHER KIDNEY & URINARY TRACT PROCEDURES W CC,19,17763.0
LA,001 - HEART TRANSPLANT OR IMPLANT OF HEART ASSIST SYSTEM W MCC,19,205274.0
AR,748 - FEMALE REPRODUCTIVE SYSTEM RECONSTRUCTIVE PROCEDURES,19,6396.0
AR,130 - MAJOR HEAD & NECK PROCEDURES W/O CC/MCC,19,7488.0
AR,336 - PERITONEAL ADHESIOLYSIS W CC,19,14260.0
AR,713 - TRANSURETHRAL PROSTATECTOMY W CC/MCC,19,8834.0
TX,"616 - AMPUTAT OF LOWER LIMB FOR ENDOCRINE,NUTRIT,& METABOL DIS W MCC",19,22018.0
CO,"326 - STOMACH, ESOPHAGEAL & DUODENAL PROC W MCC",19,55983.0
CO,"741 - UTERINE,ADNEXA PROC FOR NON-OVARIAN/ADNEXAL MALIG W/O CC/MCC",19,7807.0
ID,184 - MAJOR CHEST TRAUMA W CC,19,6917.0
ID,438 - DISORDERS OF PANCREAS EXCEPT MALIGNANCY W MCC,19,31765.0
UT,"406 - PANCREAS, LIVER & SHUNT PROCEDURES W CC",19,23801.0
AZ,217 - CARDIAC VALVE & OTH MAJ CARDIOTHORACIC PROC W CARD CATH W CC,19,37859.0
NV,103 - HEADACHES W/O MCC,19,4883.0
CA,089 - CONCUSSION W CC,19,6679.0
HI,057 - DEGENERATIVE NERVOUS SYSTEM DISORDERS W/O MCC,19,12075.0
HI,181 - RESPIRATORY NEOPLASMS W CC,19,14298.0
HI,250 - PERC CARDIOVASC PROC W/O CORONARY ARTERY STENT W MCC,19,33955.0
HI,669 - TRANSURETHRAL PROCEDURES W CC,19,14602.0
HI,917 - POISONING & TOXIC EFFECTS OF DRUGS W MCC,19,16714.0
OR,354 - HERNIA PROCEDURES EXCEPT INGUINAL & FEMORAL W CC,19,20608.0
WA,020 - INTRACRANIAL VASCULAR PROCEDURES W PDX HEMORRHAGE W MCC,19,109499.0
AK,536 - FRACTURES OF HIP & PELVIS W/O MCC,19,7272.0
RI,546 - CONNECTIVE TISSUE DISORDERS W CC,20,11427.0
RI,"605 - TRAUMA TO THE SKIN, SUBCUT TISS & BREAST W/O MCC",20,8310.0
NH,"405 - PANCREAS, LIVER & SHUNT PROCEDURES W MCC",20,56223.0
ME,357 - OTHER DIGESTIVE SYSTEM O.R. PROCEDURES W CC,20,17748.0
ME,"406 - PANCREAS, LIVER & SHUNT PROCEDURES W CC",20,21826.0
ME,204 - RESPIRATORY SIGNS & SYMPTOMS,20,5042.0
VT,092 - OTHER DISORDERS OF NERVOUS SYSTEM W CC,20,7875.0
VT,854 - INFECTIOUS & PARASITIC DISEASES W O.R. PROCEDURE W CC,20,23557.0
VT,863 - POSTOPERATIVE & POST-TRAUMATIC INFECTIONS W/O MCC,20,8793.0
CT,"557 - TENDONITIS, MYOSITIS & BURSITIS W MCC",20,11738.0
CT,061 - ACUTE ISCHEMIC STROKE W USE OF THROMBOLYTIC AGENT W MCC,20,29353.0
CT,200 - PNEUMOTHORAX W CC,20,14284.0
NY,"626 - THYROID, PARATHYROID & THYROGLOSSAL PROCEDURES W CC",20,14644.0
NY,653 - MAJOR BLADDER PROCEDURES W MCC,20,71614.0
DE,029 - SPINAL PROCEDURES W CC OR SPINAL NEUROSTIMULATORS,20,23153.0
DE,056 - DEGENERATIVE NERVOUS SYSTEM DISORDERS W MCC,20,15497.0
DE,"406 - PANCREAS, LIVER & SHUNT PROCEDURES W CC",20,20493.0
DE,"580 - OTHER SKIN, SUBCUT TISS & BREAST PROC W CC",20,12671.0
DE,"956 - LIMB REATTACHMENT, HIP & FEMUR PROC FOR MULTIPLE SIGNIFICANT TRAUMA",20,28880.0
DE,964 - OTHER MULTIPLE SIGNIFICANT TRAUMA W CC,20,12114.0
DE,974 - HIV W MAJOR RELATED CONDITION W MCC,20,24358.0
DE,987 - NON-EXTENSIVE O.R. PROC UNRELATED TO PRINCIPAL DIAGNOSIS W MCC,20,27081.0
DC,226 - CARDIAC DEFIBRILLATOR IMPLANT W/O CARDIAC CATH W MCC,20,79780.0
DC,240 - AMPUTATION FOR CIRC SYS DISORDERS EXC UPPER LIMB & TOE W CC,20,24871.0
DC,"579 - OTHER SKIN, SUBCUT TISS & BREAST PROC W MCC",20,32807.0
DC,455 - COMBINED ANTERIOR/POSTERIOR SPINAL FUSION W/O CC/MCC,20,54784.0
MD,577 - SKIN GRAFT EXC FOR SKIN ULCER OR CELLULITIS W CC,20,30411.0
MD,578 - SKIN GRAFT EXC FOR SKIN ULCER OR CELLULITIS W/O CC/MCC,20,12846.0
VA,834 - ACUTE LEUKEMIA W/O MAJOR O.R. PROCEDURE W MCC,20,79795.0
WV,266 - ENDOVASCULAR CARDIAC VALVE REPLACEMENT W MCC,20,51798.0
WV,"326 - STOMACH, ESOPHAGEAL & DUODENAL PROC W MCC",20,34830.0
WV,620 - O.R. PROCEDURES FOR OBESITY W CC,20,11574.0
WV,036 - CAROTID ARTERY STENT PROCEDURE W/O CC/MCC,20,11316.0
SC,685 - ADMIT FOR RENAL DIALYSIS,20,10117.0
SC,834 - ACUTE LEUKEMIA W/O MAJOR O.R. PROCEDURE W MCC,20,62574.0
SC,489 - KNEE PROCEDURES W/O PDX OF INFECTION W/O CC/MCC,20,6704.0
SC,"581 - OTHER SKIN, SUBCUT TISS & BREAST PROC W/O CC/MCC",20,8830.0
GA,"492 - LOWER EXTREM & HUMER PROC EXCEPT HIP,FOOT,FEMUR W MCC",20,18417.0
GA,518 - BACK & NECK PROC EXC SPINAL FUSION W MCC OR DISC DEVICE/NEUROSTIM,20,17162.0
GA,205 - OTHER RESPIRATORY SYSTEM DIAGNOSES W MCC,20,12838.0
FL,497 - LOCAL EXCISION & REMOVAL INT FIX DEVICES EXC HIP & FEMUR W/O CC/MCC,20,12428.0
FL,815 - RETICULOENDOTHELIAL & IMMUNITY DISORDERS W CC,20,10920.0
AL,"560 - AFTERCARE, MUSCULOSKELETAL SYSTEM & CONNECTIVE TISSUE W CC",20,12260.0
AL,765 - CESAREAN SECTION W CC/MCC,20,10168.0
TN,029 - SPINAL PROCEDURES W CC OR SPINAL NEUROSTIMULATORS,20,23408.0
MS,227 - CARDIAC DEFIBRILLATOR IMPLANT W/O CARDIAC CATH W/O MCC,20,34488.0
MI,839 - CHEMO W ACUTE LEUKEMIA AS SDX W/O CC/MCC,20,14543.0
IA,"617 - AMPUTAT OF LOWER LIMB FOR ENDOCRINE,NUTRIT,& METABOL DIS W CC",20,12672.0
IA,653 - MAJOR BLADDER PROCEDURES W MCC,20,48329.0
WI,008 - SIMULTANEOUS PANCREAS/KIDNEY TRANSPLANT,20,88885.0
MN,334 - RECTAL RESECTION W/O CC/MCC,20,15169.0
MN,"734 - PELVIC EVISCERATION, RAD HYSTERECTOMY & RAD VULVECTOMY W CC/MCC",20,24288.0
ND,459 - SPINAL FUSION EXCEPT CERVICAL W MCC,20,43776.0
ND,896 - ALCOHOL/DRUG ABUSE OR DEPENDENCE W/O REHABILITATION THERAPY W MCC,20,13541.0
MT,864 - FEVER,20,7612.0
IL,333 - RECTAL RESECTION W CC,20,17675.0
MO,005 - LIVER TRANSPLANT W MCC OR INTESTINAL TRANSPLANT,20,77628.0
MO,007 - LUNG TRANSPLANT,20,98088.0
MO,"012 - TRACHEOSTOMY FOR FACE,MOUTH & NECK DIAGNOSES W CC",20,31426.0
MO,456 - SPINAL FUS EXC CERV W SPINAL CURV/MALIG/INFEC OR 9+ FUS W MCC,20,100694.0
MO,466 - REVISION OF HIP OR KNEE REPLACEMENT W MCC,20,33469.0
MO,501 - SOFT TISSUE PROCEDURES W CC,20,13021.0
KS,014 - ALLOGENEIC BONE MARROW TRANSPLANT,20,82294.0
KS,"083 - TRAUMATIC STUPOR & COMA, COMA >1 HR W CC",20,10199.0
NE,092 - OTHER DISORDERS OF NERVOUS SYSTEM W CC,20,5703.0
LA,"894 - ALCOHOL/DRUG ABUSE OR DEPENDENCE, LEFT AMA",20,7457.0
AR,551 - MEDICAL BACK PROBLEMS W MCC,20,8920.0
OK,355 - HERNIA PROCEDURES EXCEPT INGUINAL & FEMORAL W/O CC/MCC,20,13516.0
OK,334 - RECTAL RESECTION W/O CC/MCC,20,11389.0
TX,619 - O.R. PROCEDURES FOR OBESITY W MCC,20,22330.0
ID,714 - TRANSURETHRAL PROSTATECTOMY W/O CC/MCC,20,5381.0
UT,254 - OTHER VASCULAR PROCEDURES W/O CC/MCC,20,13278.0
AZ,856 - POSTOPERATIVE OR POST-TRAUMATIC INFECTIONS W O.R. PROC W MCC,20,35609.0
NV,945 - REHABILITATION W CC/MCC,20,9485.0
CA,035 - CAROTID ARTERY STENT PROCEDURE W CC,20,18718.0
HI,252 - OTHER VASCULAR PROCEDURES W MCC,20,35714.0
HI,300 - PERIPHERAL VASCULAR DISORDERS W CC,20,11859.0
HI,435 - MALIGNANCY OF HEPATOBILIARY SYSTEM OR PANCREAS W MCC,20,25905.0
HI,948 - SIGNS & SYMPTOMS W/O MCC,20,8869.0
OR,023 - CRANIO W MAJOR DEV IMPL/ACUTE COMPLEX CNS PDX W MCC OR CHEMO IMPLANT,20,48878.0
OR,180 - RESPIRATORY NEOPLASMS W MCC,20,12431.0
WA,963 - OTHER MULTIPLE SIGNIFICANT TRAUMA W MCC,20,31510.0
WA,964 - OTHER MULTIPLE SIGNIFICANT TRAUMA W CC,20,15277.0
WA,"740 - UTERINE,ADNEXA PROC FOR NON-OVARIAN/ADNEXAL MALIG W CC",20,13397.0
WA,544 - PATHOLOGICAL FRACTURES & MUSCULOSKELET & CONN TISS MALIG W/O CC/MCC,20,5788.0
AK,250 - PERC CARDIOVASC PROC W/O CORONARY ARTERY STENT W MCC,20,29124.0
MA,728 - INFLAMMATION OF THE MALE REPRODUCTIVE SYSTEM W/O MCC,22,8882.0
MA,369 - MAJOR ESOPHAGEAL DISORDERS W CC,22,8262.0
RI,882 - NEUROSES EXCEPT DEPRESSIVE,22,5641.0
RI,"562 - FX, SPRN, STRN & DISL EXCEPT FEMUR, HIP, PELVIS & THIGH W MCC",22,13460.0
RI,331 - MAJOR SMALL & LARGE BOWEL PROCEDURES W/O CC/MCC,22,12285.0
RI,"894 - ALCOHOL/DRUG ABUSE OR DEPENDENCE, LEFT AMA",22,4486.0
NH,395 - OTHER DIGESTIVE SYSTEM DIAGNOSES W/O CC/MCC,22,5008.0
ME,175 - PULMONARY EMBOLISM W MCC,22,11191.0
ME,023 - CRANIO W MAJOR DEV IMPL/ACUTE COMPLEX CNS PDX W MCC OR CHEMO IMPLANT,22,45603.0
ME,103 - HEADACHES W/O MCC,22,5674.0
ME,264 - OTHER CIRCULATORY SYSTEM O.R. PROCEDURES,22,21291.0
ME,149 - DYSEQUILIBRIUM,22,4597.0
VT,254 - OTHER VASCULAR PROCEDURES W/O CC/MCC,22,15213.0
CT,542 - PATHOLOGICAL FRACTURES & MUSCULOSKELET & CONN TISS MALIG W MCC,22,21018.0
CT,546 - CONNECTIVE TISSUE DISORDERS W CC,22,12566.0
CT,737 - UTERINE & ADNEXA PROC FOR OVARIAN OR ADNEXAL MALIGNANCY W CC,22,20544.0
NJ,222 - CARDIAC DEFIB IMPLANT W CARDIAC CATH W AMI/HF/SHOCK W MCC,22,75557.0
NY,"557 - TENDONITIS, MYOSITIS & BURSITIS W MCC",22,15673.0
NY,151 - EPISTAXIS W/O MCC,22,7906.0
NY,963 - OTHER MULTIPLE SIGNIFICANT TRAUMA W MCC,22,27423.0
PA,042 - PERIPH/CRANIAL NERVE & OTHER NERV SYST PROC W/O CC/MCC,22,14256.0
PA,131 - CRANIAL/FACIAL PROCEDURES W CC/MCC,22,21885.0
PA,883 - DISORDERS OF PERSONALITY & IMPULSE CONTROL,22,8732.0
DE,151 - EPISTAXIS W/O MCC,22,5665.0
DE,446 - DISORDERS OF THE BILIARY TRACT W/O CC/MCC,22,6206.0
DE,643 - ENDOCRINE DISORDERS W MCC,22,12098.0
DE,840 - LYMPHOMA & NON-ACUTE LEUKEMIA W MCC,22,23853.0
DC,841 - LYMPHOMA & NON-ACUTE LEUKEMIA W CC,22,16008.0
DC,551 - MEDICAL BACK PROBLEMS W MCC,22,16621.0
DC,"617 - AMPUTAT OF LOWER LIMB FOR ENDOCRINE,NUTRIT,& METABOL DIS W CC",22,19280.0
DC,673 - OTHER KIDNEY & URINARY TRACT PROCEDURES W MCC,22,29514.0
MD,040 - PERIPH/CRANIAL NERVE & OTHER NERV SYST PROC W MCC,22,83929.0
MD,"734 - PELVIC EVISCERATION, RAD HYSTERECTOMY & RAD VULVECTOMY W CC/MCC",22,15575.0
MD,571 - SKIN DEBRIDEMENT W CC,22,8520.0
VA,"740 - UTERINE,ADNEXA PROC FOR NON-OVARIAN/ADNEXAL MALIG W CC",22,12075.0
VA,813 - COAGULATION DISORDERS,22,15618.0
VA,072 - NONSPECIFIC CEREBROVASCULAR DISORDERS W/O CC/MCC,22,6923.0
VA,957 - OTHER O.R. PROCEDURES FOR MULTIPLE SIGNIFICANT TRAUMA W MCC,22,82699.0
VA,"557 - TENDONITIS, MYOSITIS & BURSITIS W MCC",22,10097.0
VA,866 - VIRAL ILLNESS W/O MCC,22,4416.0
WV,"558 - TENDONITIS, MYOSITIS & BURSITIS W/O MCC",22,5776.0
WV,543 - PATHOLOGICAL FRACTURES & MUSCULOSKELET & CONN TISS MALIG W CC,22,9233.0
WV,023 - CRANIO W MAJOR DEV IMPL/ACUTE COMPLEX CNS PDX W MCC OR CHEMO IMPLANT,22,41204.0
SC,"580 - OTHER SKIN, SUBCUT TISS & BREAST PROC W CC",22,10625.0
SC,"011 - TRACHEOSTOMY FOR FACE,MOUTH & NECK DIAGNOSES W MCC",22,61129.0
SC,"012 - TRACHEOSTOMY FOR FACE,MOUTH & NECK DIAGNOSES W CC",22,42226.0
SC,660 - KIDNEY & URETER PROCEDURES FOR NON-NEOPLASM W CC,22,17229.0
SC,841 - LYMPHOMA & NON-ACUTE LEUKEMIA W CC,22,14737.0
SC,089 - CONCUSSION W CC,22,5349.0
GA,856 - POSTOPERATIVE OR POST-TRAUMATIC INFECTIONS W O.R. PROC W MCC,22,32884.0
GA,841 - LYMPHOMA & NON-ACUTE LEUKEMIA W CC,22,13038.0
FL,"740 - UTERINE,ADNEXA PROC FOR NON-OVARIAN/ADNEXAL MALIG W CC",22,13205.0
FL,151 - EPISTAXIS W/O MCC,22,4999.0
FL,"083 - TRAUMATIC STUPOR & COMA, COMA >1 HR W CC",22,9632.0
FL,774 - VAGINAL DELIVERY W COMPLICATING DIAGNOSES,22,13418.0
FL,"627 - THYROID, PARATHYROID & THYROGLOSSAL PROCEDURES W/O CC/MCC",22,5983.0
AL,020 - INTRACRANIAL VASCULAR PROCEDURES W PDX HEMORRHAGE W MCC,22,60368.0
TN,217 - CARDIAC VALVE & OTH MAJ CARDIOTHORACIC PROC W CARD CATH W CC,22,41254.0
KY,674 - OTHER KIDNEY & URINARY TRACT PROCEDURES W CC,22,14055.0
KY,542 - PATHOLOGICAL FRACTURES & MUSCULOSKELET & CONN TISS MALIG W MCC,22,17955.0
OH,471 - CERVICAL SPINAL FUSION W MCC,22,38121.0
IN,032 - VENTRICULAR SHUNT PROCEDURES W CC,22,19168.0
IN,196 - INTERSTITIAL LUNG DISEASE W MCC,22,19376.0
IN,838 - CHEMO W ACUTE LEUKEMIA AS SDX W CC OR HIGH DOSE CHEMO AGENT,22,25092.0
IN,856 - POSTOPERATIVE OR POST-TRAUMATIC INFECTIONS W O.R. PROC W MCC,22,37524.0
MI,477 - BIOPSIES OF MUSCULOSKELETAL SYSTEM & CONNECTIVE TISSUE W MCC,22,23769.0
MI,606 - MINOR SKIN DISORDERS W MCC,22,12145.0
MI,645 - ENDOCRINE DISORDERS W/O CC/MCC,22,5657.0
MI,713 - TRANSURETHRAL PROSTATECTOMY W CC/MCC,22,10107.0
MI,846 - CHEMOTHERAPY W/O ACUTE LEUKEMIA AS SECONDARY DIAGNOSIS W MCC,22,28442.0
IA,"579 - OTHER SKIN, SUBCUT TISS & BREAST PROC W MCC",22,17484.0
IA,221 - CARDIAC VALVE & OTH MAJ CARDIOTHORACIC PROC W/O CARD CATH W/O CC/MCC,22,27873.0
IA,707 - MAJOR MALE PELVIC PROCEDURES W CC/MCC,22,17521.0
WI,073 - CRANIAL & PERIPHERAL NERVE DISORDERS W MCC,22,10634.0
MN,333 - RECTAL RESECTION W CC,22,29060.0
MN,355 - HERNIA PROCEDURES EXCEPT INGUINAL & FEMORAL W/O CC/MCC,22,12321.0
MN,535 - FRACTURES OF HIP & PELVIS W MCC,22,12861.0
SD,054 - NERVOUS SYSTEM NEOPLASMS W MCC,22,9520.0
ND,"003 - ECMO OR TRACH W MV >96 HRS OR PDX EXC FACE, MOUTH & NECK W MAJ O.R.",22,139503.0
ND,"086 - TRAUMATIC STUPOR & COMA, COMA <1 HR W CC",22,7704.0
ND,371 - MAJOR GASTROINTESTINAL DISORDERS & PERITONEAL INFECTIONS W MCC,22,12839.0
ND,602 - CELLULITIS W MCC,22,9976.0
MT,"441 - DISORDERS OF LIVER EXCEPT MALIG,CIRR,ALC HEPA W MCC",22,12128.0
MT,809 - MAJOR HEMATOL/IMMUN DIAG EXC SICKLE CELL CRISIS & COAGUL W CC,22,7910.0
MT,472 - CERVICAL SPINAL FUSION W CC,22,17665.0
IL,596 - MAJOR SKIN DISORDERS W/O MCC,22,9021.0
IL,"557 - TENDONITIS, MYOSITIS & BURSITIS W MCC",22,10813.0
IL,914 - TRAUMATIC INJURY W/O MCC,22,5405.0
IL,"155 - OTHER EAR, NOSE, MOUTH & THROAT DIAGNOSES W CC",22,8652.0
IL,"133 - OTHER EAR, NOSE, MOUTH & THROAT O.R. PROCEDURES W CC/MCC",22,21946.0
IL,"628 - OTHER ENDOCRINE, NUTRIT & METAB O.R. PROC W MCC",22,29488.0
MO,129 - MAJOR HEAD & NECK PROCEDURES W CC/MCC OR MAJOR DEVICE,22,20029.0
MO,199 - PNEUMOTHORAX W MCC,22,15273.0
KS,356 - OTHER DIGESTIVE SYSTEM O.R. PROCEDURES W MCC,22,28767.0
NE,005 - LIVER TRANSPLANT W MCC OR INTESTINAL TRANSPLANT,22,98747.0
NE,841 - LYMPHOMA & NON-ACUTE LEUKEMIA W CC,22,12531.0
NE,036 - CAROTID ARTERY STENT PROCEDURE W/O CC/MCC,22,10706.0
LA,206 - OTHER RESPIRATORY SYSTEM DIAGNOSES W/O MCC,22,7303.0
LA,432 - CIRRHOSIS & ALCOHOLIC HEPATITIS W MCC,22,18555.0
AR,337 - PERITONEAL ADHESIOLYSIS W/O CC/MCC,22,10352.0
AR,841 - LYMPHOMA & NON-ACUTE LEUKEMIA W CC,22,17686.0
AR,029 - SPINAL PROCEDURES W CC OR SPINAL NEUROSTIMULATORS,22,22205.0
AR,515 - OTHER MUSCULOSKELET SYS & CONN TISS O.R. PROC W MCC,22,18416.0
AR,895 - ALCOHOL/DRUG ABUSE OR DEPENDENCE W REHABILITATION THERAPY,22,7285.0
OK,"956 - LIMB REATTACHMENT, HIP & FEMUR PROC FOR MULTIPLE SIGNIFICANT TRAUMA",22,31470.0
OK,659 - KIDNEY & URETER PROCEDURES FOR NON-NEOPLASM W MCC,22,18346.0
TX,168 - OTHER RESP SYSTEM O.R. PROCEDURES W/O CC/MCC,22,11229.0
TX,"155 - OTHER EAR, NOSE, MOUTH & THROAT DIAGNOSES W CC",22,6499.0
TX,306 - CARDIAC CONGENITAL & VALVULAR DISORDERS W MCC,22,10520.0
CO,"580 - OTHER SKIN, SUBCUT TISS & BREAST PROC W CC",22,12467.0
CO,660 - KIDNEY & URETER PROCEDURES FOR NON-NEOPLASM W CC,22,18037.0
CO,907 - OTHER O.R. PROCEDURES FOR INJURIES W MCC,22,35562.0
WY,472 - CERVICAL SPINAL FUSION W CC,22,21953.0
WY,480 - HIP & FEMUR PROCEDURES EXCEPT MAJOR JOINT W MCC,22,18235.0
ID,252 - OTHER VASCULAR PROCEDURES W MCC,22,24623.0
AZ,031 - VENTRICULAR SHUNT PROCEDURES W MCC,22,35076.0
AZ,660 - KIDNEY & URETER PROCEDURES FOR NON-NEOPLASM W CC,22,15546.0
AZ,837 - CHEMO W ACUTE LEUKEMIA AS SDX OR W HIGH DOSE CHEMO AGENT W MCC,22,56049.0
AZ,355 - HERNIA PROCEDURES EXCEPT INGUINAL & FEMORAL W/O CC/MCC,22,7694.0
NM,"003 - ECMO OR TRACH W MV >96 HRS OR PDX EXC FACE, MOUTH & NECK W MAJ O.R.",22,148539.0
NV,026 - CRANIOTOMY & ENDOVASCULAR INTRACRANIAL PROCEDURES W CC,22,22608.0
CA,423 - OTHER HEPATOBILIARY OR PANCREAS O.R. PROCEDURES W MCC,22,62574.0
CA,607 - MINOR SKIN DISORDERS W/O MCC,22,10913.0
CA,904 - SKIN GRAFTS FOR INJURIES W CC/MCC,22,57190.0
HI,220 - CARDIAC VALVE & OTH MAJ CARDIOTHORACIC PROC W/O CARD CATH W CC,22,48851.0
HI,473 - CERVICAL SPINAL FUSION W/O CC/MCC,22,21351.0
HI,480 - HIP & FEMUR PROCEDURES EXCEPT MAJOR JOINT W MCC,22,28347.0
OR,658 - KIDNEY & URETER PROCEDURES FOR NEOPLASM W/O CC/MCC,22,11352.0
OR,016 - AUTOLOGOUS BONE MARROW TRANSPLANT W CC/MCC,22,62418.0
OR,684 - RENAL FAILURE W/O CC/MCC,22,5715.0
WA,496 - LOCAL EXCISION & REMOVAL INT FIX DEVICES EXC HIP & FEMUR W CC,22,17283.0
WA,"605 - TRAUMA TO THE SKIN, SUBCUT TISS & BREAST W/O MCC",22,7618.0
WA,856 - POSTOPERATIVE OR POST-TRAUMATIC INFECTIONS W O.R. PROC W MCC,22,35838.0
WA,355 - HERNIA PROCEDURES EXCEPT INGUINAL & FEMORAL W/O CC/MCC,22,10548.0
WA,"894 - ALCOHOL/DRUG ABUSE OR DEPENDENCE, LEFT AMA",22,4033.0
AK,312 - SYNCOPE & COLLAPSE,22,10440.0
AK,472 - CERVICAL SPINAL FUSION W CC,22,22570.0
MA,302 - ATHEROSCLEROSIS W MCC,23,11023.0
MA,774 - VAGINAL DELIVERY W COMPLICATING DIAGNOSES,23,8078.0
MA,475 - AMPUTATION FOR MUSCULOSKELETAL SYS & CONN TISSUE DIS W CC,23,18733.0
MA,707 - MAJOR MALE PELVIC PROCEDURES W CC/MCC,23,17333.0
MA,306 - CARDIAC CONGENITAL & VALVULAR DISORDERS W MCC,23,15655.0
MA,"443 - DISORDERS OF LIVER EXCEPT MALIG,CIRR,ALC HEPA W/O CC/MCC",23,6274.0
MA,868 - OTHER INFECTIOUS & PARASITIC DISEASES DIAGNOSES W CC,23,10419.0
MA,577 - SKIN GRAFT EXC FOR SKIN ULCER OR CELLULITIS W CC,23,20348.0
MA,073 - CRANIAL & PERIPHERAL NERVE DISORDERS W MCC,23,12213.0
ME,"605 - TRAUMA TO THE SKIN, SUBCUT TISS & BREAST W/O MCC",23,5979.0
VT,237 - MAJOR CARDIOVASC PROCEDURES W MCC,23,48475.0
CT,"012 - TRACHEOSTOMY FOR FACE,MOUTH & NECK DIAGNOSES W CC",23,33184.0
CT,"011 - TRACHEOSTOMY FOR FACE,MOUTH & NECK DIAGNOSES W MCC",23,57676.0
CT,029 - SPINAL PROCEDURES W CC OR SPINAL NEUROSTIMULATORS,23,30309.0
CT,041 - PERIPH/CRANIAL NERVE & OTHER NERV SYST PROC W CC OR PERIPH NEUROSTIM,23,26654.0
CT,226 - CARDIAC DEFIBRILLATOR IMPLANT W/O CARDIAC CATH W MCC,23,86283.0
NJ,645 - ENDOCRINE DISORDERS W/O CC/MCC,23,6229.0
NY,977 - HIV W OR W/O OTHER RELATED CONDITION,23,21096.0
NY,"083 - TRAUMATIC STUPOR & COMA, COMA >1 HR W CC",23,22174.0
PA,737 - UTERINE & ADNEXA PROC FOR OVARIAN OR ADNEXAL MALIGNANCY W CC,23,21407.0
PA,"627 - THYROID, PARATHYROID & THYROGLOSSAL PROCEDURES W/O CC/MCC",23,7386.0
PA,827 - MYELOPROLIF DISORD OR POORLY DIFF NEOPL W MAJ O.R. PROC W CC,23,27457.0
PA,090 - CONCUSSION W/O CC/MCC,23,11294.0
DE,179 - RESPIRATORY INFECTIONS & INFLAMMATIONS W/O CC/MCC,23,7361.0
DE,250 - PERC CARDIOVASC PROC W/O CORONARY ARTERY STENT W MCC,23,26113.0
DE,"326 - STOMACH, ESOPHAGEAL & DUODENAL PROC W MCC",23,44971.0
DE,386 - INFLAMMATORY BOWEL DISEASE W CC,23,10395.0
DE,471 - CERVICAL SPINAL FUSION W MCC,23,35488.0
DE,516 - OTHER MUSCULOSKELET SYS & CONN TISS O.R. PROC W CC,23,15914.0
DE,518 - BACK & NECK PROC EXC SPINAL FUSION W MCC OR DISC DEVICE/NEUROSTIM,23,22085.0
DE,652 - KIDNEY TRANSPLANT,23,44200.0
DE,657 - KIDNEY & URETER PROCEDURES FOR NEOPLASM W CC,23,15130.0
DC,454 - COMBINED ANTERIOR/POSTERIOR SPINAL FUSION W CC,23,78632.0
DC,480 - HIP & FEMUR PROCEDURES EXCEPT MAJOR JOINT W MCC,23,22545.0
DC,743 - UTERINE & ADNEXA PROC FOR NON-MALIGNANCY W/O CC/MCC,23,8543.0
MD,307 - CARDIAC CONGENITAL & VALVULAR DISORDERS W/O MCC,23,14885.0
MD,"956 - LIMB REATTACHMENT, HIP & FEMUR PROC FOR MULTIPLE SIGNIFICANT TRAUMA",23,59707.0
MD,846 - CHEMOTHERAPY W/O ACUTE LEUKEMIA AS SECONDARY DIAGNOSIS W MCC,23,25697.0
VA,179 - RESPIRATORY INFECTIONS & INFLAMMATIONS W/O CC/MCC,23,6131.0
VA,"012 - TRACHEOSTOMY FOR FACE,MOUTH & NECK DIAGNOSES W CC",23,28765.0
VA,014 - ALLOGENEIC BONE MARROW TRANSPLANT,23,134194.0
WV,336 - PERITONEAL ADHESIOLYSIS W CC,23,17434.0
WV,708 - MAJOR MALE PELVIC PROCEDURES W/O CC/MCC,23,9400.0
WV,862 - POSTOPERATIVE & POST-TRAUMATIC INFECTIONS W MCC,23,14563.0
NC,306 - CARDIAC CONGENITAL & VALVULAR DISORDERS W MCC,23,14270.0
SC,643 - ENDOCRINE DISORDERS W MCC,23,9607.0
SC,517 - OTHER MUSCULOSKELET SYS & CONN TISS O.R. PROC W/O CC/MCC,23,9572.0
SC,436 - MALIGNANCY OF HEPATOBILIARY SYSTEM OR PANCREAS W CC,23,8469.0
GA,433 - CIRRHOSIS & ALCOHOLIC HEPATITIS W CC,23,6895.0
GA,"741 - UTERINE,ADNEXA PROC FOR NON-OVARIAN/ADNEXAL MALIG W/O CC/MCC",23,10379.0
GA,036 - CAROTID ARTERY STENT PROCEDURE W/O CC/MCC,23,11476.0
GA,696 - KIDNEY & URINARY TRACT SIGNS & SYMPTOMS W/O MCC,23,4215.0
GA,462 - BILATERAL OR MULTIPLE MAJOR JOINT PROCS OF LOWER EXTREMITY W/O MCC,23,22569.0
FL,"133 - OTHER EAR, NOSE, MOUTH & THROAT O.R. PROCEDURES W CC/MCC",23,12623.0
FL,475 - AMPUTATION FOR MUSCULOSKELETAL SYS & CONN TISSUE DIS W CC,23,14024.0
FL,304 - HYPERTENSION W MCC,23,6910.0
FL,348 - ANAL & STOMAL PROCEDURES W CC,23,9766.0
FL,"514 - HAND OR WRIST PROC, EXCEPT MAJOR THUMB OR JOINT PROC W/O CC/MCC",23,6565.0
FL,964 - OTHER MULTIPLE SIGNIFICANT TRAUMA W CC,23,11942.0
FL,008 - SIMULTANEOUS PANCREAS/KIDNEY TRANSPLANT,23,75278.0
AL,446 - DISORDERS OF THE BILIARY TRACT W/O CC/MCC,23,4893.0
AL,"083 - TRAUMATIC STUPOR & COMA, COMA >1 HR W CC",23,8291.0
AL,"407 - PANCREAS, LIVER & SHUNT PROCEDURES W/O CC/MCC",23,13837.0
AL,466 - REVISION OF HIP OR KNEE REPLACEMENT W MCC,23,31149.0
AL,475 - AMPUTATION FOR MUSCULOSKELETAL SYS & CONN TISSUE DIS W CC,23,12901.0
AL,837 - CHEMO W ACUTE LEUKEMIA AS SDX OR W HIGH DOSE CHEMO AGENT W MCC,23,59921.0
AL,384 - UNCOMPLICATED PEPTIC ULCER W/O MCC,23,4895.0
TN,333 - RECTAL RESECTION W CC,23,17916.0
TN,260 - CARDIAC PACEMAKER REVISION EXCEPT DEVICE REPLACEMENT W MCC,23,24691.0
MS,607 - MINOR SKIN DISORDERS W/O MCC,23,4197.0
KY,765 - CESAREAN SECTION W CC/MCC,23,8503.0
OH,072 - NONSPECIFIC CEREBROVASCULAR DISORDERS W/O CC/MCC,23,5153.0
OH,517 - OTHER MUSCULOSKELET SYS & CONN TISS O.R. PROC W/O CC/MCC,23,11196.0
OH,337 - PERITONEAL ADHESIOLYSIS W/O CC/MCC,23,12839.0
OH,619 - O.R. PROCEDURES FOR OBESITY W MCC,23,27925.0
IN,496 - LOCAL EXCISION & REMOVAL INT FIX DEVICES EXC HIP & FEMUR W CC,23,15742.0
IN,765 - CESAREAN SECTION W CC/MCC,23,13746.0
IN,987 - NON-EXTENSIVE O.R. PROC UNRELATED TO PRINCIPAL DIAGNOSIS W MCC,23,22718.0
IN,841 - LYMPHOMA & NON-ACUTE LEUKEMIA W CC,23,10475.0
IN,078 - HYPERTENSIVE ENCEPHALOPATHY W CC,23,5946.0
MI,316 - OTHER CIRCULATORY SYSTEM DIAGNOSES W/O CC/MCC,23,6220.0
MI,565 - OTHER MUSCULOSKELETAL SYS & CONNECTIVE TISSUE DIAGNOSES W CC,23,7426.0
MI,592 - SKIN ULCERS W MCC,23,9881.0
MI,"956 - LIMB REATTACHMENT, HIP & FEMUR PROC FOR MULTIPLE SIGNIFICANT TRAUMA",23,29366.0
IA,"956 - LIMB REATTACHMENT, HIP & FEMUR PROC FOR MULTIPLE SIGNIFICANT TRAUMA",23,30203.0
IA,301 - PERIPHERAL VASCULAR DISORDERS W/O CC/MCC,23,5966.0
IA,554 - BONE DISEASES & ARTHROPATHIES W/O MCC,23,4703.0
IA,"464 - WND DEBRID & SKN GRFT EXC HAND, FOR MUSCULO-CONN TISS DIS W CC",23,31039.0
WI,535 - FRACTURES OF HIP & PELVIS W MCC,23,11528.0
MN,775 - VAGINAL DELIVERY W/O COMPLICATING DIAGNOSES,23,5425.0
MN,301 - PERIPHERAL VASCULAR DISORDERS W/O CC/MCC,23,6181.0
MN,673 - OTHER KIDNEY & URINARY TRACT PROCEDURES W MCC,23,28890.0
MN,381 - COMPLICATED PEPTIC ULCER W CC,23,9906.0
MN,546 - CONNECTIVE TISSUE DISORDERS W CC,23,11401.0
SD,091 - OTHER DISORDERS OF NERVOUS SYSTEM W MCC,23,11209.0
SD,644 - ENDOCRINE DISORDERS W CC,23,7609.0
SD,"087 - TRAUMATIC STUPOR & COMA, COMA <1 HR W/O CC/MCC",23,5593.0
SD,264 - OTHER CIRCULATORY SYSTEM O.R. PROCEDURES,23,24407.0
SD,"326 - STOMACH, ESOPHAGEAL & DUODENAL PROC W MCC",23,39782.0
SD,354 - HERNIA PROCEDURES EXCEPT INGUINAL & FEMORAL W CC,23,12456.0
SD,811 - RED BLOOD CELL DISORDERS W MCC,23,9701.0
ND,305 - HYPERTENSION W/O MCC,23,4389.0
ND,250 - PERC CARDIOVASC PROC W/O CORONARY ARTERY STENT W MCC,23,22812.0
MT,074 - CRANIAL & PERIPHERAL NERVE DISORDERS W/O MCC,23,6215.0
MT,418 - LAPAROSCOPIC CHOLECYSTECTOMY W/O C.D.E. W CC,23,10474.0
IL,"560 - AFTERCARE, MUSCULOSKELETAL SYSTEM & CONNECTIVE TISSUE W CC",23,6917.0
IL,544 - PATHOLOGICAL FRACTURES & MUSCULOSKELET & CONN TISS MALIG W/O CC/MCC,23,4539.0
MO,061 - ACUTE ISCHEMIC STROKE W USE OF THROMBOLYTIC AGENT W MCC,23,17568.0
MO,335 - PERITONEAL ADHESIOLYSIS W MCC,23,27380.0
MO,"629 - OTHER ENDOCRINE, NUTRIT & METAB O.R. PROC W CC",23,14824.0
MO,813 - COAGULATION DISORDERS,23,13730.0
MO,261 - CARDIAC PACEMAKER REVISION EXCEPT DEVICE REPLACEMENT W CC,23,11590.0
KS,196 - INTERSTITIAL LUNG DISEASE W MCC,23,10567.0
KS,436 - MALIGNANCY OF HEPATOBILIARY SYSTEM OR PANCREAS W CC,23,8437.0
KS,457 - SPINAL FUS EXC CERV W SPINAL CURV/MALIG/INFEC OR EXT FUS W CC,23,49531.0
KS,659 - KIDNEY & URETER PROCEDURES FOR NON-NEOPLASM W MCC,23,21644.0
KS,"740 - UTERINE,ADNEXA PROC FOR NON-OVARIAN/ADNEXAL MALIG W CC",23,10371.0
KS,813 - COAGULATION DISORDERS,23,23363.0
KS,674 - OTHER KIDNEY & URINARY TRACT PROCEDURES W CC,23,13671.0
NE,658 - KIDNEY & URETER PROCEDURES FOR NEOPLASM W/O CC/MCC,23,8979.0
NE,"740 - UTERINE,ADNEXA PROC FOR NON-OVARIAN/ADNEXAL MALIG W CC",23,13181.0
NE,250 - PERC CARDIOVASC PROC W/O CORONARY ARTERY STENT W MCC,23,20476.0
LA,062 - ACUTE ISCHEMIC STROKE W USE OF THROMBOLYTIC AGENT W CC,23,14491.0
LA,837 - CHEMO W ACUTE LEUKEMIA AS SDX OR W HIGH DOSE CHEMO AGENT W MCC,23,54586.0
LA,248 - PERC CARDIOVASC PROC W NON-DRUG-ELUTING STENT W MCC OR 4+ VES/STENTS,23,17790.0
LA,395 - OTHER DIGESTIVE SYSTEM DIAGNOSES W/O CC/MCC,23,5154.0
AR,660 - KIDNEY & URETER PROCEDURES FOR NON-NEOPLASM W CC,23,13123.0
AR,908 - OTHER O.R. PROCEDURES FOR INJURIES W CC,23,14290.0
AR,264 - OTHER CIRCULATORY SYSTEM O.R. PROCEDURES,23,15865.0
AR,643 - ENDOCRINE DISORDERS W MCC,23,9370.0
AR,714 - TRANSURETHRAL PROSTATECTOMY W/O CC/MCC,23,5171.0
OK,041 - PERIPH/CRANIAL NERVE & OTHER NERV SYST PROC W CC OR PERIPH NEUROSTIM,23,17229.0
OK,742 - UTERINE & ADNEXA PROC FOR NON-MALIGNANCY W CC/MCC,23,15945.0
OK,643 - ENDOCRINE DISORDERS W MCC,23,12235.0
OK,458 - SPINAL FUS EXC CERV W SPINAL CURV/MALIG/INFEC OR 9+ FUS W/O CC/MCC,23,29395.0
TX,928 - FULL THICKNESS BURN W SKIN GRAFT OR INHAL INJ W CC/MCC,23,56189.0
TX,072 - NONSPECIFIC CEREBROVASCULAR DISORDERS W/O CC/MCC,23,6243.0
TX,964 - OTHER MULTIPLE SIGNIFICANT TRAUMA W CC,23,21459.0
TX,"443 - DISORDERS OF LIVER EXCEPT MALIG,CIRR,ALC HEPA W/O CC/MCC",23,8193.0
CO,639 - DIABETES W/O CC/MCC,23,4244.0
WY,918 - POISONING & TOXIC EFFECTS OF DRUGS W/O MCC,23,5650.0
ID,809 - MAJOR HEMATOL/IMMUN DIAG EXC SICKLE CELL CRISIS & COAGUL W CC,23,8087.0
ID,202 - BRONCHITIS & ASTHMA W CC/MCC,23,6609.0
ID,620 - O.R. PROCEDURES FOR OBESITY W CC,23,11613.0
UT,250 - PERC CARDIOVASC PROC W/O CORONARY ARTERY STENT W MCC,23,26040.0
UT,908 - OTHER O.R. PROCEDURES FOR INJURIES W CC,23,15594.0
UT,864 - FEVER,23,7043.0
UT,"282 - ACUTE MYOCARDIAL INFARCTION, DISCHARGED ALIVE W/O CC/MCC",23,5327.0
AZ,"083 - TRAUMATIC STUPOR & COMA, COMA >1 HR W CC",23,11372.0
AZ,516 - OTHER MUSCULOSKELET SYS & CONN TISS O.R. PROC W CC,23,14436.0
AZ,808 - MAJOR HEMATOL/IMMUN DIAG EXC SICKLE CELL CRISIS & COAGUL W MCC,23,15379.0
AZ,200 - PNEUMOTHORAX W CC,23,9240.0
AZ,073 - CRANIAL & PERIPHERAL NERVE DISORDERS W MCC,23,9099.0
NM,233 - CORONARY BYPASS W CARDIAC CATH W MCC,23,46976.0
NM,881 - DEPRESSIVE NEUROSES,23,5008.0
CA,867 - OTHER INFECTIOUS & PARASITIC DISEASES DIAGNOSES W MCC,23,35605.0
CA,866 - VIRAL ILLNESS W/O MCC,23,21957.0
CA,685 - ADMIT FOR RENAL DIALYSIS,23,9381.0
CA,"734 - PELVIC EVISCERATION, RAD HYSTERECTOMY & RAD VULVECTOMY W CC/MCC",23,29582.0
CA,"629 - OTHER ENDOCRINE, NUTRIT & METAB O.R. PROC W CC",23,17330.0
CA,"084 - TRAUMATIC STUPOR & COMA, COMA >1 HR W/O CC/MCC",23,11238.0
CA,183 - MAJOR CHEST TRAUMA W MCC,23,18453.0
CA,957 - OTHER O.R. PROCEDURES FOR MULTIPLE SIGNIFICANT TRAUMA W MCC,23,108441.0
CA,964 - OTHER MULTIPLE SIGNIFICANT TRAUMA W CC,23,23618.0
CA,822 - LYMPHOMA & LEUKEMIA W MAJOR O.R. PROCEDURE W/O CC/MCC,23,17085.0
CA,072 - NONSPECIFIC CEREBROVASCULAR DISORDERS W/O CC/MCC,23,5566.0
HI,536 - FRACTURES OF HIP & PELVIS W/O MCC,23,9297.0
HI,164 - MAJOR CHEST PROCEDURES W CC,23,30150.0
HI,809 - MAJOR HEMATOL/IMMUN DIAG EXC SICKLE CELL CRISIS & COAGUL W CC,23,14405.0
OR,896 - ALCOHOL/DRUG ABUSE OR DEPENDENCE W/O REHABILITATION THERAPY W MCC,23,11130.0
OR,153 - OTITIS MEDIA & URI W/O MCC,23,6858.0
OR,659 - KIDNEY & URETER PROCEDURES FOR NON-NEOPLASM W MCC,23,27840.0
WA,239 - AMPUTATION FOR CIRC SYS DISORDERS EXC UPPER LIMB & TOE W MCC,23,43483.0
WA,"082 - TRAUMATIC STUPOR & COMA, COMA >1 HR W MCC",23,21334.0
WA,554 - BONE DISEASES & ARTHROPATHIES W/O MCC,23,6275.0
WA,864 - FEVER,23,7520.0
AK,917 - POISONING & TOXIC EFFECTS OF DRUGS W MCC,23,12665.0
MA,062 - ACUTE ISCHEMIC STROKE W USE OF THROMBOLYTIC AGENT W CC,24,17627.0
MA,355 - HERNIA PROCEDURES EXCEPT INGUINAL & FEMORAL W/O CC/MCC,24,12371.0
RI,669 - TRANSURETHRAL PROCEDURES W CC,24,10018.0
RI,165 - MAJOR CHEST PROCEDURES W/O CC/MCC,24,14781.0
NH,054 - NERVOUS SYSTEM NEOPLASMS W MCC,24,13813.0
NH,"327 - STOMACH, ESOPHAGEAL & DUODENAL PROC W CC",24,26906.0
NH,435 - MALIGNANCY OF HEPATOBILIARY SYSTEM OR PANCREAS W MCC,24,17875.0
ME,074 - CRANIAL & PERIPHERAL NERVE DISORDERS W/O MCC,24,6610.0
ME,379 - G.I. HEMORRHAGE W/O CC/MCC,24,5700.0
ME,743 - UTERINE & ADNEXA PROC FOR NON-MALIGNANCY W/O CC/MCC,24,7196.0
ME,908 - OTHER O.R. PROCEDURES FOR INJURIES W CC,24,14614.0
ME,920 - COMPLICATIONS OF TREATMENT W CC,24,9009.0
ME,895 - ALCOHOL/DRUG ABUSE OR DEPENDENCE W REHABILITATION THERAPY,24,8303.0
VT,"086 - TRAUMATIC STUPOR & COMA, COMA <1 HR W CC",24,13743.0
VT,251 - PERC CARDIOVASC PROC W/O CORONARY ARTERY STENT W/O MCC,24,19724.0
VT,884 - ORGANIC DISTURBANCES & MENTAL RETARDATION,24,19220.0
NJ,"579 - OTHER SKIN, SUBCUT TISS & BREAST PROC W MCC",24,19247.0
NJ,607 - MINOR SKIN DISORDERS W/O MCC,24,5108.0
NJ,024 - CRANIO W MAJOR DEV IMPL/ACUTE COMPLEX CNS PDX W/O MCC,24,31158.0
NJ,"755 - MALIGNANCY, FEMALE REPRODUCTIVE SYSTEM W CC",24,9954.0
NJ,670 - TRANSURETHRAL PROCEDURES W/O CC/MCC,24,5739.0
NY,477 - BIOPSIES OF MUSCULOSKELETAL SYSTEM & CONNECTIVE TISSUE W MCC,24,35135.0
NY,387 - INFLAMMATORY BOWEL DISEASE W/O CC/MCC,24,6839.0
NY,"296 - CARDIAC ARREST, UNEXPLAINED W MCC",24,18591.0
NY,781 - OTHER ANTEPARTUM DIAGNOSES W MEDICAL COMPLICATIONS,24,6691.0
PA,197 - INTERSTITIAL LUNG DISEASE W CC,24,11444.0
PA,661 - KIDNEY & URETER PROCEDURES FOR NON-NEOPLASM W/O CC/MCC,24,15139.0
PA,822 - LYMPHOMA & LEUKEMIA W MAJOR O.R. PROCEDURE W/O CC/MCC,24,13709.0
DE,063 - ACUTE ISCHEMIC STROKE W USE OF THROMBOLYTIC AGENT W/O CC/MCC,24,11379.0
DE,219 - CARDIAC VALVE & OTH MAJ CARDIOTHORACIC PROC W/O CARD CATH W MCC,24,56042.0
DE,301 - PERIPHERAL VASCULAR DISORDERS W/O CC/MCC,24,6306.0
DE,"464 - WND DEBRID & SKN GRFT EXC HAND, FOR MUSCULO-CONN TISS DIS W CC",24,17480.0
DE,"579 - OTHER SKIN, SUBCUT TISS & BREAST PROC W MCC",24,22624.0
DE,862 - POSTOPERATIVE & POST-TRAUMATIC INFECTIONS W MCC,24,15621.0
DC,337 - PERITONEAL ADHESIOLYSIS W/O CC/MCC,24,12403.0
DC,928 - FULL THICKNESS BURN W SKIN GRAFT OR INHAL INJ W CC/MCC,24,44213.0
DC,947 - SIGNS & SYMPTOMS W MCC,24,10335.0
MD,988 - NON-EXTENSIVE O.R. PROC UNRELATED TO PRINCIPAL DIAGNOSIS W CC,24,13860.0
MD,016 - AUTOLOGOUS BONE MARROW TRANSPLANT W CC/MCC,24,56455.0
MD,502 - SOFT TISSUE PROCEDURES W/O CC/MCC,24,15694.0
VA,061 - ACUTE ISCHEMIC STROKE W USE OF THROMBOLYTIC AGENT W MCC,24,18985.0
VA,742 - UTERINE & ADNEXA PROC FOR NON-MALIGNANCY W CC/MCC,24,12270.0
WV,357 - OTHER DIGESTIVE SYSTEM O.R. PROCEDURES W CC,24,14182.0
NC,"133 - OTHER EAR, NOSE, MOUTH & THROAT O.R. PROCEDURES W CC/MCC",24,17968.0
NC,020 - INTRACRANIAL VASCULAR PROCEDURES W PDX HEMORRHAGE W MCC,24,77130.0
NC,"740 - UTERINE,ADNEXA PROC FOR NON-OVARIAN/ADNEXAL MALIG W CC",24,11154.0
SC,356 - OTHER DIGESTIVE SYSTEM O.R. PROCEDURES W MCC,24,39566.0
SC,742 - UTERINE & ADNEXA PROC FOR NON-MALIGNANCY W CC/MCC,24,14089.0
SC,713 - TRANSURETHRAL PROSTATECTOMY W CC/MCC,24,9414.0
GA,103 - HEADACHES W/O MCC,24,6101.0
GA,775 - VAGINAL DELIVERY W/O COMPLICATING DIAGNOSES,24,5189.0
GA,"083 - TRAUMATIC STUPOR & COMA, COMA >1 HR W CC",24,9042.0
FL,259 - CARDIAC PACEMAKER DEVICE REPLACEMENT W/O MCC,24,13395.0
FL,539 - OSTEOMYELITIS W MCC,24,11842.0
FL,"604 - TRAUMA TO THE SKIN, SUBCUT TISS & BREAST W MCC",24,8479.0
FL,760 - MENSTRUAL & OTHER FEMALE REPRODUCTIVE SYSTEM DISORDERS W CC/MCC,24,6124.0
AL,983 - EXTENSIVE O.R. PROCEDURE UNRELATED TO PRINCIPAL DIAGNOSIS W/O CC/MCC,24,11933.0
AL,"579 - OTHER SKIN, SUBCUT TISS & BREAST PROC W MCC",24,13598.0
AL,"628 - OTHER ENDOCRINE, NUTRIT & METAB O.R. PROC W MCC",24,17753.0
TN,335 - PERITONEAL ADHESIOLYSIS W MCC,24,26490.0
TN,369 - MAJOR ESOPHAGEAL DISORDERS W CC,24,6297.0
MS,"492 - LOWER EXTREM & HUMER PROC EXCEPT HIP,FOOT,FEMUR W MCC",24,17665.0
MS,743 - UTERINE & ADNEXA PROC FOR NON-MALIGNANCY W/O CC/MCC,24,5527.0
MS,311 - ANGINA PECTORIS,24,5033.0
KY,217 - CARDIAC VALVE & OTH MAJ CARDIOTHORACIC PROC W CARD CATH W CC,24,39074.0
KY,457 - SPINAL FUS EXC CERV W SPINAL CURV/MALIG/INFEC OR EXT FUS W CC,24,54345.0
KY,"579 - OTHER SKIN, SUBCUT TISS & BREAST PROC W MCC",24,20089.0
KY,713 - TRANSURETHRAL PROSTATECTOMY W CC/MCC,24,11290.0
KY,907 - OTHER O.R. PROCEDURES FOR INJURIES W MCC,24,24893.0
OH,765 - CESAREAN SECTION W CC/MCC,24,12350.0
OH,240 - AMPUTATION FOR CIRC SYS DISORDERS EXC UPPER LIMB & TOE W CC,24,18276.0
IN,707 - MAJOR MALE PELVIC PROCEDURES W CC/MCC,24,13804.0
MI,335 - PERITONEAL ADHESIOLYSIS W MCC,24,30767.0
MI,685 - ADMIT FOR RENAL DIALYSIS,24,9235.0
MI,304 - HYPERTENSION W MCC,24,7444.0
IA,535 - FRACTURES OF HIP & PELVIS W MCC,24,8025.0
IA,335 - PERITONEAL ADHESIOLYSIS W MCC,24,35866.0
IA,001 - HEART TRANSPLANT OR IMPLANT OF HEART ASSIST SYSTEM W MCC,24,243515.0
IA,419 - LAPAROSCOPIC CHOLECYSTECTOMY W/O C.D.E. W/O CC/MCC,24,7687.0
IA,455 - COMBINED ANTERIOR/POSTERIOR SPINAL FUSION W/O CC/MCC,24,35924.0
WI,882 - NEUROSES EXCEPT DEPRESSIVE,24,5214.0
MN,183 - MAJOR CHEST TRAUMA W MCC,24,13537.0
MN,007 - LUNG TRANSPLANT,24,101889.0
MN,"133 - OTHER EAR, NOSE, MOUTH & THROAT O.R. PROCEDURES W CC/MCC",24,19792.0
MN,335 - PERITONEAL ADHESIOLYSIS W MCC,24,42330.0
MN,"407 - PANCREAS, LIVER & SHUNT PROCEDURES W/O CC/MCC",24,20144.0
MN,823 - LYMPHOMA & NON-ACUTE LEUKEMIA W OTHER O.R. PROC W MCC,24,70270.0
SD,250 - PERC CARDIOVASC PROC W/O CORONARY ARTERY STENT W MCC,24,20890.0
SD,181 - RESPIRATORY NEOPLASMS W CC,24,8304.0
SD,543 - PATHOLOGICAL FRACTURES & MUSCULOSKELET & CONN TISS MALIG W CC,24,9084.0
ND,637 - DIABETES W MCC,24,9696.0
MT,918 - POISONING & TOXIC EFFECTS OF DRUGS W/O MCC,24,4443.0
MT,981 - EXTENSIVE O.R. PROCEDURE UNRELATED TO PRINCIPAL DIAGNOSIS W MCC,24,33381.0
MT,371 - MAJOR GASTROINTESTINAL DISORDERS & PERITONEAL INFECTIONS W MCC,24,11413.0
IL,197 - INTERSTITIAL LUNG DISEASE W CC,24,9557.0
IL,607 - MINOR SKIN DISORDERS W/O MCC,24,7117.0
IL,337 - PERITONEAL ADHESIOLYSIS W/O CC/MCC,24,10503.0
IL,"082 - TRAUMATIC STUPOR & COMA, COMA >1 HR W MCC",24,14530.0
IL,685 - ADMIT FOR RENAL DIALYSIS,24,7258.0
IL,059 - MULTIPLE SCLEROSIS & CEREBELLAR ATAXIA W CC,24,11610.0
IL,838 - CHEMO W ACUTE LEUKEMIA AS SDX W CC OR HIGH DOSE CHEMO AGENT,24,26937.0
MO,659 - KIDNEY & URETER PROCEDURES FOR NON-NEOPLASM W MCC,24,27052.0
MO,866 - VIRAL ILLNESS W/O MCC,24,5060.0
NE,129 - MAJOR HEAD & NECK PROCEDURES W CC/MCC OR MAJOR DEVICE,24,16065.0
NE,543 - PATHOLOGICAL FRACTURES & MUSCULOSKELET & CONN TISS MALIG W CC,24,7393.0
NE,165 - MAJOR CHEST PROCEDURES W/O CC/MCC,24,14425.0
LA,519 - BACK & NECK PROC EXC SPINAL FUSION W CC,24,10751.0
LA,436 - MALIGNANCY OF HEPATOBILIARY SYSTEM OR PANCREAS W CC,24,9413.0
LA,454 - COMBINED ANTERIOR/POSTERIOR SPINAL FUSION W CC,24,49646.0
LA,056 - DEGENERATIVE NERVOUS SYSTEM DISORDERS W MCC,24,11834.0
AR,"558 - TENDONITIS, MYOSITIS & BURSITIS W/O MCC",24,5716.0
AR,062 - ACUTE ISCHEMIC STROKE W USE OF THROMBOLYTIC AGENT W CC,24,13843.0
AR,129 - MAJOR HEAD & NECK PROCEDURES W CC/MCC OR MAJOR DEVICE,24,17556.0
OK,908 - OTHER O.R. PROCEDURES FOR INJURIES W CC,24,16326.0
OK,957 - OTHER O.R. PROCEDURES FOR MULTIPLE SIGNIFICANT TRAUMA W MCC,24,57902.0
TX,935 - NON-EXTENSIVE BURNS,24,18502.0
TX,867 - OTHER INFECTIOUS & PARASITIC DISEASES DIAGNOSES W MCC,24,25300.0
TX,384 - UNCOMPLICATED PEPTIC ULCER W/O MCC,24,5512.0
CO,204 - RESPIRATORY SIGNS & SYMPTOMS,24,7577.0
CO,335 - PERITONEAL ADHESIOLYSIS W MCC,24,32318.0
CO,435 - MALIGNANCY OF HEPATOBILIARY SYSTEM OR PANCREAS W MCC,24,17930.0
CO,694 - URINARY STONES W/O ESW LITHOTRIPSY W/O MCC,24,6201.0
WY,445 - DISORDERS OF THE BILIARY TRACT W CC,24,8435.0
WY,854 - INFECTIOUS & PARASITIC DISEASES W O.R. PROCEDURE W CC,24,19188.0
ID,181 - RESPIRATORY NEOPLASMS W CC,24,7886.0
ID,445 - DISORDERS OF THE BILIARY TRACT W CC,24,7486.0
ID,639 - DIABETES W/O CC/MCC,24,5411.0
ID,811 - RED BLOOD CELL DISORDERS W MCC,24,9435.0
UT,026 - CRANIOTOMY & ENDOVASCULAR INTRACRANIAL PROCEDURES W CC,24,26562.0
UT,466 - REVISION OF HIP OR KNEE REPLACEMENT W MCC,24,36621.0
AZ,"407 - PANCREAS, LIVER & SHUNT PROCEDURES W/O CC/MCC",24,17433.0
AZ,554 - BONE DISEASES & ARTHROPATHIES W/O MCC,24,5002.0
AZ,"283 - ACUTE MYOCARDIAL INFARCTION, EXPIRED W MCC",24,10891.0
AZ,884 - ORGANIC DISTURBANCES & MENTAL RETARDATION,24,8049.0
NM,303 - ATHEROSCLEROSIS W/O MCC,24,4409.0
NM,026 - CRANIOTOMY & ENDOVASCULAR INTRACRANIAL PROCEDURES W CC,24,26298.0
NM,468 - REVISION OF HIP OR KNEE REPLACEMENT W/O CC/MCC,24,18376.0
NV,395 - OTHER DIGESTIVE SYSTEM DIAGNOSES W/O CC/MCC,24,5533.0
NV,"894 - ALCOHOL/DRUG ABUSE OR DEPENDENCE, LEFT AMA",24,4457.0
NV,455 - COMBINED ANTERIOR/POSTERIOR SPINAL FUSION W/O CC/MCC,24,44612.0
CA,384 - UNCOMPLICATED PEPTIC ULCER W/O MCC,24,7835.0
CA,373 - MAJOR GASTROINTESTINAL DISORDERS & PERITONEAL INFECTIONS W/O CC/MCC,24,8772.0
CA,179 - RESPIRATORY INFECTIONS & INFLAMMATIONS W/O CC/MCC,24,8855.0
OR,657 - KIDNEY & URETER PROCEDURES FOR NEOPLASM W CC,24,17059.0
OR,857 - POSTOPERATIVE OR POST-TRAUMATIC INFECTIONS W O.R. PROC W CC,24,20592.0
OR,737 - UTERINE & ADNEXA PROC FOR OVARIAN OR ADNEXAL MALIGNANCY W CC,24,16155.0
WA,"463 - WND DEBRID & SKN GRFT EXC HAND, FOR MUSCULO-CONN TISS DIS W MCC",24,39264.0
WA,644 - ENDOCRINE DISORDERS W CC,24,8277.0
WA,061 - ACUTE ISCHEMIC STROKE W USE OF THROMBOLYTIC AGENT W MCC,24,21496.0
AK,"280 - ACUTE MYOCARDIAL INFARCTION, DISCHARGED ALIVE W MCC",24,18693.0
MA,061 - ACUTE ISCHEMIC STROKE W USE OF THROMBOLYTIC AGENT W MCC,25,24719.0
MA,565 - OTHER MUSCULOSKELETAL SYS & CONNECTIVE TISSUE DIAGNOSES W CC,25,9792.0
MA,"956 - LIMB REATTACHMENT, HIP & FEMUR PROC FOR MULTIPLE SIGNIFICANT TRAUMA",25,38300.0
RI,982 - EXTENSIVE O.R. PROCEDURE UNRELATED TO PRINCIPAL DIAGNOSIS W CC,25,22472.0
RI,"003 - ECMO OR TRACH W MV >96 HRS OR PDX EXC FACE, MOUTH & NECK W MAJ O.R.",25,169457.0
RI,336 - PERITONEAL ADHESIOLYSIS W CC,25,20221.0
RI,435 - MALIGNANCY OF HEPATOBILIARY SYSTEM OR PANCREAS W MCC,25,18752.0
NH,440 - DISORDERS OF PANCREAS EXCEPT MALIGNANCY W/O CC/MCC,25,4972.0
NH,"003 - ECMO OR TRACH W MV >96 HRS OR PDX EXC FACE, MOUTH & NECK W MAJ O.R.",25,188148.0
ME,864 - FEVER,25,6646.0
ME,266 - ENDOVASCULAR CARDIAC VALVE REPLACEMENT W MCC,25,82263.0
ME,375 - DIGESTIVE MALIGNANCY W CC,25,10188.0
ME,809 - MAJOR HEMATOL/IMMUN DIAG EXC SICKLE CELL CRISIS & COAGUL W CC,25,9232.0
VT,152 - OTITIS MEDIA & URI W MCC,25,9258.0
VT,331 - MAJOR SMALL & LARGE BOWEL PROCEDURES W/O CC/MCC,25,13670.0
NJ,"084 - TRAUMATIC STUPOR & COMA, COMA >1 HR W/O CC/MCC",25,7094.0
NJ,183 - MAJOR CHEST TRAUMA W MCC,25,16570.0
NJ,068 - NONSPECIFIC CVA & PRECEREBRAL OCCLUSION W/O INFARCT W/O MCC,25,6306.0
NY,515 - OTHER MUSCULOSKELET SYS & CONN TISS O.R. PROC W MCC,25,34608.0
NY,060 - MULTIPLE SCLEROSIS & CEREBELLAR ATAXIA W/O CC/MCC,25,11179.0
NY,555 - SIGNS & SYMPTOMS OF MUSCULOSKELETAL SYSTEM & CONN TISSUE W MCC,25,17674.0
NY,"560 - AFTERCARE, MUSCULOSKELETAL SYSTEM & CONNECTIVE TISSUE W CC",25,14020.0
NY,670 - TRANSURETHRAL PROCEDURES W/O CC/MCC,25,10969.0
NY,838 - CHEMO W ACUTE LEUKEMIA AS SDX W CC OR HIGH DOSE CHEMO AGENT,25,34935.0
NY,351 - INGUINAL & FEMORAL HERNIA PROCEDURES W CC,25,13164.0
NY,882 - NEUROSES EXCEPT DEPRESSIVE,25,6815.0
PA,"492 - LOWER EXTREM & HUMER PROC EXCEPT HIP,FOOT,FEMUR W MCC",25,27253.0
PA,466 - REVISION OF HIP OR KNEE REPLACEMENT W MCC,25,43492.0
DE,183 - MAJOR CHEST TRAUMA W MCC,25,12128.0
DE,205 - OTHER RESPIRATORY SYSTEM DIAGNOSES W MCC,25,10809.0
DE,216 - CARDIAC VALVE & OTH MAJ CARDIOTHORACIC PROC W CARD CATH W MCC,25,79057.0
DE,239 - AMPUTATION FOR CIRC SYS DISORDERS EXC UPPER LIMB & TOE W MCC,25,31175.0
DE,896 - ALCOHOL/DRUG ABUSE OR DEPENDENCE W/O REHABILITATION THERAPY W MCC,25,14895.0
DE,907 - OTHER O.R. PROCEDURES FOR INJURIES W MCC,25,30864.0
DE,908 - OTHER O.R. PROCEDURES FOR INJURIES W CC,25,16102.0
DC,103 - HEADACHES W/O MCC,25,7829.0
DC,204 - RESPIRATORY SIGNS & SYMPTOMS,25,6769.0
DC,303 - ATHEROSCLEROSIS W/O MCC,25,5873.0
DC,"493 - LOWER EXTREM & HUMER PROC EXCEPT HIP,FOOT,FEMUR W CC",25,24503.0
DC,907 - OTHER O.R. PROCEDURES FOR INJURIES W MCC,25,34501.0
MD,089 - CONCUSSION W CC,25,14110.0
MD,987 - NON-EXTENSIVE O.R. PROC UNRELATED TO PRINCIPAL DIAGNOSIS W MCC,25,87330.0
MD,614 - ADRENAL & PITUITARY PROCEDURES W CC/MCC,25,29306.0
WV,055 - NERVOUS SYSTEM NEOPLASMS W/O MCC,25,8314.0
WV,455 - COMBINED ANTERIOR/POSTERIOR SPINAL FUSION W/O CC/MCC,25,45552.0
WV,908 - OTHER O.R. PROCEDURES FOR INJURIES W CC,25,14912.0
WV,743 - UTERINE & ADNEXA PROC FOR NON-MALIGNANCY W/O CC/MCC,25,7546.0
NC,260 - CARDIAC PACEMAKER REVISION EXCEPT DEVICE REPLACEMENT W MCC,25,37593.0
NC,653 - MAJOR BLADDER PROCEDURES W MCC,25,57050.0
NC,"084 - TRAUMATIC STUPOR & COMA, COMA >1 HR W/O CC/MCC",25,7944.0
NC,"628 - OTHER ENDOCRINE, NUTRIT & METAB O.R. PROC W MCC",25,21661.0
SC,896 - ALCOHOL/DRUG ABUSE OR DEPENDENCE W/O REHABILITATION THERAPY W MCC,25,9387.0
SC,374 - DIGESTIVE MALIGNANCY W MCC,25,17126.0
GA,654 - MAJOR BLADDER PROCEDURES W CC,25,22397.0
GA,743 - UTERINE & ADNEXA PROC FOR NON-MALIGNANCY W/O CC/MCC,25,7886.0
FL,032 - VENTRICULAR SHUNT PROCEDURES W CC,25,21661.0
FL,"628 - OTHER ENDOCRINE, NUTRIT & METAB O.R. PROC W MCC",25,18947.0
FL,570 - SKIN DEBRIDEMENT W MCC,25,23877.0
AL,040 - PERIPH/CRANIAL NERVE & OTHER NERV SYST PROC W MCC,25,27761.0
AL,184 - MAJOR CHEST TRAUMA W CC,25,7122.0
AL,515 - OTHER MUSCULOSKELET SYS & CONN TISS O.R. PROC W MCC,25,19654.0
AL,554 - BONE DISEASES & ARTHROPATHIES W/O MCC,25,4618.0
TN,229 - OTHER CARDIOTHORACIC PROCEDURES W CC,25,30449.0
TN,261 - CARDIAC PACEMAKER REVISION EXCEPT DEVICE REPLACEMENT W CC,25,12682.0
TN,456 - SPINAL FUS EXC CERV W SPINAL CURV/MALIG/INFEC OR 9+ FUS W MCC,25,63594.0
TN,846 - CHEMOTHERAPY W/O ACUTE LEUKEMIA AS SECONDARY DIAGNOSIS W MCC,25,17948.0
TN,696 - KIDNEY & URINARY TRACT SIGNS & SYMPTOMS W/O MCC,25,5162.0
MS,165 - MAJOR CHEST PROCEDURES W/O CC/MCC,25,10548.0
MS,867 - OTHER INFECTIOUS & PARASITIC DISEASES DIAGNOSES W MCC,25,15335.0
MS,357 - OTHER DIGESTIVE SYSTEM O.R. PROCEDURES W CC,25,11595.0
MS,"747 - VAGINA, CERVIX & VULVA PROCEDURES W/O CC/MCC",25,4917.0
KY,357 - OTHER DIGESTIVE SYSTEM O.R. PROCEDURES W CC,25,16585.0
KY,659 - KIDNEY & URETER PROCEDURES FOR NON-NEOPLASM W MCC,25,27680.0
KY,834 - ACUTE LEUKEMIA W/O MAJOR O.R. PROCEDURE W MCC,25,66782.0
KY,196 - INTERSTITIAL LUNG DISEASE W MCC,25,11656.0
OH,042 - PERIPH/CRANIAL NERVE & OTHER NERV SYST PROC W/O CC/MCC,25,12836.0
OH,"155 - OTHER EAR, NOSE, MOUTH & THROAT DIAGNOSES W CC",25,6902.0
OH,"084 - TRAUMATIC STUPOR & COMA, COMA >1 HR W/O CC/MCC",25,9188.0
OH,"735 - PELVIC EVISCERATION, RAD HYSTERECTOMY & RAD VULVECTOMY W/O CC/MCC",25,8805.0
IN,"012 - TRACHEOSTOMY FOR FACE,MOUTH & NECK DIAGNOSES W CC",25,26906.0
IN,478 - BIOPSIES OF MUSCULOSKELETAL SYSTEM & CONNECTIVE TISSUE W CC,25,17113.0
IN,"747 - VAGINA, CERVIX & VULVA PROCEDURES W/O CC/MCC",25,8040.0
MI,571 - SKIN DEBRIDEMENT W CC,25,9903.0
MI,032 - VENTRICULAR SHUNT PROCEDURES W CC,25,14333.0
MI,455 - COMBINED ANTERIOR/POSTERIOR SPINAL FUSION W/O CC/MCC,25,45755.0
MI,496 - LOCAL EXCISION & REMOVAL INT FIX DEVICES EXC HIP & FEMUR W CC,25,13169.0
MI,540 - OSTEOMYELITIS W CC,25,13526.0
MI,921 - COMPLICATIONS OF TREATMENT W/O CC/MCC,25,5077.0
MI,545 - CONNECTIVE TISSUE DISORDERS W MCC,25,36869.0
MI,"740 - UTERINE,ADNEXA PROC FOR NON-OVARIAN/ADNEXAL MALIG W CC",25,14051.0
WI,696 - KIDNEY & URINARY TRACT SIGNS & SYMPTOMS W/O MCC,25,5179.0
WI,184 - MAJOR CHEST TRAUMA W CC,25,11915.0
MN,957 - OTHER O.R. PROCEDURES FOR MULTIPLE SIGNIFICANT TRAUMA W MCC,25,66217.0
MN,542 - PATHOLOGICAL FRACTURES & MUSCULOSKELET & CONN TISS MALIG W MCC,25,17172.0
MN,073 - CRANIAL & PERIPHERAL NERVE DISORDERS W MCC,25,9988.0
MN,653 - MAJOR BLADDER PROCEDURES W MCC,25,55815.0
MN,866 - VIRAL ILLNESS W/O MCC,25,7652.0
MN,867 - OTHER INFECTIOUS & PARASITIC DISEASES DIAGNOSES W MCC,25,40016.0
MN,306 - CARDIAC CONGENITAL & VALVULAR DISORDERS W MCC,25,13669.0
MN,615 - ADRENAL & PITUITARY PROCEDURES W/O CC/MCC,25,13040.0
SD,907 - OTHER O.R. PROCEDURES FOR INJURIES W MCC,25,40350.0
ND,388 - G.I. OBSTRUCTION W MCC,25,11204.0
ND,418 - LAPAROSCOPIC CHOLECYSTECTOMY W/O C.D.E. W CC,25,10934.0
ND,982 - EXTENSIVE O.R. PROCEDURE UNRELATED TO PRINCIPAL DIAGNOSIS W CC,25,18074.0
ND,299 - PERIPHERAL VASCULAR DISORDERS W MCC,25,10563.0
MT,"086 - TRAUMATIC STUPOR & COMA, COMA <1 HR W CC",25,7006.0
MT,242 - PERMANENT CARDIAC PACEMAKER IMPLANT W MCC,25,23110.0
MT,"442 - DISORDERS OF LIVER EXCEPT MALIG,CIRR,ALC HEPA W CC",25,5816.0
IL,357 - OTHER DIGESTIVE SYSTEM O.R. PROCEDURES W CC,25,20452.0
IL,311 - ANGINA PECTORIS,25,4227.0
MO,357 - OTHER DIGESTIVE SYSTEM O.R. PROCEDURES W CC,25,15052.0
MO,381 - COMPLICATED PEPTIC ULCER W CC,25,7296.0
MO,945 - REHABILITATION W CC/MCC,25,14141.0
KS,029 - SPINAL PROCEDURES W CC OR SPINAL NEUROSTIMULATORS,25,23411.0
KS,808 - MAJOR HEMATOL/IMMUN DIAG EXC SICKLE CELL CRISIS & COAGUL W MCC,25,23921.0
KS,856 - POSTOPERATIVE OR POST-TRAUMATIC INFECTIONS W O.R. PROC W MCC,25,35237.0
KS,205 - OTHER RESPIRATORY SYSTEM DIAGNOSES W MCC,25,8320.0
NE,"464 - WND DEBRID & SKN GRFT EXC HAND, FOR MUSCULO-CONN TISS DIS W CC",25,23126.0
LA,774 - VAGINAL DELIVERY W COMPLICATING DIAGNOSES,25,7868.0
LA,516 - OTHER MUSCULOSKELET SYS & CONN TISS O.R. PROC W CC,25,12089.0
LA,356 - OTHER DIGESTIVE SYSTEM O.R. PROCEDURES W MCC,25,21063.0
OK,"560 - AFTERCARE, MUSCULOSKELETAL SYSTEM & CONNECTIVE TISSUE W CC",25,7506.0
OK,841 - LYMPHOMA & NON-ACUTE LEUKEMIA W CC,25,14201.0
OK,373 - MAJOR GASTROINTESTINAL DISORDERS & PERITONEAL INFECTIONS W/O CC/MCC,25,6220.0
TX,"560 - AFTERCARE, MUSCULOSKELETAL SYSTEM & CONNECTIVE TISSUE W CC",25,8251.0
TX,381 - COMPLICATED PEPTIC ULCER W CC,25,7984.0
TX,728 - INFLAMMATION OF THE MALE REPRODUCTIVE SYSTEM W/O MCC,25,6165.0
CO,103 - HEADACHES W/O MCC,25,6577.0
CO,517 - OTHER MUSCULOSKELET SYS & CONN TISS O.R. PROC W/O CC/MCC,25,11892.0
WY,244 - PERMANENT CARDIAC PACEMAKER IMPLANT W/O CC/MCC,25,16992.0
WY,469 - MAJOR JOINT REPLACEMENT OR REATTACHMENT OF LOWER EXTREMITY W MCC,25,29068.0
WY,638 - DIABETES W CC,25,9366.0
WY,519 - BACK & NECK PROC EXC SPINAL FUSION W CC,25,10327.0
UT,057 - DEGENERATIVE NERVOUS SYSTEM DISORDERS W/O MCC,25,9171.0
UT,166 - OTHER RESP SYSTEM O.R. PROCEDURES W MCC,25,32051.0
AZ,056 - DEGENERATIVE NERVOUS SYSTEM DISORDERS W MCC,25,15306.0
AZ,"463 - WND DEBRID & SKN GRFT EXC HAND, FOR MUSCULO-CONN TISS DIS W MCC",25,33158.0
AZ,206 - OTHER RESPIRATORY SYSTEM DIAGNOSES W/O MCC,25,10107.0
AZ,"133 - OTHER EAR, NOSE, MOUTH & THROAT O.R. PROCEDURES W CC/MCC",25,16050.0
AZ,846 - CHEMOTHERAPY W/O ACUTE LEUKEMIA AS SECONDARY DIAGNOSIS W MCC,25,17563.0
NM,305 - HYPERTENSION W/O MCC,25,4732.0
NM,863 - POSTOPERATIVE & POST-TRAUMATIC INFECTIONS W/O MCC,25,11047.0
CA,542 - PATHOLOGICAL FRACTURES & MUSCULOSKELET & CONN TISS MALIG W MCC,25,20944.0
CA,228 - OTHER CARDIOTHORACIC PROCEDURES W MCC,25,85373.0
HI,482 - HIP & FEMUR PROCEDURES EXCEPT MAJOR JOINT W/O CC/MCC,25,15252.0
HI,"087 - TRAUMATIC STUPOR & COMA, COMA <1 HR W/O CC/MCC",25,8622.0
HI,439 - DISORDERS OF PANCREAS EXCEPT MALIGNANCY W CC,25,10584.0
HI,743 - UTERINE & ADNEXA PROC FOR NON-MALIGNANCY W/O CC/MCC,25,11198.0
OR,643 - ENDOCRINE DISORDERS W MCC,25,12381.0
OR,881 - DEPRESSIVE NEUROSES,25,7820.0
OR,669 - TRANSURETHRAL PROCEDURES W CC,25,10197.0
WA,908 - OTHER O.R. PROCEDURES FOR INJURIES W CC,25,19386.0
WA,518 - BACK & NECK PROC EXC SPINAL FUSION W MCC OR DISC DEVICE/NEUROSTIM,25,23084.0
WA,466 - REVISION OF HIP OR KNEE REPLACEMENT W MCC,25,36313.0
AK,552 - MEDICAL BACK PROBLEMS W/O MCC,25,7600.0
MA,415 - CHOLECYSTECTOMY EXCEPT BY LAPAROSCOPE W/O C.D.E. W CC,26,20146.0
MA,964 - OTHER MULTIPLE SIGNIFICANT TRAUMA W CC,26,16191.0
RI,438 - DISORDERS OF PANCREAS EXCEPT MALIGNANCY W MCC,26,16802.0
RI,023 - CRANIO W MAJOR DEV IMPL/ACUTE COMPLEX CNS PDX W MCC OR CHEMO IMPLANT,26,49700.0
NH,388 - G.I. OBSTRUCTION W MCC,26,12932.0
NH,644 - ENDOCRINE DISORDERS W CC,26,6704.0
NH,554 - BONE DISEASES & ARTHROPATHIES W/O MCC,26,5201.0
NH,264 - OTHER CIRCULATORY SYSTEM O.R. PROCEDURES,26,23770.0
NH,637 - DIABETES W MCC,26,14510.0
ME,"003 - ECMO OR TRACH W MV >96 HRS OR PDX EXC FACE, MOUTH & NECK W MAJ O.R.",26,176796.0
ME,299 - PERIPHERAL VASCULAR DISORDERS W MCC,26,9877.0
ME,543 - PATHOLOGICAL FRACTURES & MUSCULOSKELET & CONN TISS MALIG W CC,26,8350.0
ME,981 - EXTENSIVE O.R. PROCEDURE UNRELATED TO PRINCIPAL DIAGNOSIS W MCC,26,38887.0
VT,202 - BRONCHITIS & ASTHMA W CC/MCC,26,7161.0
VT,266 - ENDOVASCULAR CARDIAC VALVE REPLACEMENT W MCC,26,76181.0
VT,469 - MAJOR JOINT REPLACEMENT OR REATTACHMENT OF LOWER EXTREMITY W MCC,26,30688.0
CT,"155 - OTHER EAR, NOSE, MOUTH & THROAT DIAGNOSES W CC",26,9538.0
CT,987 - NON-EXTENSIVE O.R. PROC UNRELATED TO PRINCIPAL DIAGNOSIS W MCC,26,38279.0
NJ,916 - ALLERGIC REACTIONS W/O MCC,26,4549.0
NY,486 - KNEE PROCEDURES W PDX OF INFECTION W CC,26,24159.0
NY,654 - MAJOR BLADDER PROCEDURES W CC,26,37089.0
NY,544 - PATHOLOGICAL FRACTURES & MUSCULOSKELET & CONN TISS MALIG W/O CC/MCC,26,9723.0
NY,774 - VAGINAL DELIVERY W COMPLICATING DIAGNOSES,26,8022.0
PA,129 - MAJOR HEAD & NECK PROCEDURES W CC/MCC OR MAJOR DEVICE,26,21860.0
PA,158 - DENTAL & ORAL DISEASES W CC,26,7445.0
PA,921 - COMPLICATIONS OF TREATMENT W/O CC/MCC,26,7417.0
PA,014 - ALLOGENEIC BONE MARROW TRANSPLANT,26,123852.0
PA,036 - CAROTID ARTERY STENT PROCEDURE W/O CC/MCC,26,14250.0
DE,333 - RECTAL RESECTION W CC,26,18131.0
DE,356 - OTHER DIGESTIVE SYSTEM O.R. PROCEDURES W MCC,26,28662.0
DE,375 - DIGESTIVE MALIGNANCY W CC,26,10569.0
DE,454 - COMBINED ANTERIOR/POSTERIOR SPINAL FUSION W CC,26,61840.0
DE,742 - UTERINE & ADNEXA PROC FOR NON-MALIGNANCY W CC/MCC,26,11793.0
DE,857 - POSTOPERATIVE OR POST-TRAUMATIC INFECTIONS W O.R. PROC W CC,26,18038.0
DC,206 - OTHER RESPIRATORY SYSTEM DIAGNOSES W/O MCC,26,8746.0
DC,"283 - ACUTE MYOCARDIAL INFARCTION, EXPIRED W MCC",26,14570.0
DC,388 - G.I. OBSTRUCTION W MCC,26,15481.0
DC,977 - HIV W OR W/O OTHER RELATED CONDITION,26,11478.0
MD,"083 - TRAUMATIC STUPOR & COMA, COMA >1 HR W CC",26,11633.0
MD,921 - COMPLICATIONS OF TREATMENT W/O CC/MCC,26,8746.0
VA,306 - CARDIAC CONGENITAL & VALVULAR DISORDERS W MCC,26,14332.0
VA,"747 - VAGINA, CERVIX & VULVA PROCEDURES W/O CC/MCC",26,7155.0
VA,466 - REVISION OF HIP OR KNEE REPLACEMENT W MCC,26,47939.0
VA,"562 - FX, SPRN, STRN & DISL EXCEPT FEMUR, HIP, PELVIS & THIGH W MCC",26,8828.0
VA,356 - OTHER DIGESTIVE SYSTEM O.R. PROCEDURES W MCC,26,45014.0
WV,103 - HEADACHES W/O MCC,26,6195.0
WV,438 - DISORDERS OF PANCREAS EXCEPT MALIGNANCY W MCC,26,11486.0
WV,857 - POSTOPERATIVE OR POST-TRAUMATIC INFECTIONS W O.R. PROC W CC,26,16413.0
NC,456 - SPINAL FUS EXC CERV W SPINAL CURV/MALIG/INFEC OR 9+ FUS W MCC,26,68659.0
SC,187 - PLEURAL EFFUSION W CC,26,7120.0
SC,357 - OTHER DIGESTIVE SYSTEM O.R. PROCEDURES W CC,26,15528.0
SC,674 - OTHER KIDNEY & URINARY TRACT PROCEDURES W CC,26,19879.0
SC,129 - MAJOR HEAD & NECK PROCEDURES W CC/MCC OR MAJOR DEVICE,26,28042.0
SC,078 - HYPERTENSIVE ENCEPHALOPATHY W CC,26,6259.0
SC,743 - UTERINE & ADNEXA PROC FOR NON-MALIGNANCY W/O CC/MCC,26,7807.0
GA,881 - DEPRESSIVE NEUROSES,26,4831.0
GA,707 - MAJOR MALE PELVIC PROCEDURES W CC/MCC,26,12424.0
FL,977 - HIV W OR W/O OTHER RELATED CONDITION,26,13788.0
AL,227 - CARDIAC DEFIBRILLATOR IMPLANT W/O CARDIAC CATH W/O MCC,26,31583.0
AL,742 - UTERINE & ADNEXA PROC FOR NON-MALIGNANCY W CC/MCC,26,11282.0
AL,988 - NON-EXTENSIVE O.R. PROC UNRELATED TO PRINCIPAL DIAGNOSIS W CC,26,12242.0
AL,868 - OTHER INFECTIOUS & PARASITIC DISEASES DIAGNOSES W CC,26,6221.0
TN,368 - MAJOR ESOPHAGEAL DISORDERS W MCC,26,15230.0
TN,515 - OTHER MUSCULOSKELET SYS & CONN TISS O.R. PROC W MCC,26,22495.0
TN,577 - SKIN GRAFT EXC FOR SKIN ULCER OR CELLULITIS W CC,26,17767.0
KY,737 - UTERINE & ADNEXA PROC FOR OVARIAN OR ADNEXAL MALIGNANCY W CC,26,16239.0
KY,808 - MAJOR HEMATOL/IMMUN DIAG EXC SICKLE CELL CRISIS & COAGUL W MCC,26,14152.0
OH,454 - COMBINED ANTERIOR/POSTERIOR SPINAL FUSION W CC,26,60675.0
IN,454 - COMBINED ANTERIOR/POSTERIOR SPINAL FUSION W CC,26,57677.0
IN,005 - LIVER TRANSPLANT W MCC OR INTESTINAL TRANSPLANT,26,132153.0
IN,037 - EXTRACRANIAL PROCEDURES W MCC,26,25047.0
IN,459 - SPINAL FUSION EXCEPT CERVICAL W MCC,26,52674.0
IN,656 - KIDNEY & URETER PROCEDURES FOR NEOPLASM W MCC,26,29886.0
IN,988 - NON-EXTENSIVE O.R. PROC UNRELATED TO PRINCIPAL DIAGNOSIS W CC,26,13475.0
IN,"741 - UTERINE,ADNEXA PROC FOR NON-OVARIAN/ADNEXAL MALIG W/O CC/MCC",26,9358.0
MI,"155 - OTHER EAR, NOSE, MOUTH & THROAT DIAGNOSES W CC",26,5989.0
MI,674 - OTHER KIDNEY & URINARY TRACT PROCEDURES W CC,26,18019.0
IA,186 - PLEURAL EFFUSION W MCC,26,10011.0
IA,"406 - PANCREAS, LIVER & SHUNT PROCEDURES W CC",26,23946.0
IA,093 - OTHER DISORDERS OF NERVOUS SYSTEM W/O CC/MCC,26,4600.0
IA,354 - HERNIA PROCEDURES EXCEPT INGUINAL & FEMORAL W CC,26,13076.0
IA,036 - CAROTID ARTERY STENT PROCEDURE W/O CC/MCC,26,10296.0
IA,882 - NEUROSES EXCEPT DEPRESSIVE,26,4765.0
WI,988 - NON-EXTENSIVE O.R. PROC UNRELATED TO PRINCIPAL DIAGNOSIS W CC,26,15594.0
WI,867 - OTHER INFECTIOUS & PARASITIC DISEASES DIAGNOSES W MCC,26,30995.0
MN,928 - FULL THICKNESS BURN W SKIN GRAFT OR INHAL INJ W CC/MCC,26,55150.0
MN,093 - OTHER DISORDERS OF NERVOUS SYSTEM W/O CC/MCC,26,6349.0
MN,005 - LIVER TRANSPLANT W MCC OR INTESTINAL TRANSPLANT,26,131971.0
MN,356 - OTHER DIGESTIVE SYSTEM O.R. PROCEDURES W MCC,26,59306.0
MN,357 - OTHER DIGESTIVE SYSTEM O.R. PROCEDURES W CC,26,21925.0
MN,497 - LOCAL EXCISION & REMOVAL INT FIX DEVICES EXC HIP & FEMUR W/O CC/MCC,26,11426.0
SD,"328 - STOMACH, ESOPHAGEAL & DUODENAL PROC W/O CC/MCC",26,10414.0
ND,027 - CRANIOTOMY & ENDOVASCULAR INTRACRANIAL PROCEDURES W/O CC/MCC,26,16567.0
ND,379 - G.I. HEMORRHAGE W/O CC/MCC,26,4721.0
ND,918 - POISONING & TOXIC EFFECTS OF DRUGS W/O MCC,26,4862.0
MT,149 - DYSEQUILIBRIUM,26,4407.0
MT,897 - ALCOHOL/DRUG ABUSE OR DEPENDENCE W/O REHABILITATION THERAPY W/O MCC,26,4751.0
MT,870 - SEPTICEMIA OR SEVERE SEPSIS W MV >96 HOURS,26,43843.0
IL,620 - O.R. PROCEDURES FOR OBESITY W CC,26,12362.0
IL,"012 - TRACHEOSTOMY FOR FACE,MOUTH & NECK DIAGNOSES W CC",26,29801.0
IL,"629 - OTHER ENDOCRINE, NUTRIT & METAB O.R. PROC W CC",26,13994.0
IL,839 - CHEMO W ACUTE LEUKEMIA AS SDX W/O CC/MCC,26,16872.0
MO,187 - PLEURAL EFFUSION W CC,26,7287.0
MO,"407 - PANCREAS, LIVER & SHUNT PROCEDURES W/O CC/MCC",26,15760.0
MO,475 - AMPUTATION FOR MUSCULOSKELETAL SYS & CONN TISSUE DIS W CC,26,14328.0
MO,838 - CHEMO W ACUTE LEUKEMIA AS SDX W CC OR HIGH DOSE CHEMO AGENT,26,29577.0
MO,334 - RECTAL RESECTION W/O CC/MCC,26,9721.0
KS,005 - LIVER TRANSPLANT W MCC OR INTESTINAL TRANSPLANT,26,83678.0
KS,837 - CHEMO W ACUTE LEUKEMIA AS SDX OR W HIGH DOSE CHEMO AGENT W MCC,26,54664.0
LA,374 - DIGESTIVE MALIGNANCY W MCC,26,14239.0
LA,036 - CAROTID ARTERY STENT PROCEDURE W/O CC/MCC,26,9900.0
AR,462 - BILATERAL OR MULTIPLE MAJOR JOINT PROCS OF LOWER EXTREMITY W/O MCC,26,18550.0
AR,240 - AMPUTATION FOR CIRC SYS DISORDERS EXC UPPER LIMB & TOE W CC,26,13598.0
AR,152 - OTITIS MEDIA & URI W MCC,26,6338.0
AR,036 - CAROTID ARTERY STENT PROCEDURE W/O CC/MCC,26,9919.0
OK,808 - MAJOR HEMATOL/IMMUN DIAG EXC SICKLE CELL CRISIS & COAGUL W MCC,26,16815.0
OK,673 - OTHER KIDNEY & URINARY TRACT PROCEDURES W MCC,26,24154.0
TX,583 - MASTECTOMY FOR MALIGNANCY W/O CC/MCC,26,7438.0
TX,"012 - TRACHEOSTOMY FOR FACE,MOUTH & NECK DIAGNOSES W CC",26,27034.0
TX,501 - SOFT TISSUE PROCEDURES W CC,26,13638.0
CO,"405 - PANCREAS, LIVER & SHUNT PROCEDURES W MCC",26,49961.0
ID,305 - HYPERTENSION W/O MCC,26,4202.0
ID,919 - COMPLICATIONS OF TREATMENT W MCC,26,11212.0
ID,100 - SEIZURES W MCC,26,11907.0
ID,167 - OTHER RESP SYSTEM O.R. PROCEDURES W CC,26,12874.0
ID,884 - ORGANIC DISTURBANCES & MENTAL RETARDATION,26,8652.0
UT,206 - OTHER RESPIRATORY SYSTEM DIAGNOSES W/O MCC,26,6219.0
UT,379 - G.I. HEMORRHAGE W/O CC/MCC,26,5318.0
UT,846 - CHEMOTHERAPY W/O ACUTE LEUKEMIA AS SECONDARY DIAGNOSIS W MCC,26,23921.0
AZ,489 - KNEE PROCEDURES W/O PDX OF INFECTION W/O CC/MCC,26,8646.0
AZ,029 - SPINAL PROCEDURES W CC OR SPINAL NEUROSTIMULATORS,26,32206.0
AZ,386 - INFLAMMATORY BOWEL DISEASE W CC,26,7318.0
NM,"326 - STOMACH, ESOPHAGEAL & DUODENAL PROC W MCC",26,40638.0
NV,947 - SIGNS & SYMPTOMS W MCC,26,12260.0
NV,165 - MAJOR CHEST PROCEDURES W/O CC/MCC,26,12617.0
NV,"326 - STOMACH, ESOPHAGEAL & DUODENAL PROC W MCC",26,35537.0
CA,501 - SOFT TISSUE PROCEDURES W CC,26,15449.0
HI,469 - MAJOR JOINT REPLACEMENT OR REATTACHMENT OF LOWER EXTREMITY W MCC,26,29762.0
OR,299 - PERIPHERAL VASCULAR DISORDERS W MCC,26,11188.0
OR,432 - CIRRHOSIS & ALCOHOLIC HEPATITIS W MCC,26,13392.0
OR,419 - LAPAROSCOPIC CHOLECYSTECTOMY W/O C.D.E. W/O CC/MCC,26,9267.0
WA,152 - OTITIS MEDIA & URI W MCC,26,7824.0
WA,742 - UTERINE & ADNEXA PROC FOR NON-MALIGNANCY W CC/MCC,26,15651.0
AK,236 - CORONARY BYPASS W/O CARDIAC CATH W/O MCC,26,46878.0
AK,462 - BILATERAL OR MULTIPLE MAJOR JOINT PROCS OF LOWER EXTREMITY W/O MCC,26,31053.0
AK,"640 - MISC DISORDERS OF NUTRITION,METABOLISM,FLUIDS/ELECTROLYTES W MCC",26,10252.0
AK,698 - OTHER KIDNEY & URINARY TRACT DIAGNOSES W MCC,26,16192.0
MA,185 - MAJOR CHEST TRAUMA W/O CC/MCC,27,6496.0
MA,"155 - OTHER EAR, NOSE, MOUTH & THROAT DIAGNOSES W CC",27,10301.0
MA,975 - HIV W MAJOR RELATED CONDITION W CC,27,15199.0
MA,987 - NON-EXTENSIVE O.R. PROC UNRELATED TO PRINCIPAL DIAGNOSIS W MCC,27,36679.0
RI,462 - BILATERAL OR MULTIPLE MAJOR JOINT PROCS OF LOWER EXTREMITY W/O MCC,27,23851.0
RI,551 - MEDICAL BACK PROBLEMS W MCC,27,13436.0
NH,"494 - LOWER EXTREM & HUMER PROC EXCEPT HIP,FOOT,FEMUR W/O CC/MCC",27,12232.0
ME,216 - CARDIAC VALVE & OTH MAJ CARDIOTHORACIC PROC W CARD CATH W MCC,27,84123.0
VT,811 - RED BLOOD CELL DISORDERS W MCC,27,10699.0
VT,164 - MAJOR CHEST PROCEDURES W CC,27,24487.0
VT,234 - CORONARY BYPASS W CARDIAC CATH W/O MCC,27,39604.0
CT,055 - NERVOUS SYSTEM NEOPLASMS W/O MCC,27,12650.0
CT,337 - PERITONEAL ADHESIOLYSIS W/O CC/MCC,27,13654.0
CT,"581 - OTHER SKIN, SUBCUT TISS & BREAST PROC W/O CC/MCC",27,10816.0
NJ,737 - UTERINE & ADNEXA PROC FOR OVARIAN OR ADNEXAL MALIGNANCY W CC,27,18515.0
NJ,218 - CARDIAC VALVE & OTH MAJ CARDIOTHORACIC PROC W CARD CATH W/O CC/MCC,27,45700.0
NJ,"956 - LIMB REATTACHMENT, HIP & FEMUR PROC FOR MULTIPLE SIGNIFICANT TRAUMA",27,38605.0
NJ,"623 - SKIN GRAFTS & WOUND DEBRID FOR ENDOC, NUTRIT & METAB DIS W CC",27,12204.0
NY,"012 - TRACHEOSTOMY FOR FACE,MOUTH & NECK DIAGNOSES W CC",27,41288.0
NY,501 - SOFT TISSUE PROCEDURES W CC,27,17351.0
PA,765 - CESAREAN SECTION W CC/MCC,27,16063.0
PA,125 - OTHER DISORDERS OF THE EYE W/O MCC,27,7717.0
PA,335 - PERITONEAL ADHESIOLYSIS W MCC,27,31969.0
PA,"557 - TENDONITIS, MYOSITIS & BURSITIS W MCC",27,9530.0
PA,656 - KIDNEY & URETER PROCEDURES FOR NEOPLASM W MCC,27,38954.0
PA,453 - COMBINED ANTERIOR/POSTERIOR SPINAL FUSION W MCC,27,100968.0
DE,187 - PLEURAL EFFUSION W CC,27,8981.0
DE,203 - BRONCHITIS & ASTHMA W/O CC/MCC,27,5624.0
DE,436 - MALIGNANCY OF HEPATOBILIARY SYSTEM OR PANCREAS W CC,27,9257.0
DC,040 - PERIPH/CRANIAL NERVE & OTHER NERV SYST PROC W MCC,27,50249.0
DC,153 - OTITIS MEDIA & URI W/O MCC,27,6695.0
DC,227 - CARDIAC DEFIBRILLATOR IMPLANT W/O CARDIAC CATH W/O MCC,27,46300.0
DC,602 - CELLULITIS W MCC,27,13916.0
DC,919 - COMPLICATIONS OF TREATMENT W MCC,27,17324.0
MD,865 - VIRAL ILLNESS W MCC,27,13557.0
MD,813 - COAGULATION DISORDERS,27,66613.0
MD,882 - NEUROSES EXCEPT DEPRESSIVE,27,9678.0
MD,158 - DENTAL & ORAL DISEASES W CC,27,15617.0
MD,316 - OTHER CIRCULATORY SYSTEM DIAGNOSES W/O CC/MCC,27,9811.0
MD,356 - OTHER DIGESTIVE SYSTEM O.R. PROCEDURES W MCC,27,46932.0
MD,"465 - WND DEBRID & SKN GRFT EXC HAND, FOR MUSCULO-CONN TISS DIS W/O CC/MCC",27,35207.0
MD,"492 - LOWER EXTREM & HUMER PROC EXCEPT HIP,FOOT,FEMUR W MCC",27,42111.0
MD,455 - COMBINED ANTERIOR/POSTERIOR SPINAL FUSION W/O CC/MCC,27,41176.0
MD,184 - MAJOR CHEST TRAUMA W CC,27,10391.0
MD,951 - OTHER FACTORS INFLUENCING HEALTH STATUS,27,92018.0
VA,737 - UTERINE & ADNEXA PROC FOR OVARIAN OR ADNEXAL MALIGNANCY W CC,27,17867.0
VA,696 - KIDNEY & URINARY TRACT SIGNS & SYMPTOMS W/O MCC,27,5827.0
VA,517 - OTHER MUSCULOSKELET SYS & CONN TISS O.R. PROC W/O CC/MCC,27,14104.0
WV,062 - ACUTE ISCHEMIC STROKE W USE OF THROMBOLYTIC AGENT W CC,27,14441.0
WV,375 - DIGESTIVE MALIGNANCY W CC,27,7939.0
WV,644 - ENDOCRINE DISORDERS W CC,27,8015.0
SC,186 - PLEURAL EFFUSION W MCC,27,9179.0
SC,041 - PERIPH/CRANIAL NERVE & OTHER NERV SYST PROC W CC OR PERIPH NEUROSTIM,27,18562.0
SC,856 - POSTOPERATIVE OR POST-TRAUMATIC INFECTIONS W O.R. PROC W MCC,27,29241.0
GA,226 - CARDIAC DEFIBRILLATOR IMPLANT W/O CARDIAC CATH W MCC,27,46740.0
GA,457 - SPINAL FUS EXC CERV W SPINAL CURV/MALIG/INFEC OR EXT FUS W CC,27,48920.0
GA,614 - ADRENAL & PITUITARY PROCEDURES W CC/MCC,27,21028.0
GA,517 - OTHER MUSCULOSKELET SYS & CONN TISS O.R. PROC W/O CC/MCC,27,10101.0
FL,007 - LUNG TRANSPLANT,27,114935.0
FL,775 - VAGINAL DELIVERY W/O COMPLICATING DIAGNOSES,27,5203.0
TN,037 - EXTRACRANIAL PROCEDURES W MCC,27,20219.0
MS,152 - OTITIS MEDIA & URI W MCC,27,6185.0
KY,221 - CARDIAC VALVE & OTH MAJ CARDIOTHORACIC PROC W/O CARD CATH W/O CC/MCC,27,27600.0
OH,"740 - UTERINE,ADNEXA PROC FOR NON-OVARIAN/ADNEXAL MALIG W CC",27,12472.0
OH,346 - MINOR SMALL & LARGE BOWEL PROCEDURES W/O CC/MCC,27,10500.0
IN,029 - SPINAL PROCEDURES W CC OR SPINAL NEUROSTIMULATORS,27,26373.0
IN,"580 - OTHER SKIN, SUBCUT TISS & BREAST PROC W CC",27,11449.0
IN,834 - ACUTE LEUKEMIA W/O MAJOR O.R. PROCEDURE W MCC,27,56196.0
IN,"956 - LIMB REATTACHMENT, HIP & FEMUR PROC FOR MULTIPLE SIGNIFICANT TRAUMA",27,30692.0
IN,381 - COMPLICATED PEPTIC ULCER W CC,27,6496.0
IN,571 - SKIN DEBRIDEMENT W CC,27,7955.0
MI,458 - SPINAL FUS EXC CERV W SPINAL CURV/MALIG/INFEC OR 9+ FUS W/O CC/MCC,27,39719.0
MI,544 - PATHOLOGICAL FRACTURES & MUSCULOSKELET & CONN TISS MALIG W/O CC/MCC,27,5506.0
MI,306 - CARDIAC CONGENITAL & VALVULAR DISORDERS W MCC,27,13492.0
MI,217 - CARDIAC VALVE & OTH MAJ CARDIOTHORACIC PROC W CARD CATH W CC,27,44464.0
MI,042 - PERIPH/CRANIAL NERVE & OTHER NERV SYST PROC W/O CC/MCC,27,14732.0
IA,200 - PNEUMOTHORAX W CC,27,8772.0
IA,240 - AMPUTATION FOR CIRC SYS DISORDERS EXC UPPER LIMB & TOE W CC,27,16447.0
IA,216 - CARDIAC VALVE & OTH MAJ CARDIOTHORACIC PROC W CARD CATH W MCC,27,64337.0
IA,517 - OTHER MUSCULOSKELET SYS & CONN TISS O.R. PROC W/O CC/MCC,27,12596.0
WI,673 - OTHER KIDNEY & URINARY TRACT PROCEDURES W MCC,27,26209.0
WI,866 - VIRAL ILLNESS W/O MCC,27,7003.0
WI,386 - INFLAMMATORY BOWEL DISEASE W CC,27,10620.0
MN,"465 - WND DEBRID & SKN GRFT EXC HAND, FOR MUSCULO-CONN TISS DIS W/O CC/MCC",27,19068.0
MN,614 - ADRENAL & PITUITARY PROCEDURES W CC/MCC,27,22672.0
MN,822 - LYMPHOMA & LEUKEMIA W MAJOR O.R. PROCEDURE W/O CC/MCC,27,14772.0
SD,026 - CRANIOTOMY & ENDOVASCULAR INTRACRANIAL PROCEDURES W CC,27,21697.0
SD,207 - RESPIRATORY SYSTEM DIAGNOSIS W VENTILATOR SUPPORT 96+ HOURS,27,38957.0
SD,266 - ENDOVASCULAR CARDIAC VALVE REPLACEMENT W MCC,27,62407.0
ND,249 - PERC CARDIOVASC PROC W NON-DRUG-ELUTING STENT W/O MCC,27,12173.0
ND,054 - NERVOUS SYSTEM NEOPLASMS W MCC,27,8521.0
ND,266 - ENDOVASCULAR CARDIAC VALVE REPLACEMENT W MCC,27,59675.0
MT,"286 - CIRCULATORY DISORDERS EXCEPT AMI, W CARD CATH W MCC",27,14292.0
MT,"494 - LOWER EXTREM & HUMER PROC EXCEPT HIP,FOOT,FEMUR W/O CC/MCC",27,10584.0
MT,178 - RESPIRATORY INFECTIONS & INFLAMMATIONS W CC,27,8985.0
MO,196 - INTERSTITIAL LUNG DISEASE W MCC,27,10854.0
MO,515 - OTHER MUSCULOSKELET SYS & CONN TISS O.R. PROC W MCC,27,23207.0
MO,774 - VAGINAL DELIVERY W COMPLICATING DIAGNOSES,27,7081.0
MO,988 - NON-EXTENSIVE O.R. PROC UNRELATED TO PRINCIPAL DIAGNOSIS W CC,27,11538.0
KS,694 - URINARY STONES W/O ESW LITHOTRIPSY W/O MCC,27,4159.0
KS,834 - ACUTE LEUKEMIA W/O MAJOR O.R. PROCEDURE W MCC,27,47339.0
KS,200 - PNEUMOTHORAX W CC,27,6472.0
NE,"012 - TRACHEOSTOMY FOR FACE,MOUTH & NECK DIAGNOSES W CC",27,23017.0
NE,091 - OTHER DISORDERS OF NERVOUS SYSTEM W MCC,27,9109.0
NE,620 - O.R. PROCEDURES FOR OBESITY W CC,27,13384.0
NE,454 - COMBINED ANTERIOR/POSTERIOR SPINAL FUSION W CC,27,55755.0
NE,264 - OTHER CIRCULATORY SYSTEM O.R. PROCEDURES,27,19724.0
LA,478 - BIOPSIES OF MUSCULOSKELETAL SYSTEM & CONNECTIVE TISSUE W CC,27,14414.0
LA,227 - CARDIAC DEFIBRILLATOR IMPLANT W/O CARDIAC CATH W/O MCC,27,32441.0
AR,556 - SIGNS & SYMPTOMS OF MUSCULOSKELETAL SYSTEM & CONN TISSUE W/O MCC,27,4283.0
AR,"580 - OTHER SKIN, SUBCUT TISS & BREAST PROC W CC",27,11503.0
OK,489 - KNEE PROCEDURES W/O PDX OF INFECTION W/O CC/MCC,27,7358.0
TX,"407 - PANCREAS, LIVER & SHUNT PROCEDURES W/O CC/MCC",27,16407.0
TX,335 - PERITONEAL ADHESIOLYSIS W MCC,27,31811.0
TX,963 - OTHER MULTIPLE SIGNIFICANT TRAUMA W MCC,27,30534.0
CO,242 - PERMANENT CARDIAC PACEMAKER IMPLANT W MCC,27,28374.0
CO,"406 - PANCREAS, LIVER & SHUNT PROCEDURES W CC",27,26035.0
CO,436 - MALIGNANCY OF HEPATOBILIARY SYSTEM OR PANCREAS W CC,27,10296.0
WY,372 - MAJOR GASTROINTESTINAL DISORDERS & PERITONEAL INFECTIONS W CC,27,10537.0
ID,379 - G.I. HEMORRHAGE W/O CC/MCC,27,4876.0
ID,393 - OTHER DIGESTIVE SYSTEM DIAGNOSES W MCC,27,10824.0
ID,219 - CARDIAC VALVE & OTH MAJ CARDIOTHORACIC PROC W/O CARD CATH W MCC,27,62178.0
UT,165 - MAJOR CHEST PROCEDURES W/O CC/MCC,27,14160.0
UT,551 - MEDICAL BACK PROBLEMS W MCC,27,12550.0
UT,602 - CELLULITIS W MCC,27,10272.0
UT,918 - POISONING & TOXIC EFFECTS OF DRUGS W/O MCC,27,6563.0
AZ,103 - HEADACHES W/O MCC,27,7259.0
AZ,707 - MAJOR MALE PELVIC PROCEDURES W CC/MCC,27,16180.0
NV,444 - DISORDERS OF THE BILIARY TRACT W MCC,27,12304.0
NV,186 - PLEURAL EFFUSION W MCC,27,11317.0
CA,515 - OTHER MUSCULOSKELET SYS & CONN TISS O.R. PROC W MCC,27,34113.0
CA,"560 - AFTERCARE, MUSCULOSKELETAL SYSTEM & CONNECTIVE TISSUE W CC",27,12741.0
CA,014 - ALLOGENEIC BONE MARROW TRANSPLANT,27,167842.0
CA,748 - FEMALE REPRODUCTIVE SYSTEM RECONSTRUCTIVE PROCEDURES,27,11900.0
CA,446 - DISORDERS OF THE BILIARY TRACT W/O CC/MCC,27,6757.0
CA,573 - SKIN GRAFT FOR SKIN ULCER OR CELLULITIS W MCC,27,36982.0
CA,839 - CHEMO W ACUTE LEUKEMIA AS SDX W/O CC/MCC,27,15216.0
HI,637 - DIABETES W MCC,27,16366.0
WA,456 - SPINAL FUS EXC CERV W SPINAL CURV/MALIG/INFEC OR 9+ FUS W MCC,27,96047.0
WA,935 - NON-EXTENSIVE BURNS,27,14668.0
WA,958 - OTHER O.R. PROCEDURES FOR MULTIPLE SIGNIFICANT TRAUMA W CC,27,41438.0
AK,897 - ALCOHOL/DRUG ABUSE OR DEPENDENCE W/O REHABILITATION THERAPY W/O MCC,27,7495.0
MA,151 - EPISTAXIS W/O MCC,28,6315.0
MA,714 - TRANSURETHRAL PROSTATECTOMY W/O CC/MCC,28,7375.0
MA,674 - OTHER KIDNEY & URINARY TRACT PROCEDURES W CC,28,25294.0
MA,"012 - TRACHEOSTOMY FOR FACE,MOUTH & NECK DIAGNOSES W CC",28,36777.0
RI,469 - MAJOR JOINT REPLACEMENT OR REATTACHMENT OF LOWER EXTREMITY W MCC,28,25246.0
RI,543 - PATHOLOGICAL FRACTURES & MUSCULOSKELET & CONN TISS MALIG W CC,28,9801.0
RI,"558 - TENDONITIS, MYOSITIS & BURSITIS W/O MCC",28,8083.0
RI,775 - VAGINAL DELIVERY W/O COMPLICATING DIAGNOSES,28,18101.0
NH,863 - POSTOPERATIVE & POST-TRAUMATIC INFECTIONS W/O MCC,28,9793.0
ME,896 - ALCOHOL/DRUG ABUSE OR DEPENDENCE W/O REHABILITATION THERAPY W MCC,28,12135.0
ME,"327 - STOMACH, ESOPHAGEAL & DUODENAL PROC W CC",28,22184.0
ME,418 - LAPAROSCOPIC CHOLECYSTECTOMY W/O C.D.E. W CC,28,13052.0
ME,516 - OTHER MUSCULOSKELET SYS & CONN TISS O.R. PROC W CC,28,14395.0
ME,862 - POSTOPERATIVE & POST-TRAUMATIC INFECTIONS W MCC,28,15509.0
CT,205 - OTHER RESPIRATORY SYSTEM DIAGNOSES W MCC,28,15346.0
CT,335 - PERITONEAL ADHESIOLYSIS W MCC,28,37210.0
CT,"405 - PANCREAS, LIVER & SHUNT PROCEDURES W MCC",28,65933.0
NJ,001 - HEART TRANSPLANT OR IMPLANT OF HEART ASSIST SYSTEM W MCC,28,241903.0
NJ,335 - PERITONEAL ADHESIOLYSIS W MCC,28,34967.0
NY,352 - INGUINAL & FEMORAL HERNIA PROCEDURES W/O CC/MCC,28,11974.0
NY,"463 - WND DEBRID & SKN GRFT EXC HAND, FOR MUSCULO-CONN TISS DIS W MCC",28,54012.0
NY,553 - BONE DISEASES & ARTHROPATHIES W MCC,28,16476.0
NY,"133 - OTHER EAR, NOSE, MOUTH & THROAT O.R. PROCEDURES W CC/MCC",28,24405.0
PA,742 - UTERINE & ADNEXA PROC FOR NON-MALIGNANCY W CC/MCC,28,15027.0
PA,"626 - THYROID, PARATHYROID & THYROGLOSSAL PROCEDURES W CC",28,13630.0
PA,974 - HIV W MAJOR RELATED CONDITION W MCC,28,26876.0
PA,217 - CARDIAC VALVE & OTH MAJ CARDIOTHORACIC PROC W CARD CATH W CC,28,59024.0
PA,497 - LOCAL EXCISION & REMOVAL INT FIX DEVICES EXC HIP & FEMUR W/O CC/MCC,28,13327.0
DE,"328 - STOMACH, ESOPHAGEAL & DUODENAL PROC W/O CC/MCC",28,12505.0
DE,988 - NON-EXTENSIVE O.R. PROC UNRELATED TO PRINCIPAL DIAGNOSIS W CC,28,12696.0
DC,"406 - PANCREAS, LIVER & SHUNT PROCEDURES W CC",28,28970.0
DC,180 - RESPIRATORY NEOPLASMS W MCC,28,16080.0
DC,"605 - TRAUMA TO THE SKIN, SUBCUT TISS & BREAST W/O MCC",28,9110.0
MD,"134 - OTHER EAR, NOSE, MOUTH & THROAT O.R. PROCEDURES W/O CC/MCC",28,16598.0
MD,"741 - UTERINE,ADNEXA PROC FOR NON-OVARIAN/ADNEXAL MALIG W/O CC/MCC",28,10213.0
MD,"560 - AFTERCARE, MUSCULOSKELETAL SYSTEM & CONNECTIVE TISSUE W CC",28,13698.0
MD,935 - NON-EXTENSIVE BURNS,28,21876.0
MD,654 - MAJOR BLADDER PROCEDURES W CC,28,42253.0
VA,016 - AUTOLOGOUS BONE MARROW TRANSPLANT W CC/MCC,28,72074.0
WV,206 - OTHER RESPIRATORY SYSTEM DIAGNOSES W/O MCC,28,6842.0
WV,432 - CIRRHOSIS & ALCOHOLIC HEPATITIS W MCC,28,12413.0
WV,446 - DISORDERS OF THE BILIARY TRACT W/O CC/MCC,28,6978.0
NC,"296 - CARDIAC ARREST, UNEXPLAINED W MCC",28,9150.0
NC,"465 - WND DEBRID & SKN GRFT EXC HAND, FOR MUSCULO-CONN TISS DIS W/O CC/MCC",28,17498.0
NC,"083 - TRAUMATIC STUPOR & COMA, COMA >1 HR W CC",28,10437.0
SC,974 - HIV W MAJOR RELATED CONDITION W MCC,28,26423.0
SC,"405 - PANCREAS, LIVER & SHUNT PROCEDURES W MCC",28,52575.0
SC,862 - POSTOPERATIVE & POST-TRAUMATIC INFECTIONS W MCC,28,20950.0
AL,196 - INTERSTITIAL LUNG DISEASE W MCC,28,12727.0
AL,546 - CONNECTIVE TISSUE DISORDERS W CC,28,9217.0
AL,311 - ANGINA PECTORIS,28,3459.0
MS,068 - NONSPECIFIC CVA & PRECEREBRAL OCCLUSION W/O INFARCT W/O MCC,28,5105.0
MS,395 - OTHER DIGESTIVE SYSTEM DIAGNOSES W/O CC/MCC,28,4264.0
MS,462 - BILATERAL OR MULTIPLE MAJOR JOINT PROCS OF LOWER EXTREMITY W/O MCC,28,20352.0
KY,073 - CRANIAL & PERIPHERAL NERVE DISORDERS W MCC,28,8415.0
KY,489 - KNEE PROCEDURES W/O PDX OF INFECTION W/O CC/MCC,28,8090.0
KY,501 - SOFT TISSUE PROCEDURES W CC,28,10772.0
KY,042 - PERIPH/CRANIAL NERVE & OTHER NERV SYST PROC W/O CC/MCC,28,15044.0
OH,029 - SPINAL PROCEDURES W CC OR SPINAL NEUROSTIMULATORS,28,24920.0
OH,037 - EXTRACRANIAL PROCEDURES W MCC,28,21973.0
OH,775 - VAGINAL DELIVERY W/O COMPLICATING DIAGNOSES,28,6945.0
OH,007 - LUNG TRANSPLANT,28,104002.0
OH,068 - NONSPECIFIC CVA & PRECEREBRAL OCCLUSION W/O INFARCT W/O MCC,28,7057.0
OH,306 - CARDIAC CONGENITAL & VALVULAR DISORDERS W MCC,28,14827.0
OH,"580 - OTHER SKIN, SUBCUT TISS & BREAST PROC W CC",28,13674.0
IN,205 - OTHER RESPIRATORY SYSTEM DIAGNOSES W MCC,28,14948.0
IN,337 - PERITONEAL ADHESIOLYSIS W/O CC/MCC,28,14335.0
IN,607 - MINOR SKIN DISORDERS W/O MCC,28,7266.0
IN,655 - MAJOR BLADDER PROCEDURES W/O CC/MCC,28,20281.0
IN,"740 - UTERINE,ADNEXA PROC FOR NON-OVARIAN/ADNEXAL MALIG W CC",28,14495.0
MI,"133 - OTHER EAR, NOSE, MOUTH & THROAT O.R. PROCEDURES W CC/MCC",28,20708.0
MI,059 - MULTIPLE SCLEROSIS & CEREBELLAR ATAXIA W CC,28,9056.0
IA,179 - RESPIRATORY INFECTIONS & INFLAMMATIONS W/O CC/MCC,28,6120.0
IA,233 - CORONARY BYPASS W CARDIAC CATH W MCC,28,48052.0
IA,432 - CIRRHOSIS & ALCOHOLIC HEPATITIS W MCC,28,12942.0
IA,743 - UTERINE & ADNEXA PROC FOR NON-MALIGNANCY W/O CC/MCC,28,7058.0
IA,"326 - STOMACH, ESOPHAGEAL & DUODENAL PROC W MCC",28,53264.0
WI,029 - SPINAL PROCEDURES W CC OR SPINAL NEUROSTIMULATORS,28,25690.0
WI,707 - MAJOR MALE PELVIC PROCEDURES W CC/MCC,28,12908.0
MN,029 - SPINAL PROCEDURES W CC OR SPINAL NEUROSTIMULATORS,28,27192.0
SD,027 - CRANIOTOMY & ENDOVASCULAR INTRACRANIAL PROCEDURES W/O CC/MCC,28,15236.0
SD,"327 - STOMACH, ESOPHAGEAL & DUODENAL PROC W CC",28,18397.0
SD,432 - CIRRHOSIS & ALCOHOLIC HEPATITIS W MCC,28,12582.0
SD,440 - DISORDERS OF PANCREAS EXCEPT MALIGNANCY W/O CC/MCC,28,5226.0
ND,219 - CARDIAC VALVE & OTH MAJ CARDIOTHORACIC PROC W/O CARD CATH W MCC,28,50477.0
ND,"004 - TRACH W MV 96+ HRS OR PDX EXC FACE, MOUTH & NECK W/O MAJ O.R.",28,82468.0
ND,393 - OTHER DIGESTIVE SYSTEM DIAGNOSES W MCC,28,11837.0
ND,"442 - DISORDERS OF LIVER EXCEPT MALIG,CIRR,ALC HEPA W CC",28,6558.0
ND,457 - SPINAL FUS EXC CERV W SPINAL CURV/MALIG/INFEC OR EXT FUS W CC,28,42282.0
MT,038 - EXTRACRANIAL PROCEDURES W CC,28,9852.0
MT,519 - BACK & NECK PROC EXC SPINAL FUSION W CC,28,10952.0
MT,602 - CELLULITIS W MCC,28,8986.0
IL,570 - SKIN DEBRIDEMENT W MCC,28,13374.0
IL,073 - CRANIAL & PERIPHERAL NERVE DISORDERS W MCC,28,11996.0
MO,"133 - OTHER EAR, NOSE, MOUTH & THROAT O.R. PROCEDURES W CC/MCC",28,13704.0
MO,386 - INFLAMMATORY BOWEL DISEASE W CC,28,5460.0
KS,073 - CRANIAL & PERIPHERAL NERVE DISORDERS W MCC,28,8783.0
KS,375 - DIGESTIVE MALIGNANCY W CC,28,7892.0
KS,432 - CIRRHOSIS & ALCOHOLIC HEPATITIS W MCC,28,12603.0
KS,"492 - LOWER EXTREM & HUMER PROC EXCEPT HIP,FOOT,FEMUR W MCC",28,20184.0
KS,707 - MAJOR MALE PELVIC PROCEDURES W CC/MCC,28,11607.0
KS,301 - PERIPHERAL VASCULAR DISORDERS W/O CC/MCC,28,4809.0
NE,660 - KIDNEY & URETER PROCEDURES FOR NON-NEOPLASM W CC,28,15969.0
NE,184 - MAJOR CHEST TRAUMA W CC,28,7603.0
NE,436 - MALIGNANCY OF HEPATOBILIARY SYSTEM OR PANCREAS W CC,28,8458.0
LA,375 - DIGESTIVE MALIGNANCY W CC,28,9342.0
AR,644 - ENDOCRINE DISORDERS W CC,28,6227.0
OK,714 - TRANSURETHRAL PROSTATECTOMY W/O CC/MCC,28,5041.0
TX,255 - UPPER LIMB & TOE AMPUTATION FOR CIRC SYSTEM DISORDERS W MCC,28,15357.0
CO,433 - CIRRHOSIS & ALCOHOLIC HEPATITIS W CC,28,8240.0
CO,742 - UTERINE & ADNEXA PROC FOR NON-MALIGNANCY W CC/MCC,28,13105.0
WY,394 - OTHER DIGESTIVE SYSTEM DIAGNOSES W CC,28,7825.0
UT,152 - OTITIS MEDIA & URI W MCC,28,7781.0
UT,660 - KIDNEY & URETER PROCEDURES FOR NON-NEOPLASM W CC,28,16834.0
AZ,151 - EPISTAXIS W/O MCC,28,6400.0
AZ,007 - LUNG TRANSPLANT,28,85539.0
AZ,001 - HEART TRANSPLANT OR IMPLANT OF HEART ASSIST SYSTEM W MCC,28,194081.0
NM,248 - PERC CARDIOVASC PROC W NON-DRUG-ELUTING STENT W MCC OR 4+ VES/STENTS,28,19090.0
NM,250 - PERC CARDIOVASC PROC W/O CORONARY ARTERY STENT W MCC,28,19978.0
NM,919 - COMPLICATIONS OF TREATMENT W MCC,28,15972.0
NV,620 - O.R. PROCEDURES FOR OBESITY W CC,28,13195.0
NV,"464 - WND DEBRID & SKN GRFT EXC HAND, FOR MUSCULO-CONN TISS DIS W CC",28,20022.0
NV,964 - OTHER MULTIPLE SIGNIFICANT TRAUMA W CC,28,13195.0
CA,655 - MAJOR BLADDER PROCEDURES W/O CC/MCC,28,21435.0
CA,337 - PERITONEAL ADHESIOLYSIS W/O CC/MCC,28,24154.0
CA,781 - OTHER ANTEPARTUM DIAGNOSES W MEDICAL COMPLICATIONS,28,10507.0
CA,130 - MAJOR HEAD & NECK PROCEDURES W/O CC/MCC,28,18398.0
HI,698 - OTHER KIDNEY & URINARY TRACT DIAGNOSES W MCC,28,18887.0
OR,250 - PERC CARDIOVASC PROC W/O CORONARY ARTERY STENT W MCC,28,30820.0
OR,054 - NERVOUS SYSTEM NEOPLASMS W MCC,28,12001.0
OR,863 - POSTOPERATIVE & POST-TRAUMATIC INFECTIONS W/O MCC,28,12431.0
OR,543 - PATHOLOGICAL FRACTURES & MUSCULOSKELET & CONN TISS MALIG W CC,28,8164.0
OR,462 - BILATERAL OR MULTIPLE MAJOR JOINT PROCS OF LOWER EXTREMITY W/O MCC,28,29373.0
WA,033 - VENTRICULAR SHUNT PROCEDURES W/O CC/MCC,28,11200.0
WA,743 - UTERINE & ADNEXA PROC FOR NON-MALIGNANCY W/O CC/MCC,28,10063.0
RI,643 - ENDOCRINE DISORDERS W MCC,29,14105.0
RI,809 - MAJOR HEMATOL/IMMUN DIAG EXC SICKLE CELL CRISIS & COAGUL W CC,29,15562.0
RI,862 - POSTOPERATIVE & POST-TRAUMATIC INFECTIONS W MCC,29,17110.0
RI,765 - CESAREAN SECTION W CC/MCC,29,22588.0
NH,163 - MAJOR CHEST PROCEDURES W MCC,29,39028.0
NH,982 - EXTENSIVE O.R. PROCEDURE UNRELATED TO PRINCIPAL DIAGNOSIS W CC,29,22091.0
NH,336 - PERITONEAL ADHESIOLYSIS W CC,29,18395.0
NH,519 - BACK & NECK PROC EXC SPINAL FUSION W CC,29,13186.0
NH,026 - CRANIOTOMY & ENDOVASCULAR INTRACRANIAL PROCEDURES W CC,29,28302.0
NH,652 - KIDNEY TRANSPLANT,29,32858.0
ME,092 - OTHER DISORDERS OF NERVOUS SYSTEM W CC,29,6469.0
ME,395 - OTHER DIGESTIVE SYSTEM DIAGNOSES W/O CC/MCC,29,5320.0
ME,660 - KIDNEY & URETER PROCEDURES FOR NON-NEOPLASM W CC,29,13200.0
VT,467 - REVISION OF HIP OR KNEE REPLACEMENT W CC,29,32253.0
VT,918 - POISONING & TOXIC EFFECTS OF DRUGS W/O MCC,29,6352.0
CT,001 - HEART TRANSPLANT OR IMPLANT OF HEART ASSIST SYSTEM W MCC,29,287762.0
CT,545 - CONNECTIVE TISSUE DISORDERS W MCC,29,23845.0
CT,"560 - AFTERCARE, MUSCULOSKELETAL SYSTEM & CONNECTIVE TISSUE W CC",29,10814.0
CT,659 - KIDNEY & URETER PROCEDURES FOR NON-NEOPLASM W MCC,29,36861.0
CT,129 - MAJOR HEAD & NECK PROCEDURES W CC/MCC OR MAJOR DEVICE,29,28111.0
CT,478 - BIOPSIES OF MUSCULOSKELETAL SYSTEM & CONNECTIVE TISSUE W CC,29,22071.0
NJ,261 - CARDIAC PACEMAKER REVISION EXCEPT DEVICE REPLACEMENT W CC,29,16194.0
NY,059 - MULTIPLE SCLEROSIS & CEREBELLAR ATAXIA W CC,29,14111.0
NY,222 - CARDIAC DEFIB IMPLANT W CARDIAC CATH W AMI/HF/SHOCK W MCC,29,94008.0
NY,839 - CHEMO W ACUTE LEUKEMIA AS SDX W/O CC/MCC,29,17103.0
NY,259 - CARDIAC PACEMAKER DEVICE REPLACEMENT W/O MCC,29,20030.0
NY,224 - CARDIAC DEFIB IMPLANT W CARDIAC CATH W/O AMI/HF/SHOCK W MCC,29,55952.0
PA,"011 - TRACHEOSTOMY FOR FACE,MOUTH & NECK DIAGNOSES W MCC",29,48353.0
PA,475 - AMPUTATION FOR MUSCULOSKELETAL SYS & CONN TISSUE DIS W CC,29,16331.0
PA,496 - LOCAL EXCISION & REMOVAL INT FIX DEVICES EXC HIP & FEMUR W CC,29,19562.0
PA,501 - SOFT TISSUE PROCEDURES W CC,29,13530.0
PA,"562 - FX, SPRN, STRN & DISL EXCEPT FEMUR, HIP, PELVIS & THIGH W MCC",29,9700.0
DE,204 - RESPIRATORY SIGNS & SYMPTOMS,29,5879.0
DE,444 - DISORDERS OF THE BILIARY TRACT W MCC,29,13974.0
DE,478 - BIOPSIES OF MUSCULOSKELETAL SYSTEM & CONNECTIVE TISSUE W CC,29,16333.0
DC,249 - PERC CARDIOVASC PROC W NON-DRUG-ELUTING STENT W/O MCC,29,17527.0
MD,042 - PERIPH/CRANIAL NERVE & OTHER NERV SYST PROC W/O CC/MCC,29,17577.0
MD,"082 - TRAUMATIC STUPOR & COMA, COMA >1 HR W MCC",29,36316.0
MD,489 - KNEE PROCEDURES W/O PDX OF INFECTION W/O CC/MCC,29,14931.0
MD,055 - NERVOUS SYSTEM NEOPLASMS W/O MCC,29,12979.0
VA,974 - HIV W MAJOR RELATED CONDITION W MCC,29,24551.0
WV,"082 - TRAUMATIC STUPOR & COMA, COMA >1 HR W MCC",29,20086.0
WV,"083 - TRAUMATIC STUPOR & COMA, COMA >1 HR W CC",29,10696.0
WV,239 - AMPUTATION FOR CIRC SYS DISORDERS EXC UPPER LIMB & TOE W MCC,29,29096.0
WV,"327 - STOMACH, ESOPHAGEAL & DUODENAL PROC W CC",29,17130.0
WV,"464 - WND DEBRID & SKN GRFT EXC HAND, FOR MUSCULO-CONN TISS DIS W CC",29,23257.0
WV,919 - COMPLICATIONS OF TREATMENT W MCC,29,13674.0
NC,775 - VAGINAL DELIVERY W/O COMPLICATING DIAGNOSES,29,4848.0
NC,"894 - ALCOHOL/DRUG ABUSE OR DEPENDENCE, LEFT AMA",29,3745.0
SC,516 - OTHER MUSCULOSKELET SYS & CONN TISS O.R. PROC W CC,29,17735.0
SC,840 - LYMPHOMA & NON-ACUTE LEUKEMIA W MCC,29,32875.0
GA,659 - KIDNEY & URETER PROCEDURES FOR NON-NEOPLASM W MCC,29,37938.0
GA,"464 - WND DEBRID & SKN GRFT EXC HAND, FOR MUSCULO-CONN TISS DIS W CC",29,19988.0
FL,"463 - WND DEBRID & SKN GRFT EXC HAND, FOR MUSCULO-CONN TISS DIS W MCC",29,35834.0
FL,496 - LOCAL EXCISION & REMOVAL INT FIX DEVICES EXC HIP & FEMUR W CC,29,12933.0
FL,081 - NONTRAUMATIC STUPOR & COMA W/O MCC,29,5904.0
FL,352 - INGUINAL & FEMORAL HERNIA PROCEDURES W/O CC/MCC,29,6986.0
AL,471 - CERVICAL SPINAL FUSION W MCC,29,31261.0
AL,813 - COAGULATION DISORDERS,29,36182.0
AL,928 - FULL THICKNESS BURN W SKIN GRAFT OR INHAL INJ W CC/MCC,29,39244.0
AL,935 - NON-EXTENSIVE BURNS,29,13338.0
AL,187 - PLEURAL EFFUSION W CC,29,7463.0
AL,518 - BACK & NECK PROC EXC SPINAL FUSION W MCC OR DISC DEVICE/NEUROSTIM,29,16775.0
TN,517 - OTHER MUSCULOSKELET SYS & CONN TISS O.R. PROC W/O CC/MCC,29,11468.0
TN,475 - AMPUTATION FOR MUSCULOSKELETAL SYS & CONN TISSUE DIS W CC,29,14558.0
TN,535 - FRACTURES OF HIP & PELVIS W MCC,29,8508.0
MS,149 - DYSEQUILIBRIUM,29,4152.0
MS,267 - ENDOVASCULAR CARDIAC VALVE REPLACEMENT W/O MCC,29,37344.0
KY,040 - PERIPH/CRANIAL NERVE & OTHER NERV SYST PROC W MCC,29,23865.0
KY,356 - OTHER DIGESTIVE SYSTEM O.R. PROCEDURES W MCC,29,32821.0
KY,813 - COAGULATION DISORDERS,29,26193.0
OH,348 - ANAL & STOMAL PROCEDURES W CC,29,12235.0
OH,475 - AMPUTATION FOR MUSCULOSKELETAL SYS & CONN TISSUE DIS W CC,29,16563.0
OH,033 - VENTRICULAR SHUNT PROCEDURES W/O CC/MCC,29,12718.0
IN,001 - HEART TRANSPLANT OR IMPLANT OF HEART ASSIST SYSTEM W MCC,29,224623.0
IN,446 - DISORDERS OF THE BILIARY TRACT W/O CC/MCC,29,7112.0
IN,659 - KIDNEY & URETER PROCEDURES FOR NON-NEOPLASM W MCC,29,29568.0
IN,384 - UNCOMPLICATED PEPTIC ULCER W/O MCC,29,5491.0
MI,040 - PERIPH/CRANIAL NERVE & OTHER NERV SYST PROC W MCC,29,29016.0
MI,179 - RESPIRATORY INFECTIONS & INFLAMMATIONS W/O CC/MCC,29,11891.0
MI,983 - EXTENSIVE O.R. PROCEDURE UNRELATED TO PRINCIPAL DIAGNOSIS W/O CC/MCC,29,14184.0
MI,005 - LIVER TRANSPLANT W MCC OR INTESTINAL TRANSPLANT,29,108309.0
IA,248 - PERC CARDIOVASC PROC W NON-DRUG-ELUTING STENT W MCC OR 4+ VES/STENTS,29,19064.0
IA,016 - AUTOLOGOUS BONE MARROW TRANSPLANT W CC/MCC,29,65676.0
MN,337 - PERITONEAL ADHESIOLYSIS W/O CC/MCC,29,16732.0
MN,386 - INFLAMMATORY BOWEL DISEASE W CC,29,9267.0
MN,661 - KIDNEY & URETER PROCEDURES FOR NON-NEOPLASM W/O CC/MCC,29,11638.0
MN,033 - VENTRICULAR SHUNT PROCEDURES W/O CC/MCC,29,13653.0
MN,446 - DISORDERS OF THE BILIARY TRACT W/O CC/MCC,29,6379.0
MN,196 - INTERSTITIAL LUNG DISEASE W MCC,29,15572.0
MN,545 - CONNECTIVE TISSUE DISORDERS W MCC,29,37554.0
MN,607 - MINOR SKIN DISORDERS W/O MCC,29,7146.0
SD,435 - MALIGNANCY OF HEPATOBILIARY SYSTEM OR PANCREAS W MCC,29,13024.0
ND,235 - CORONARY BYPASS W/O CARDIAC CATH W MCC,29,36341.0
MT,699 - OTHER KIDNEY & URINARY TRACT DIAGNOSES W CC,29,7071.0
IL,"463 - WND DEBRID & SKN GRFT EXC HAND, FOR MUSCULO-CONN TISS DIS W MCC",29,38434.0
MO,029 - SPINAL PROCEDURES W CC OR SPINAL NEUROSTIMULATORS,29,26318.0
MO,"741 - UTERINE,ADNEXA PROC FOR NON-OVARIAN/ADNEXAL MALIG W/O CC/MCC",29,8593.0
NE,657 - KIDNEY & URETER PROCEDURES FOR NEOPLASM W CC,29,13896.0
NE,684 - RENAL FAILURE W/O CC/MCC,29,5192.0
NE,864 - FEVER,29,6974.0
LA,"283 - ACUTE MYOCARDIAL INFARCTION, EXPIRED W MCC",29,10923.0
OK,055 - NERVOUS SYSTEM NEOPLASMS W/O MCC,29,6285.0
TX,781 - OTHER ANTEPARTUM DIAGNOSES W MEDICAL COMPLICATIONS,29,51496.0
TX,515 - OTHER MUSCULOSKELET SYS & CONN TISS O.R. PROC W MCC,29,27378.0
TX,881 - DEPRESSIVE NEUROSES,29,3977.0
CO,834 - ACUTE LEUKEMIA W/O MAJOR O.R. PROCEDURE W MCC,29,63100.0
CO,908 - OTHER O.R. PROCEDURES FOR INJURIES W CC,29,15985.0
CO,186 - PLEURAL EFFUSION W MCC,29,9527.0
WY,092 - OTHER DISORDERS OF NERVOUS SYSTEM W CC,29,9329.0
WY,300 - PERIPHERAL VASCULAR DISORDERS W CC,29,7837.0
WY,482 - HIP & FEMUR PROCEDURES EXCEPT MAJOR JOINT W/O CC/MCC,29,13753.0
WY,917 - POISONING & TOXIC EFFECTS OF DRUGS W MCC,29,11060.0
ID,"087 - TRAUMATIC STUPOR & COMA, COMA <1 HR W/O CC/MCC",29,5134.0
UT,235 - CORONARY BYPASS W/O CARDIAC CATH W MCC,29,41371.0
UT,372 - MAJOR GASTROINTESTINAL DISORDERS & PERITONEAL INFECTIONS W CC,29,9027.0
AZ,928 - FULL THICKNESS BURN W SKIN GRAFT OR INHAL INJ W CC/MCC,29,82268.0
AZ,867 - OTHER INFECTIOUS & PARASITIC DISEASES DIAGNOSES W MCC,29,23999.0
NV,023 - CRANIO W MAJOR DEV IMPL/ACUTE COMPLEX CNS PDX W MCC OR CHEMO IMPLANT,29,38727.0
NV,"605 - TRAUMA TO THE SKIN, SUBCUT TISS & BREAST W/O MCC",29,6201.0
NV,248 - PERC CARDIOVASC PROC W NON-DRUG-ELUTING STENT W MCC OR 4+ VES/STENTS,29,21800.0
CA,489 - KNEE PROCEDURES W/O PDX OF INFECTION W/O CC/MCC,29,14927.0
CA,614 - ADRENAL & PITUITARY PROCEDURES W CC/MCC,29,27921.0
CA,674 - OTHER KIDNEY & URINARY TRACT PROCEDURES W CC,29,24491.0
CA,240 - AMPUTATION FOR CIRC SYS DISORDERS EXC UPPER LIMB & TOE W CC,29,17394.0
HI,"085 - TRAUMATIC STUPOR & COMA, COMA <1 HR W MCC",29,18803.0
HI,313 - CHEST PAIN,29,7727.0
HI,267 - ENDOVASCULAR CARDIAC VALVE REPLACEMENT W/O MCC,29,57394.0
HI,462 - BILATERAL OR MULTIPLE MAJOR JOINT PROCS OF LOWER EXTREMITY W/O MCC,29,30457.0
OR,184 - MAJOR CHEST TRAUMA W CC,29,12871.0
OR,435 - MALIGNANCY OF HEPATOBILIARY SYSTEM OR PANCREAS W MCC,29,13442.0
WA,"492 - LOWER EXTREM & HUMER PROC EXCEPT HIP,FOOT,FEMUR W MCC",29,31270.0
WA,841 - LYMPHOMA & NON-ACUTE LEUKEMIA W CC,29,21640.0
WA,488 - KNEE PROCEDURES W/O PDX OF INFECTION W CC/MCC,29,12989.0
MA,333 - RECTAL RESECTION W CC,30,23734.0
MA,"560 - AFTERCARE, MUSCULOSKELETAL SYSTEM & CONNECTIVE TISSUE W CC",30,10536.0
MA,032 - VENTRICULAR SHUNT PROCEDURES W CC,30,19648.0
MA,307 - CARDIAC CONGENITAL & VALVULAR DISORDERS W/O MCC,30,9140.0
MA,"740 - UTERINE,ADNEXA PROC FOR NON-OVARIAN/ADNEXAL MALIG W CC",30,20152.0
RI,267 - ENDOVASCULAR CARDIAC VALVE REPLACEMENT W/O MCC,30,58182.0
RI,386 - INFLAMMATORY BOWEL DISEASE W CC,30,9111.0
RI,418 - LAPAROSCOPIC CHOLECYSTECTOMY W/O C.D.E. W CC,30,14067.0
RI,440 - DISORDERS OF PANCREAS EXCEPT MALIGNANCY W/O CC/MCC,30,6442.0
NH,"326 - STOMACH, ESOPHAGEAL & DUODENAL PROC W MCC",30,55755.0
ME,167 - OTHER RESP SYSTEM O.R. PROCEDURES W CC,30,12981.0
ME,438 - DISORDERS OF PANCREAS EXCEPT MALIGNANCY W MCC,30,17966.0
ME,440 - DISORDERS OF PANCREAS EXCEPT MALIGNANCY W/O CC/MCC,30,5056.0
ME,694 - URINARY STONES W/O ESW LITHOTRIPSY W/O MCC,30,5403.0
VT,243 - PERMANENT CARDIAC PACEMAKER IMPLANT W CC,30,21866.0
CT,040 - PERIPH/CRANIAL NERVE & OTHER NERV SYST PROC W MCC,30,51162.0
CT,857 - POSTOPERATIVE OR POST-TRAUMATIC INFECTIONS W O.R. PROC W CC,30,22102.0
CT,868 - OTHER INFECTIOUS & PARASITIC DISEASES DIAGNOSES W CC,30,12484.0
NJ,337 - PERITONEAL ADHESIOLYSIS W/O CC/MCC,30,11864.0
NJ,714 - TRANSURETHRAL PROSTATECTOMY W/O CC/MCC,30,5092.0
NY,904 - SKIN GRAFTS FOR INJURIES W CC/MCC,30,37690.0
NY,037 - EXTRACRANIAL PROCEDURES W MCC,30,35170.0
NY,089 - CONCUSSION W CC,30,11573.0
PA,838 - CHEMO W ACUTE LEUKEMIA AS SDX W CC OR HIGH DOSE CHEMO AGENT,30,26832.0
PA,089 - CONCUSSION W CC,30,6628.0
PA,"134 - OTHER EAR, NOSE, MOUTH & THROAT O.R. PROCEDURES W/O CC/MCC",30,11500.0
DE,167 - OTHER RESP SYSTEM O.R. PROCEDURES W CC,30,15185.0
DE,556 - SIGNS & SYMPTOMS OF MUSCULOSKELETAL SYSTEM & CONN TISSUE W/O MCC,30,8298.0
DE,639 - DIABETES W/O CC/MCC,30,5049.0
DC,"326 - STOMACH, ESOPHAGEAL & DUODENAL PROC W MCC",30,80069.0
DC,"580 - OTHER SKIN, SUBCUT TISS & BREAST PROC W CC",30,16126.0
DC,242 - PERMANENT CARDIAC PACEMAKER IMPLANT W MCC,30,30543.0
DC,935 - NON-EXTENSIVE BURNS,30,14075.0
MD,014 - ALLOGENEIC BONE MARROW TRANSPLANT,30,131930.0
VA,656 - KIDNEY & URETER PROCEDURES FOR NEOPLASM W MCC,30,30009.0
WV,657 - KIDNEY & URETER PROCEDURES FOR NEOPLASM W CC,30,14947.0
NC,033 - VENTRICULAR SHUNT PROCEDURES W/O CC/MCC,30,13237.0
NC,964 - OTHER MULTIPLE SIGNIFICANT TRAUMA W CC,30,13638.0
NC,655 - MAJOR BLADDER PROCEDURES W/O CC/MCC,30,20784.0
SC,694 - URINARY STONES W/O ESW LITHOTRIPSY W/O MCC,30,5321.0
GA,846 - CHEMOTHERAPY W/O ACUTE LEUKEMIA AS SECONDARY DIAGNOSIS W MCC,30,23914.0
FL,781 - OTHER ANTEPARTUM DIAGNOSES W MEDICAL COMPLICATIONS,30,7646.0
AL,129 - MAJOR HEAD & NECK PROCEDURES W CC/MCC OR MAJOR DEVICE,30,16776.0
AL,840 - LYMPHOMA & NON-ACUTE LEUKEMIA W MCC,30,21822.0
AL,"956 - LIMB REATTACHMENT, HIP & FEMUR PROC FOR MULTIPLE SIGNIFICANT TRAUMA",30,27059.0
MS,163 - MAJOR CHEST PROCEDURES W MCC,30,30156.0
KY,001 - HEART TRANSPLANT OR IMPLANT OF HEART ASSIST SYSTEM W MCC,30,198228.0
KY,554 - BONE DISEASES & ARTHROPATHIES W/O MCC,30,5290.0
OH,089 - CONCUSSION W CC,30,7723.0
OH,661 - KIDNEY & URETER PROCEDURES FOR NON-NEOPLASM W/O CC/MCC,30,15576.0
OH,963 - OTHER MULTIPLE SIGNIFICANT TRAUMA W MCC,30,35376.0
OH,964 - OTHER MULTIPLE SIGNIFICANT TRAUMA W CC,30,15613.0
OH,813 - COAGULATION DISORDERS,30,17496.0
IN,"463 - WND DEBRID & SKN GRFT EXC HAND, FOR MUSCULO-CONN TISS DIS W MCC",30,40615.0
MI,656 - KIDNEY & URETER PROCEDURES FOR NEOPLASM W MCC,30,31058.0
IA,205 - OTHER RESPIRATORY SYSTEM DIAGNOSES W MCC,30,12513.0
WI,"580 - OTHER SKIN, SUBCUT TISS & BREAST PROC W CC",30,14434.0
WI,742 - UTERINE & ADNEXA PROC FOR NON-MALIGNANCY W CC/MCC,30,13172.0
SD,847 - CHEMOTHERAPY W/O ACUTE LEUKEMIA AS SECONDARY DIAGNOSIS W CC,30,8302.0
SD,880 - ACUTE ADJUSTMENT REACTION & PSYCHOSOCIAL DYSFUNCTION,30,5687.0
ND,100 - SEIZURES W MCC,30,11635.0
ND,435 - MALIGNANCY OF HEPATOBILIARY SYSTEM OR PANCREAS W MCC,30,11422.0
MT,621 - O.R. PROCEDURES FOR OBESITY W/O CC/MCC,30,10171.0
MT,637 - DIABETES W MCC,30,8505.0
MO,496 - LOCAL EXCISION & REMOVAL INT FIX DEVICES EXC HIP & FEMUR W CC,30,14789.0
MO,808 - MAJOR HEMATOL/IMMUN DIAG EXC SICKLE CELL CRISIS & COAGUL W MCC,30,31295.0
KS,643 - ENDOCRINE DISORDERS W MCC,30,10557.0
KS,152 - OTITIS MEDIA & URI W MCC,30,6367.0
KS,907 - OTHER O.R. PROCEDURES FOR INJURIES W MCC,30,27074.0
NE,554 - BONE DISEASES & ARTHROPATHIES W/O MCC,30,4392.0
NE,694 - URINARY STONES W/O ESW LITHOTRIPSY W/O MCC,30,4642.0
NE,299 - PERIPHERAL VASCULAR DISORDERS W MCC,30,8896.0
NE,551 - MEDICAL BACK PROBLEMS W MCC,30,11249.0
NE,216 - CARDIAC VALVE & OTH MAJ CARDIOTHORACIC PROC W CARD CATH W MCC,30,57073.0
NE,462 - BILATERAL OR MULTIPLE MAJOR JOINT PROCS OF LOWER EXTREMITY W/O MCC,30,24964.0
LA,037 - EXTRACRANIAL PROCEDURES W MCC,30,23916.0
LA,416 - CHOLECYSTECTOMY EXCEPT BY LAPAROSCOPE W/O C.D.E. W/O CC/MCC,30,6964.0
LA,"492 - LOWER EXTREM & HUMER PROC EXCEPT HIP,FOOT,FEMUR W MCC",30,18241.0
LA,884 - ORGANIC DISTURBANCES & MENTAL RETARDATION,30,7238.0
AR,673 - OTHER KIDNEY & URINARY TRACT PROCEDURES W MCC,30,22779.0
AR,694 - URINARY STONES W/O ESW LITHOTRIPSY W/O MCC,30,4099.0
OK,311 - ANGINA PECTORIS,30,3203.0
TX,661 - KIDNEY & URETER PROCEDURES FOR NON-NEOPLASM W/O CC/MCC,30,9481.0
TX,542 - PATHOLOGICAL FRACTURES & MUSCULOSKELET & CONN TISS MALIG W MCC,30,17687.0
TX,748 - FEMALE REPRODUCTIVE SYSTEM RECONSTRUCTIVE PROCEDURES,30,51509.0
TX,957 - OTHER O.R. PROCEDURES FOR MULTIPLE SIGNIFICANT TRAUMA W MCC,30,70622.0
CO,857 - POSTOPERATIVE OR POST-TRAUMATIC INFECTIONS W O.R. PROC W CC,30,17087.0
CO,862 - POSTOPERATIVE & POST-TRAUMATIC INFECTIONS W MCC,30,16250.0
WY,390 - G.I. OBSTRUCTION W/O CC/MCC,30,5624.0
WY,"391 - ESOPHAGITIS, GASTROENT & MISC DIGEST DISORDERS W MCC",30,9817.0
ID,071 - NONSPECIFIC CEREBROVASCULAR DISORDERS W CC,30,7293.0
ID,166 - OTHER RESP SYSTEM O.R. PROCEDURES W MCC,30,27652.0
UT,264 - OTHER CIRCULATORY SYSTEM O.R. PROCEDURES,30,31209.0
UT,489 - KNEE PROCEDURES W/O PDX OF INFECTION W/O CC/MCC,30,9286.0
UT,167 - OTHER RESP SYSTEM O.R. PROCEDURES W CC,30,18428.0
UT,233 - CORONARY BYPASS W CARDIAC CATH W MCC,30,50761.0
UT,418 - LAPAROSCOPIC CHOLECYSTECTOMY W/O C.D.E. W CC,30,12573.0
AZ,301 - PERIPHERAL VASCULAR DISORDERS W/O CC/MCC,30,4468.0
AZ,221 - CARDIAC VALVE & OTH MAJ CARDIOTHORACIC PROC W/O CARD CATH W/O CC/MCC,30,29962.0
NM,847 - CHEMOTHERAPY W/O ACUTE LEUKEMIA AS SECONDARY DIAGNOSIS W CC,30,12274.0
NM,907 - OTHER O.R. PROCEDURES FOR INJURIES W MCC,30,34410.0
NM,918 - POISONING & TOXIC EFFECTS OF DRUGS W/O MCC,30,8238.0
NM,299 - PERIPHERAL VASCULAR DISORDERS W MCC,30,11167.0
NM,673 - OTHER KIDNEY & URINARY TRACT PROCEDURES W MCC,30,30888.0
NM,708 - MAJOR MALE PELVIC PROCEDURES W/O CC/MCC,30,9612.0
NV,054 - NERVOUS SYSTEM NEOPLASMS W MCC,30,9326.0
CA,386 - INFLAMMATORY BOWEL DISEASE W CC,30,9835.0
CA,471 - CERVICAL SPINAL FUSION W MCC,30,61568.0
CA,813 - COAGULATION DISORDERS,30,19783.0
HI,237 - MAJOR CARDIOVASC PROCEDURES W MCC,30,44600.0
OR,920 - COMPLICATIONS OF TREATMENT W CC,30,12799.0
WA,016 - AUTOLOGOUS BONE MARROW TRANSPLANT W CC/MCC,30,63115.0
AK,178 - RESPIRATORY INFECTIONS & INFLAMMATIONS W CC,30,16194.0
AK,314 - OTHER CIRCULATORY SYSTEM DIAGNOSES W MCC,30,20948.0
AK,329 - MAJOR SMALL & LARGE BOWEL PROCEDURES W MCC,30,44409.0
AK,870 - SEPTICEMIA OR SEVERE SEPSIS W MV >96 HOURS,30,73085.0
MA,387 - INFLAMMATORY BOWEL DISEASE W/O CC/MCC,31,8204.0
MA,656 - KIDNEY & URETER PROCEDURES FOR NEOPLASM W MCC,31,30885.0
MA,844 - OTHER MYELOPROLIF DIS OR POORLY DIFF NEOPL DIAG W CC,31,13511.0
RI,235 - CORONARY BYPASS W/O CARDIAC CATH W MCC,31,52421.0
RI,863 - POSTOPERATIVE & POST-TRAUMATIC INFECTIONS W/O MCC,31,8322.0
NH,"617 - AMPUTAT OF LOWER LIMB FOR ENDOCRINE,NUTRIT,& METABOL DIS W CC",31,16344.0
NH,206 - OTHER RESPIRATORY SYSTEM DIAGNOSES W/O MCC,31,5269.0
ME,152 - OTITIS MEDIA & URI W MCC,31,6772.0
ME,071 - NONSPECIFIC CEREBROVASCULAR DISORDERS W CC,31,12403.0
ME,227 - CARDIAC DEFIBRILLATOR IMPLANT W/O CARDIAC CATH W/O MCC,31,39572.0
ME,657 - KIDNEY & URETER PROCEDURES FOR NEOPLASM W CC,31,16699.0
VT,153 - OTITIS MEDIA & URI W/O MCC,31,5807.0
VT,175 - PULMONARY EMBOLISM W MCC,31,13182.0
VT,473 - CERVICAL SPINAL FUSION W/O CC/MCC,31,19777.0
CT,748 - FEMALE REPRODUCTIVE SYSTEM RECONSTRUCTIVE PROCEDURES,31,9479.0
CT,"956 - LIMB REATTACHMENT, HIP & FEMUR PROC FOR MULTIPLE SIGNIFICANT TRAUMA",31,34471.0
NJ,014 - ALLOGENEIC BONE MARROW TRANSPLANT,31,96249.0
NJ,865 - VIRAL ILLNESS W MCC,31,11862.0
NY,"134 - OTHER EAR, NOSE, MOUTH & THROAT O.R. PROCEDURES W/O CC/MCC",31,11896.0
PA,545 - CONNECTIVE TISSUE DISORDERS W MCC,31,27829.0
PA,713 - TRANSURETHRAL PROSTATECTOMY W CC/MCC,31,14491.0
PA,455 - COMBINED ANTERIOR/POSTERIOR SPINAL FUSION W/O CC/MCC,31,57903.0
DE,041 - PERIPH/CRANIAL NERVE & OTHER NERV SYST PROC W CC OR PERIPH NEUROSTIM,31,14905.0
DE,152 - OTITIS MEDIA & URI W MCC,31,9260.0
DE,249 - PERC CARDIOVASC PROC W NON-DRUG-ELUTING STENT W/O MCC,31,15901.0
DC,060 - MULTIPLE SCLEROSIS & CEREBELLAR ATAXIA W/O CC/MCC,31,11124.0
DC,"085 - TRAUMATIC STUPOR & COMA, COMA <1 HR W MCC",31,22075.0
DC,436 - MALIGNANCY OF HEPATOBILIARY SYSTEM OR PANCREAS W CC,31,13299.0
MD,"012 - TRACHEOSTOMY FOR FACE,MOUTH & NECK DIAGNOSES W CC",31,62793.0
MD,"463 - WND DEBRID & SKN GRFT EXC HAND, FOR MUSCULO-CONN TISS DIS W MCC",31,66016.0
MD,707 - MAJOR MALE PELVIC PROCEDURES W CC/MCC,31,17664.0
VA,041 - PERIPH/CRANIAL NERVE & OTHER NERV SYST PROC W CC OR PERIPH NEUROSTIM,31,18510.0
VA,654 - MAJOR BLADDER PROCEDURES W CC,31,28252.0
VA,"581 - OTHER SKIN, SUBCUT TISS & BREAST PROC W/O CC/MCC",31,10035.0
VA,674 - OTHER KIDNEY & URINARY TRACT PROCEDURES W CC,31,19765.0
NC,957 - OTHER O.R. PROCEDURES FOR MULTIPLE SIGNIFICANT TRAUMA W MCC,31,59342.0
NC,061 - ACUTE ISCHEMIC STROKE W USE OF THROMBOLYTIC AGENT W MCC,31,17635.0
SC,444 - DISORDERS OF THE BILIARY TRACT W MCC,31,14336.0
FL,029 - SPINAL PROCEDURES W CC OR SPINAL NEUROSTIMULATORS,31,20109.0
AL,489 - KNEE PROCEDURES W/O PDX OF INFECTION W/O CC/MCC,31,7305.0
AL,"405 - PANCREAS, LIVER & SHUNT PROCEDURES W MCC",31,40528.0
AL,261 - CARDIAC PACEMAKER REVISION EXCEPT DEVICE REPLACEMENT W CC,31,10981.0
TN,221 - CARDIAC VALVE & OTH MAJ CARDIOTHORACIC PROC W/O CARD CATH W/O CC/MCC,31,29960.0
TN,078 - HYPERTENSIVE ENCEPHALOPATHY W CC,31,7504.0
MS,240 - AMPUTATION FOR CIRC SYS DISORDERS EXC UPPER LIMB & TOE W CC,31,13245.0
MS,880 - ACUTE ADJUSTMENT REACTION & PSYCHOSOCIAL DYSFUNCTION,31,4160.0
KY,856 - POSTOPERATIVE OR POST-TRAUMATIC INFECTIONS W O.R. PROC W MCC,31,38349.0
KY,958 - OTHER O.R. PROCEDURES FOR MULTIPLE SIGNIFICANT TRAUMA W CC,31,33752.0
OH,357 - OTHER DIGESTIVE SYSTEM O.R. PROCEDURES W CC,31,15951.0
OH,674 - OTHER KIDNEY & URINARY TRACT PROCEDURES W CC,31,16797.0
OH,466 - REVISION OF HIP OR KNEE REPLACEMENT W MCC,31,37823.0
MI,334 - RECTAL RESECTION W/O CC/MCC,31,10848.0
MI,661 - KIDNEY & URETER PROCEDURES FOR NON-NEOPLASM W/O CC/MCC,31,12826.0
MI,838 - CHEMO W ACUTE LEUKEMIA AS SDX W CC OR HIGH DOSE CHEMO AGENT,31,24918.0
IA,103 - HEADACHES W/O MCC,31,4963.0
IA,644 - ENDOCRINE DISORDERS W CC,31,6887.0
IA,895 - ALCOHOL/DRUG ABUSE OR DEPENDENCE W REHABILITATION THERAPY,31,7828.0
WI,005 - LIVER TRANSPLANT W MCC OR INTESTINAL TRANSPLANT,31,125165.0
SD,071 - NONSPECIFIC CEREBROVASCULAR DISORDERS W CC,31,7334.0
SD,167 - OTHER RESP SYSTEM O.R. PROCEDURES W CC,31,13995.0
IL,656 - KIDNEY & URETER PROCEDURES FOR NEOPLASM W MCC,31,43180.0
MO,654 - MAJOR BLADDER PROCEDURES W CC,31,20989.0
KS,386 - INFLAMMATORY BOWEL DISEASE W CC,31,7582.0
KS,840 - LYMPHOMA & NON-ACUTE LEUKEMIA W MCC,31,22250.0
NE,"405 - PANCREAS, LIVER & SHUNT PROCEDURES W MCC",31,48699.0
NE,"406 - PANCREAS, LIVER & SHUNT PROCEDURES W CC",31,22879.0
NE,"580 - OTHER SKIN, SUBCUT TISS & BREAST PROC W CC",31,11435.0
LA,073 - CRANIAL & PERIPHERAL NERVE DISORDERS W MCC,31,8826.0
LA,165 - MAJOR CHEST PROCEDURES W/O CC/MCC,31,12311.0
AR,217 - CARDIAC VALVE & OTH MAJ CARDIOTHORACIC PROC W CARD CATH W CC,31,39339.0
AR,444 - DISORDERS OF THE BILIARY TRACT W MCC,31,9909.0
OK,840 - LYMPHOMA & NON-ACUTE LEUKEMIA W MCC,31,23629.0
OK,"283 - ACUTE MYOCARDIAL INFARCTION, EXPIRED W MCC",31,9517.0
OK,644 - ENDOCRINE DISORDERS W CC,31,6744.0
TX,040 - PERIPH/CRANIAL NERVE & OTHER NERV SYST PROC W MCC,31,26130.0
WY,314 - OTHER CIRCULATORY SYSTEM DIAGNOSES W MCC,31,14739.0
WY,948 - SIGNS & SYMPTOMS W/O MCC,31,5838.0
ID,"563 - FX, SPRN, STRN & DISL EXCEPT FEMUR, HIP, PELVIS & THIGH W/O MCC",31,5614.0
ID,"328 - STOMACH, ESOPHAGEAL & DUODENAL PROC W/O CC/MCC",31,10465.0
UT,863 - POSTOPERATIVE & POST-TRAUMATIC INFECTIONS W/O MCC,31,8675.0
UT,684 - RENAL FAILURE W/O CC/MCC,31,4346.0
AZ,032 - VENTRICULAR SHUNT PROCEDURES W CC,31,19315.0
AZ,696 - KIDNEY & URINARY TRACT SIGNS & SYMPTOMS W/O MCC,31,4603.0
NM,809 - MAJOR HEMATOL/IMMUN DIAG EXC SICKLE CELL CRISIS & COAGUL W CC,31,11192.0
NM,388 - G.I. OBSTRUCTION W MCC,31,11533.0
NM,435 - MALIGNANCY OF HEPATOBILIARY SYSTEM OR PANCREAS W MCC,31,11964.0
NM,467 - REVISION OF HIP OR KNEE REPLACEMENT W CC,31,23178.0
CA,"133 - OTHER EAR, NOSE, MOUTH & THROAT O.R. PROCEDURES W CC/MCC",31,25961.0
CA,928 - FULL THICKNESS BURN W SKIN GRAFT OR INHAL INJ W CC/MCC,31,64712.0
HI,"286 - CIRCULATORY DISORDERS EXCEPT AMI, W CARD CATH W MCC",31,28409.0
HI,253 - OTHER VASCULAR PROCEDURES W CC,31,22815.0
HI,543 - PATHOLOGICAL FRACTURES & MUSCULOSKELET & CONN TISS MALIG W CC,31,12527.0
WA,"407 - PANCREAS, LIVER & SHUNT PROCEDURES W/O CC/MCC",31,20514.0
WA,181 - RESPIRATORY NEOPLASMS W CC,31,12212.0
WA,186 - PLEURAL EFFUSION W MCC,31,11631.0
MA,226 - CARDIAC DEFIBRILLATOR IMPLANT W/O CARDIAC CATH W MCC,32,64971.0
MA,"629 - OTHER ENDOCRINE, NUTRIT & METAB O.R. PROC W CC",32,18618.0
RI,379 - G.I. HEMORRHAGE W/O CC/MCC,32,6425.0
RI,184 - MAJOR CHEST TRAUMA W CC,32,10242.0
RI,305 - HYPERTENSION W/O MCC,32,6858.0
NH,250 - PERC CARDIOVASC PROC W/O CORONARY ARTERY STENT W MCC,32,25955.0
NH,947 - SIGNS & SYMPTOMS W MCC,32,7557.0
NH,"464 - WND DEBRID & SKN GRFT EXC HAND, FOR MUSCULO-CONN TISS DIS W CC",32,29623.0
ME,"085 - TRAUMATIC STUPOR & COMA, COMA <1 HR W MCC",32,15576.0
ME,637 - DIABETES W MCC,32,11174.0
ME,684 - RENAL FAILURE W/O CC/MCC,32,4438.0
VT,025 - CRANIOTOMY & ENDOVASCULAR INTRACRANIAL PROCEDURES W MCC,32,34416.0
VT,180 - RESPIRATORY NEOPLASMS W MCC,32,16118.0
VT,238 - MAJOR CARDIOVASC PROCEDURES W/O MCC,32,31626.0
VT,244 - PERMANENT CARDIAC PACEMAKER IMPLANT W/O CC/MCC,32,18196.0
VT,708 - MAJOR MALE PELVIC PROCEDURES W/O CC/MCC,32,11809.0
VT,069 - TRANSIENT ISCHEMIA,32,6156.0
CT,654 - MAJOR BLADDER PROCEDURES W CC,32,30696.0
CT,462 - BILATERAL OR MULTIPLE MAJOR JOINT PROCS OF LOWER EXTREMITY W/O MCC,32,31796.0
NJ,333 - RECTAL RESECTION W CC,32,16277.0
NY,261 - CARDIAC PACEMAKER REVISION EXCEPT DEVICE REPLACEMENT W CC,32,19041.0
NY,"155 - OTHER EAR, NOSE, MOUTH & THROAT DIAGNOSES W CC",32,11268.0
NY,"627 - THYROID, PARATHYROID & THYROGLOSSAL PROCEDURES W/O CC/MCC",32,11055.0
NY,333 - RECTAL RESECTION W CC,32,26041.0
NY,245 - AICD GENERATOR PROCEDURES,32,41223.0
DE,026 - CRANIOTOMY & ENDOVASCULAR INTRACRANIAL PROCEDURES W CC,32,23623.0
DC,070 - NONSPECIFIC CEREBROVASCULAR DISORDERS W MCC,32,23122.0
DC,299 - PERIPHERAL VASCULAR DISORDERS W MCC,32,13469.0
DC,639 - DIABETES W/O CC/MCC,32,6070.0
MD,"581 - OTHER SKIN, SUBCUT TISS & BREAST PROC W/O CC/MCC",32,14669.0
VA,542 - PATHOLOGICAL FRACTURES & MUSCULOSKELET & CONN TISS MALIG W MCC,32,13544.0
VA,661 - KIDNEY & URETER PROCEDURES FOR NON-NEOPLASM W/O CC/MCC,32,12527.0
WV,"003 - ECMO OR TRACH W MV >96 HRS OR PDX EXC FACE, MOUTH & NECK W MAJ O.R.",32,100922.0
WV,417 - LAPAROSCOPIC CHOLECYSTECTOMY W/O C.D.E. W MCC,32,15591.0
WV,433 - CIRRHOSIS & ALCOHOLIC HEPATITIS W CC,32,7468.0
WV,436 - MALIGNANCY OF HEPATOBILIARY SYSTEM OR PANCREAS W CC,32,7678.0
WV,"629 - OTHER ENDOCRINE, NUTRIT & METAB O.R. PROC W CC",32,13426.0
WV,468 - REVISION OF HIP OR KNEE REPLACEMENT W/O CC/MCC,32,23196.0
WV,091 - OTHER DISORDERS OF NERVOUS SYSTEM W MCC,32,12541.0
NC,"407 - PANCREAS, LIVER & SHUNT PROCEDURES W/O CC/MCC",32,20013.0
SC,908 - OTHER O.R. PROCEDURES FOR INJURIES W CC,32,19984.0
SC,462 - BILATERAL OR MULTIPLE MAJOR JOINT PROCS OF LOWER EXTREMITY W/O MCC,32,20585.0
GA,152 - OTITIS MEDIA & URI W MCC,32,8407.0
GA,"283 - ACUTE MYOCARDIAL INFARCTION, EXPIRED W MCC",32,13106.0
FL,199 - PNEUMOTHORAX W MCC,32,13440.0
FL,"511 - SHOULDER,ELBOW OR FOREARM PROC,EXC MAJOR JOINT PROC W CC",32,11423.0
AL,"012 - TRACHEOSTOMY FOR FACE,MOUTH & NECK DIAGNOSES W CC",32,23150.0
AL,478 - BIOPSIES OF MUSCULOSKELETAL SYSTEM & CONNECTIVE TISSUE W CC,32,13787.0
AL,"580 - OTHER SKIN, SUBCUT TISS & BREAST PROC W CC",32,10024.0
AL,454 - COMBINED ANTERIOR/POSTERIOR SPINAL FUSION W CC,32,44747.0
TN,"405 - PANCREAS, LIVER & SHUNT PROCEDURES W MCC",32,41233.0
TN,837 - CHEMO W ACUTE LEUKEMIA AS SDX OR W HIGH DOSE CHEMO AGENT W MCC,32,48031.0
MS,336 - PERITONEAL ADHESIOLYSIS W CC,32,12809.0
MS,864 - FEVER,32,4761.0
MS,987 - NON-EXTENSIVE O.R. PROC UNRELATED TO PRINCIPAL DIAGNOSIS W MCC,32,18540.0
MS,093 - OTHER DISORDERS OF NERVOUS SYSTEM W/O CC/MCC,32,4558.0
KY,455 - COMBINED ANTERIOR/POSTERIOR SPINAL FUSION W/O CC/MCC,32,41700.0
KY,841 - LYMPHOMA & NON-ACUTE LEUKEMIA W CC,32,13853.0
OH,"012 - TRACHEOSTOMY FOR FACE,MOUTH & NECK DIAGNOSES W CC",32,28827.0
IN,653 - MAJOR BLADDER PROCEDURES W MCC,32,46837.0
IN,455 - COMBINED ANTERIOR/POSTERIOR SPINAL FUSION W/O CC/MCC,32,36350.0
MI,555 - SIGNS & SYMPTOMS OF MUSCULOSKELETAL SYSTEM & CONN TISSUE W MCC,32,9080.0
MI,348 - ANAL & STOMAL PROCEDURES W CC,32,9875.0
MI,055 - NERVOUS SYSTEM NEOPLASMS W/O MCC,32,9655.0
IA,840 - LYMPHOMA & NON-ACUTE LEUKEMIA W MCC,32,23952.0
IA,654 - MAJOR BLADDER PROCEDURES W CC,32,23626.0
MN,014 - ALLOGENEIC BONE MARROW TRANSPLANT,32,131767.0
MN,821 - LYMPHOMA & LEUKEMIA W MAJOR O.R. PROCEDURE W CC,32,24951.0
MN,827 - MYELOPROLIF DISORD OR POORLY DIFF NEOPL W MAJ O.R. PROC W CC,32,23676.0
SD,881 - DEPRESSIVE NEUROSES,32,5378.0
MT,254 - OTHER VASCULAR PROCEDURES W/O CC/MCC,32,11747.0
IL,645 - ENDOCRINE DISORDERS W/O CC/MCC,32,5169.0
IL,714 - TRANSURETHRAL PROSTATECTOMY W/O CC/MCC,32,6413.0
IL,573 - SKIN GRAFT FOR SKIN ULCER OR CELLULITIS W MCC,32,33322.0
MO,459 - SPINAL FUSION EXCEPT CERVICAL W MCC,32,57340.0
MO,373 - MAJOR GASTROINTESTINAL DISORDERS & PERITONEAL INFECTIONS W/O CC/MCC,32,5294.0
KS,654 - MAJOR BLADDER PROCEDURES W CC,32,17945.0
KS,988 - NON-EXTENSIVE O.R. PROC UNRELATED TO PRINCIPAL DIAGNOSIS W CC,32,10339.0
NE,152 - OTITIS MEDIA & URI W MCC,32,6487.0
LA,659 - KIDNEY & URETER PROCEDURES FOR NON-NEOPLASM W MCC,32,30260.0
LA,005 - LIVER TRANSPLANT W MCC OR INTESTINAL TRANSPLANT,32,100522.0
OK,179 - RESPIRATORY INFECTIONS & INFLAMMATIONS W/O CC/MCC,32,5851.0
OK,928 - FULL THICKNESS BURN W SKIN GRAFT OR INHAL INJ W CC/MCC,32,37312.0
OK,374 - DIGESTIVE MALIGNANCY W MCC,32,12413.0
OK,068 - NONSPECIFIC CVA & PRECEREBRAL OCCLUSION W/O INFARCT W/O MCC,32,5366.0
TX,737 - UTERINE & ADNEXA PROC FOR OVARIAN OR ADNEXAL MALIGNANCY W CC,32,14564.0
TX,337 - PERITONEAL ADHESIOLYSIS W/O CC/MCC,32,10747.0
CO,840 - LYMPHOMA & NON-ACUTE LEUKEMIA W MCC,32,47890.0
WY,"281 - ACUTE MYOCARDIAL INFARCTION, DISCHARGED ALIVE W CC",32,8177.0
WY,293 - HEART FAILURE & SHOCK W/O CC/MCC,32,5525.0
ID,"086 - TRAUMATIC STUPOR & COMA, COMA <1 HR W CC",32,8289.0
ID,221 - CARDIAC VALVE & OTH MAJ CARDIOTHORACIC PROC W/O CARD CATH W/O CC/MCC,32,27730.0
ID,336 - PERITONEAL ADHESIOLYSIS W CC,32,15424.0
NM,444 - DISORDERS OF THE BILIARY TRACT W MCC,32,11391.0
NM,536 - FRACTURES OF HIP & PELVIS W/O MCC,32,5410.0
NV,445 - DISORDERS OF THE BILIARY TRACT W CC,32,9566.0
NV,847 - CHEMOTHERAPY W/O ACUTE LEUKEMIA AS SECONDARY DIAGNOSIS W CC,32,8330.0
CA,055 - NERVOUS SYSTEM NEOPLASMS W/O MCC,32,12235.0
WA,062 - ACUTE ISCHEMIC STROKE W USE OF THROMBOLYTIC AGENT W CC,32,14351.0
AK,519 - BACK & NECK PROC EXC SPINAL FUSION W CC,32,14584.0
MA,497 - LOCAL EXCISION & REMOVAL INT FIX DEVICES EXC HIP & FEMUR W/O CC/MCC,34,10629.0
RI,056 - DEGENERATIVE NERVOUS SYSTEM DISORDERS W MCC,34,14446.0
RI,070 - NONSPECIFIC CEREBROVASCULAR DISORDERS W MCC,34,15116.0
RI,243 - PERMANENT CARDIAC PACEMAKER IMPLANT W CC,34,22758.0
RI,445 - DISORDERS OF THE BILIARY TRACT W CC,34,10612.0
NH,315 - OTHER CIRCULATORY SYSTEM DIAGNOSES W CC,34,9478.0
ME,163 - MAJOR CHEST PROCEDURES W MCC,34,32463.0
ME,371 - MAJOR GASTROINTESTINAL DISORDERS & PERITONEAL INFECTIONS W MCC,34,14815.0
ME,432 - CIRRHOSIS & ALCOHOLIC HEPATITIS W MCC,34,13715.0
CT,841 - LYMPHOMA & NON-ACUTE LEUKEMIA W CC,34,17255.0
CT,974 - HIV W MAJOR RELATED CONDITION W MCC,34,27692.0
NJ,433 - CIRRHOSIS & ALCOHOLIC HEPATITIS W CC,34,10717.0
NJ,384 - UNCOMPLICATED PEPTIC ULCER W/O MCC,34,7250.0
NJ,"083 - TRAUMATIC STUPOR & COMA, COMA >1 HR W CC",34,11586.0
NJ,060 - MULTIPLE SCLEROSIS & CEREBELLAR ATAXIA W/O CC/MCC,34,5929.0
NY,496 - LOCAL EXCISION & REMOVAL INT FIX DEVICES EXC HIP & FEMUR W CC,34,21145.0
NY,302 - ATHEROSCLEROSIS W MCC,34,12579.0
PA,808 - MAJOR HEMATOL/IMMUN DIAG EXC SICKLE CELL CRISIS & COAGUL W MCC,34,22240.0
DE,027 - CRANIOTOMY & ENDOVASCULAR INTRACRANIAL PROCEDURES W/O CC/MCC,34,20763.0
DE,068 - NONSPECIFIC CVA & PRECEREBRAL OCCLUSION W/O INFARCT W/O MCC,34,7492.0
DE,264 - OTHER CIRCULATORY SYSTEM O.R. PROCEDURES,34,22205.0
DE,519 - BACK & NECK PROC EXC SPINAL FUSION W CC,34,15838.0
DE,"627 - THYROID, PARATHYROID & THYROGLOSSAL PROCEDURES W/O CC/MCC",34,7001.0
DC,059 - MULTIPLE SCLEROSIS & CEREBELLAR ATAXIA W CC,34,11729.0
DC,374 - DIGESTIVE MALIGNANCY W MCC,34,24237.0
DC,"405 - PANCREAS, LIVER & SHUNT PROCEDURES W MCC",34,77796.0
DC,660 - KIDNEY & URETER PROCEDURES FOR NON-NEOPLASM W CC,34,17184.0
DC,863 - POSTOPERATIVE & POST-TRAUMATIC INFECTIONS W/O MCC,34,9797.0
MD,714 - TRANSURETHRAL PROSTATECTOMY W/O CC/MCC,34,5272.0
MD,748 - FEMALE REPRODUCTIVE SYSTEM RECONSTRUCTIVE PROCEDURES,34,6898.0
MD,620 - O.R. PROCEDURES FOR OBESITY W CC,34,17831.0
MD,"894 - ALCOHOL/DRUG ABUSE OR DEPENDENCE, LEFT AMA",34,2469.0
MD,896 - ALCOHOL/DRUG ABUSE OR DEPENDENCE W/O REHABILITATION THERAPY W MCC,34,14446.0
VA,535 - FRACTURES OF HIP & PELVIS W MCC,34,8826.0
WV,240 - AMPUTATION FOR CIRC SYS DISORDERS EXC UPPER LIMB & TOE W CC,34,16884.0
WV,393 - OTHER DIGESTIVE SYSTEM DIAGNOSES W MCC,34,13879.0
NC,466 - REVISION OF HIP OR KNEE REPLACEMENT W MCC,34,41745.0
NC,311 - ANGINA PECTORIS,34,4408.0
SC,620 - O.R. PROCEDURES FOR OBESITY W CC,34,14565.0
GA,354 - HERNIA PROCEDURES EXCEPT INGUINAL & FEMORAL W CC,34,12386.0
FL,573 - SKIN GRAFT FOR SKIN ULCER OR CELLULITIS W MCC,34,21010.0
FL,123 - NEUROLOGICAL EYE DISORDERS,34,7318.0
FL,"581 - OTHER SKIN, SUBCUT TISS & BREAST PROC W/O CC/MCC",34,8041.0
AL,033 - VENTRICULAR SHUNT PROCEDURES W/O CC/MCC,34,9938.0
AL,775 - VAGINAL DELIVERY W/O COMPLICATING DIAGNOSES,34,4318.0
MS,216 - CARDIAC VALVE & OTH MAJ CARDIOTHORACIC PROC W CARD CATH W MCC,34,58839.0
MS,"327 - STOMACH, ESOPHAGEAL & DUODENAL PROC W CC",34,18133.0
KY,036 - CAROTID ARTERY STENT PROCEDURE W/O CC/MCC,34,11589.0
MI,"492 - LOWER EXTREM & HUMER PROC EXCEPT HIP,FOOT,FEMUR W MCC",34,26638.0
MI,"560 - AFTERCARE, MUSCULOSKELETAL SYSTEM & CONNECTIVE TISSUE W CC",34,9049.0
MI,240 - AMPUTATION FOR CIRC SYS DISORDERS EXC UPPER LIMB & TOE W CC,34,22260.0
MN,"511 - SHOULDER,ELBOW OR FOREARM PROC,EXC MAJOR JOINT PROC W CC",34,14017.0
MN,880 - ACUTE ADJUSTMENT REACTION & PSYCHOSOCIAL DYSFUNCTION,34,5634.0
MN,187 - PLEURAL EFFUSION W CC,34,9703.0
MN,129 - MAJOR HEAD & NECK PROCEDURES W CC/MCC OR MAJOR DEVICE,34,22780.0
SD,462 - BILATERAL OR MULTIPLE MAJOR JOINT PROCS OF LOWER EXTREMITY W/O MCC,34,20858.0
SD,200 - PNEUMOTHORAX W CC,34,7673.0
SD,918 - POISONING & TOXIC EFFECTS OF DRUGS W/O MCC,34,5204.0
ND,163 - MAJOR CHEST PROCEDURES W MCC,34,33812.0
ND,"283 - ACUTE MYOCARDIAL INFARCTION, EXPIRED W MCC",34,11443.0
IL,221 - CARDIAC VALVE & OTH MAJ CARDIOTHORACIC PROC W/O CARD CATH W/O CC/MCC,34,40036.0
IL,029 - SPINAL PROCEDURES W CC OR SPINAL NEUROSTIMULATORS,34,27993.0
LA,694 - URINARY STONES W/O ESW LITHOTRIPSY W/O MCC,34,4796.0
AR,354 - HERNIA PROCEDURES EXCEPT INGUINAL & FEMORAL W CC,34,10281.0
OK,072 - NONSPECIFIC CEREBROVASCULAR DISORDERS W/O CC/MCC,34,5212.0
OK,433 - CIRRHOSIS & ALCOHOLIC HEPATITIS W CC,34,8512.0
OK,781 - OTHER ANTEPARTUM DIAGNOSES W MEDICAL COMPLICATIONS,34,7894.0
OK,093 - OTHER DISORDERS OF NERVOUS SYSTEM W/O CC/MCC,34,4561.0
TX,304 - HYPERTENSION W MCC,34,7869.0
WY,192 - CHRONIC OBSTRUCTIVE PULMONARY DISEASE W/O CC/MCC,34,6501.0
ID,237 - MAJOR CARDIOVASC PROCEDURES W MCC,34,34095.0
UT,192 - CHRONIC OBSTRUCTIVE PULMONARY DISEASE W/O CC/MCC,34,5345.0
UT,393 - OTHER DIGESTIVE SYSTEM DIAGNOSES W MCC,34,14699.0
UT,"956 - LIMB REATTACHMENT, HIP & FEMUR PROC FOR MULTIPLE SIGNIFICANT TRAUMA",34,21864.0
UT,809 - MAJOR HEMATOL/IMMUN DIAG EXC SICKLE CELL CRISIS & COAGUL W CC,34,10372.0
UT,417 - LAPAROSCOPIC CHOLECYSTECTOMY W/O C.D.E. W MCC,34,18902.0
AZ,459 - SPINAL FUSION EXCEPT CERVICAL W MCC,34,61885.0
NV,163 - MAJOR CHEST PROCEDURES W MCC,34,31532.0
CA,"627 - THYROID, PARATHYROID & THYROGLOSSAL PROCEDURES W/O CC/MCC",34,10018.0
CA,187 - PLEURAL EFFUSION W CC,34,10284.0
CA,880 - ACUTE ADJUSTMENT REACTION & PSYCHOSOCIAL DYSFUNCTION,34,5480.0
OR,336 - PERITONEAL ADHESIOLYSIS W CC,34,21491.0
WA,556 - SIGNS & SYMPTOMS OF MUSCULOSKELETAL SYSTEM & CONN TISSUE W/O MCC,34,6293.0
WA,502 - SOFT TISSUE PROCEDURES W/O CC/MCC,34,14812.0
WA,073 - CRANIAL & PERIPHERAL NERVE DISORDERS W MCC,34,10019.0
MA,517 - OTHER MUSCULOSKELET SYS & CONN TISS O.R. PROC W/O CC/MCC,35,16393.0
MA,033 - VENTRICULAR SHUNT PROCEDURES W/O CC/MCC,35,15543.0
MA,197 - INTERSTITIAL LUNG DISEASE W CC,35,11772.0
MA,"407 - PANCREAS, LIVER & SHUNT PROCEDURES W/O CC/MCC",35,20301.0
MA,614 - ADRENAL & PITUITARY PROCEDURES W CC/MCC,35,25084.0
RI,175 - PULMONARY EMBOLISM W MCC,35,14145.0
RI,054 - NERVOUS SYSTEM NEOPLASMS W MCC,35,12334.0
RI,554 - BONE DISEASES & ARTHROPATHIES W/O MCC,35,6936.0
RI,920 - COMPLICATIONS OF TREATMENT W CC,35,8792.0
NH,100 - SEIZURES W MCC,35,13463.0
NH,"283 - ACUTE MYOCARDIAL INFARCTION, EXPIRED W MCC",35,13850.0
ME,054 - NERVOUS SYSTEM NEOPLASMS W MCC,35,10235.0
ME,"617 - AMPUTAT OF LOWER LIMB FOR ENDOCRINE,NUTRIT,& METABOL DIS W CC",35,15567.0
ME,811 - RED BLOOD CELL DISORDERS W MCC,35,10476.0
CT,311 - ANGINA PECTORIS,35,4981.0
NY,223 - CARDIAC DEFIB IMPLANT W CARDIAC CATH W AMI/HF/SHOCK W/O MCC,35,60506.0
NY,497 - LOCAL EXCISION & REMOVAL INT FIX DEVICES EXC HIP & FEMUR W/O CC/MCC,35,12088.0
NY,614 - ADRENAL & PITUITARY PROCEDURES W CC/MCC,35,27278.0
DE,061 - ACUTE ISCHEMIC STROKE W USE OF THROMBOLYTIC AGENT W MCC,35,25900.0
DE,919 - COMPLICATIONS OF TREATMENT W MCC,35,13849.0
DC,163 - MAJOR CHEST PROCEDURES W MCC,35,55391.0
DC,908 - OTHER O.R. PROCEDURES FOR INJURIES W CC,35,19455.0
DC,395 - OTHER DIGESTIVE SYSTEM DIAGNOSES W/O CC/MCC,35,6961.0
DC,"581 - OTHER SKIN, SUBCUT TISS & BREAST PROC W/O CC/MCC",35,10305.0
MD,655 - MAJOR BLADDER PROCEDURES W/O CC/MCC,35,27672.0
MD,835 - ACUTE LEUKEMIA W/O MAJOR O.R. PROCEDURE W CC,35,59955.0
MD,856 - POSTOPERATIVE OR POST-TRAUMATIC INFECTIONS W O.R. PROC W MCC,35,66652.0
MD,866 - VIRAL ILLNESS W/O MCC,35,11672.0
VA,040 - PERIPH/CRANIAL NERVE & OTHER NERV SYST PROC W MCC,35,30095.0
VA,"407 - PANCREAS, LIVER & SHUNT PROCEDURES W/O CC/MCC",35,19453.0
WV,947 - SIGNS & SYMPTOMS W MCC,35,9314.0
NC,517 - OTHER MUSCULOSKELET SYS & CONN TISS O.R. PROC W/O CC/MCC,35,11658.0
SC,543 - PATHOLOGICAL FRACTURES & MUSCULOSKELET & CONN TISS MALIG W CC,35,7413.0
GA,055 - NERVOUS SYSTEM NEOPLASMS W/O MCC,35,7685.0
FL,"011 - TRACHEOSTOMY FOR FACE,MOUTH & NECK DIAGNOSES W MCC",35,49715.0
AL,016 - AUTOLOGOUS BONE MARROW TRANSPLANT W CC/MCC,35,63937.0
AL,"082 - TRAUMATIC STUPOR & COMA, COMA >1 HR W MCC",35,11816.0
AL,"134 - OTHER EAR, NOSE, MOUTH & THROAT O.R. PROCEDURES W/O CC/MCC",35,7949.0
AL,808 - MAJOR HEMATOL/IMMUN DIAG EXC SICKLE CELL CRISIS & COAGUL W MCC,35,16668.0
AL,896 - ALCOHOL/DRUG ABUSE OR DEPENDENCE W/O REHABILITATION THERAPY W MCC,35,10140.0
AL,987 - NON-EXTENSIVE O.R. PROC UNRELATED TO PRINCIPAL DIAGNOSIS W MCC,35,21335.0
MS,373 - MAJOR GASTROINTESTINAL DISORDERS & PERITONEAL INFECTIONS W/O CC/MCC,35,4933.0
MS,643 - ENDOCRINE DISORDERS W MCC,35,10723.0
MS,674 - OTHER KIDNEY & URINARY TRACT PROCEDURES W CC,35,12591.0
KY,187 - PLEURAL EFFUSION W CC,35,6894.0
OH,261 - CARDIAC PACEMAKER REVISION EXCEPT DEVICE REPLACEMENT W CC,35,16570.0
IN,"283 - ACUTE MYOCARDIAL INFARCTION, EXPIRED W MCC",35,14135.0
IN,356 - OTHER DIGESTIVE SYSTEM O.R. PROCEDURES W MCC,35,31887.0
IN,643 - ENDOCRINE DISORDERS W MCC,35,13764.0
IN,813 - COAGULATION DISORDERS,35,139568.0
IN,696 - KIDNEY & URINARY TRACT SIGNS & SYMPTOMS W/O MCC,35,4579.0
MI,381 - COMPLICATED PEPTIC ULCER W CC,35,7703.0
WI,"605 - TRAUMA TO THE SKIN, SUBCUT TISS & BREAST W/O MCC",35,5884.0
WI,014 - ALLOGENEIC BONE MARROW TRANSPLANT,35,110131.0
WI,"740 - UTERINE,ADNEXA PROC FOR NON-OVARIAN/ADNEXAL MALIG W CC",35,15901.0
MN,103 - HEADACHES W/O MCC,35,7009.0
MN,"012 - TRACHEOSTOMY FOR FACE,MOUTH & NECK DIAGNOSES W CC",35,34966.0
MN,659 - KIDNEY & URETER PROCEDURES FOR NON-NEOPLASM W MCC,35,39879.0
MN,517 - OTHER MUSCULOSKELET SYS & CONN TISS O.R. PROC W/O CC/MCC,35,17106.0
SD,336 - PERITONEAL ADHESIOLYSIS W CC,35,16454.0
SD,"442 - DISORDERS OF LIVER EXCEPT MALIG,CIRR,ALC HEPA W CC",35,7188.0
SD,920 - COMPLICATIONS OF TREATMENT W CC,35,7464.0
SD,152 - OTITIS MEDIA & URI W MCC,35,7805.0
IL,014 - ALLOGENEIC BONE MARROW TRANSPLANT,35,123479.0
KS,239 - AMPUTATION FOR CIRC SYS DISORDERS EXC UPPER LIMB & TOE W MCC,35,25022.0
KS,"327 - STOMACH, ESOPHAGEAL & DUODENAL PROC W CC",35,18385.0
LA,186 - PLEURAL EFFUSION W MCC,35,11658.0
LA,354 - HERNIA PROCEDURES EXCEPT INGUINAL & FEMORAL W CC,35,13080.0
LA,743 - UTERINE & ADNEXA PROC FOR NON-MALIGNANCY W/O CC/MCC,35,28875.0
OK,488 - KNEE PROCEDURES W/O PDX OF INFECTION W CC/MCC,35,11213.0
OK,765 - CESAREAN SECTION W CC/MCC,35,11223.0
OK,062 - ACUTE ISCHEMIC STROKE W USE OF THROMBOLYTIC AGENT W CC,35,11372.0
TX,334 - RECTAL RESECTION W/O CC/MCC,35,10977.0
TX,713 - TRANSURETHRAL PROSTATECTOMY W CC/MCC,35,9554.0
CO,543 - PATHOLOGICAL FRACTURES & MUSCULOSKELET & CONN TISS MALIG W CC,35,8532.0
WY,243 - PERMANENT CARDIAC PACEMAKER IMPLANT W CC,35,19479.0
WY,"286 - CIRCULATORY DISORDERS EXCEPT AMI, W CARD CATH W MCC",35,16800.0
ID,091 - OTHER DISORDERS OF NERVOUS SYSTEM W MCC,35,12203.0
UT,"087 - TRAUMATIC STUPOR & COMA, COMA <1 HR W/O CC/MCC",35,5973.0
UT,202 - BRONCHITIS & ASTHMA W CC/MCC,35,6731.0
UT,657 - KIDNEY & URETER PROCEDURES FOR NEOPLASM W CC,35,85946.0
AZ,184 - MAJOR CHEST TRAUMA W CC,35,7484.0
AZ,"580 - OTHER SKIN, SUBCUT TISS & BREAST PROC W CC",35,16744.0
AZ,303 - ATHEROSCLEROSIS W/O MCC,35,5245.0
NM,220 - CARDIAC VALVE & OTH MAJ CARDIOTHORACIC PROC W/O CARD CATH W CC,35,31716.0
NM,"004 - TRACH W MV 96+ HRS OR PDX EXC FACE, MOUTH & NECK W/O MAJ O.R.",35,68917.0
NM,"493 - LOWER EXTREM & HUMER PROC EXCEPT HIP,FOOT,FEMUR W CC",35,13970.0
NM,684 - RENAL FAILURE W/O CC/MCC,35,5358.0
NV,919 - COMPLICATIONS OF TREATMENT W MCC,35,19243.0
NV,092 - OTHER DISORDERS OF NERVOUS SYSTEM W CC,35,6989.0
WA,643 - ENDOCRINE DISORDERS W MCC,35,11973.0
AK,220 - CARDIAC VALVE & OTH MAJ CARDIOTHORACIC PROC W/O CARD CATH W CC,35,48835.0
AK,293 - HEART FAILURE & SHOCK W/O CC/MCC,35,7151.0
MA,838 - CHEMO W ACUTE LEUKEMIA AS SDX W CC OR HIGH DOSE CHEMO AGENT,36,35615.0
RI,881 - DEPRESSIVE NEUROSES,36,5351.0
RI,315 - OTHER CIRCULATORY SYSTEM DIAGNOSES W CC,36,8910.0
VT,253 - OTHER VASCULAR PROCEDURES W CC,36,22409.0
VT,300 - PERIPHERAL VASCULAR DISORDERS W CC,36,8829.0
VT,"563 - FX, SPRN, STRN & DISL EXCEPT FEMUR, HIP, PELVIS & THIGH W/O MCC",36,7696.0
NJ,544 - PATHOLOGICAL FRACTURES & MUSCULOSKELET & CONN TISS MALIG W/O CC/MCC,36,7389.0
NJ,"562 - FX, SPRN, STRN & DISL EXCEPT FEMUR, HIP, PELVIS & THIGH W MCC",36,13039.0
NY,517 - OTHER MUSCULOSKELET SYS & CONN TISS O.R. PROC W/O CC/MCC,36,17059.0
NY,645 - ENDOCRINE DISORDERS W/O CC/MCC,36,7983.0
NY,987 - NON-EXTENSIVE O.R. PROC UNRELATED TO PRINCIPAL DIAGNOSIS W MCC,36,45243.0
PA,032 - VENTRICULAR SHUNT PROCEDURES W CC,36,17484.0
PA,226 - CARDIAC DEFIBRILLATOR IMPLANT W/O CARDIAC CATH W MCC,36,68375.0
DE,227 - CARDIAC DEFIBRILLATOR IMPLANT W/O CARDIAC CATH W/O MCC,36,39299.0
DE,455 - COMBINED ANTERIOR/POSTERIOR SPINAL FUSION W/O CC/MCC,36,55436.0
DE,864 - FEVER,36,7694.0
DC,166 - OTHER RESP SYSTEM O.R. PROCEDURES W MCC,36,41409.0
MD,386 - INFLAMMATORY BOWEL DISEASE W CC,36,10090.0
MD,496 - LOCAL EXCISION & REMOVAL INT FIX DEVICES EXC HIP & FEMUR W CC,36,20174.0
VA,"741 - UTERINE,ADNEXA PROC FOR NON-OVARIAN/ADNEXAL MALIG W/O CC/MCC",36,8875.0
VA,187 - PLEURAL EFFUSION W CC,36,6543.0
WV,149 - DYSEQUILIBRIUM,36,5203.0
WV,200 - PNEUMOTHORAX W CC,36,8132.0
WV,216 - CARDIAC VALVE & OTH MAJ CARDIOTHORACIC PROC W CARD CATH W MCC,36,72886.0
WV,435 - MALIGNANCY OF HEPATOBILIARY SYSTEM OR PANCREAS W MCC,36,13061.0
NC,838 - CHEMO W ACUTE LEUKEMIA AS SDX W CC OR HIGH DOSE CHEMO AGENT,36,27065.0
NC,866 - VIRAL ILLNESS W/O MCC,36,10345.0
NC,007 - LUNG TRANSPLANT,36,95666.0
NC,518 - BACK & NECK PROC EXC SPINAL FUSION W MCC OR DISC DEVICE/NEUROSTIM,36,19381.0
SC,"327 - STOMACH, ESOPHAGEAL & DUODENAL PROC W CC",36,31386.0
SC,"406 - PANCREAS, LIVER & SHUNT PROCEDURES W CC",36,25216.0
SC,196 - INTERSTITIAL LUNG DISEASE W MCC,36,12328.0
SC,554 - BONE DISEASES & ARTHROPATHIES W/O MCC,36,4702.0
SC,987 - NON-EXTENSIVE O.R. PROC UNRELATED TO PRINCIPAL DIAGNOSIS W MCC,36,21171.0
GA,001 - HEART TRANSPLANT OR IMPLANT OF HEART ASSIST SYSTEM W MCC,36,247173.0
FL,345 - MINOR SMALL & LARGE BOWEL PROCEDURES W CC,36,12844.0
FL,935 - NON-EXTENSIVE BURNS,36,16455.0
FL,"755 - MALIGNANCY, FEMALE REPRODUCTIVE SYSTEM W CC",36,9125.0
AL,221 - CARDIAC VALVE & OTH MAJ CARDIOTHORACIC PROC W/O CARD CATH W/O CC/MCC,36,25381.0
AL,516 - OTHER MUSCULOSKELET SYS & CONN TISS O.R. PROC W CC,36,13491.0
KY,200 - PNEUMOTHORAX W CC,36,8436.0
KY,179 - RESPIRATORY INFECTIONS & INFLAMMATIONS W/O CC/MCC,36,6396.0
IN,837 - CHEMO W ACUTE LEUKEMIA AS SDX OR W HIGH DOSE CHEMO AGENT W MCC,36,54224.0
MI,068 - NONSPECIFIC CVA & PRECEREBRAL OCCLUSION W/O INFARCT W/O MCC,36,6292.0
MI,333 - RECTAL RESECTION W CC,36,19749.0
MI,714 - TRANSURETHRAL PROSTATECTOMY W/O CC/MCC,36,5858.0
MI,471 - CERVICAL SPINAL FUSION W MCC,36,34389.0
MI,"734 - PELVIC EVISCERATION, RAD HYSTERECTOMY & RAD VULVECTOMY W CC/MCC",36,19728.0
IA,264 - OTHER CIRCULATORY SYSTEM O.R. PROCEDURES,36,17413.0
IA,395 - OTHER DIGESTIVE SYSTEM DIAGNOSES W/O CC/MCC,36,6502.0
MN,964 - OTHER MULTIPLE SIGNIFICANT TRAUMA W CC,36,14573.0
MN,037 - EXTRACRANIAL PROCEDURES W MCC,36,26496.0
MN,226 - CARDIAC DEFIBRILLATOR IMPLANT W/O CARDIAC CATH W MCC,36,62903.0
ND,419 - LAPAROSCOPIC CHOLECYSTECTOMY W/O C.D.E. W/O CC/MCC,36,8358.0
MT,163 - MAJOR CHEST PROCEDURES W MCC,36,32217.0
MT,300 - PERIPHERAL VASCULAR DISORDERS W CC,36,6552.0
MO,781 - OTHER ANTEPARTUM DIAGNOSES W MEDICAL COMPLICATIONS,36,7336.0
KS,103 - HEADACHES W/O MCC,36,6202.0
KS,658 - KIDNEY & URETER PROCEDURES FOR NEOPLASM W/O CC/MCC,36,9613.0
NE,001 - HEART TRANSPLANT OR IMPLANT OF HEART ASSIST SYSTEM W MCC,36,225830.0
NE,"004 - TRACH W MV 96+ HRS OR PDX EXC FACE, MOUTH & NECK W/O MAJ O.R.",36,66721.0
AR,204 - RESPIRATORY SIGNS & SYMPTOMS,36,4498.0
AR,"464 - WND DEBRID & SKN GRFT EXC HAND, FOR MUSCULO-CONN TISS DIS W CC",36,18833.0
TX,183 - MAJOR CHEST TRAUMA W MCC,36,19747.0
TX,"296 - CARDIAC ARREST, UNEXPLAINED W MCC",36,10625.0
CO,375 - DIGESTIVE MALIGNANCY W CC,36,9484.0
CO,516 - OTHER MUSCULOSKELET SYS & CONN TISS O.R. PROC W CC,36,15034.0
CO,841 - LYMPHOMA & NON-ACUTE LEUKEMIA W CC,36,13001.0
CO,016 - AUTOLOGOUS BONE MARROW TRANSPLANT W CC/MCC,36,48304.0
CO,038 - EXTRACRANIAL PROCEDURES W CC,36,8937.0
ID,251 - PERC CARDIOVASC PROC W/O CORONARY ARTERY STENT W/O MCC,36,15041.0
UT,184 - MAJOR CHEST TRAUMA W CC,36,8441.0
UT,865 - VIRAL ILLNESS W MCC,36,14248.0
NM,242 - PERMANENT CARDIAC PACEMAKER IMPLANT W MCC,36,23940.0
NV,"494 - LOWER EXTREM & HUMER PROC EXCEPT HIP,FOOT,FEMUR W/O CC/MCC",36,12319.0
NV,743 - UTERINE & ADNEXA PROC FOR NON-MALIGNANCY W/O CC/MCC,36,7389.0
HI,602 - CELLULITIS W MCC,36,20881.0
OR,620 - O.R. PROCEDURES FOR OBESITY W CC,36,18321.0
WA,206 - OTHER RESPIRATORY SYSTEM DIAGNOSES W/O MCC,36,7673.0
WA,"580 - OTHER SKIN, SUBCUT TISS & BREAST PROC W CC",36,15021.0
WA,837 - CHEMO W ACUTE LEUKEMIA AS SDX OR W HIGH DOSE CHEMO AGENT W MCC,36,69582.0
MA,356 - OTHER DIGESTIVE SYSTEM O.R. PROCEDURES W MCC,37,45472.0
RI,"441 - DISORDERS OF LIVER EXCEPT MALIG,CIRR,ALC HEPA W MCC",37,15893.0
RI,375 - DIGESTIVE MALIGNANCY W CC,37,10243.0
RI,652 - KIDNEY TRANSPLANT,37,32686.0
RI,847 - CHEMOTHERAPY W/O ACUTE LEUKEMIA AS SECONDARY DIAGNOSIS W CC,37,10755.0
NH,103 - HEADACHES W/O MCC,37,6956.0
ME,200 - PNEUMOTHORAX W CC,37,8211.0
ME,435 - MALIGNANCY OF HEPATOBILIARY SYSTEM OR PANCREAS W MCC,37,13009.0
VT,948 - SIGNS & SYMPTOMS W/O MCC,37,6253.0
VT,192 - CHRONIC OBSTRUCTIVE PULMONARY DISEASE W/O CC/MCC,37,6369.0
CT,103 - HEADACHES W/O MCC,37,7021.0
CT,433 - CIRRHOSIS & ALCOHOLIC HEPATITIS W CC,37,9521.0
CT,620 - O.R. PROCEDURES FOR OBESITY W CC,37,18501.0
NJ,"492 - LOWER EXTREM & HUMER PROC EXCEPT HIP,FOOT,FEMUR W MCC",37,30840.0
NY,518 - BACK & NECK PROC EXC SPINAL FUSION W MCC OR DISC DEVICE/NEUROSTIM,37,30713.0
NY,592 - SKIN ULCERS W MCC,37,15602.0
NY,"512 - SHOULDER,ELBOW OR FOREARM PROC,EXC MAJOR JOINT PROC W/O CC/MCC",37,14200.0
NY,593 - SKIN ULCERS W CC,37,10686.0
PA,928 - FULL THICKNESS BURN W SKIN GRAFT OR INHAL INJ W CC/MCC,37,52492.0
DE,267 - ENDOVASCULAR CARDIAC VALVE REPLACEMENT W/O MCC,37,55617.0
DE,"327 - STOMACH, ESOPHAGEAL & DUODENAL PROC W CC",37,19740.0
DE,445 - DISORDERS OF THE BILIARY TRACT W CC,37,8596.0
DE,947 - SIGNS & SYMPTOMS W MCC,37,9191.0
DC,438 - DISORDERS OF PANCREAS EXCEPT MALIGNANCY W MCC,37,18127.0
MD,592 - SKIN ULCERS W MCC,37,11626.0
MD,005 - LIVER TRANSPLANT W MCC OR INTESTINAL TRANSPLANT,37,171275.0
MD,"407 - PANCREAS, LIVER & SHUNT PROCEDURES W/O CC/MCC",37,26149.0
VA,"629 - OTHER ENDOCRINE, NUTRIT & METAB O.R. PROC W CC",37,14403.0
VA,865 - VIRAL ILLNESS W MCC,37,10170.0
WV,163 - MAJOR CHEST PROCEDURES W MCC,37,37379.0
WV,227 - CARDIAC DEFIBRILLATOR IMPLANT W/O CARDIAC CATH W/O MCC,37,31840.0
WV,673 - OTHER KIDNEY & URINARY TRACT PROCEDURES W MCC,37,26280.0
NC,029 - SPINAL PROCEDURES W CC OR SPINAL NEUROSTIMULATORS,37,26664.0
NC,037 - EXTRACRANIAL PROCEDURES W MCC,37,27968.0
SC,200 - PNEUMOTHORAX W CC,37,6477.0
SC,"558 - TENDONITIS, MYOSITIS & BURSITIS W/O MCC",37,5834.0
GA,857 - POSTOPERATIVE OR POST-TRAUMATIC INFECTIONS W O.R. PROC W CC,37,12829.0
GA,656 - KIDNEY & URETER PROCEDURES FOR NEOPLASM W MCC,37,24618.0
FL,387 - INFLAMMATORY BOWEL DISEASE W/O CC/MCC,37,5810.0
FL,458 - SPINAL FUS EXC CERV W SPINAL CURV/MALIG/INFEC OR 9+ FUS W/O CC/MCC,37,30564.0
AL,333 - RECTAL RESECTION W CC,37,14630.0
AL,674 - OTHER KIDNEY & URINARY TRACT PROCEDURES W CC,37,13772.0
AL,714 - TRANSURETHRAL PROSTATECTOMY W/O CC/MCC,37,4752.0
TN,373 - MAJOR GASTROINTESTINAL DISORDERS & PERITONEAL INFECTIONS W/O CC/MCC,37,5573.0
TN,"011 - TRACHEOSTOMY FOR FACE,MOUTH & NECK DIAGNOSES W MCC",37,37204.0
TN,093 - OTHER DISORDERS OF NERVOUS SYSTEM W/O CC/MCC,37,5762.0
MS,204 - RESPIRATORY SIGNS & SYMPTOMS,37,4277.0
KY,478 - BIOPSIES OF MUSCULOSKELETAL SYSTEM & CONNECTIVE TISSUE W CC,37,13037.0
KY,"956 - LIMB REATTACHMENT, HIP & FEMUR PROC FOR MULTIPLE SIGNIFICANT TRAUMA",37,44981.0
OH,196 - INTERSTITIAL LUNG DISEASE W MCC,37,13369.0
OH,"734 - PELVIC EVISCERATION, RAD HYSTERECTOMY & RAD VULVECTOMY W CC/MCC",37,17176.0
OH,016 - AUTOLOGOUS BONE MARROW TRANSPLANT W CC/MCC,37,59870.0
IN,055 - NERVOUS SYSTEM NEOPLASMS W/O MCC,37,8002.0
IA,669 - TRANSURETHRAL PROCEDURES W CC,37,8065.0
IA,908 - OTHER O.R. PROCEDURES FOR INJURIES W CC,37,13750.0
WI,186 - PLEURAL EFFUSION W MCC,37,12613.0
MN,643 - ENDOCRINE DISORDERS W MCC,37,14529.0
SD,438 - DISORDERS OF PANCREAS EXCEPT MALIGNANCY W MCC,37,15385.0
SD,444 - DISORDERS OF THE BILIARY TRACT W MCC,37,11244.0
ND,070 - NONSPECIFIC CEREBROVASCULAR DISORDERS W MCC,37,11930.0
ND,101 - SEIZURES W/O MCC,37,5456.0
ND,462 - BILATERAL OR MULTIPLE MAJOR JOINT PROCS OF LOWER EXTREMITY W/O MCC,37,22666.0
ND,472 - CERVICAL SPINAL FUSION W CC,37,20102.0
ND,854 - INFECTIOUS & PARASITIC DISEASES W O.R. PROCEDURE W CC,37,15833.0
MT,101 - SEIZURES W/O MCC,37,5068.0
MT,439 - DISORDERS OF PANCREAS EXCEPT MALIGNANCY W CC,37,6151.0
IL,061 - ACUTE ISCHEMIC STROKE W USE OF THROMBOLYTIC AGENT W MCC,37,19375.0
MO,354 - HERNIA PROCEDURES EXCEPT INGUINAL & FEMORAL W CC,37,13703.0
MO,841 - LYMPHOMA & NON-ACUTE LEUKEMIA W CC,37,12004.0
KS,023 - CRANIO W MAJOR DEV IMPL/ACUTE COMPLEX CNS PDX W MCC OR CHEMO IMPLANT,37,37381.0
KS,093 - OTHER DISORDERS OF NERVOUS SYSTEM W/O CC/MCC,37,5780.0
LA,765 - CESAREAN SECTION W CC/MCC,37,11944.0
LA,152 - OTITIS MEDIA & URI W MCC,37,6125.0
AR,375 - DIGESTIVE MALIGNANCY W CC,37,10202.0
OK,"406 - PANCREAS, LIVER & SHUNT PROCEDURES W CC",37,24608.0
TX,496 - LOCAL EXCISION & REMOVAL INT FIX DEVICES EXC HIP & FEMUR W CC,37,12828.0
TX,068 - NONSPECIFIC CVA & PRECEREBRAL OCCLUSION W/O INFARCT W/O MCC,37,6398.0
CO,181 - RESPIRATORY NEOPLASMS W CC,37,8947.0
CO,457 - SPINAL FUS EXC CERV W SPINAL CURV/MALIG/INFEC OR EXT FUS W CC,37,57554.0
ID,388 - G.I. OBSTRUCTION W MCC,37,10394.0
ID,440 - DISORDERS OF PANCREAS EXCEPT MALIGNANCY W/O CC/MCC,37,5227.0
AZ,375 - DIGESTIVE MALIGNANCY W CC,37,7990.0
NM,331 - MAJOR SMALL & LARGE BOWEL PROCEDURES W/O CC/MCC,37,11907.0
NV,027 - CRANIOTOMY & ENDOVASCULAR INTRACRANIAL PROCEDURES W/O CC/MCC,37,17270.0
NV,432 - CIRRHOSIS & ALCOHOLIC HEPATITIS W MCC,37,12839.0
NV,660 - KIDNEY & URETER PROCEDURES FOR NON-NEOPLASM W CC,37,14510.0
CA,"082 - TRAUMATIC STUPOR & COMA, COMA >1 HR W MCC",37,20904.0
CA,333 - RECTAL RESECTION W CC,37,26984.0
CA,"579 - OTHER SKIN, SUBCUT TISS & BREAST PROC W MCC",37,22547.0
CA,737 - UTERINE & ADNEXA PROC FOR OVARIAN OR ADNEXAL MALIGNANCY W CC,37,22431.0
HI,219 - CARDIAC VALVE & OTH MAJ CARDIOTHORACIC PROC W/O CARD CATH W MCC,37,68891.0
OR,870 - SEPTICEMIA OR SEVERE SEPSIS W MV >96 HOURS,37,55549.0
AK,101 - SEIZURES W/O MCC,37,7718.0
AK,251 - PERC CARDIOVASC PROC W/O CORONARY ARTERY STENT W/O MCC,37,19845.0
AK,377 - G.I. HEMORRHAGE W MCC,37,19614.0
AK,467 - REVISION OF HIP OR KNEE REPLACEMENT W CC,37,28196.0
RI,"494 - LOWER EXTREM & HUMER PROC EXCEPT HIP,FOOT,FEMUR W/O CC/MCC",38,14365.0
RI,"087 - TRAUMATIC STUPOR & COMA, COMA <1 HR W/O CC/MCC",38,7766.0
RI,"286 - CIRCULATORY DISORDERS EXCEPT AMI, W CARD CATH W MCC",38,19104.0
NH,379 - G.I. HEMORRHAGE W/O CC/MCC,38,5074.0
NH,303 - ATHEROSCLEROSIS W/O MCC,38,5232.0
ME,181 - RESPIRATORY NEOPLASMS W CC,38,9399.0
ME,982 - EXTENSIVE O.R. PROCEDURE UNRELATED TO PRINCIPAL DIAGNOSIS W CC,38,24759.0
VT,219 - CARDIAC VALVE & OTH MAJ CARDIOTHORACIC PROC W/O CARD CATH W MCC,38,61388.0
CT,186 - PLEURAL EFFUSION W MCC,38,18096.0
NJ,846 - CHEMOTHERAPY W/O ACUTE LEUKEMIA AS SECONDARY DIAGNOSIS W MCC,38,19910.0
NJ,073 - CRANIAL & PERIPHERAL NERVE DISORDERS W MCC,38,12190.0
NY,005 - LIVER TRANSPLANT W MCC OR INTESTINAL TRANSPLANT,38,118595.0
PA,337 - PERITONEAL ADHESIOLYSIS W/O CC/MCC,38,11563.0
PA,542 - PATHOLOGICAL FRACTURES & MUSCULOSKELET & CONN TISS MALIG W MCC,38,14956.0
PA,"082 - TRAUMATIC STUPOR & COMA, COMA >1 HR W MCC",38,14154.0
DE,355 - HERNIA PROCEDURES EXCEPT INGUINAL & FEMORAL W/O CC/MCC,38,11346.0
DE,417 - LAPAROSCOPIC CHOLECYSTECTOMY W/O C.D.E. W MCC,38,21136.0
DE,440 - DISORDERS OF PANCREAS EXCEPT MALIGNANCY W/O CC/MCC,38,5280.0
DE,644 - ENDOCRINE DISORDERS W CC,38,8333.0
DC,023 - CRANIO W MAJOR DEV IMPL/ACUTE COMPLEX CNS PDX W MCC OR CHEMO IMPLANT,38,50152.0
DC,444 - DISORDERS OF THE BILIARY TRACT W MCC,38,17653.0
DC,519 - BACK & NECK PROC EXC SPINAL FUSION W CC,38,18174.0
DC,536 - FRACTURES OF HIP & PELVIS W/O MCC,38,5949.0
MD,"740 - UTERINE,ADNEXA PROC FOR NON-OVARIAN/ADNEXAL MALIG W CC",38,16751.0
MD,545 - CONNECTIVE TISSUE DISORDERS W MCC,38,36065.0
MD,659 - KIDNEY & URETER PROCEDURES FOR NON-NEOPLASM W MCC,38,46523.0
VA,"083 - TRAUMATIC STUPOR & COMA, COMA >1 HR W CC",38,12416.0
VA,"580 - OTHER SKIN, SUBCUT TISS & BREAST PROC W CC",38,12313.0
WV,"283 - ACUTE MYOCARDIAL INFARCTION, EXPIRED W MCC",38,12467.0
WV,419 - LAPAROSCOPIC CHOLECYSTECTOMY W/O C.D.E. W/O CC/MCC,38,8827.0
NC,620 - O.R. PROCEDURES FOR OBESITY W CC,38,12628.0
NC,496 - LOCAL EXCISION & REMOVAL INT FIX DEVICES EXC HIP & FEMUR W CC,38,13863.0
NC,355 - HERNIA PROCEDURES EXCEPT INGUINAL & FEMORAL W/O CC/MCC,38,10890.0
SC,354 - HERNIA PROCEDURES EXCEPT INGUINAL & FEMORAL W CC,38,13546.0
GA,929 - FULL THICKNESS BURN W SKIN GRAFT OR INHAL INJ W/O CC/MCC,38,15409.0
GA,061 - ACUTE ISCHEMIC STROKE W USE OF THROMBOLYTIC AGENT W MCC,38,19917.0
GA,"407 - PANCREAS, LIVER & SHUNT PROCEDURES W/O CC/MCC",38,13508.0
FL,"579 - OTHER SKIN, SUBCUT TISS & BREAST PROC W MCC",38,16068.0
AL,356 - OTHER DIGESTIVE SYSTEM O.R. PROCEDURES W MCC,38,23887.0
TN,737 - UTERINE & ADNEXA PROC FOR OVARIAN OR ADNEXAL MALIGNANCY W CC,38,14808.0
TN,033 - VENTRICULAR SHUNT PROCEDURES W/O CC/MCC,38,10626.0
TN,"463 - WND DEBRID & SKN GRFT EXC HAND, FOR MUSCULO-CONN TISS DIS W MCC",38,38815.0
KY,205 - OTHER RESPIRATORY SYSTEM DIAGNOSES W MCC,38,12072.0
OH,226 - CARDIAC DEFIBRILLATOR IMPLANT W/O CARDIAC CATH W MCC,38,64876.0
OH,229 - OTHER CARDIOTHORACIC PROCEDURES W CC,38,35048.0
IN,335 - PERITONEAL ADHESIOLYSIS W MCC,38,33116.0
IN,742 - UTERINE & ADNEXA PROC FOR NON-MALIGNANCY W CC/MCC,38,12840.0
MI,123 - NEUROLOGICAL EYE DISORDERS,38,5521.0
MI,748 - FEMALE REPRODUCTIVE SYSTEM RECONSTRUCTIVE PROCEDURES,38,7672.0
MI,"407 - PANCREAS, LIVER & SHUNT PROCEDURES W/O CC/MCC",38,20316.0
MI,707 - MAJOR MALE PELVIC PROCEDURES W CC/MCC,38,21719.0
WI,644 - ENDOCRINE DISORDERS W CC,38,7711.0
WI,896 - ALCOHOL/DRUG ABUSE OR DEPENDENCE W/O REHABILITATION THERAPY W MCC,38,13502.0
WI,659 - KIDNEY & URETER PROCEDURES FOR NON-NEOPLASM W MCC,38,33732.0
WI,248 - PERC CARDIOVASC PROC W NON-DRUG-ELUTING STENT W MCC OR 4+ VES/STENTS,38,19923.0
MN,453 - COMBINED ANTERIOR/POSTERIOR SPINAL FUSION W MCC,38,73851.0
MN,737 - UTERINE & ADNEXA PROC FOR OVARIAN OR ADNEXAL MALIGNANCY W CC,38,17893.0
SD,"282 - ACUTE MYOCARDIAL INFARCTION, DISCHARGED ALIVE W/O CC/MCC",38,5342.0
SD,379 - G.I. HEMORRHAGE W/O CC/MCC,38,5289.0
SD,388 - G.I. OBSTRUCTION W MCC,38,12589.0
ND,"617 - AMPUTAT OF LOWER LIMB FOR ENDOCRINE,NUTRIT,& METABOL DIS W CC",38,13231.0
ND,652 - KIDNEY TRANSPLANT,38,33559.0
MT,379 - G.I. HEMORRHAGE W/O CC/MCC,38,4440.0
MT,684 - RENAL FAILURE W/O CC/MCC,38,4226.0
IL,386 - INFLAMMATORY BOWEL DISEASE W CC,38,8583.0
MO,607 - MINOR SKIN DISORDERS W/O MCC,38,7862.0
MO,742 - UTERINE & ADNEXA PROC FOR NON-MALIGNANCY W CC/MCC,38,11121.0
MO,928 - FULL THICKNESS BURN W SKIN GRAFT OR INHAL INJ W CC/MCC,38,36771.0
KS,165 - MAJOR CHEST PROCEDURES W/O CC/MCC,38,12738.0
NE,"085 - TRAUMATIC STUPOR & COMA, COMA <1 HR W MCC",38,13761.0
NE,"558 - TENDONITIS, MYOSITIS & BURSITIS W/O MCC",38,5433.0
LA,669 - TRANSURETHRAL PROCEDURES W CC,38,9105.0
AR,743 - UTERINE & ADNEXA PROC FOR NON-MALIGNANCY W/O CC/MCC,38,7562.0
OK,743 - UTERINE & ADNEXA PROC FOR NON-MALIGNANCY W/O CC/MCC,38,7957.0
OK,395 - OTHER DIGESTIVE SYSTEM DIAGNOSES W/O CC/MCC,38,4676.0
OK,669 - TRANSURETHRAL PROCEDURES W CC,38,7741.0
TX,645 - ENDOCRINE DISORDERS W/O CC/MCC,38,5963.0
WY,176 - PULMONARY EMBOLISM W/O MCC,38,7864.0
WY,330 - MAJOR SMALL & LARGE BOWEL PROCEDURES W CC,38,22948.0
ID,708 - MAJOR MALE PELVIC PROCEDURES W/O CC/MCC,38,9880.0
ID,847 - CHEMOTHERAPY W/O ACUTE LEUKEMIA AS SECONDARY DIAGNOSIS W CC,38,7803.0
UT,242 - PERMANENT CARDIAC PACEMAKER IMPLANT W MCC,38,25096.0
AZ,"464 - WND DEBRID & SKN GRFT EXC HAND, FOR MUSCULO-CONN TISS DIS W CC",38,21727.0
NV,254 - OTHER VASCULAR PROCEDURES W/O CC/MCC,38,12910.0
NV,543 - PATHOLOGICAL FRACTURES & MUSCULOSKELET & CONN TISS MALIG W CC,38,7728.0
CA,030 - SPINAL PROCEDURES W/O CC/MCC,38,19139.0
CA,239 - AMPUTATION FOR CIRC SYS DISORDERS EXC UPPER LIMB & TOE W MCC,38,44175.0
CA,696 - KIDNEY & URINARY TRACT SIGNS & SYMPTOMS W/O MCC,38,6039.0
CA,081 - NONTRAUMATIC STUPOR & COMA W/O MCC,38,7688.0
CA,032 - VENTRICULAR SHUNT PROCEDURES W CC,38,22974.0
HI,069 - TRANSIENT ISCHEMIA,38,7572.0
OR,"326 - STOMACH, ESOPHAGEAL & DUODENAL PROC W MCC",38,52672.0
OR,166 - OTHER RESP SYSTEM O.R. PROCEDURES W MCC,38,30061.0
WA,660 - KIDNEY & URETER PROCEDURES FOR NON-NEOPLASM W CC,38,18669.0
AK,"287 - CIRCULATORY DISORDERS EXCEPT AMI, W CARD CATH W/O MCC",38,12260.0
MA,196 - INTERSTITIAL LUNG DISEASE W MCC,39,19105.0
RI,854 - INFECTIOUS & PARASITIC DISEASES W O.R. PROCEDURE W CC,39,17611.0
RI,091 - OTHER DISORDERS OF NERVOUS SYSTEM W MCC,39,13013.0
RI,219 - CARDIAC VALVE & OTH MAJ CARDIOTHORACIC PROC W/O CARD CATH W MCC,39,73657.0
NH,216 - CARDIAC VALVE & OTH MAJ CARDIOTHORACIC PROC W CARD CATH W MCC,39,87766.0
NH,221 - CARDIAC VALVE & OTH MAJ CARDIOTHORACIC PROC W/O CARD CATH W/O CC/MCC,39,41483.0
ME,919 - COMPLICATIONS OF TREATMENT W MCC,39,15672.0
ME,881 - DEPRESSIVE NEUROSES,39,4760.0
CT,673 - OTHER KIDNEY & URINARY TRACT PROCEDURES W MCC,39,37667.0
NY,036 - CAROTID ARTERY STENT PROCEDURE W/O CC/MCC,39,15188.0
NY,345 - MINOR SMALL & LARGE BOWEL PROCEDURES W CC,39,20762.0
NY,"407 - PANCREAS, LIVER & SHUNT PROCEDURES W/O CC/MCC",39,22963.0
PA,"740 - UTERINE,ADNEXA PROC FOR NON-OVARIAN/ADNEXAL MALIG W CC",39,14373.0
DE,221 - CARDIAC VALVE & OTH MAJ CARDIOTHORACIC PROC W/O CARD CATH W/O CC/MCC,39,31621.0
DE,"441 - DISORDERS OF LIVER EXCEPT MALIG,CIRR,ALC HEPA W MCC",39,15528.0
DC,621 - O.R. PROCEDURES FOR OBESITY W/O CC/MCC,39,12551.0
MD,029 - SPINAL PROCEDURES W CC OR SPINAL NEUROSTIMULATORS,39,41299.0
MD,459 - SPINAL FUSION EXCEPT CERVICAL W MCC,39,53377.0
MD,266 - ENDOVASCULAR CARDIAC VALVE REPLACEMENT W MCC,39,84970.0
VA,"406 - PANCREAS, LIVER & SHUNT PROCEDURES W CC",39,25561.0
VA,659 - KIDNEY & URETER PROCEDURES FOR NON-NEOPLASM W MCC,39,36315.0
WV,267 - ENDOVASCULAR CARDIAC VALVE REPLACEMENT W/O MCC,39,40910.0
NC,179 - RESPIRATORY INFECTIONS & INFLAMMATIONS W/O CC/MCC,39,6963.0
SC,895 - ALCOHOL/DRUG ABUSE OR DEPENDENCE W REHABILITATION THERAPY,39,7301.0
GA,"605 - TRAUMA TO THE SKIN, SUBCUT TISS & BREAST W/O MCC",39,8364.0
GA,813 - COAGULATION DISORDERS,39,18116.0
GA,975 - HIV W MAJOR RELATED CONDITION W CC,39,13145.0
GA,554 - BONE DISEASES & ARTHROPATHIES W/O MCC,39,4898.0
GA,"894 - ALCOHOL/DRUG ABUSE OR DEPENDENCE, LEFT AMA",39,2419.0
FL,453 - COMBINED ANTERIOR/POSTERIOR SPINAL FUSION W MCC,39,75798.0
FL,"623 - SKIN GRAFTS & WOUND DEBRID FOR ENDOC, NUTRIT & METAB DIS W CC",39,12010.0
FL,668 - TRANSURETHRAL PROCEDURES W MCC,39,16859.0
FL,334 - RECTAL RESECTION W/O CC/MCC,39,11025.0
FL,381 - COMPLICATED PEPTIC ULCER W CC,39,6968.0
FL,545 - CONNECTIVE TISSUE DISORDERS W MCC,39,21424.0
AL,867 - OTHER INFECTIOUS & PARASITIC DISEASES DIAGNOSES W MCC,39,28064.0
AL,179 - RESPIRATORY INFECTIONS & INFLAMMATIONS W/O CC/MCC,39,5728.0
TN,"558 - TENDONITIS, MYOSITIS & BURSITIS W/O MCC",39,5475.0
TN,"734 - PELVIC EVISCERATION, RAD HYSTERECTOMY & RAD VULVECTOMY W CC/MCC",39,19539.0
TN,354 - HERNIA PROCEDURES EXCEPT INGUINAL & FEMORAL W CC,39,10873.0
MS,657 - KIDNEY & URETER PROCEDURES FOR NEOPLASM W CC,39,15983.0
KY,056 - DEGENERATIVE NERVOUS SYSTEM DISORDERS W MCC,39,14309.0
KY,654 - MAJOR BLADDER PROCEDURES W CC,39,24644.0
OH,"133 - OTHER EAR, NOSE, MOUTH & THROAT O.R. PROCEDURES W CC/MCC",39,18119.0
OH,545 - CONNECTIVE TISSUE DISORDERS W MCC,39,25644.0
IN,840 - LYMPHOMA & NON-ACUTE LEUKEMIA W MCC,39,23069.0
IN,179 - RESPIRATORY INFECTIONS & INFLAMMATIONS W/O CC/MCC,39,6314.0
MI,"580 - OTHER SKIN, SUBCUT TISS & BREAST PROC W CC",39,12550.0
MI,837 - CHEMO W ACUTE LEUKEMIA AS SDX OR W HIGH DOSE CHEMO AGENT W MCC,39,83075.0
IA,846 - CHEMOTHERAPY W/O ACUTE LEUKEMIA AS SECONDARY DIAGNOSIS W MCC,39,19470.0
WI,103 - HEADACHES W/O MCC,39,5878.0
WI,"283 - ACUTE MYOCARDIAL INFARCTION, EXPIRED W MCC",39,11607.0
WI,856 - POSTOPERATIVE OR POST-TRAUMATIC INFECTIONS W O.R. PROC W MCC,39,46462.0
WI,908 - OTHER O.R. PROCEDURES FOR INJURIES W CC,39,22813.0
MN,184 - MAJOR CHEST TRAUMA W CC,39,11576.0
MN,440 - DISORDERS OF PANCREAS EXCEPT MALIGNANCY W/O CC/MCC,39,5233.0
SD,219 - CARDIAC VALVE & OTH MAJ CARDIOTHORACIC PROC W/O CARD CATH W MCC,39,45638.0
SD,870 - SEPTICEMIA OR SEVERE SEPSIS W MV >96 HOURS,39,45612.0
SD,982 - EXTENSIVE O.R. PROCEDURE UNRELATED TO PRINCIPAL DIAGNOSIS W CC,39,18117.0
IL,856 - POSTOPERATIVE OR POST-TRAUMATIC INFECTIONS W O.R. PROC W MCC,39,40240.0
IL,"741 - UTERINE,ADNEXA PROC FOR NON-OVARIAN/ADNEXAL MALIG W/O CC/MCC",39,9857.0
IL,240 - AMPUTATION FOR CIRC SYS DISORDERS EXC UPPER LIMB & TOE W CC,39,15488.0
MO,765 - CESAREAN SECTION W CC/MCC,39,11081.0
MO,846 - CHEMOTHERAPY W/O ACUTE LEUKEMIA AS SECONDARY DIAGNOSIS W MCC,39,17862.0
KS,880 - ACUTE ADJUSTMENT REACTION & PSYCHOSOCIAL DYSFUNCTION,39,4618.0
NE,862 - POSTOPERATIVE & POST-TRAUMATIC INFECTIONS W MCC,39,14739.0
NE,847 - CHEMOTHERAPY W/O ACUTE LEUKEMIA AS SECONDARY DIAGNOSIS W CC,39,10651.0
AR,073 - CRANIAL & PERIPHERAL NERVE DISORDERS W MCC,39,7826.0
AR,517 - OTHER MUSCULOSKELET SYS & CONN TISS O.R. PROC W/O CC/MCC,39,10261.0
AR,813 - COAGULATION DISORDERS,39,16884.0
AR,864 - FEVER,39,7329.0
OK,165 - MAJOR CHEST PROCEDURES W/O CC/MCC,39,14313.0
OK,227 - CARDIAC DEFIBRILLATOR IMPLANT W/O CARDIAC CATH W/O MCC,39,33362.0
CO,054 - NERVOUS SYSTEM NEOPLASMS W MCC,39,12369.0
CO,205 - OTHER RESPIRATORY SYSTEM DIAGNOSES W MCC,39,13141.0
CO,554 - BONE DISEASES & ARTHROPATHIES W/O MCC,39,6121.0
WY,812 - RED BLOOD CELL DISORDERS W/O MCC,39,6491.0
ID,267 - ENDOVASCULAR CARDIAC VALVE REPLACEMENT W/O MCC,39,44321.0
ID,254 - OTHER VASCULAR PROCEDURES W/O CC/MCC,39,11206.0
ID,027 - CRANIOTOMY & ENDOVASCULAR INTRACRANIAL PROCEDURES W/O CC/MCC,39,16166.0
UT,023 - CRANIO W MAJOR DEV IMPL/ACUTE COMPLEX CNS PDX W MCC OR CHEMO IMPLANT,39,38005.0
UT,854 - INFECTIOUS & PARASITIC DISEASES W O.R. PROCEDURE W CC,39,16721.0
UT,419 - LAPAROSCOPIC CHOLECYSTECTOMY W/O C.D.E. W/O CC/MCC,39,8112.0
AZ,354 - HERNIA PROCEDURES EXCEPT INGUINAL & FEMORAL W CC,39,13703.0
AZ,"405 - PANCREAS, LIVER & SHUNT PROCEDURES W MCC",39,46978.0
NM,243 - PERMANENT CARDIAC PACEMAKER IMPLANT W CC,39,16891.0
NV,862 - POSTOPERATIVE & POST-TRAUMATIC INFECTIONS W MCC,39,13794.0
NV,266 - ENDOVASCULAR CARDIAC VALVE REPLACEMENT W MCC,39,60552.0
NV,657 - KIDNEY & URETER PROCEDURES FOR NEOPLASM W CC,39,14389.0
CA,546 - CONNECTIVE TISSUE DISORDERS W CC,39,15400.0
HI,025 - CRANIOTOMY & ENDOVASCULAR INTRACRANIAL PROCEDURES W MCC,39,36508.0
HI,"086 - TRAUMATIC STUPOR & COMA, COMA <1 HR W CC",39,12642.0
HI,638 - DIABETES W CC,39,9950.0
WA,167 - OTHER RESP SYSTEM O.R. PROCEDURES W CC,39,16890.0
WA,808 - MAJOR HEMATOL/IMMUN DIAG EXC SICKLE CELL CRISIS & COAGUL W MCC,39,32103.0
AK,243 - PERMANENT CARDIAC PACEMAKER IMPLANT W CC,39,22962.0
AK,390 - G.I. OBSTRUCTION W/O CC/MCC,39,7508.0
AK,948 - SIGNS & SYMPTOMS W/O MCC,39,7772.0
RI,164 - MAJOR CHEST PROCEDURES W CC,40,21857.0
RI,"493 - LOWER EXTREM & HUMER PROC EXCEPT HIP,FOOT,FEMUR W CC",40,20407.0
RI,520 - BACK & NECK PROC EXC SPINAL FUSION W/O CC/MCC,40,10540.0
NH,180 - RESPIRATORY NEOPLASMS W MCC,40,14017.0
ME,202 - BRONCHITIS & ASTHMA W CC/MCC,40,6259.0
ME,179 - RESPIRATORY INFECTIONS & INFLAMMATIONS W/O CC/MCC,40,8355.0
ME,250 - PERC CARDIOVASC PROC W/O CORONARY ARTERY STENT W MCC,40,22886.0
ME,"563 - FX, SPRN, STRN & DISL EXCEPT FEMUR, HIP, PELVIS & THIGH W/O MCC",40,5995.0
ME,880 - ACUTE ADJUSTMENT REACTION & PSYCHOSOCIAL DYSFUNCTION,40,5689.0
CT,093 - OTHER DISORDERS OF NERVOUS SYSTEM W/O CC/MCC,40,8106.0
CT,"629 - OTHER ENDOCRINE, NUTRIT & METAB O.R. PROC W CC",40,21611.0
NJ,535 - FRACTURES OF HIP & PELVIS W MCC,40,9911.0
NJ,700 - OTHER KIDNEY & URINARY TRACT DIAGNOSES W/O CC/MCC,40,5307.0
PA,068 - NONSPECIFIC CVA & PRECEREBRAL OCCLUSION W/O INFARCT W/O MCC,40,7637.0
PA,"084 - TRAUMATIC STUPOR & COMA, COMA >1 HR W/O CC/MCC",40,7339.0
PA,123 - NEUROLOGICAL EYE DISORDERS,40,8612.0
DC,181 - RESPIRATORY NEOPLASMS W CC,40,12238.0
DC,375 - DIGESTIVE MALIGNANCY W CC,40,12584.0
DC,472 - CERVICAL SPINAL FUSION W CC,40,33504.0
MD,840 - LYMPHOMA & NON-ACUTE LEUKEMIA W MCC,40,50855.0
NC,"011 - TRACHEOSTOMY FOR FACE,MOUTH & NECK DIAGNOSES W MCC",40,45103.0
NC,545 - CONNECTIVE TISSUE DISORDERS W MCC,40,20299.0
NC,433 - CIRRHOSIS & ALCOHOLIC HEPATITIS W CC,40,7238.0
GA,200 - PNEUMOTHORAX W CC,40,7193.0
GA,896 - ALCOHOL/DRUG ABUSE OR DEPENDENCE W/O REHABILITATION THERAPY W MCC,40,11573.0
FL,343 - APPENDECTOMY W/O COMPLICATED PRINCIPAL DIAG W/O CC/MCC,40,6068.0
FL,565 - OTHER MUSCULOSKELETAL SYS & CONNECTIVE TISSUE DIAGNOSES W CC,40,7817.0
FL,030 - SPINAL PROCEDURES W/O CC/MCC,40,10987.0
FL,546 - CONNECTIVE TISSUE DISORDERS W CC,40,9291.0
FL,"561 - AFTERCARE, MUSCULOSKELETAL SYSTEM & CONNECTIVE TISSUE W/O CC/MCC",40,4433.0
FL,593 - SKIN ULCERS W CC,40,8503.0
FL,670 - TRANSURETHRAL PROCEDURES W/O CC/MCC,40,6093.0
AL,707 - MAJOR MALE PELVIC PROCEDURES W CC/MCC,40,9769.0
AL,657 - KIDNEY & URETER PROCEDURES FOR NEOPLASM W CC,40,12092.0
TN,055 - NERVOUS SYSTEM NEOPLASMS W/O MCC,40,7425.0
TN,867 - OTHER INFECTIOUS & PARASITIC DISEASES DIAGNOSES W MCC,40,18478.0
KY,433 - CIRRHOSIS & ALCOHOLIC HEPATITIS W CC,40,6311.0
KY,896 - ALCOHOL/DRUG ABUSE OR DEPENDENCE W/O REHABILITATION THERAPY W MCC,40,11500.0
OH,307 - CARDIAC CONGENITAL & VALVULAR DISORDERS W/O MCC,40,7367.0
OH,643 - ENDOCRINE DISORDERS W MCC,40,10185.0
OH,030 - SPINAL PROCEDURES W/O CC/MCC,40,13204.0
IN,866 - VIRAL ILLNESS W/O MCC,40,6983.0
MI,"296 - CARDIAC ARREST, UNEXPLAINED W MCC",40,9294.0
MI,037 - EXTRACRANIAL PROCEDURES W MCC,40,23108.0
WI,196 - INTERSTITIAL LUNG DISEASE W MCC,40,14086.0
WI,395 - OTHER DIGESTIVE SYSTEM DIAGNOSES W/O CC/MCC,40,4993.0
WI,813 - COAGULATION DISORDERS,40,28421.0
MN,455 - COMBINED ANTERIOR/POSTERIOR SPINAL FUSION W/O CC/MCC,40,43078.0
SD,536 - FRACTURES OF HIP & PELVIS W/O MCC,40,5924.0
MT,"563 - FX, SPRN, STRN & DISL EXCEPT FEMUR, HIP, PELVIS & THIGH W/O MCC",40,5098.0
MO,200 - PNEUMOTHORAX W CC,40,7130.0
MO,433 - CIRRHOSIS & ALCOHOLIC HEPATITIS W CC,40,8395.0
MO,867 - OTHER INFECTIOUS & PARASITIC DISEASES DIAGNOSES W MCC,40,20425.0
NE,074 - CRANIAL & PERIPHERAL NERVE DISORDERS W/O MCC,40,8012.0
LA,660 - KIDNEY & URETER PROCEDURES FOR NON-NEOPLASM W CC,40,16791.0
LA,149 - DYSEQUILIBRIUM,40,4321.0
AR,267 - ENDOVASCULAR CARDIAC VALVE REPLACEMENT W/O MCC,40,34806.0
AR,"326 - STOMACH, ESOPHAGEAL & DUODENAL PROC W MCC",40,37169.0
AR,907 - OTHER O.R. PROCEDURES FOR INJURIES W MCC,40,27387.0
OK,"464 - WND DEBRID & SKN GRFT EXC HAND, FOR MUSCULO-CONN TISS DIS W CC",40,19006.0
OK,864 - FEVER,40,6486.0
WY,071 - NONSPECIFIC CEREBROVASCULAR DISORDERS W CC,40,7982.0
WY,389 - G.I. OBSTRUCTION W CC,40,7339.0
UT,519 - BACK & NECK PROC EXC SPINAL FUSION W CC,40,11876.0
AZ,181 - RESPIRATORY NEOPLASMS W CC,40,8771.0
NM,237 - MAJOR CARDIOVASC PROCEDURES W MCC,40,39398.0
NM,244 - PERMANENT CARDIAC PACEMAKER IMPLANT W/O CC/MCC,40,13889.0
NM,"494 - LOWER EXTREM & HUMER PROC EXCEPT HIP,FOOT,FEMUR W/O CC/MCC",40,11107.0
NV,551 - MEDICAL BACK PROBLEMS W MCC,40,10825.0
NV,863 - POSTOPERATIVE & POST-TRAUMATIC INFECTIONS W/O MCC,40,7493.0
NV,982 - EXTENSIVE O.R. PROCEDURE UNRELATED TO PRINCIPAL DIAGNOSIS W CC,40,19647.0
CA,456 - SPINAL FUS EXC CERV W SPINAL CURV/MALIG/INFEC OR 9+ FUS W MCC,40,124683.0
HI,243 - PERMANENT CARDIAC PACEMAKER IMPLANT W CC,40,23288.0
HI,847 - CHEMOTHERAPY W/O ACUTE LEUKEMIA AS SECONDARY DIAGNOSIS W CC,40,12440.0
OR,074 - CRANIAL & PERIPHERAL NERVE DISORDERS W/O MCC,40,6786.0
OR,"087 - TRAUMATIC STUPOR & COMA, COMA <1 HR W/O CC/MCC",40,9398.0
OR,982 - EXTENSIVE O.R. PROCEDURE UNRELATED TO PRINCIPAL DIAGNOSIS W CC,40,24159.0
AK,812 - RED BLOOD CELL DISORDERS W/O MCC,40,7417.0
AK,039 - EXTRACRANIAL PROCEDURES W/O CC/MCC,40,9004.0
RI,"442 - DISORDERS OF LIVER EXCEPT MALIG,CIRR,ALC HEPA W CC",41,8540.0
RI,639 - DIABETES W/O CC/MCC,41,5631.0
NH,920 - COMPLICATIONS OF TREATMENT W CC,41,8356.0
ME,"087 - TRAUMATIC STUPOR & COMA, COMA <1 HR W/O CC/MCC",41,5862.0
ME,233 - CORONARY BYPASS W CARDIAC CATH W MCC,41,54823.0
ME,863 - POSTOPERATIVE & POST-TRAUMATIC INFECTIONS W/O MCC,41,7587.0
VT,"282 - ACUTE MYOCARDIAL INFARCTION, DISCHARGED ALIVE W/O CC/MCC",41,6766.0
VT,462 - BILATERAL OR MULTIPLE MAJOR JOINT PROCS OF LOWER EXTREMITY W/O MCC,41,30373.0
VT,480 - HIP & FEMUR PROCEDURES EXCEPT MAJOR JOINT W MCC,41,27025.0
CT,446 - DISORDERS OF THE BILIARY TRACT W/O CC/MCC,41,7569.0
CT,373 - MAJOR GASTROINTESTINAL DISORDERS & PERITONEAL INFECTIONS W/O CC/MCC,41,8765.0
CT,196 - INTERSTITIAL LUNG DISEASE W MCC,41,20545.0
NJ,834 - ACUTE LEUKEMIA W/O MAJOR O.R. PROCEDURE W MCC,41,54660.0
NJ,839 - CHEMO W ACUTE LEUKEMIA AS SDX W/O CC/MCC,41,10936.0
NY,129 - MAJOR HEAD & NECK PROCEDURES W CC/MCC OR MAJOR DEVICE,41,30038.0
PA,478 - BIOPSIES OF MUSCULOSKELETAL SYSTEM & CONNECTIVE TISSUE W CC,41,20018.0
PA,546 - CONNECTIVE TISSUE DISORDERS W CC,41,13949.0
PA,311 - ANGINA PECTORIS,41,4010.0
PA,446 - DISORDERS OF THE BILIARY TRACT W/O CC/MCC,41,5459.0
DE,103 - HEADACHES W/O MCC,41,5984.0
DE,393 - OTHER DIGESTIVE SYSTEM DIAGNOSES W MCC,41,13674.0
DE,"605 - TRAUMA TO THE SKIN, SUBCUT TISS & BREAST W/O MCC",41,6719.0
DC,"327 - STOMACH, ESOPHAGEAL & DUODENAL PROC W CC",41,28256.0
DC,"464 - WND DEBRID & SKN GRFT EXC HAND, FOR MUSCULO-CONN TISS DIS W CC",41,38185.0
DC,311 - ANGINA PECTORIS,41,6765.0
MD,073 - CRANIAL & PERIPHERAL NERVE DISORDERS W MCC,41,17420.0
MD,657 - KIDNEY & URETER PROCEDURES FOR NEOPLASM W CC,41,21268.0
MD,"580 - OTHER SKIN, SUBCUT TISS & BREAST PROC W CC",41,20263.0
VA,354 - HERNIA PROCEDURES EXCEPT INGUINAL & FEMORAL W CC,41,14610.0
VA,964 - OTHER MULTIPLE SIGNIFICANT TRAUMA W CC,41,15497.0
WV,038 - EXTRACRANIAL PROCEDURES W CC,41,10807.0
WV,472 - CERVICAL SPINAL FUSION W CC,41,19324.0
NC,187 - PLEURAL EFFUSION W CC,41,8903.0
FL,921 - COMPLICATIONS OF TREATMENT W/O CC/MCC,41,4503.0
FL,306 - CARDIAC CONGENITAL & VALVULAR DISORDERS W MCC,41,10188.0
FL,501 - SOFT TISSUE PROCEDURES W CC,41,12263.0
FL,737 - UTERINE & ADNEXA PROC FOR OVARIAN OR ADNEXAL MALIGNANCY W CC,41,12347.0
AL,023 - CRANIO W MAJOR DEV IMPL/ACUTE COMPLEX CNS PDX W MCC OR CHEMO IMPLANT,41,37029.0
AL,386 - INFLAMMATORY BOWEL DISEASE W CC,41,7915.0
AL,152 - OTITIS MEDIA & URI W MCC,41,6278.0
MS,301 - PERIPHERAL VASCULAR DISORDERS W/O CC/MCC,41,4240.0
MS,036 - CAROTID ARTERY STENT PROCEDURE W/O CC/MCC,41,10126.0
MS,041 - PERIPH/CRANIAL NERVE & OTHER NERV SYST PROC W CC OR PERIPH NEUROSTIM,41,12177.0
MS,206 - OTHER RESPIRATORY SYSTEM DIAGNOSES W/O MCC,41,6191.0
MS,519 - BACK & NECK PROC EXC SPINAL FUSION W CC,41,12010.0
MS,"605 - TRAUMA TO THE SKIN, SUBCUT TISS & BREAST W/O MCC",41,6462.0
MS,857 - POSTOPERATIVE OR POST-TRAUMATIC INFECTIONS W O.R. PROC W CC,41,11210.0
KY,267 - ENDOVASCULAR CARDIAC VALVE REPLACEMENT W/O MCC,41,40721.0
OH,455 - COMBINED ANTERIOR/POSTERIOR SPINAL FUSION W/O CC/MCC,41,42471.0
IN,200 - PNEUMOTHORAX W CC,41,8523.0
IN,357 - OTHER DIGESTIVE SYSTEM O.R. PROCEDURES W CC,41,16372.0
MI,151 - EPISTAXIS W/O MCC,41,4804.0
IA,436 - MALIGNANCY OF HEPATOBILIARY SYSTEM OR PANCREAS W CC,41,9293.0
IA,841 - LYMPHOMA & NON-ACUTE LEUKEMIA W CC,41,12897.0
MN,040 - PERIPH/CRANIAL NERVE & OTHER NERV SYST PROC W MCC,41,28514.0
SD,267 - ENDOVASCULAR CARDIAC VALVE REPLACEMENT W/O MCC,41,41273.0
SD,882 - NEUROSES EXCEPT DEPRESSIVE,41,5755.0
ND,244 - PERMANENT CARDIAC PACEMAKER IMPLANT W/O CC/MCC,41,14342.0
IL,184 - MAJOR CHEST TRAUMA W CC,41,6291.0
IL,535 - FRACTURES OF HIP & PELVIS W MCC,41,9496.0
MO,355 - HERNIA PROCEDURES EXCEPT INGUINAL & FEMORAL W/O CC/MCC,41,8492.0
MO,"740 - UTERINE,ADNEXA PROC FOR NON-OVARIAN/ADNEXAL MALIG W CC",41,12459.0
KS,517 - OTHER MUSCULOSKELET SYS & CONN TISS O.R. PROC W/O CC/MCC,41,9746.0
KS,"464 - WND DEBRID & SKN GRFT EXC HAND, FOR MUSCULO-CONN TISS DIS W CC",41,22274.0
KS,673 - OTHER KIDNEY & URINARY TRACT PROCEDURES W MCC,41,23212.0
NE,027 - CRANIOTOMY & ENDOVASCULAR INTRACRANIAL PROCEDURES W/O CC/MCC,41,16893.0
AR,519 - BACK & NECK PROC EXC SPINAL FUSION W CC,41,9262.0
AR,436 - MALIGNANCY OF HEPATOBILIARY SYSTEM OR PANCREAS W CC,41,9071.0
AR,"327 - STOMACH, ESOPHAGEAL & DUODENAL PROC W CC",41,18575.0
OK,543 - PATHOLOGICAL FRACTURES & MUSCULOSKELET & CONN TISS MALIG W CC,41,8591.0
OK,200 - PNEUMOTHORAX W CC,41,7586.0
TX,"083 - TRAUMATIC STUPOR & COMA, COMA >1 HR W CC",41,12286.0
CO,062 - ACUTE ISCHEMIC STROKE W USE OF THROMBOLYTIC AGENT W CC,41,12236.0
WY,175 - PULMONARY EMBOLISM W MCC,41,12417.0
ID,870 - SEPTICEMIA OR SEVERE SEPSIS W MV >96 HOURS,41,44096.0
ID,242 - PERMANENT CARDIAC PACEMAKER IMPLANT W MCC,41,24752.0
UT,164 - MAJOR CHEST PROCEDURES W CC,41,22406.0
UT,221 - CARDIAC VALVE & OTH MAJ CARDIOTHORACIC PROC W/O CARD CATH W/O CC/MCC,41,33296.0
UT,"464 - WND DEBRID & SKN GRFT EXC HAND, FOR MUSCULO-CONN TISS DIS W CC",41,22927.0
UT,870 - SEPTICEMIA OR SEVERE SEPSIS W MV >96 HOURS,41,50617.0
NV,206 - OTHER RESPIRATORY SYSTEM DIAGNOSES W/O MCC,41,5662.0
HI,689 - KIDNEY & URINARY TRACT INFECTIONS W MCC,41,12702.0
OR,"085 - TRAUMATIC STUPOR & COMA, COMA <1 HR W MCC",41,14230.0
OR,"003 - ECMO OR TRACH W MV >96 HRS OR PDX EXC FACE, MOUTH & NECK W MAJ O.R.",41,191906.0
OR,418 - LAPAROSCOPIC CHOLECYSTECTOMY W/O C.D.E. W CC,41,13191.0
WA,459 - SPINAL FUSION EXCEPT CERVICAL W MCC,41,59243.0
WA,204 - RESPIRATORY SIGNS & SYMPTOMS,41,5859.0
MA,827 - MYELOPROLIF DISORD OR POORLY DIFF NEOPL W MAJ O.R. PROC W CC,42,24955.0
RI,473 - CERVICAL SPINAL FUSION W/O CC/MCC,42,20003.0
NH,660 - KIDNEY & URETER PROCEDURES FOR NON-NEOPLASM W CC,42,16306.0
ME,267 - ENDOVASCULAR CARDIAC VALVE REPLACEMENT W/O MCC,42,51110.0
ME,444 - DISORDERS OF THE BILIARY TRACT W MCC,42,11506.0
VT,638 - DIABETES W CC,42,6938.0
VT,039 - EXTRACRANIAL PROCEDURES W/O CC/MCC,42,9986.0
CT,062 - ACUTE ISCHEMIC STROKE W USE OF THROMBOLYTIC AGENT W CC,42,18438.0
CT,204 - RESPIRATORY SIGNS & SYMPTOMS,42,8420.0
CT,"562 - FX, SPRN, STRN & DISL EXCEPT FEMUR, HIP, PELVIS & THIGH W MCC",42,14258.0
CT,"580 - OTHER SKIN, SUBCUT TISS & BREAST PROC W CC",42,14450.0
CT,808 - MAJOR HEMATOL/IMMUN DIAG EXC SICKLE CELL CRISIS & COAGUL W MCC,42,33664.0
NY,570 - SKIN DEBRIDEMENT W MCC,42,26573.0
NY,565 - OTHER MUSCULOSKELETAL SYS & CONNECTIVE TISSUE DIAGNOSES W CC,42,11711.0
DE,"494 - LOWER EXTREM & HUMER PROC EXCEPT HIP,FOOT,FEMUR W/O CC/MCC",42,10974.0
DC,356 - OTHER DIGESTIVE SYSTEM O.R. PROCEDURES W MCC,42,49444.0
DC,001 - HEART TRANSPLANT OR IMPLANT OF HEART ASSIST SYSTEM W MCC,42,225530.0
MD,964 - OTHER MULTIPLE SIGNIFICANT TRAUMA W CC,42,15034.0
VA,355 - HERNIA PROCEDURES EXCEPT INGUINAL & FEMORAL W/O CC/MCC,42,11805.0
VA,024 - CRANIO W MAJOR DEV IMPL/ACUTE COMPLEX CNS PDX W/O MCC,42,39822.0
VA,808 - MAJOR HEMATOL/IMMUN DIAG EXC SICKLE CELL CRISIS & COAGUL W MCC,42,20439.0
NC,030 - SPINAL PROCEDURES W/O CC/MCC,42,16427.0
GA,808 - MAJOR HEMATOL/IMMUN DIAG EXC SICKLE CELL CRISIS & COAGUL W MCC,42,24143.0
GA,657 - KIDNEY & URETER PROCEDURES FOR NEOPLASM W CC,42,15980.0
FL,846 - CHEMOTHERAPY W/O ACUTE LEUKEMIA AS SECONDARY DIAGNOSIS W MCC,42,20933.0
FL,867 - OTHER INFECTIOUS & PARASITIC DISEASES DIAGNOSES W MCC,42,25629.0
FL,571 - SKIN DEBRIDEMENT W CC,42,8858.0
AL,055 - NERVOUS SYSTEM NEOPLASMS W/O MCC,42,6416.0
AL,355 - HERNIA PROCEDURES EXCEPT INGUINAL & FEMORAL W/O CC/MCC,42,9087.0
AL,374 - DIGESTIVE MALIGNANCY W MCC,42,14074.0
TN,455 - COMBINED ANTERIOR/POSTERIOR SPINAL FUSION W/O CC/MCC,42,38947.0
TN,707 - MAJOR MALE PELVIC PROCEDURES W CC/MCC,42,11528.0
MS,200 - PNEUMOTHORAX W CC,42,7734.0
MS,644 - ENDOCRINE DISORDERS W CC,42,5763.0
MS,694 - URINARY STONES W/O ESW LITHOTRIPSY W/O MCC,42,4316.0
KY,436 - MALIGNANCY OF HEPATOBILIARY SYSTEM OR PANCREAS W CC,42,9608.0
KY,374 - DIGESTIVE MALIGNANCY W MCC,42,14926.0
KY,658 - KIDNEY & URETER PROCEDURES FOR NEOPLASM W/O CC/MCC,42,11985.0
KY,184 - MAJOR CHEST TRAUMA W CC,42,11654.0
KY,964 - OTHER MULTIPLE SIGNIFICANT TRAUMA W CC,42,14951.0
OH,001 - HEART TRANSPLANT OR IMPLANT OF HEART ASSIST SYSTEM W MCC,42,206292.0
OH,459 - SPINAL FUSION EXCEPT CERVICAL W MCC,42,48519.0
OH,478 - BIOPSIES OF MUSCULOSKELETAL SYSTEM & CONNECTIVE TISSUE W CC,42,13834.0
OH,005 - LIVER TRANSPLANT W MCC OR INTESTINAL TRANSPLANT,42,96114.0
OH,221 - CARDIAC VALVE & OTH MAJ CARDIOTHORACIC PROC W/O CARD CATH W/O CC/MCC,42,36801.0
MI,014 - ALLOGENEIC BONE MARROW TRANSPLANT,42,106144.0
MI,654 - MAJOR BLADDER PROCEDURES W CC,42,27826.0
IA,152 - OTITIS MEDIA & URI W MCC,42,7588.0
IA,907 - OTHER O.R. PROCEDURES FOR INJURIES W MCC,42,28389.0
WI,694 - URINARY STONES W/O ESW LITHOTRIPSY W/O MCC,42,6169.0
WI,179 - RESPIRATORY INFECTIONS & INFLAMMATIONS W/O CC/MCC,42,8458.0
MN,200 - PNEUMOTHORAX W CC,42,9691.0
MN,696 - KIDNEY & URINARY TRACT SIGNS & SYMPTOMS W/O MCC,42,5891.0
MN,016 - AUTOLOGOUS BONE MARROW TRANSPLANT W CC/MCC,42,57475.0
MN,834 - ACUTE LEUKEMIA W/O MAJOR O.R. PROCEDURE W MCC,42,73652.0
SD,"441 - DISORDERS OF LIVER EXCEPT MALIG,CIRR,ALC HEPA W MCC",42,14473.0
SD,445 - DISORDERS OF THE BILIARY TRACT W CC,42,7722.0
SD,854 - INFECTIOUS & PARASITIC DISEASES W O.R. PROCEDURE W CC,42,18607.0
ND,233 - CORONARY BYPASS W CARDIAC CATH W MCC,42,47102.0
ND,"563 - FX, SPRN, STRN & DISL EXCEPT FEMUR, HIP, PELVIS & THIGH W/O MCC",42,5666.0
ND,242 - PERMANENT CARDIAC PACEMAKER IMPLANT W MCC,42,27244.0
MT,071 - NONSPECIFIC CEREBROVASCULAR DISORDERS W CC,42,6298.0
MT,"328 - STOMACH, ESOPHAGEAL & DUODENAL PROC W/O CC/MCC",42,9836.0
MT,417 - LAPAROSCOPIC CHOLECYSTECTOMY W/O C.D.E. W MCC,42,15942.0
MO,055 - NERVOUS SYSTEM NEOPLASMS W/O MCC,42,6812.0
MO,"405 - PANCREAS, LIVER & SHUNT PROCEDURES W MCC",42,39754.0
MO,"956 - LIMB REATTACHMENT, HIP & FEMUR PROC FOR MULTIPLE SIGNIFICANT TRAUMA",42,31471.0
KS,056 - DEGENERATIVE NERVOUS SYSTEM DISORDERS W MCC,42,12527.0
KS,374 - DIGESTIVE MALIGNANCY W MCC,42,12363.0
KS,062 - ACUTE ISCHEMIC STROKE W USE OF THROMBOLYTIC AGENT W CC,42,11939.0
NE,026 - CRANIOTOMY & ENDOVASCULAR INTRACRANIAL PROCEDURES W CC,42,21131.0
NE,440 - DISORDERS OF PANCREAS EXCEPT MALIGNANCY W/O CC/MCC,42,5340.0
OK,"405 - PANCREAS, LIVER & SHUNT PROCEDURES W MCC",42,45834.0
OK,229 - OTHER CARDIOTHORACIC PROCEDURES W CC,42,24553.0
CO,864 - FEVER,42,7190.0
WY,066 - INTRACRANIAL HEMORRHAGE OR CEREBRAL INFARCTION W/O CC/MCC,42,6081.0
WY,312 - SYNCOPE & COLLAPSE,42,6236.0
ID,419 - LAPAROSCOPIC CHOLECYSTECTOMY W/O C.D.E. W/O CC/MCC,42,8430.0
ID,472 - CERVICAL SPINAL FUSION W CC,42,17865.0
UT,"327 - STOMACH, ESOPHAGEAL & DUODENAL PROC W CC",42,20377.0
AZ,016 - AUTOLOGOUS BONE MARROW TRANSPLANT W CC/MCC,42,47981.0
AZ,840 - LYMPHOMA & NON-ACUTE LEUKEMIA W MCC,42,25580.0
NM,621 - O.R. PROCEDURES FOR OBESITY W/O CC/MCC,42,9123.0
NV,854 - INFECTIOUS & PARASITIC DISEASES W O.R. PROCEDURE W CC,42,16684.0
CA,935 - NON-EXTENSIVE BURNS,42,22087.0
HI,236 - CORONARY BYPASS W/O CARDIAC CATH W/O MCC,42,36841.0
OR,809 - MAJOR HEMATOL/IMMUN DIAG EXC SICKLE CELL CRISIS & COAGUL W CC,42,17328.0
OR,445 - DISORDERS OF THE BILIARY TRACT W CC,42,8122.0
WA,857 - POSTOPERATIVE OR POST-TRAUMATIC INFECTIONS W O.R. PROC W CC,42,17636.0
WA,432 - CIRRHOSIS & ALCOHOLIC HEPATITIS W MCC,42,14009.0
WA,001 - HEART TRANSPLANT OR IMPLANT OF HEART ASSIST SYSTEM W MCC,42,289090.0
AK,219 - CARDIAC VALVE & OTH MAJ CARDIOTHORACIC PROC W/O CARD CATH W MCC,42,91002.0
AK,309 - CARDIAC ARRHYTHMIA & CONDUCTION DISORDERS W CC,42,7452.0
MA,030 - SPINAL PROCEDURES W/O CC/MCC,45,18356.0
RI,467 - REVISION OF HIP OR KNEE REPLACEMENT W CC,45,26300.0
RI,180 - RESPIRATORY NEOPLASMS W MCC,45,15153.0
RI,884 - ORGANIC DISTURBANCES & MENTAL RETARDATION,45,9224.0
NH,"493 - LOWER EXTREM & HUMER PROC EXCEPT HIP,FOOT,FEMUR W CC",45,16494.0
ME,027 - CRANIOTOMY & ENDOVASCULAR INTRACRANIAL PROCEDURES W/O CC/MCC,45,18711.0
ME,038 - EXTRACRANIAL PROCEDURES W CC,45,11132.0
ME,100 - SEIZURES W MCC,45,11694.0
ME,847 - CHEMOTHERAPY W/O ACUTE LEUKEMIA AS SECONDARY DIAGNOSIS W CC,45,9446.0
ME,857 - POSTOPERATIVE OR POST-TRAUMATIC INFECTIONS W O.R. PROC W CC,45,14287.0
VT,853 - INFECTIOUS & PARASITIC DISEASES W O.R. PROCEDURE W MCC,45,43565.0
CT,026 - CRANIOTOMY & ENDOVASCULAR INTRACRANIAL PROCEDURES W CC,45,31932.0
CT,660 - KIDNEY & URETER PROCEDURES FOR NON-NEOPLASM W CC,45,17590.0
CT,865 - VIRAL ILLNESS W MCC,45,15067.0
CT,866 - VIRAL ILLNESS W/O MCC,45,8180.0
NY,032 - VENTRICULAR SHUNT PROCEDURES W CC,45,18582.0
NY,334 - RECTAL RESECTION W/O CC/MCC,45,15663.0
DE,054 - NERVOUS SYSTEM NEOPLASMS W MCC,45,10980.0
DE,206 - OTHER RESPIRATORY SYSTEM DIAGNOSES W/O MCC,45,6621.0
DE,336 - PERITONEAL ADHESIOLYSIS W CC,45,18702.0
DE,395 - OTHER DIGESTIVE SYSTEM DIAGNOSES W/O CC/MCC,45,5638.0
DE,"442 - DISORDERS OF LIVER EXCEPT MALIG,CIRR,ALC HEPA W CC",45,8190.0
DE,669 - TRANSURETHRAL PROCEDURES W CC,45,10092.0
DC,149 - DYSEQUILIBRIUM,45,7228.0
MD,062 - ACUTE ISCHEMIC STROKE W USE OF THROMBOLYTIC AGENT W CC,45,20301.0
MD,517 - OTHER MUSCULOSKELET SYS & CONN TISS O.R. PROC W/O CC/MCC,45,17087.0
MD,030 - SPINAL PROCEDURES W/O CC/MCC,45,15122.0
MD,217 - CARDIAC VALVE & OTH MAJ CARDIOTHORACIC PROC W CARD CATH W CC,45,61808.0
VA,840 - LYMPHOMA & NON-ACUTE LEUKEMIA W MCC,45,24572.0
VA,841 - LYMPHOMA & NON-ACUTE LEUKEMIA W CC,45,17988.0
SC,221 - CARDIAC VALVE & OTH MAJ CARDIOTHORACIC PROC W/O CARD CATH W/O CC/MCC,45,33822.0
SC,644 - ENDOCRINE DISORDERS W CC,45,8554.0
FL,040 - PERIPH/CRANIAL NERVE & OTHER NERV SYST PROC W MCC,45,27426.0
FL,307 - CARDIAC CONGENITAL & VALVULAR DISORDERS W/O MCC,45,6514.0
TN,001 - HEART TRANSPLANT OR IMPLANT OF HEART ASSIST SYSTEM W MCC,45,188167.0
TN,041 - PERIPH/CRANIAL NERVE & OTHER NERV SYST PROC W CC OR PERIPH NEUROSTIM,45,14687.0
TN,203 - BRONCHITIS & ASTHMA W/O CC/MCC,45,4783.0
TN,"084 - TRAUMATIC STUPOR & COMA, COMA >1 HR W/O CC/MCC",45,6454.0
MS,056 - DEGENERATIVE NERVOUS SYSTEM DISORDERS W MCC,45,11586.0
MS,478 - BIOPSIES OF MUSCULOSKELETAL SYSTEM & CONNECTIVE TISSUE W CC,45,12035.0
KY,742 - UTERINE & ADNEXA PROC FOR NON-MALIGNANCY W CC/MCC,45,14917.0
OH,856 - POSTOPERATIVE OR POST-TRAUMATIC INFECTIONS W O.R. PROC W MCC,45,48631.0
OH,373 - MAJOR GASTROINTESTINAL DISORDERS & PERITONEAL INFECTIONS W/O CC/MCC,45,5995.0
OH,"956 - LIMB REATTACHMENT, HIP & FEMUR PROC FOR MULTIPLE SIGNIFICANT TRAUMA",45,25914.0
IN,"407 - PANCREAS, LIVER & SHUNT PROCEDURES W/O CC/MCC",45,17920.0
IA,862 - POSTOPERATIVE & POST-TRAUMATIC INFECTIONS W MCC,45,11950.0
IA,947 - SIGNS & SYMPTOMS W MCC,45,8866.0
IA,227 - CARDIAC DEFIBRILLATOR IMPLANT W/O CARDIAC CATH W/O MCC,45,34708.0
IA,444 - DISORDERS OF THE BILIARY TRACT W MCC,45,16001.0
MN,518 - BACK & NECK PROC EXC SPINAL FUSION W MCC OR DISC DEVICE/NEUROSTIM,45,24743.0
MN,"463 - WND DEBRID & SKN GRFT EXC HAND, FOR MUSCULO-CONN TISS DIS W MCC",45,76177.0
SD,419 - LAPAROSCOPIC CHOLECYSTECTOMY W/O C.D.E. W/O CC/MCC,45,9150.0
ND,267 - ENDOVASCULAR CARDIAC VALVE REPLACEMENT W/O MCC,45,41613.0
MT,482 - HIP & FEMUR PROCEDURES EXCEPT MAJOR JOINT W/O CC/MCC,45,11173.0
IL,"740 - UTERINE,ADNEXA PROC FOR NON-OVARIAN/ADNEXAL MALIG W CC",45,13653.0
IL,471 - CERVICAL SPINAL FUSION W MCC,45,39352.0
MO,217 - CARDIAC VALVE & OTH MAJ CARDIOTHORACIC PROC W CARD CATH W CC,45,40454.0
MO,240 - AMPUTATION FOR CIRC SYS DISORDERS EXC UPPER LIMB & TOE W CC,45,18031.0
MO,837 - CHEMO W ACUTE LEUKEMIA AS SDX OR W HIGH DOSE CHEMO AGENT W MCC,45,57387.0
KS,865 - VIRAL ILLNESS W MCC,45,10180.0
NE,435 - MALIGNANCY OF HEPATOBILIARY SYSTEM OR PANCREAS W MCC,45,12565.0
NE,472 - CERVICAL SPINAL FUSION W CC,45,22694.0
NE,"442 - DISORDERS OF LIVER EXCEPT MALIG,CIRR,ALC HEPA W CC",45,6857.0
LA,674 - OTHER KIDNEY & URINARY TRACT PROCEDURES W CC,45,15690.0
LA,"605 - TRAUMA TO THE SKIN, SUBCUT TISS & BREAST W/O MCC",45,5030.0
AR,862 - POSTOPERATIVE & POST-TRAUMATIC INFECTIONS W MCC,45,13437.0
OK,862 - POSTOPERATIVE & POST-TRAUMATIC INFECTIONS W MCC,45,13687.0
OK,834 - ACUTE LEUKEMIA W/O MAJOR O.R. PROCEDURE W MCC,45,52886.0
OK,061 - ACUTE ISCHEMIC STROKE W USE OF THROMBOLYTIC AGENT W MCC,45,16282.0
TX,007 - LUNG TRANSPLANT,45,83083.0
TX,446 - DISORDERS OF THE BILIARY TRACT W/O CC/MCC,45,5559.0
CO,152 - OTITIS MEDIA & URI W MCC,45,7996.0
CO,"464 - WND DEBRID & SKN GRFT EXC HAND, FOR MUSCULO-CONN TISS DIS W CC",45,22887.0
CO,809 - MAJOR HEMATOL/IMMUN DIAG EXC SICKLE CELL CRISIS & COAGUL W CC,45,10187.0
WY,"280 - ACUTE MYOCARDIAL INFARCTION, DISCHARGED ALIVE W MCC",45,14984.0
WY,552 - MEDICAL BACK PROBLEMS W/O MCC,45,7514.0
ID,165 - MAJOR CHEST PROCEDURES W/O CC/MCC,45,13108.0
UT,315 - OTHER CIRCULATORY SYSTEM DIAGNOSES W CC,45,8170.0
UT,919 - COMPLICATIONS OF TREATMENT W MCC,45,15898.0
AZ,644 - ENDOCRINE DISORDERS W CC,45,7715.0
AZ,620 - O.R. PROCEDURES FOR OBESITY W CC,45,14568.0
AZ,658 - KIDNEY & URETER PROCEDURES FOR NEOPLASM W/O CC/MCC,45,10411.0
NV,454 - COMBINED ANTERIOR/POSTERIOR SPINAL FUSION W CC,45,58551.0
CA,"407 - PANCREAS, LIVER & SHUNT PROCEDURES W/O CC/MCC",45,24485.0
CA,"580 - OTHER SKIN, SUBCUT TISS & BREAST PROC W CC",45,17453.0
CA,"740 - UTERINE,ADNEXA PROC FOR NON-OVARIAN/ADNEXAL MALIG W CC",45,18413.0
OR,919 - COMPLICATIONS OF TREATMENT W MCC,45,17340.0
WA,907 - OTHER O.R. PROCEDURES FOR INJURIES W MCC,45,30780.0
AK,"281 - ACUTE MYOCARDIAL INFARCTION, DISCHARGED ALIVE W CC",45,12127.0
MA,765 - CESAREAN SECTION W CC/MCC,50,11052.0
MA,041 - PERIPH/CRANIAL NERVE & OTHER NERV SYST PROC W CC OR PERIPH NEUROSTIM,50,21897.0
MA,454 - COMBINED ANTERIOR/POSTERIOR SPINAL FUSION W CC,50,83858.0
RI,149 - DYSEQUILIBRIUM,50,5817.0
NH,981 - EXTENSIVE O.R. PROCEDURE UNRELATED TO PRINCIPAL DIAGNOSIS W MCC,50,45127.0
NH,207 - RESPIRATORY SYSTEM DIAGNOSIS W VENTILATOR SUPPORT 96+ HOURS,50,50775.0
ME,219 - CARDIAC VALVE & OTH MAJ CARDIOTHORACIC PROC W/O CARD CATH W MCC,50,68997.0
CT,027 - CRANIOTOMY & ENDOVASCULAR INTRACRANIAL PROCEDURES W/O CC/MCC,50,24104.0
CT,217 - CARDIAC VALVE & OTH MAJ CARDIOTHORACIC PROC W CARD CATH W CC,50,50247.0
NJ,542 - PATHOLOGICAL FRACTURES & MUSCULOSKELET & CONN TISS MALIG W MCC,50,16426.0
NY,030 - SPINAL PROCEDURES W/O CC/MCC,50,20664.0
NY,042 - PERIPH/CRANIAL NERVE & OTHER NERV SYST PROC W/O CC/MCC,50,19991.0
NY,502 - SOFT TISSUE PROCEDURES W/O CC/MCC,50,11934.0
NY,713 - TRANSURETHRAL PROSTATECTOMY W CC/MCC,50,17336.0
DE,184 - MAJOR CHEST TRAUMA W CC,50,9869.0
DC,482 - HIP & FEMUR PROCEDURES EXCEPT MAJOR JOINT W/O CC/MCC,50,13520.0
DC,982 - EXTENSIVE O.R. PROCEDURE UNRELATED TO PRINCIPAL DIAGNOSIS W CC,50,27515.0
DC,556 - SIGNS & SYMPTOMS OF MUSCULOSKELETAL SYSTEM & CONN TISSUE W/O MCC,50,7541.0
WV,054 - NERVOUS SYSTEM NEOPLASMS W MCC,50,10845.0
WV,235 - CORONARY BYPASS W/O CARDIAC CATH W MCC,50,36045.0
NC,"082 - TRAUMATIC STUPOR & COMA, COMA >1 HR W MCC",50,17758.0
GA,093 - OTHER DISORDERS OF NERVOUS SYSTEM W/O CC/MCC,50,5366.0
GA,834 - ACUTE LEUKEMIA W/O MAJOR O.R. PROCEDURE W MCC,50,70313.0
AL,957 - OTHER O.R. PROCEDURES FOR MULTIPLE SIGNIFICANT TRAUMA W MCC,50,47328.0
TN,040 - PERIPH/CRANIAL NERVE & OTHER NERV SYST PROC W MCC,50,25549.0
TN,957 - OTHER O.R. PROCEDURES FOR MULTIPLE SIGNIFICANT TRAUMA W MCC,50,56179.0
TN,674 - OTHER KIDNEY & URINARY TRACT PROCEDURES W CC,50,14832.0
TN,592 - SKIN ULCERS W MCC,50,9910.0
MS,"558 - TENDONITIS, MYOSITIS & BURSITIS W/O MCC",50,5134.0
KY,026 - CRANIOTOMY & ENDOVASCULAR INTRACRANIAL PROCEDURES W CC,50,24109.0
KY,517 - OTHER MUSCULOSKELET SYS & CONN TISS O.R. PROC W/O CC/MCC,50,10225.0
OH,205 - OTHER RESPIRATORY SYSTEM DIAGNOSES W MCC,50,14258.0
MI,062 - ACUTE ISCHEMIC STROKE W USE OF THROMBOLYTIC AGENT W CC,50,13459.0
WI,056 - DEGENERATIVE NERVOUS SYSTEM DISORDERS W MCC,50,13848.0
WI,336 - PERITONEAL ADHESIOLYSIS W CC,50,21766.0
WI,432 - CIRRHOSIS & ALCOHOLIC HEPATITIS W MCC,50,15406.0
WI,436 - MALIGNANCY OF HEPATOBILIARY SYSTEM OR PANCREAS W CC,50,10469.0
MN,"617 - AMPUTAT OF LOWER LIMB FOR ENDOCRINE,NUTRIT,& METABOL DIS W CC",50,15647.0
MN,620 - O.R. PROCEDURES FOR OBESITY W CC,50,17120.0
MN,808 - MAJOR HEMATOL/IMMUN DIAG EXC SICKLE CELL CRISIS & COAGUL W MCC,50,24482.0
SD,251 - PERC CARDIOVASC PROC W/O CORONARY ARTERY STENT W/O MCC,50,14186.0
MT,244 - PERMANENT CARDIAC PACEMAKER IMPLANT W/O CC/MCC,50,14549.0
MT,372 - MAJOR GASTROINTESTINAL DISORDERS & PERITONEAL INFECTIONS W CC,50,7466.0
IL,713 - TRANSURETHRAL PROSTATECTOMY W CC/MCC,50,9451.0
MO,"492 - LOWER EXTREM & HUMER PROC EXCEPT HIP,FOOT,FEMUR W MCC",50,24557.0
MO,834 - ACUTE LEUKEMIA W/O MAJOR O.R. PROCEDURE W MCC,50,65385.0
KS,264 - OTHER CIRCULATORY SYSTEM O.R. PROCEDURES,50,17146.0
KS,248 - PERC CARDIOVASC PROC W NON-DRUG-ELUTING STENT W MCC OR 4+ VES/STENTS,50,19329.0
NE,336 - PERITONEAL ADHESIOLYSIS W CC,50,15622.0
NE,516 - OTHER MUSCULOSKELET SYS & CONN TISS O.R. PROC W CC,50,13275.0
NE,445 - DISORDERS OF THE BILIARY TRACT W CC,50,8785.0
NE,"441 - DISORDERS OF LIVER EXCEPT MALIG,CIRR,ALC HEPA W MCC",50,18227.0
LA,907 - OTHER O.R. PROCEDURES FOR INJURIES W MCC,50,23108.0
AR,301 - PERIPHERAL VASCULAR DISORDERS W/O CC/MCC,50,4602.0
AR,395 - OTHER DIGESTIVE SYSTEM DIAGNOSES W/O CC/MCC,50,4235.0
AR,846 - CHEMOTHERAPY W/O ACUTE LEUKEMIA AS SECONDARY DIAGNOSIS W MCC,50,24702.0
AR,883 - DISORDERS OF PERSONALITY & IMPULSE CONTROL,50,7687.0
OK,"326 - STOMACH, ESOPHAGEAL & DUODENAL PROC W MCC",50,40955.0
OK,204 - RESPIRATORY SIGNS & SYMPTOMS,50,5023.0
TX,841 - LYMPHOMA & NON-ACUTE LEUKEMIA W CC,50,11495.0
CO,023 - CRANIO W MAJOR DEV IMPL/ACUTE COMPLEX CNS PDX W MCC OR CHEMO IMPLANT,50,45682.0
WY,897 - ALCOHOL/DRUG ABUSE OR DEPENDENCE W/O REHABILITATION THERAPY W/O MCC,50,5667.0
ID,178 - RESPIRATORY INFECTIONS & INFLAMMATIONS W CC,50,8755.0
UT,267 - ENDOVASCULAR CARDIAC VALVE REPLACEMENT W/O MCC,50,45061.0
UT,"328 - STOMACH, ESOPHAGEAL & DUODENAL PROC W/O CC/MCC",50,13655.0
AZ,432 - CIRRHOSIS & ALCOHOLIC HEPATITIS W MCC,50,11371.0
AZ,"326 - STOMACH, ESOPHAGEAL & DUODENAL PROC W MCC",50,41522.0
NM,"563 - FX, SPRN, STRN & DISL EXCEPT FEMUR, HIP, PELVIS & THIGH W/O MCC",50,5550.0
NV,418 - LAPAROSCOPIC CHOLECYSTECTOMY W/O C.D.E. W CC,50,12187.0
NV,164 - MAJOR CHEST PROCEDURES W CC,50,18437.0
NV,896 - ALCOHOL/DRUG ABUSE OR DEPENDENCE W/O REHABILITATION THERAPY W MCC,50,10696.0
CA,"741 - UTERINE,ADNEXA PROC FOR NON-OVARIAN/ADNEXAL MALIG W/O CC/MCC",50,12125.0
HI,870 - SEPTICEMIA OR SEVERE SEPSIS W MV >96 HOURS,50,54076.0
OR,070 - NONSPECIFIC CEREBROVASCULAR DISORDERS W MCC,50,11103.0
OR,216 - CARDIAC VALVE & OTH MAJ CARDIOTHORACIC PROC W CARD CATH W MCC,50,75809.0
AK,468 - REVISION OF HIP OR KNEE REPLACEMENT W/O CC/MCC,50,26297.0